ID_unique,POINT_X,POINT_Y,LandPrice,Available Grid intake(Feed-in)(MW),Grid_supply,Possible Location feed-in to Grid(MW),Actual required at location(MW),Congestion(MW),Feed_in_congestion(MW),Probability
1,159582.4529,384981.8982,186.7854004,109,111,128.9965795,121.8170066,11,20,0.638422072
5,163559.2399,381151.1635,329,190,207,290.6023465,197.6820818,-9,101,0.679629803
6,164033.7894,382510.3417,406.9304504,190,207,290.6023465,197.6820818,-9,101,0.561313212
11,160080.1983,384033.9837,421.0923157,109,111,128.9965795,121.8170066,11,20,0.680800319
12,159664.359,384622.0184,266.7861938,109,111,128.9965795,121.8170066,11,20,0.600970328
18,162758.657,387929.8815,310.9631653,190,207,290.6023465,197.6820818,-9,101,0.552318931
20,161308.2902,381686.317,792.8199463,190,207,290.6023465,197.6820818,-9,101,0.670578241
23,160427.5401,383787.5184,387.6450806,64,77,137.9110689,110.1706551,33,74,0.746935725
28,157026.6908,383118.3805,389.019989,64,77,137.9110689,110.1706551,33,74,0.502940655
30,163603.6352,383195.3422,289.643158,190,207,290.6023465,197.6820818,-9,101,0.727056742
33,161751.7677,385593.9844,263.9170837,190,207,290.6023465,197.6820818,-9,101,0.680577934
36,159403.5542,381490.7612,280.8399963,64,77,137.9110689,110.1706551,33,74,0.60365057
38,158150.7359,381305.0722,640.7399902,64,77,137.9110689,110.1706551,33,74,0.616534829
39,161594.6042,381634.9063,481.8489075,190,207,290.6023465,197.6820818,-9,101,0.688076973
43,159733.7683,382068.874,240.4869232,64,77,137.9110689,110.1706551,33,74,0.561973333
44,158653.9243,382778.9636,399.1298523,64,77,137.9110689,110.1706551,33,74,0.506371617
48,163699.9264,383641.215,281.53125,190,207,290.6023465,197.6820818,-9,101,0.664977074
51,159405.6081,384828.1937,359.1628113,109,111,128.9965795,121.8170066,11,20,0.587910414
55,163225.3836,383319.8454,251.4498901,190,207,290.6023465,197.6820818,-9,101,0.789447486
59,162938.3608,383089.1632,309.8599548,190,207,290.6023465,197.6820818,-9,101,0.809036195
68,162404.2603,385567.6019,364.2000122,190,207,290.6023465,197.6820818,-9,101,0.542839587
70,158127.57,383303.1093,308.4058533,64,77,137.9110689,110.1706551,33,74,0.560813189
71,161756.253,385422.8974,251.5554199,190,207,290.6023465,197.6820818,-9,101,0.662278652
74,159490.4857,385572.2437,491.5746155,109,111,128.9965795,121.8170066,11,20,0.631769538
84,163525.0317,380946.2241,449.9850159,190,207,290.6023465,197.6820818,-9,101,0.583873153
90,160270.4635,387127.7549,258.9400024,109,111,128.9965795,121.8170066,11,20,0.563315868
92,159622.2696,382804.719,532.7978516,64,77,137.9110689,110.1706551,33,74,0.559633374
93,160014.9704,385829.7981,407.7999878,109,111,128.9965795,121.8170066,11,20,0.668755054
97,157060.2109,383748.6744,817.6289063,64,77,137.9110689,110.1706551,33,74,0.503208876
98,159676.4635,384044.0783,373.0029602,64,77,137.9110689,110.1706551,33,74,0.682189822
103,159403.2866,383382.6183,331.7999878,64,77,137.9110689,110.1706551,33,74,0.677096128
105,159482.3674,381081.0815,290.8999939,64,77,137.9110689,110.1706551,33,74,0.606908441
106,160410.9458,388065.5779,450.3599854,190,207,290.6023465,197.6820818,-9,101,0.51136893
107,160912.1544,382096.9975,560.0999756,64,77,137.9110689,110.1706551,33,74,0.738850951
108,157869.115,380998.9188,263.0502319,64,77,137.9110689,110.1706551,33,74,0.525001705
112,159775.0052,387548.9386,391.3839111,109,111,128.9965795,121.8170066,11,20,0.521671593
118,160475.3305,382364.2921,281.1400146,64,77,137.9110689,110.1706551,33,74,0.740398288
119,160604.3435,382853.8009,451.2947693,64,77,137.9110689,110.1706551,33,74,0.858654678
121,158828.5482,385059.3063,856.2002563,109,111,128.9965795,121.8170066,11,20,0.55750668
124,163105.6967,382928.4199,336.5397034,190,207,290.6023465,197.6820818,-9,101,0.761926234
125,160952.1306,386875.2278,304.6843262,109,111,128.9965795,121.8170066,11,20,0.562430918
127,162032.9538,382599.4331,387.6818542,190,207,290.6023465,197.6820818,-9,101,0.762962997
128,159841.0249,385376.1402,306.9666138,109,111,128.9965795,121.8170066,11,20,0.744187593
130,159312.2133,383769.9627,334.5487061,64,77,137.9110689,110.1706551,33,74,0.635733366
131,158321.2085,383072.4117,400.0235291,64,77,137.9110689,110.1706551,33,74,0.554681718
136,159849.4765,381785.1087,234.1065674,64,77,137.9110689,110.1706551,33,74,0.638946712
137,161596.9327,385622.3577,278,190,207,290.6023465,197.6820818,-9,101,0.669743955
139,157973.7371,380940.8995,312.8260803,64,77,137.9110689,110.1706551,33,74,0.543916166
141,160612.7942,382158.8064,378.6730042,64,77,137.9110689,110.1706551,33,74,0.751776159
147,160301.6271,383362.8094,374.1480103,64,77,137.9110689,110.1706551,33,74,0.793126106
150,159412.1603,381304.5453,307.6600037,64,77,137.9110689,110.1706551,33,74,0.616738975
152,158538.9366,381047.2815,346.0757141,64,77,137.9110689,110.1706551,33,74,0.636341751
153,161061.9084,386619.9979,331.9498901,109,111,128.9965795,121.8170066,11,20,0.530540347
157,160395.0559,384487.2325,325.2000122,109,111,128.9965795,121.8170066,11,20,0.726087928
158,159029.7678,384311.9101,337.2799988,64,77,137.9110689,110.1706551,33,74,0.574379027
159,160344.5973,385032.8226,362.0145569,109,111,128.9965795,121.8170066,11,20,0.760852516
160,160743.4419,381554.4906,473.6262512,190,207,290.6023465,197.6820818,-9,101,0.649469852
162,161373.7638,385360.6353,253.1761017,190,207,290.6023465,197.6820818,-9,101,0.597350359
163,159151.1203,384175.828,289.4707947,64,77,137.9110689,110.1706551,33,74,0.589216888
164,161823.0524,383526.5095,434.5619202,190,207,290.6023465,197.6820818,-9,101,0.596278131
174,162047.928,381361.057,403.9657288,190,207,290.6023465,197.6820818,-9,101,0.686323941
175,162273.8849,383660.0751,1358.687012,190,207,290.6023465,197.6820818,-9,101,0.649054945
177,160031.359,387133.2743,223.0939026,109,111,128.9965795,121.8170066,11,20,0.517220378
184,159207.7982,383387.9401,340.6362305,64,77,137.9110689,110.1706551,33,74,0.668858588
187,162742.8455,382009.5587,382.9451599,190,207,290.6023465,197.6820818,-9,101,0.773461819
188,158280.1816,381622.4041,428.4049988,64,77,137.9110689,110.1706551,33,74,0.582799077
189,157555.386,383941.5258,443.1199036,109,111,128.9965795,121.8170066,11,20,0.521654844
193,160669.8683,383437.3286,361.7897034,64,77,137.9110689,110.1706551,33,74,0.805920541
196,164051.7099,384479.54,294.934845,190,207,290.6023465,197.6820818,-9,101,0.513618231
197,159860.185,383205.4892,371.2799988,64,77,137.9110689,110.1706551,33,74,0.766423762
198,163798.692,384289.7064,510.7843018,190,207,290.6023465,197.6820818,-9,101,0.561095655
199,161409.0996,385471.4101,245.3084717,190,207,290.6023465,197.6820818,-9,101,0.658060789
201,163004.5235,382013.5025,293.1000061,190,207,290.6023465,197.6820818,-9,101,0.775908411
203,161802.2425,382147.1999,532.1730957,190,207,290.6023465,197.6820818,-9,101,0.798101842
204,162157.7947,381990.5792,352.2501526,190,207,290.6023465,197.6820818,-9,101,0.821414411
206,160087.4066,381851.0016,385.9226685,64,77,137.9110689,110.1706551,33,74,0.674157381
211,163498.8244,381350.7959,321.4292908,190,207,290.6023465,197.6820818,-9,101,0.759471059
216,162573.8756,382680.7433,512.6994629,190,207,290.6023465,197.6820818,-9,101,0.710594773
219,162190.18,387007.7711,292.1773376,190,207,290.6023465,197.6820818,-9,101,0.525001347
222,160674.9343,383272.1975,248.7089081,64,77,137.9110689,110.1706551,33,74,0.81531018
224,161432.9237,387621.8297,333,190,207,290.6023465,197.6820818,-9,101,0.560102046
226,162292.5129,382025.6912,346.3129883,190,207,290.6023465,197.6820818,-9,101,0.80283916
227,157748.8412,383645.2492,330.0177307,64,77,137.9110689,110.1706551,33,74,0.58358711
232,161501.1685,386148.8273,325.4165955,190,207,290.6023465,197.6820818,-9,101,0.540358007
237,162158.4179,383779.6283,776.6210327,190,207,290.6023465,197.6820818,-9,101,0.578584313
239,159222.2693,381596.6592,253.8051758,64,77,137.9110689,110.1706551,33,74,0.5877105
241,158053.4074,381011.9572,262.1062622,64,77,137.9110689,110.1706551,33,74,0.566416621
242,159907.7666,383853.356,352.8492432,64,77,137.9110689,110.1706551,33,74,0.673763871
243,160047.9602,382582.8862,343.8714905,64,77,137.9110689,110.1706551,33,74,0.716083765
246,160753.9365,387109.5021,322.9061279,109,111,128.9965795,121.8170066,11,20,0.555562377
254,163544.6391,383520.3523,283.9869995,190,207,290.6023465,197.6820818,-9,101,0.69268167
255,158200.2413,383601.3999,304.6000061,64,77,137.9110689,110.1706551,33,74,0.559526265
262,161181.125,383991.635,321.2835083,190,207,290.6023465,197.6820818,-9,101,0.65782994
272,160481.0928,382062.5052,253.8020325,64,77,137.9110689,110.1706551,33,74,0.702359438
274,161540.3074,384184.4795,366.2505188,190,207,290.6023465,197.6820818,-9,101,0.529588342
275,159764.3982,380937.2976,285.9724121,64,77,137.9110689,110.1706551,33,74,0.553045809
277,160640.4605,383949.0518,340,109,111,128.9965795,121.8170066,11,20,0.758514881
280,158751.9363,382871.2554,378.5157776,64,77,137.9110689,110.1706551,33,74,0.549620152
282,157037.3733,383602.7277,617.9082031,64,77,137.9110689,110.1706551,33,74,0.53098011
283,159558.3735,384474.0945,321.4851379,64,77,137.9110689,110.1706551,33,74,0.610262573
285,162442.9794,385286.3151,394.6287842,190,207,290.6023465,197.6820818,-9,101,0.501990676
286,157498.1953,383747.7338,484.3323059,64,77,137.9110689,110.1706551,33,74,0.552196145
289,158719.5059,384355.5909,422.8103638,64,77,137.9110689,110.1706551,33,74,0.514380634
291,156973.7508,383392.1167,366.7200012,64,77,137.9110689,110.1706551,33,74,0.541352272
292,161659.9169,381553.7779,583.34729,190,207,290.6023465,197.6820818,-9,101,0.650949597
293,158034.5183,383661.1724,313.0400085,64,77,137.9110689,110.1706551,33,74,0.586410761
295,161867.2708,382592.7026,291.1600037,190,207,290.6023465,197.6820818,-9,101,0.755645275
297,161634.4119,382876.3204,782.432373,109,111,128.9965795,121.8170066,11,20,0.671236455
305,163946.9826,382593.1323,362.1004944,190,207,290.6023465,197.6820818,-9,101,0.595636487
306,160312.4917,386767.5683,382.3800049,109,111,128.9965795,121.8170066,11,20,0.581673503
314,159261.1165,381000.8443,337.4968567,64,77,137.9110689,110.1706551,33,74,0.575361431
317,159738.6762,382808.8906,625.5339355,64,77,137.9110689,110.1706551,33,74,0.593615115
318,163275.2502,382803.8538,333.0479431,190,207,290.6023465,197.6820818,-9,101,0.746020317
320,164099.4247,382992.2593,271.1599121,190,207,290.6023465,197.6820818,-9,101,0.539974511
322,162117.0527,381196.9727,412.5,190,207,290.6023465,197.6820818,-9,101,0.644939542
323,158438.2565,383071.382,395.6210938,64,77,137.9110689,110.1706551,33,74,0.571102798
324,163330.9921,383260.1063,338.4944458,190,207,290.6023465,197.6820818,-9,101,0.771195054
325,160423.0076,387802.3017,278.3008423,190,207,290.6023465,197.6820818,-9,101,0.510029376
327,163779.5831,381404.2488,589.1199951,190,207,290.6023465,197.6820818,-9,101,0.619293988
330,160694.8797,386708.6373,301.8999939,109,111,128.9965795,121.8170066,11,20,0.575919807
336,159520.6984,381297.2707,360.1938171,64,77,137.9110689,110.1706551,33,74,0.638318121
344,163254.7352,380940.9581,720.3057861,190,207,290.6023465,197.6820818,-9,101,0.685156524
348,157845.4054,383304.466,363.0946045,64,77,137.9110689,110.1706551,33,74,0.5426085
349,161533.5285,387674.96,329.3635864,190,207,290.6023465,197.6820818,-9,101,0.562488139
350,163738.7813,381153.9152,510.8909912,190,207,290.6023465,197.6820818,-9,101,0.605622113
351,159642.5725,384260.533,269.0359802,109,111,128.9965795,121.8170066,11,20,0.634406686
356,162739.9118,387620.4526,317.4400024,190,207,290.6023465,197.6820818,-9,101,0.574524224
365,158897.3457,381681.6787,419.75,64,77,137.9110689,110.1706551,33,74,0.569860578
366,160995.9326,385525.938,273.802887,109,111,128.9965795,121.8170066,11,20,0.681825817
369,160000.9428,383590.6589,395.7600098,64,77,137.9110689,110.1706551,33,74,0.722055972
370,160221.4086,388282.8673,477.519989,190,207,290.6023465,197.6820818,-9,101,0.501246452
374,164104.8784,383798.2528,330.1923828,190,207,290.6023465,197.6820818,-9,101,0.558990896
376,159145.9528,384368.9339,327.8600464,64,77,137.9110689,110.1706551,33,74,0.601647317
379,161546.016,383719.4475,351.6114807,0,0,0,0,0,0,0.581028998
381,158202.9763,381061.0691,282.4928589,64,77,137.9110689,110.1706551,33,74,0.62567693
387,160556.4555,381433.8981,269.5598755,64,77,137.9110689,110.1706551,33,74,0.643234909
390,163732.1471,382953.6606,232.2144318,190,207,290.6023465,197.6820818,-9,101,0.691496849
391,159078.8294,384079.4446,356.6193542,64,77,137.9110689,110.1706551,33,74,0.552717507
393,158869.113,385153.1663,830.2744141,109,111,128.9965795,121.8170066,11,20,0.529693961
394,157589.5783,383429.3786,380.7124634,64,77,137.9110689,110.1706551,33,74,0.563825846
396,159041.4861,384731.9062,553.8005981,109,111,128.9965795,121.8170066,11,20,0.583934367
397,162216.6867,387481.978,303.0401306,190,207,290.6023465,197.6820818,-9,101,0.664029121
399,161134.1838,382741.4913,427.9766235,64,77,137.9110689,110.1706551,33,74,0.793767571
402,162881.2574,380908.6433,403.9400024,190,207,290.6023465,197.6820818,-9,101,0.675876617
404,161995.9993,387896.988,432.7503052,190,207,290.6023465,197.6820818,-9,101,0.57100606
405,162885.0269,384032.8927,529.02771,190,207,290.6023465,197.6820818,-9,101,0.597535074
406,160586.8299,386541.6683,378.5237427,109,111,128.9965795,121.8170066,11,20,0.592006743
407,163473.0142,383601.599,330.5944824,190,207,290.6023465,197.6820818,-9,101,0.693693578
408,160016.3796,388084.3668,397.9087219,190,207,290.6023465,197.6820818,-9,101,0.537447035
409,162956.4021,382709.8352,416.1820068,190,207,290.6023465,197.6820818,-9,101,0.739928007
410,159817.3399,384051.1031,423.1481628,109,111,128.9965795,121.8170066,11,20,0.666356266
412,159695.2552,383592.4244,343.7999878,64,77,137.9110689,110.1706551,33,74,0.771720111
415,160312.4814,381902.0501,335.7064514,64,77,137.9110689,110.1706551,33,74,0.666362643
417,163849.3969,381585.6979,783.3723145,190,207,290.6023465,197.6820818,-9,101,0.59134841
418,163456.7,383992.2064,358.1141052,190,207,290.6023465,197.6820818,-9,101,0.654049456
425,161932.2997,385986.4951,266.8001099,190,207,290.6023465,197.6820818,-9,101,0.622195661
438,162666.7662,387434.9461,291.5400085,190,207,290.6023465,197.6820818,-9,101,0.598617494
439,159449.6794,382799.5513,386.4639282,64,77,137.9110689,110.1706551,33,74,0.501001716
441,158881.4682,381215.9317,459.0799866,64,77,137.9110689,110.1706551,33,74,0.62068975
443,163870.8836,383285.3715,271.2000122,190,207,290.6023465,197.6820818,-9,101,0.614077926
445,162821.9069,381789.5001,420.9400024,190,207,290.6023465,197.6820818,-9,101,0.821412444
457,161701.8005,387174.4377,334.4400024,109,111,128.9965795,121.8170066,11,20,0.572611213
466,163292.786,381234.9281,305.186615,190,207,290.6023465,197.6820818,-9,101,0.759685516
469,161115.814,385609.9748,283.1600037,109,111,128.9965795,121.8170066,11,20,0.652218759
470,160702.8332,381450.8306,388.2774963,190,207,290.6023465,197.6820818,-9,101,0.609828413
471,161776.2177,387411.7105,318.8182068,109,111,128.9965795,121.8170066,11,20,0.636870921
473,163974.9078,384355.2659,306.8791199,190,207,290.6023465,197.6820818,-9,101,0.556357384
474,161830.6904,383753.0127,493.7317505,190,207,290.6023465,197.6820818,-9,101,0.535027921
481,162372.1802,383997.868,599.9293213,190,207,290.6023465,197.6820818,-9,101,0.537788749
483,163027.8977,382434.6264,275.1774902,190,207,290.6023465,197.6820818,-9,101,0.730852902
491,158672.2916,380851.3516,370.2124939,64,77,137.9110689,110.1706551,33,74,0.545281649
494,163292.565,382134.1437,291.145752,190,207,290.6023465,197.6820818,-9,101,0.761538863
497,159281.4985,381152.6906,326.2363281,64,77,137.9110689,110.1706551,33,74,0.598912716
498,160437.7829,386705.2667,340.6569214,109,111,128.9965795,121.8170066,11,20,0.592705548
499,164067.5492,383128.399,280.2663879,190,207,290.6023465,197.6820818,-9,101,0.545490026
502,157327.5007,383493.8717,497.9528503,64,77,137.9110689,110.1706551,33,74,0.589943469
506,161187.0788,386745.206,324.9267578,109,111,128.9965795,121.8170066,11,20,0.546279967
510,160320.2182,385972.5333,304.8800049,109,111,128.9965795,121.8170066,11,20,0.651100993
512,158453.1892,381374.431,275.5,64,77,137.9110689,110.1706551,33,74,0.654839337
513,161589.9467,387440.8318,309.4162292,109,111,128.9965795,121.8170066,11,20,0.617444158
514,162776.9972,382799.8311,550.758667,190,207,290.6023465,197.6820818,-9,101,0.715267777
516,157409.7029,383429.18,450.6880493,64,77,137.9110689,110.1706551,33,74,0.580288053
519,162706.2086,387728.497,329.4985657,190,207,290.6023465,197.6820818,-9,101,0.577652633
521,157171.2303,383405.8223,489.8599854,64,77,137.9110689,110.1706551,33,74,0.566476464
522,160893.8076,385265.8414,334.8901672,109,111,128.9965795,121.8170066,11,20,0.682539403
530,160257.8334,385169.5432,314.4456482,109,111,128.9965795,121.8170066,11,20,0.746037066
531,162018.4664,381838.5262,364.8900146,190,207,290.6023465,197.6820818,-9,101,0.816885114
536,160927.0456,385813.4895,280.9932251,109,111,128.9965795,121.8170066,11,20,0.606911004
540,160671.7683,384323.5212,296.5100098,109,111,128.9965795,121.8170066,11,20,0.736913025
542,158581.9465,383465.8154,292.519989,64,77,137.9110689,110.1706551,33,74,0.582584739
543,160092.3235,381697.8019,311.250824,64,77,137.9110689,110.1706551,33,74,0.684816241
548,162700.8311,383225.5091,253.1319733,190,207,290.6023465,197.6820818,-9,101,0.800322711
550,162401.3435,383375.715,490.1000061,190,207,290.6023465,197.6820818,-9,101,0.750102699
551,158544.8253,380892.4847,357.5284424,64,77,137.9110689,110.1706551,33,74,0.579348624
552,160312.1185,382686.2465,308.1219788,64,77,137.9110689,110.1706551,33,74,0.781359375
557,158418.5464,384392.3564,598.0352783,64,77,137.9110689,110.1706551,33,74,0.530902147
559,162442.4073,383855.2854,716.6751099,190,207,290.6023465,197.6820818,-9,101,0.593009472
564,159033.5195,383223.7205,365.0956116,64,77,137.9110689,110.1706551,33,74,0.645109594
567,162837.0329,381026.1145,312.6808167,190,207,290.6023465,197.6820818,-9,101,0.713746071
572,160796.6419,387407.5336,306.2000122,109,111,128.9965795,121.8170066,11,20,0.542638123
574,162903.1714,381196.7462,405.5005188,190,207,290.6023465,197.6820818,-9,101,0.776330292
581,160718.1084,382589.4159,379.2799988,64,77,137.9110689,110.1706551,33,74,0.859584808
583,163123.2857,383679.8007,317.9202576,190,207,290.6023465,197.6820818,-9,101,0.731318533
585,160091.9548,386262.7666,417.7107849,109,111,128.9965795,121.8170066,11,20,0.562634528
587,161428.4366,381160.0688,420.514801,64,77,137.9110689,110.1706551,33,74,0.564939141
600,160658.5293,384703.934,357.2043762,109,111,128.9965795,121.8170066,11,20,0.68267554
605,157798.2195,383447.8983,319.4353943,64,77,137.9110689,110.1706551,33,74,0.543803573
606,161046.6836,384309.9381,319.3143311,109,111,128.9965795,121.8170066,11,20,0.664190114
608,162232.8726,383869.8562,732.5709839,190,207,290.6023465,197.6820818,-9,101,0.569167376
613,158851.4507,384311.009,410.6767578,64,77,137.9110689,110.1706551,33,74,0.521419704
615,162291.408,382230.1482,523.5933228,190,207,290.6023465,197.6820818,-9,101,0.783563733
617,160205.0602,383827.9039,249.5599976,64,77,137.9110689,110.1706551,33,74,0.706606984
620,163364.9272,382303.1804,372.4473572,190,207,290.6023465,197.6820818,-9,101,0.760798275
622,161924.0761,381117.8579,420.1600037,190,207,290.6023465,197.6820818,-9,101,0.597169638
623,161083.5032,387030.7659,393.2000122,190,207,290.6023465,197.6820818,-9,101,0.535612285
624,162568.6406,382047.4732,463.2279663,190,207,290.6023465,197.6820818,-9,101,0.777663469
625,158195.1377,382900.9322,428.4282532,64,77,137.9110689,110.1706551,33,74,0.503722608
634,161367.4601,388072.1089,300.2400818,190,207,290.6023465,197.6820818,-9,101,0.504080594
635,164184.4765,384395.2922,426.3500061,190,207,290.6023465,197.6820818,-9,101,0.518635571
638,157494.0449,383107.2379,429.8425598,64,77,137.9110689,110.1706551,33,74,0.537885129
642,160627.8002,385872.314,247.4253387,109,111,128.9965795,121.8170066,11,20,0.636626542
650,161445.7416,383292.9133,309.275116,109,111,128.9965795,121.8170066,11,20,0.596105278
651,159429.9222,383753.7486,397.7974548,64,77,137.9110689,110.1706551,33,74,0.672114491
652,160163.4761,382208.5351,247.3200073,64,77,137.9110689,110.1706551,33,74,0.674126744
653,160583.1454,381605.8567,313.1862793,64,77,137.9110689,110.1706551,33,74,0.67922616
657,163043.0072,380981.6992,397.1109924,190,207,290.6023465,197.6820818,-9,101,0.732260942
661,161249.8388,382798.5343,448.4466553,64,77,137.9110689,110.1706551,33,74,0.726758122
664,159836.2854,384772.5709,180.6962891,109,111,128.9965795,121.8170066,11,20,0.667959511
667,158013.9788,381306.2595,443.6395569,64,77,137.9110689,110.1706551,33,74,0.577666998
673,160399.1929,381512.0445,362.6000061,64,77,137.9110689,110.1706551,33,74,0.715359926
681,160392.7557,382001.4739,186.0000916,64,77,137.9110689,110.1706551,33,74,0.668589592
683,160244.7342,382510.6286,249.1643372,64,77,137.9110689,110.1706551,33,74,0.752440035
687,162455.1118,387263.5747,296.3067017,190,207,290.6023465,197.6820818,-9,101,0.571670115
689,161792.2924,386151.4161,285.0277405,190,207,290.6023465,197.6820818,-9,101,0.584528089
695,163050.4094,380845.6835,581.0001831,190,207,290.6023465,197.6820818,-9,101,0.618893862
696,163710.363,380899.2281,719.7764893,190,207,290.6023465,197.6820818,-9,101,0.521647811
697,160165.8059,387426.6632,367.9599915,190,207,290.6023465,197.6820818,-9,101,0.544395626
705,163358.7739,381512.3318,294.0360718,190,207,290.6023465,197.6820818,-9,101,0.817762911
708,164020.1804,384178.9958,348.9599915,190,207,290.6023465,197.6820818,-9,101,0.58970964
710,160788.0633,386280.7311,280.7997131,109,111,128.9965795,121.8170066,11,20,0.562070727
713,163557.1766,383670.0884,291.0299683,190,207,290.6023465,197.6820818,-9,101,0.682794213
716,161753.0452,381216.4418,846.3560181,190,207,290.6023465,197.6820818,-9,101,0.573518217
718,162155.0417,383650.2822,912.3307495,190,207,290.6023465,197.6820818,-9,101,0.642781556
722,160332.7516,381419.998,315.3389893,64,77,137.9110689,110.1706551,33,74,0.679184079
725,157266.829,383285.4503,598.1593018,64,77,137.9110689,110.1706551,33,74,0.563112557
727,159656.9742,381939.873,329.7600098,64,77,137.9110689,110.1706551,33,74,0.57181114
728,161344.7737,381370.1024,603.6126099,64,77,137.9110689,110.1706551,33,74,0.594433248
729,159882.7827,386122.7015,315.2200012,109,111,128.9965795,121.8170066,11,20,0.537921071
734,162228.6338,387635.3688,328.8504639,190,207,290.6023465,197.6820818,-9,101,0.68246299
735,163111.1378,383522.1401,321.5799866,190,207,290.6023465,197.6820818,-9,101,0.794069409
737,161913.2136,381430.2291,412.1400146,190,207,290.6023465,197.6820818,-9,101,0.707772493
743,163732.0157,382075.0343,317.6000061,190,207,290.6023465,197.6820818,-9,101,0.664419293
746,161142.9673,381700.7565,696.899231,190,207,290.6023465,197.6820818,-9,101,0.669704497
752,162993.6045,382160.8775,304.5598145,190,207,290.6023465,197.6820818,-9,101,0.758640349
753,159938.9716,384468.1506,282.0003357,109,111,128.9965795,121.8170066,11,20,0.63249439
757,157477.3051,383859.2385,480.171875,64,77,137.9110689,110.1706551,33,74,0.533209324
759,160581.0017,387700.3169,307.5,190,207,290.6023465,197.6820818,-9,101,0.501465857
761,159973.1092,388336.7596,452.4601746,109,111,128.9965795,121.8170066,11,20,0.503478587
764,160374.1711,384614.7899,302.3200073,109,111,128.9965795,121.8170066,11,20,0.747986495
770,157980.1665,383753.3438,260.0395203,64,77,137.9110689,110.1706551,33,74,0.581949949
784,159332.2573,382804.8425,324.6180725,64,77,137.9110689,110.1706551,33,74,0.501532197
786,161588.0082,381147.9402,677.4415283,190,207,290.6023465,197.6820818,-9,101,0.540142894
787,161488.3185,382021.1731,1163.151611,190,207,290.6023465,197.6820818,-9,101,0.759509087
791,157210.8284,383841.5929,671.7888794,64,77,137.9110689,110.1706551,33,74,0.511086702
793,161957.6474,381282.6837,457.5559998,190,207,290.6023465,197.6820818,-9,101,0.655368209
795,163066.097,381371.0248,371.4927673,190,207,290.6023465,197.6820818,-9,101,0.812531471
796,162145.3172,383225.3189,322.9225769,190,207,290.6023465,197.6820818,-9,101,0.727005363
800,161424.4776,383064.7879,298.6799927,109,111,128.9965795,121.8170066,11,20,0.651904941
803,164097.5965,382691.7069,376.9508667,190,207,290.6023465,197.6820818,-9,101,0.530656278
804,160158.2283,386536.9919,459.0700073,109,111,128.9965795,121.8170066,11,20,0.544331312
805,161135.4424,383184.8164,297.4362793,64,77,137.9110689,110.1706551,33,74,0.690379083
811,161692.1705,385242.4313,290.2573547,190,207,290.6023465,197.6820818,-9,101,0.588489175
813,162116.0836,381687.4165,306.1199951,190,207,290.6023465,197.6820818,-9,101,0.834083617
814,161125.5237,387399.43,284.8727112,190,207,290.6023465,197.6820818,-9,101,0.570605159
816,161016.6571,383807.1498,275.5521851,190,207,290.6023465,197.6820818,-9,101,0.727697849
818,162026.0094,383721.8602,679.3005371,190,207,290.6023465,197.6820818,-9,101,0.57141757
819,162369.5545,381313.9803,341.8800049,190,207,290.6023465,197.6820818,-9,101,0.751613855
821,160120.9786,385493.1588,306.0400085,109,111,128.9965795,121.8170066,11,20,0.754719377
822,161173.0638,387894.9602,340.0499878,190,207,290.6023465,197.6820818,-9,101,0.509417772
828,162107.5481,382486.902,356.8800049,190,207,290.6023465,197.6820818,-9,101,0.787077665
829,162712.1488,381322.1326,443.1204224,190,207,290.6023465,197.6820818,-9,101,0.792040467
830,163727.4327,381923.5287,290.2218628,190,207,290.6023465,197.6820818,-9,101,0.672206223
833,161531.3688,385862.4023,330.7999878,190,207,290.6023465,197.6820818,-9,101,0.5955773
834,160860.5289,382980.1284,368.3200073,64,77,137.9110689,110.1706551,33,74,0.847197771
835,159542.0003,384334.5794,348.5764465,109,111,128.9965795,121.8170066,11,20,0.64463985
836,160578.2822,386365.0707,265.5205383,109,111,128.9965795,121.8170066,11,20,0.550171733
838,162144.0867,382212.6854,424.7422485,190,207,290.6023465,197.6820818,-9,101,0.811609149
841,162275.6063,383113.6807,367.7999878,190,207,290.6023465,197.6820818,-9,101,0.746564329
852,162988.9509,383956.9646,599.7349854,190,207,290.6023465,197.6820818,-9,101,0.670297384
853,160208.0685,384786.8268,285.6400146,109,111,128.9965795,121.8170066,11,20,0.750652552
861,163095.2368,382644.5056,345.1273193,190,207,290.6023465,197.6820818,-9,101,0.733783841
865,161813.3152,381983.9987,385.480011,190,207,290.6023465,197.6820818,-9,101,0.804086864
868,158788.6076,383290.4829,340.2394104,64,77,137.9110689,110.1706551,33,74,0.636223137
869,160504.5909,384277.3335,264.8800049,109,111,128.9965795,121.8170066,11,20,0.743493915
870,158719.7226,383657.2651,295.2080078,64,77,137.9110689,110.1706551,33,74,0.555848181
880,163483.9307,384101.605,393.4375305,190,207,290.6023465,197.6820818,-9,101,0.605479777
883,161572.4752,381484.1665,765.6027222,190,207,290.6023465,197.6820818,-9,101,0.617894411
885,158975.5848,381352.556,463.3707581,64,77,137.9110689,110.1706551,33,74,0.613087535
886,160890.3848,386322.7653,295.7626648,109,111,128.9965795,121.8170066,11,20,0.541686594
887,161816.4686,386270.1644,299.7811584,190,207,290.6023465,197.6820818,-9,101,0.514402628
888,164321.5797,384233.0268,362.2683411,190,207,290.6023465,197.6820818,-9,101,0.546208382
889,160015.3198,387830.0657,336.8086243,190,207,290.6023465,197.6820818,-9,101,0.547478318
890,160523.5931,385870.8228,264.5167236,109,111,128.9965795,121.8170066,11,20,0.683816731
891,161584.4374,383600.7372,364.2971802,190,207,290.6023465,197.6820818,-9,101,0.575856268
895,161522.636,387138.4117,321.4078979,109,111,128.9965795,121.8170066,11,20,0.563276947
900,158206.6673,381427.2609,489.3200073,64,77,137.9110689,110.1706551,33,74,0.634160697
903,157859.0068,381338.1556,372.9271545,64,77,137.9110689,110.1706551,33,74,0.536928773
907,163259.9104,380721.5889,894.8568115,190,207,290.6023465,197.6820818,-9,101,0.518102407
909,160591.5105,385464.3584,415.6824646,109,111,128.9965795,121.8170066,11,20,0.738924503
910,158716.6576,381260.2924,427.5307617,64,77,137.9110689,110.1706551,33,74,0.647591412
912,160183.6459,383930.3115,363.8923035,109,111,128.9965795,121.8170066,11,20,0.694359779
917,160318.6451,387694.6145,300.0843506,190,207,290.6023465,197.6820818,-9,101,0.528342783
919,160767.4208,383636.281,322.1714172,109,111,128.9965795,121.8170066,11,20,0.777048767
920,159574.1601,381998.6736,280.4500122,64,77,137.9110689,110.1706551,33,74,0.554483533
929,163342.1124,381128.9591,308.8346558,190,207,290.6023465,197.6820818,-9,101,0.724641085
930,157842.5067,383776.5023,320.2145691,64,77,137.9110689,110.1706551,33,74,0.576279998
931,160358.9887,385388.8857,364.2797546,109,111,128.9965795,121.8170066,11,20,0.765378654
935,159966.8379,381413.1001,265.2000122,64,77,137.9110689,110.1706551,33,74,0.684867084
937,161085.9219,385771.8071,240.5599976,109,111,128.9965795,121.8170066,11,20,0.611875474
938,157741.7429,383758.1443,357.0935364,109,111,128.9965795,121.8170066,11,20,0.551945269
939,158045.2247,383405.3951,369.0457764,64,77,137.9110689,110.1706551,33,74,0.557373762
940,162141.1603,385606.4178,391.0914307,190,207,290.6023465,197.6820818,-9,101,0.643596172
946,159575.6199,387714.3134,515.4870605,109,111,128.9965795,121.8170066,11,20,0.522783816
947,160508.1077,383419.5989,415.2600098,64,77,137.9110689,110.1706551,33,74,0.801619232
949,162744.1222,383680.0894,703.4697266,190,207,290.6023465,197.6820818,-9,101,0.794289291
950,161114.0472,381485.3632,573.7800293,190,207,290.6023465,197.6820818,-9,101,0.598569334
954,160865.4385,383132.352,422.5205688,64,77,137.9110689,110.1706551,33,74,0.804771185
955,160397.4079,381163.61,333.3433228,64,77,137.9110689,110.1706551,33,74,0.605732977
956,158675.0856,381565.0024,308.0599976,64,77,137.9110689,110.1706551,33,74,0.582140803
957,159943.1923,385169.686,346.3252563,109,111,128.9965795,121.8170066,11,20,0.763745606
962,161395.3088,385016.8652,277.2999878,190,207,290.6023465,197.6820818,-9,101,0.542782485
968,160166.8573,383319.6007,334.6000061,64,77,137.9110689,110.1706551,33,74,0.789941132
971,160539.1723,383547.5004,395.0438232,64,77,137.9110689,110.1706551,33,74,0.802616835
978,159543.4871,383056.1578,289.908905,64,77,137.9110689,110.1706551,33,74,0.612442315
979,161961.4198,385370.8716,264.3457642,190,207,290.6023465,197.6820818,-9,101,0.620895028
980,161138.3353,387131.2265,347.1781921,190,207,290.6023465,197.6820818,-9,101,0.560822129
985,159576.104,384859.6578,245.6785278,109,111,128.9965795,121.8170066,11,20,0.615749657
990,161875.1568,384946.3795,184.0523376,190,207,290.6023465,197.6820818,-9,101,0.538215876
995,160245.1088,384098.8193,314.456543,64,77,137.9110689,110.1706551,33,74,0.706165731
996,160378.8542,383152.2257,409.7819214,64,77,137.9110689,110.1706551,33,74,0.809070587
997,162387.7158,387952.0186,321.7678528,190,207,290.6023465,197.6820818,-9,101,0.632302523
1001,161427.32,387738.6705,330.7017822,190,207,290.6023465,197.6820818,-9,101,0.551850855
1006,162646.936,382110.6588,382.9679871,190,207,290.6023465,197.6820818,-9,101,0.766434431
1008,161583.0329,382672.2891,661.8129272,190,207,290.6023465,197.6820818,-9,101,0.707729518
1010,161700.3394,386290.3385,359.2000122,190,207,290.6023465,197.6820818,-9,101,0.531035542
1015,161845.432,388112.0032,420.4787903,190,207,290.6023465,197.6820818,-9,101,0.511790931
1019,161242.2256,385171.8411,316.0144348,109,111,128.9965795,121.8170066,11,20,0.614158571
1025,157751.8945,383203.4084,393.5039063,64,77,137.9110689,110.1706551,33,74,0.537727058
1027,162074.5898,387512.3129,286.8335876,190,207,290.6023465,197.6820818,-9,101,0.66048044
1028,163573.3633,381769.8694,318.5599365,190,207,290.6023465,197.6820818,-9,101,0.774114668
1031,163101.4662,383167.029,243.8999939,190,207,290.6023465,197.6820818,-9,101,0.802411497
1032,160350.2929,386918.3292,258.6822815,109,111,128.9965795,121.8170066,11,20,0.580859601
1034,159774.5709,381316.4034,341.5299988,64,77,137.9110689,110.1706551,33,74,0.654208064
1035,157174.2965,383532.244,497.019989,64,77,137.9110689,110.1706551,33,74,0.564837277
1036,163813.1155,382677.9915,315.8104248,190,207,290.6023465,197.6820818,-9,101,0.642698765
1044,163428.3114,382584.3526,364.0842896,190,207,290.6023465,197.6820818,-9,101,0.75046438
1045,163918.6285,383853.6197,311.3414307,190,207,290.6023465,197.6820818,-9,101,0.598206341
1046,162022.8102,382745.1397,307.2219849,190,207,290.6023465,197.6820818,-9,101,0.743892372
1052,162770.7365,382495.701,516.9927979,190,207,290.6023465,197.6820818,-9,101,0.69062984
1053,160537.4703,382467.2721,410.739624,64,77,137.9110689,110.1706551,33,74,0.813887298
1057,162372.2102,383031.6383,377.245697,190,207,290.6023465,197.6820818,-9,101,0.751183271
1058,162692.542,383413.5208,360.2799988,190,207,290.6023465,197.6820818,-9,101,0.806720614
1061,158900.0686,384713.5011,874.607666,109,111,128.9965795,121.8170066,11,20,0.601530671
1065,160522.6219,381726.9293,329.1205139,64,77,137.9110689,110.1706551,33,74,0.696009278
1066,159926.5219,382561.9647,401.6152344,64,77,137.9110689,110.1706551,33,74,0.608042061
1068,162397.7978,387541.2874,282.3875427,190,207,290.6023465,197.6820818,-9,101,0.6693753
1076,158300.8247,383313.1406,307.9997864,64,77,137.9110689,110.1706551,33,74,0.591523111
1077,160613.3782,383748.6511,310.2871704,109,111,128.9965795,121.8170066,11,20,0.77058053
1081,161745.9741,382855.8252,270.2616577,190,207,290.6023465,197.6820818,-9,101,0.660672247
1082,163657.1047,382507.5796,367.2158813,190,207,290.6023465,197.6820818,-9,101,0.680182159
1090,163204.6361,381337.5336,238.2330933,190,207,290.6023465,197.6820818,-9,101,0.793393612
1094,163907.3292,384261.3571,441.4735413,190,207,290.6023465,197.6820818,-9,101,0.586674571
1097,161415.8328,385973.8713,326.2099915,190,207,290.6023465,197.6820818,-9,101,0.56412375
1098,159929.1125,384250.5387,350.4266663,109,111,128.9965795,121.8170066,11,20,0.666876435
1099,159436.1742,384101.6493,339.7538147,109,111,128.9965795,121.8170066,11,20,0.647470117
1100,162228.1024,382828.3809,377.3999939,190,207,290.6023465,197.6820818,-9,101,0.758874118
1101,162076.5289,383569.7998,856.392395,190,207,290.6023465,197.6820818,-9,101,0.646720409
1103,159198.9917,381092.1082,385.3999939,64,77,137.9110689,110.1706551,33,74,0.601228893
1108,163771.0575,383481.8247,301.7399902,190,207,290.6023465,197.6820818,-9,101,0.627929151
1109,162265.5282,385272.9462,405.4434204,190,207,290.6023465,197.6820818,-9,101,0.531471908
1111,160919.1526,387360.4916,267.7099915,190,207,290.6023465,197.6820818,-9,101,0.548306167
1114,160499.0319,383084.5671,458.3999939,64,77,137.9110689,110.1706551,33,74,0.817920387
1115,158257.8953,383825.1534,309.5272827,64,77,137.9110689,110.1706551,33,74,0.521887779
1118,160948.6943,384244.6617,325,109,111,128.9965795,121.8170066,11,20,0.691231072
1122,162687.2315,381445.624,294.7980042,190,207,290.6023465,197.6820818,-9,101,0.808815062
1133,157955.3387,383126.0084,401.4805908,64,77,137.9110689,110.1706551,33,74,0.53971225
1138,159881.2133,384987.6019,234.1212158,109,111,128.9965795,121.8170066,11,20,0.715447962
1139,160208.7092,387304.2665,360.3569336,109,111,128.9965795,121.8170066,11,20,0.556683958
1143,159113.8106,381948.477,497.9987488,64,77,137.9110689,110.1706551,33,74,0.500650167
1144,162893.0573,381458.0279,416.4651489,190,207,290.6023465,197.6820818,-9,101,0.813450277
1146,163167.9277,382737.8946,343.772583,190,207,290.6023465,197.6820818,-9,101,0.752585292
1147,163904.775,383623.3828,346.2999878,190,207,290.6023465,197.6820818,-9,101,0.608603954
1150,162048.9474,385099.0709,345.5028381,190,207,290.6023465,197.6820818,-9,101,0.531988978
1151,163674.1114,384431.2914,628.3642578,190,207,290.6023465,197.6820818,-9,101,0.52510798
1152,163828.2394,381097.7832,546.541626,190,207,290.6023465,197.6820818,-9,101,0.556553304
1154,160704.1951,385209.8253,294.6401672,109,111,128.9965795,121.8170066,11,20,0.73155123
1156,162727.5649,384150.3264,425.1390991,190,207,290.6023465,197.6820818,-9,101,0.504490733
1165,162973.534,383792.6973,696.0876465,190,207,290.6023465,197.6820818,-9,101,0.744146645
1169,160620.478,385661.0537,307.1929932,109,111,128.9965795,121.8170066,11,20,0.693350077
1174,161437.9186,383787.1522,335.1678467,190,207,290.6023465,197.6820818,-9,101,0.583552659
1176,159466.8314,385411.5191,449.6400146,109,111,128.9965795,121.8170066,11,20,0.64284718
1184,161961.1595,387413.2781,300.8681946,109,111,128.9965795,121.8170066,11,20,0.591635525
1185,163598.609,384270.0846,538.87677,190,207,290.6023465,197.6820818,-9,101,0.54446733
1188,158210.2103,381739.441,392.979126,64,77,137.9110689,110.1706551,33,74,0.504285097
1191,160293.6345,385632.5546,394.9851685,109,111,128.9965795,121.8170066,11,20,0.7474944
1192,160721.909,381933.4903,408.6998596,64,77,137.9110689,110.1706551,33,74,0.709350467
1195,159740.3447,387743.798,481.4162598,109,111,128.9965795,121.8170066,11,20,0.531113863
1197,159795.5911,387926.0349,274.7999878,190,207,290.6023465,197.6820818,-9,101,0.549388111
1199,162465.2786,382777.3842,417.7479553,190,207,290.6023465,197.6820818,-9,101,0.725097656
1206,164028.3459,383251.0029,283.9078064,190,207,290.6023465,197.6820818,-9,101,0.564790785
1210,163902.7275,381204.0403,601,190,207,290.6023465,197.6820818,-9,101,0.515390635
1211,160944.2588,381861.0624,543.5840454,64,77,137.9110689,110.1706551,33,74,0.691781342
1212,163819.2503,382165.9235,398,190,207,290.6023465,197.6820818,-9,101,0.634545445
1214,161755.1074,387872.5463,352.2127686,190,207,290.6023465,197.6820818,-9,101,0.577191174
1218,161135.2844,383587.3696,377.4701843,109,111,128.9965795,121.8170066,11,20,0.701635599
1221,160169.49,386134.194,243.4811401,109,111,128.9965795,121.8170066,11,20,0.604189277
1228,160251.1578,384375.4538,242.632431,109,111,128.9965795,121.8170066,11,20,0.699968636
1236,161245.3278,387448.226,280,190,207,290.6023465,197.6820818,-9,101,0.561711669
1237,161238.2173,386981.833,396.3269958,190,207,290.6023465,197.6820818,-9,101,0.5917117
1245,162350.9924,380830.3254,273.6091003,190,207,290.6023465,197.6820818,-9,101,0.513191938
1246,160010.3103,387588.3132,347.6799927,190,207,290.6023465,197.6820818,-9,101,0.53859961
1248,162450.4726,380952.9247,293.5467529,190,207,290.6023465,197.6820818,-9,101,0.628712058
1250,161276.1686,387133.911,419.1149902,190,207,290.6023465,197.6820818,-9,101,0.567300558
1257,163552.8241,383770.7119,302.8745728,190,207,290.6023465,197.6820818,-9,101,0.674187183
1261,161152.119,387236.3303,300.6499939,190,207,290.6023465,197.6820818,-9,101,0.560795784
1262,159211.1083,385042.792,557.7363892,64,77,137.9110689,110.1706551,33,74,0.554888189
1265,160668.5044,385113.6767,302.7000122,109,111,128.9965795,121.8170066,11,20,0.703416765
1267,163552.8144,382158.1062,295.4330444,190,207,290.6023465,197.6820818,-9,101,0.703970194
1270,159716.5314,383812.4484,322.0400085,64,77,137.9110689,110.1706551,33,74,0.709521413
1271,160138.8368,385801.6113,317.576416,109,111,128.9965795,121.8170066,11,20,0.683020592
1273,159086.4271,383707.0126,282.6621094,64,77,137.9110689,110.1706551,33,74,0.585175037
1277,160018.866,383131.3488,614,64,77,137.9110689,110.1706551,33,74,0.767239749
1281,159165.5782,383855.0324,282.3063965,64,77,137.9110689,110.1706551,33,74,0.580586374
1282,160827.8678,382166.1645,697.1199951,64,77,137.9110689,110.1706551,33,74,0.767516553
1283,160240.393,383006.949,324.0102844,64,77,137.9110689,110.1706551,33,74,0.81578207
1284,159686.7294,386038.3313,369.5690308,109,111,128.9965795,121.8170066,11,20,0.542469084
1285,162513.4859,383511.3442,684.039978,190,207,290.6023465,197.6820818,-9,101,0.76932615
1287,160003.7245,382407.234,256.9587097,64,77,137.9110689,110.1706551,33,74,0.626190782
1288,160626.1067,384167.1646,276.8399963,109,111,128.9965795,121.8170066,11,20,0.739114106
1295,159374.9552,384411.8842,285.3280029,64,77,137.9110689,110.1706551,33,74,0.593763649
1298,158685.1998,383309.9523,172.7200012,64,77,137.9110689,110.1706551,33,74,0.636656523
1305,160021.0476,386154.8698,291.3428955,109,111,128.9965795,121.8170066,11,20,0.569260836
1306,160135.2615,383476.0017,385.269989,64,77,137.9110689,110.1706551,33,74,0.761128783
1307,160326.0284,385816.3664,287.0799866,109,111,128.9965795,121.8170066,11,20,0.709257066
1310,158599.2781,383225.2556,227.6161499,64,77,137.9110689,110.1706551,33,74,0.629639626
1311,160056.7516,384608.2349,307.6199951,109,111,128.9965795,121.8170066,11,20,0.711872876
1312,159262.9201,384578.7932,517.6775513,109,111,128.9965795,121.8170066,11,20,0.595786273
1314,158036.9641,383881.2582,333.1634521,64,77,137.9110689,110.1706551,33,74,0.548720062
1315,161732.6094,381672.8431,340.0641174,190,207,290.6023465,197.6820818,-9,101,0.74700582
1320,160020.9732,386530.457,406.1990967,109,111,128.9965795,121.8170066,11,20,0.5175367
1324,162679.2856,381761.6161,450.9396973,190,207,290.6023465,197.6820818,-9,101,0.819567323
1326,158415.3967,380679.4533,413.8016663,64,77,137.9110689,110.1706551,33,74,0.501408994
1329,160879.1977,382676.1971,407.4902649,64,77,137.9110689,110.1706551,33,74,0.860076129
1335,163890.0697,381844.5944,608.9171143,190,207,290.6023465,197.6820818,-9,101,0.560840786
1336,157648.4887,383328.5276,376.7952881,64,77,137.9110689,110.1706551,33,74,0.546216488
1338,159950.9644,381147.331,257.5487976,64,77,137.9110689,110.1706551,33,74,0.659727812
1339,162637.5024,387329.5742,302.0799866,190,207,290.6023465,197.6820818,-9,101,0.563288033
1341,162694.1064,383859.9853,1033.958496,190,207,290.6023465,197.6820818,-9,101,0.670265436
1342,162461.587,387118.7616,306.4400024,190,207,290.6023465,197.6820818,-9,101,0.526081979
1346,161042.4822,386823.4016,303.9697571,109,111,128.9965795,121.8170066,11,20,0.569196165
1347,157957.4886,380727.7347,503.1953125,64,77,137.9110689,110.1706551,33,74,0.521958113
1354,160178.6667,384189.3256,322.3539429,109,111,128.9965795,121.8170066,11,20,0.701191783
1357,158426.6279,383393.6391,281.4041748,64,77,137.9110689,110.1706551,33,74,0.570460081
1360,163497.8338,381851.4722,301.2182922,190,207,290.6023465,197.6820818,-9,101,0.789451659
1368,162244.3931,385404.2307,393.5888977,190,207,290.6023465,197.6820818,-9,101,0.565497279
1369,161526.9621,380967.5696,372.3686218,190,207,290.6023465,197.6820818,-9,101,0.508217573
1380,159321.1322,383958.7675,185.129364,64,77,137.9110689,110.1706551,33,74,0.630957842
1381,161284.6689,387715.6261,323.492981,190,207,290.6023465,197.6820818,-9,101,0.552542806
1385,162648.187,382801.492,489.2867737,190,207,290.6023465,197.6820818,-9,101,0.713687062
1387,161679.5073,387632.8445,323.4537048,190,207,290.6023465,197.6820818,-9,101,0.613601327
1388,161815.342,382286.6403,607.2627563,190,207,290.6023465,197.6820818,-9,101,0.779608548
1391,161244.3043,382125.4124,743.8639526,64,77,137.9110689,110.1706551,33,74,0.756488204
1393,160716.3651,387273.0677,320.1400146,0,0,0,0,0,0,0.583677232
1396,159415.6648,385649.4631,501.1002197,109,111,128.9965795,121.8170066,11,20,0.545083821
1398,162166.0117,387340.5569,252.1999969,190,207,290.6023465,197.6820818,-9,101,0.596928418
1401,162447.6443,381624.82,313.1855774,190,207,290.6023465,197.6820818,-9,101,0.848487139
1402,162085.1006,383379.3941,649.0200195,190,207,290.6023465,197.6820818,-9,101,0.723439395
1404,162967.0241,383398.5694,366.8218384,190,207,290.6023465,197.6820818,-9,101,0.824580014
1405,158884.6273,383941.9897,316.2243652,64,77,137.9110689,110.1706551,33,74,0.503885686
1406,159863.344,382358.8833,239.1228027,64,77,137.9110689,110.1706551,33,74,0.551462889
1409,160718.3246,382054.0696,463.3986206,64,77,137.9110689,110.1706551,33,74,0.75688529
1412,159639.7284,384137.5416,304.6913452,109,111,128.9965795,121.8170066,11,20,0.666078746
1415,161389.3629,384006.3607,359.2832642,190,207,290.6023465,197.6820818,-9,101,0.603388846
1418,159142.5024,384506.8087,474.8855286,109,111,128.9965795,121.8170066,11,20,0.609683573
1419,160847.1341,383836.4936,284.6128845,109,111,128.9965795,121.8170066,11,20,0.766293287
1421,158819.258,383396.6631,295.2000122,64,77,137.9110689,110.1706551,33,74,0.628428996
1423,161351.306,385235.5784,342.7167358,190,207,290.6023465,197.6820818,-9,101,0.616119087
1431,162457.1988,381239.521,340.1099854,190,207,290.6023465,197.6820818,-9,101,0.731994033
1432,160197.1214,384958.8406,308.3979187,109,111,128.9965795,121.8170066,11,20,0.765197635
1434,159916.9236,384704.5549,232.5465698,109,111,128.9965795,121.8170066,11,20,0.699587107
1439,162542.8535,380775.8515,265.215271,190,207,290.6023465,197.6820818,-9,101,0.502938032
1443,160528.139,386192.5764,268.2399902,109,111,128.9965795,121.8170066,11,20,0.587979555
1444,161867.7865,387013.7884,322.7600098,109,111,128.9965795,121.8170066,11,20,0.531784475
1454,161877.8127,381612.061,248,190,207,290.6023465,197.6820818,-9,101,0.759328544
1455,162253.2003,385840.97,626.6663208,190,207,290.6023465,197.6820818,-9,101,0.584747612
1461,160041.5232,384451.8581,300.0386353,109,111,128.9965795,121.8170066,11,20,0.701552987
1463,158959.6566,382691.7044,367.4752808,64,77,137.9110689,110.1706551,33,74,0.502993047
1464,157646.607,383611.7808,379.8233337,64,77,137.9110689,110.1706551,33,74,0.583627164
1465,159755.0878,383442.021,386.0639343,64,77,137.9110689,110.1706551,33,74,0.768924534
1469,162554.6982,381092.9515,347.7217407,190,207,290.6023465,197.6820818,-9,101,0.680158257
1471,159108.917,382776.615,328.4571838,64,77,137.9110689,110.1706551,33,74,0.524667025
1472,162297.3759,385527.7287,319.8999939,190,207,290.6023465,197.6820818,-9,101,0.561376035
1477,160367.7352,381303.6489,290.29599,64,77,137.9110689,110.1706551,33,74,0.647070885
1489,161776.3187,382542.1517,331.7659302,190,207,290.6023465,197.6820818,-9,101,0.76513505
1496,162465.1786,383094.7058,333.4776611,190,207,290.6023465,197.6820818,-9,101,0.768935025
1498,163447.606,383756.1992,356.1407776,190,207,290.6023465,197.6820818,-9,101,0.680347979
1501,159077.2157,385185.8458,722.0560913,109,111,128.9965795,121.8170066,11,20,0.539051414
1503,162554.6563,388093.9596,319.2958679,190,207,290.6023465,197.6820818,-9,101,0.553342342
1509,159798.0504,385266.245,301.0000916,109,111,128.9965795,121.8170066,11,20,0.748372197
1512,164139.7852,384239.8072,429.7657776,190,207,290.6023465,197.6820818,-9,101,0.583332419
1514,160081.7044,386841.6209,325.6886902,109,111,128.9965795,121.8170066,11,20,0.5246104
1516,161836.3064,387522.6066,310.164917,190,207,290.6023465,197.6820818,-9,101,0.646490991
1520,161470.9774,383457.1374,245.1629944,109,111,128.9965795,121.8170066,11,20,0.606808066
1522,163465.6439,381546.0522,471.4156494,190,207,290.6023465,197.6820818,-9,101,0.809285522
1523,161150.2429,382902.22,382.2487183,64,77,137.9110689,110.1706551,33,74,0.718544006
1525,158421.9726,383727.5661,239.2402039,64,77,137.9110689,110.1706551,33,74,0.523583949
1527,160086.2096,382813.7636,517.4675903,64,77,137.9110689,110.1706551,33,74,0.734366894
1528,160776.1255,382719.3497,435.7900085,64,77,137.9110689,110.1706551,33,74,0.867097676
1529,159959.7104,384860.0637,190.1808777,109,111,128.9965795,121.8170066,11,20,0.710212946
1530,162082.7391,387031.105,301.7290039,190,207,290.6023465,197.6820818,-9,101,0.53437531
1531,163244.4823,381697.9899,341.0126648,190,207,290.6023465,197.6820818,-9,101,0.83867383
1534,162301.9706,388153.0815,426.3966675,190,207,290.6023465,197.6820818,-9,101,0.553812504
1535,164152.3134,383414.1966,292.1965332,190,207,290.6023465,197.6820818,-9,101,0.524291277
1538,163702.8704,382793.8442,279.5143738,190,207,290.6023465,197.6820818,-9,101,0.67623204
1539,161540.2497,385218.6875,366.387146,190,207,290.6023465,197.6820818,-9,101,0.583685756
1540,159629.6719,382996.987,323.5237732,64,77,137.9110689,110.1706551,33,74,0.614156663
1547,159860.1387,383381.4112,389.3999939,64,77,137.9110689,110.1706551,33,74,0.768848956
1552,159784.8713,384222.9162,356.2399902,109,111,128.9965795,121.8170066,11,20,0.657802343
1555,158607.9377,383039.8636,386.4798584,64,77,137.9110689,110.1706551,33,74,0.593125701
1557,162435.9704,387635.4361,296.0096741,190,207,290.6023465,197.6820818,-9,101,0.674409866
1559,162256.3046,387995.4806,386.0078735,190,207,290.6023465,197.6820818,-9,101,0.612972438
1561,159272.0492,381933.4262,358.0143127,64,77,137.9110689,110.1706551,33,74,0.509270012
1563,162330.7783,383557.6014,750.0100098,190,207,290.6023465,197.6820818,-9,101,0.73427093
1564,161588.5358,386358.4756,435.5162964,190,207,290.6023465,197.6820818,-9,101,0.535619974
1565,158868.032,383018.7536,346.1925354,64,77,137.9110689,110.1706551,33,74,0.567724884
1568,159597.7754,381394.4938,323.7496643,64,77,137.9110689,110.1706551,33,74,0.649405003
1570,159375.5981,383203.1033,337.7797241,64,77,137.9110689,110.1706551,33,74,0.674030483
1571,161981.7122,386108.1384,271.4274292,190,207,290.6023465,197.6820818,-9,101,0.583944738
1573,163653.1923,381465.4526,519.7403564,190,207,290.6023465,197.6820818,-9,101,0.688411593
1574,161637.6747,384011.2746,380.4389648,190,207,290.6023465,197.6820818,-9,101,0.520430446
1576,161826.0333,387800.0389,496.680481,190,207,290.6023465,197.6820818,-9,101,0.599230766
1579,161194.8447,384949.8115,315.5001526,109,111,128.9965795,121.8170066,11,20,0.57635355
1580,159427.6567,388035.6279,403.693512,109,111,128.9965795,121.8170066,11,20,0.527894735
1584,160177.1474,381752.9154,310.8392334,64,77,137.9110689,110.1706551,33,74,0.689523518
1587,160487.0247,382927.7721,489.1600037,64,77,137.9110689,110.1706551,33,74,0.834056139
1588,163308.1079,383113.7574,323.5499878,190,207,290.6023465,197.6820818,-9,101,0.786735535
1591,161712.4416,386897.7846,362.75,109,111,128.9965795,121.8170066,11,20,0.509229124
1596,162287.1021,382673.582,335.1600037,190,207,290.6023465,197.6820818,-9,101,0.743046105
1599,159924.523,383290.8145,327.3599854,64,77,137.9110689,110.1706551,33,74,0.773589909
1600,160329.582,382901.3625,360.8544922,64,77,137.9110689,110.1706551,33,74,0.824612916
1602,159847.8653,382827.3451,678.0315552,64,77,137.9110689,110.1706551,33,74,0.605385363
1603,162068.2107,388072.8957,379.7025757,190,207,290.6023465,197.6820818,-9,101,0.527160466
1608,158543.3568,384313.4277,488.7180481,64,77,137.9110689,110.1706551,33,74,0.520895123
1609,163179.6289,383900.5781,396.2624207,190,207,290.6023465,197.6820818,-9,101,0.694220066
1613,159991.6578,383723.8913,450.8800354,64,77,137.9110689,110.1706551,33,74,0.692763031
1614,161512.2435,381822.9507,688.8988037,190,207,290.6023465,197.6820818,-9,101,0.707023263
1616,159700.7869,385495.3193,491.2000122,109,111,128.9965795,121.8170066,11,20,0.688794613
1617,159443.419,385132.1161,183.1586456,109,111,128.9965795,121.8170066,11,20,0.640605867
1621,162089.2873,385359.9553,460.0628052,190,207,290.6023465,197.6820818,-9,101,0.593940437
1627,163200.7088,382021.958,320.7938538,190,207,290.6023465,197.6820818,-9,101,0.78033483
1628,160055.4613,384713.7534,330.165741,109,111,128.9965795,121.8170066,11,20,0.720616639
1630,160293.143,386598.3808,458.9998169,109,111,128.9965795,121.8170066,11,20,0.581195951
1634,159670.2907,382343.6643,248.486969,64,77,137.9110689,110.1706551,33,74,0.504404843
1645,162590.8711,382976.0915,381.6206665,190,207,290.6023465,197.6820818,-9,101,0.726976693
1648,159501.4633,383602.1002,345.7999878,64,77,137.9110689,110.1706551,33,74,0.723648369
1650,160341.8717,387301.7756,297.0279236,109,111,128.9965795,121.8170066,11,20,0.566186309
1656,159895.8534,388126.5095,366.3316345,190,207,290.6023465,197.6820818,-9,101,0.537270129
1657,160538.2635,385189.8171,334.8888855,109,111,128.9965795,121.8170066,11,20,0.747017145
1661,160093.7172,386441.4681,502.3412476,109,111,128.9965795,121.8170066,11,20,0.537370741
1666,161910.0405,385506.2625,267.8736877,190,207,290.6023465,197.6820818,-9,101,0.667312682
1668,160451.6445,387002.443,318.2463379,109,111,128.9965795,121.8170066,11,20,0.584638476
1669,161629.5422,385135.806,339.1319275,190,207,290.6023465,197.6820818,-9,101,0.563354373
1671,161328.6593,386794.4201,263.2096252,109,111,128.9965795,121.8170066,11,20,0.55659163
1672,160159.5444,383640.9043,380.1700134,64,77,137.9110689,110.1706551,33,74,0.718801975
1676,160647.0123,384883.3936,309.3107605,109,111,128.9965795,121.8170066,11,20,0.70965308
1677,157486.5106,383528.4089,443.2109375,64,77,137.9110689,110.1706551,33,74,0.562843263
1679,161341.463,382014.9007,882.0216064,190,207,290.6023465,197.6820818,-9,101,0.743788958
1680,160305.1315,387985.1147,379.480011,190,207,290.6023465,197.6820818,-9,101,0.527368248
1681,160220.3644,387898.494,325.2669373,190,207,290.6023465,197.6820818,-9,101,0.530716658
1682,160971.0216,384841.1321,266.2399902,109,111,128.9965795,121.8170066,11,20,0.611935675
1683,163875.4643,382892.7122,239.1347046,190,207,290.6023465,197.6820818,-9,101,0.632824659
1687,157853.6963,381200.9062,215.7288666,64,77,137.9110689,110.1706551,33,74,0.545208931
1694,163758.7253,381530.2908,841.3815918,190,207,290.6023465,197.6820818,-9,101,0.629356682
1696,160988.3093,383083.8906,377.2398376,64,77,137.9110689,110.1706551,33,74,0.789231837
1700,160524.6612,387278.496,329.2399902,109,111,128.9965795,121.8170066,11,20,0.588348389
1702,161071.97,386063.2676,227.2480011,109,111,128.9965795,121.8170066,11,20,0.528690338
1709,161202.8811,383768.2315,294.9817505,190,207,290.6023465,197.6820818,-9,101,0.639237285
1717,161039.2306,387674.2894,391.6498413,190,207,290.6023465,197.6820818,-9,101,0.517519593
1719,162633.2805,381594.8634,289.8027649,190,207,290.6023465,197.6820818,-9,101,0.858168364
1728,164117.7144,383679.8942,336.9895325,190,207,290.6023465,197.6820818,-9,101,0.523079693
1730,160347.5273,387551.8616,339,190,207,290.6023465,197.6820818,-9,101,0.541041493
1739,159251.2004,384331.485,304.4252625,64,77,137.9110689,110.1706551,33,74,0.611651182
1745,159178.5404,383158.1809,324.8561401,64,77,137.9110689,110.1706551,33,74,0.655076265
1746,163425.6492,383095.8342,323.2550354,190,207,290.6023465,197.6820818,-9,101,0.768742383
1749,164185.3412,384058.6966,303.0130005,190,207,290.6023465,197.6820818,-9,101,0.572645605
1752,161387.2483,385742.5951,302.2019348,190,207,290.6023465,197.6820818,-9,101,0.62984246
1755,163649.3275,381333.2132,479.2757263,190,207,290.6023465,197.6820818,-9,101,0.669203699
1757,161361.5026,386962.284,401.536377,190,207,290.6023465,197.6820818,-9,101,0.574020982
1761,160467.8675,387923.0075,309.9400024,190,207,290.6023465,197.6820818,-9,101,0.503655732
1762,158548.1706,381729.5501,426.9547119,64,77,137.9110689,110.1706551,33,74,0.557745814
1773,162397.4738,388090.3036,359.2000122,190,207,290.6023465,197.6820818,-9,101,0.570666552
1774,163561.6121,384399.462,658.847229,190,207,290.6023465,197.6820818,-9,101,0.527453959
1775,158767.1323,381885.8101,421.6739502,64,77,137.9110689,110.1706551,33,74,0.511559725
1776,161114.592,381862.1923,682.4150391,64,77,137.9110689,110.1706551,33,74,0.691463649
1777,163949.9471,381607.3751,898.2272949,190,207,290.6023465,197.6820818,-9,101,0.514446676
1778,162488.4476,382563.9299,470.0183411,190,207,290.6023465,197.6820818,-9,101,0.720587373
1779,162057.0835,387187.1773,295.9966736,190,207,290.6023465,197.6820818,-9,101,0.563762605
1782,162252.2124,381627.908,341.6964722,190,207,290.6023465,197.6820818,-9,101,0.839326262
1785,159594.655,387877.6984,465.0499878,109,111,128.9965795,121.8170066,11,20,0.531564534
1786,160107.3283,384834.2293,272.4424133,109,111,128.9965795,121.8170066,11,20,0.736191988
1789,158555.0743,383787.9544,264.1076965,64,77,137.9110689,110.1706551,33,74,0.510108531
1790,160134.5147,387167.5834,235.6354675,109,111,128.9965795,121.8170066,11,20,0.536886036
1793,160733.5175,384529.5468,360.764801,109,111,128.9965795,121.8170066,11,20,0.670767963
1794,161242.6327,381564.8123,700.6913452,190,207,290.6023465,197.6820818,-9,101,0.646703124
1799,158767.0617,382762.2374,387.4996643,64,77,137.9110689,110.1706551,33,74,0.541546047
1800,159879.3622,385603.1575,328.6000061,109,111,128.9965795,121.8170066,11,20,0.717524052
1804,157912.0612,383537.4373,297.0028687,64,77,137.9110689,110.1706551,33,74,0.58476001
1805,158684.9863,381113.9009,270.5200806,64,77,137.9110689,110.1706551,33,74,0.654716969
1806,159088.4914,385307.8133,694.1657104,109,111,128.9965795,121.8170066,11,20,0.534071326
1807,162555.8398,381904.2055,381.9715576,190,207,290.6023465,197.6820818,-9,101,0.804786861
1814,161222.2031,383497.3923,393.3456726,109,111,128.9965795,121.8170066,11,20,0.682985067
1815,161716.2791,383597.5723,371.9848938,190,207,290.6023465,197.6820818,-9,101,0.592315197
1819,161061.2643,385933.3143,308.6400146,109,111,128.9965795,121.8170066,11,20,0.561039805
1821,163324.3132,381877.0517,454.7200623,190,207,290.6023465,197.6820818,-9,101,0.79177171
1824,162243.7502,383312.7553,491.1141968,190,207,290.6023465,197.6820818,-9,101,0.737623751
1827,158111.1762,381175.4015,296.7364807,64,77,137.9110689,110.1706551,33,74,0.605112016
1830,161401.1538,382707.6353,715.5472412,64,77,137.9110689,110.1706551,33,74,0.704845726
1838,162744.9761,382368.6488,493.5303345,190,207,290.6023465,197.6820818,-9,101,0.682583332
1839,158599.0481,381222.7487,355.7999878,64,77,137.9110689,110.1706551,33,74,0.67328459
1841,160385.1995,382112.7379,244.6000061,64,77,137.9110689,110.1706551,33,74,0.701014578
1849,163349.6174,383410.728,345.1730347,190,207,290.6023465,197.6820818,-9,101,0.754636109
1850,163264.2258,382565.7136,345.4696655,190,207,290.6023465,197.6820818,-9,101,0.755806267
1857,163405.053,382431.3569,409.6733093,190,207,290.6023465,197.6820818,-9,101,0.759237945
1859,159895.3843,385818.6493,394.0499878,109,111,128.9965795,121.8170066,11,20,0.649304867
1863,157290.1736,383142.7066,434.9896545,64,77,137.9110689,110.1706551,33,74,0.540734351
1865,162193.9929,383441.6589,757.6867065,190,207,290.6023465,197.6820818,-9,101,0.72839582
1872,160794.265,384999.2224,189.7158356,109,111,128.9965795,121.8170066,11,20,0.672185779
1879,160885.5611,384045.4108,128.6212921,190,207,290.6023465,197.6820818,-9,101,0.730086625
1883,161386.9951,387300.0471,301,190,207,290.6023465,197.6820818,-9,101,0.587275982
1889,159618.5514,381135.3546,264.6409912,64,77,137.9110689,110.1706551,33,74,0.622721732
1890,162409.2928,382415.4803,566.3599854,190,207,290.6023465,197.6820818,-9,101,0.751409471
1892,159304.2596,383559.4082,218.8735809,64,77,137.9110689,110.1706551,33,74,0.676168382
1899,161662.9235,385501.3638,241.506897,190,207,290.6023465,197.6820818,-9,101,0.665521324
1900,163413.8181,380895.6505,682.397583,190,207,290.6023465,197.6820818,-9,101,0.574163616
1906,161500.5144,382923.1592,472.6276245,109,111,128.9965795,121.8170066,11,20,0.682157755
1908,161251.7715,381255.6699,467.573822,64,77,137.9110689,110.1706551,33,74,0.568270624
1909,162432.9954,385750.6736,805.881958,190,207,290.6023465,197.6820818,-9,101,0.504558861
1911,161065.177,382617.5572,499.1600037,64,77,137.9110689,110.1706551,33,74,0.829598963
1915,161790.2051,385794.9854,246.7501678,190,207,290.6023465,197.6820818,-9,101,0.647817969
1916,160097.3866,388339.4271,489.310791,109,111,128.9965795,121.8170066,11,20,0.502314687
1919,162567.6728,387954.0869,222.3094025,190,207,290.6023465,197.6820818,-9,101,0.590552688
1920,161431.0317,384881.0591,252.6997528,190,207,290.6023465,197.6820818,-9,101,0.518377125
1921,160747.9798,386569.0725,261.2521362,109,111,128.9965795,121.8170066,11,20,0.59068805
1924,157066.3276,383501.3987,412.5029297,64,77,137.9110689,110.1706551,33,74,0.559680402
1930,161831.7096,382687.0727,322.6051331,190,207,290.6023465,197.6820818,-9,101,0.695965946
1931,161905.3769,383655.6843,564.3201294,190,207,290.6023465,197.6820818,-9,101,0.58378768
1940,163500.4837,382377.1433,422.3231506,190,207,290.6023465,197.6820818,-9,101,0.71821034
1945,159870.9187,381367.3593,304.2000122,64,77,137.9110689,110.1706551,33,74,0.693726718
1947,159603.5285,383639.2951,485.0869751,64,77,137.9110689,110.1706551,33,74,0.748257935
1949,162161.2262,387866.102,302.7999878,190,207,290.6023465,197.6820818,-9,101,0.640413702
1951,160625.4303,387089.878,310.7999878,109,111,128.9965795,121.8170066,11,20,0.553688645
1955,160337.5774,384759.9512,308.6400146,109,111,128.9965795,121.8170066,11,20,0.748249888
1958,162403.2445,387793.7959,317,190,207,290.6023465,197.6820818,-9,101,0.659989476
1965,159646.6137,385100.8941,253.9996338,109,111,128.9965795,121.8170066,11,20,0.672289133
1967,161708.8104,382683.894,433.8800049,190,207,290.6023465,197.6820818,-9,101,0.699324131
1970,159217.7776,385510.2623,601.1925659,109,111,128.9965795,121.8170066,11,20,0.524722159
1971,160927.9133,384600.2993,261.4992371,109,111,128.9965795,121.8170066,11,20,0.61700356
1977,160954.4991,382525.2858,545.5827637,64,77,137.9110689,110.1706551,33,74,0.833008528
1978,159665.5653,381237.0692,330.4205322,64,77,137.9110689,110.1706551,33,74,0.641489267
1981,160015.7228,381601.8402,329.3500061,64,77,137.9110689,110.1706551,33,74,0.685946524
1983,163037.9439,382549.2898,322.3152466,190,207,290.6023465,197.6820818,-9,101,0.727550566
1987,160944.8347,383215.825,428.3900452,64,77,137.9110689,110.1706551,33,74,0.740908146
1988,162521.0108,382209.3199,374.7200012,190,207,290.6023465,197.6820818,-9,101,0.763031185
1990,161557.9473,381248.4911,675.0734863,190,207,290.6023465,197.6820818,-9,101,0.568242788
1992,161223.2409,385711.8642,278.777771,190,207,290.6023465,197.6820818,-9,101,0.600194156
1993,160807.883,383392.0856,244.3531494,0,0,0,0,0,0,0.790002048
2004,161988.8994,382972.8375,442.9200134,190,207,290.6023465,197.6820818,-9,101,0.685235143
2005,159205.0766,385267.0388,630.9402466,109,111,128.9965795,121.8170066,11,20,0.566429079
2006,164118.7063,383558.2301,312.3544617,190,207,290.6023465,197.6820818,-9,101,0.535968006
2010,160988.5166,386150.1502,268.3548279,109,111,128.9965795,121.8170066,11,20,0.525503337
2011,160403.8426,383955.4969,327.3092346,109,111,128.9965795,121.8170066,11,20,0.725758255
2016,161091.6447,384515.159,219.5,109,111,128.9965795,121.8170066,11,20,0.591415524
2020,160055.9536,383246.5414,392.5574951,64,77,137.9110689,110.1706551,33,74,0.768613458
2021,163795.94,384422.9936,547.7064819,190,207,290.6023465,197.6820818,-9,101,0.53193152
2025,160904.4098,383313.1812,454.519989,109,111,128.9965795,121.8170066,11,20,0.741344035
2029,162089.9961,381455.0303,415.088501,190,207,290.6023465,197.6820818,-9,101,0.713800728
2031,161227.2104,384545.3645,260.2442322,109,111,128.9965795,121.8170066,11,20,0.540476561
2032,160086.4901,385211.7304,396.3200073,109,111,128.9965795,121.8170066,11,20,0.773691654
2034,159800.8936,384925.3267,188.1999969,109,111,128.9965795,121.8170066,11,20,0.689353049
2037,159959.7831,382973.9379,776.5895996,64,77,137.9110689,110.1706551,33,74,0.721650362
2041,159820.7156,383044.5477,535.9123535,64,77,137.9110689,110.1706551,33,74,0.706210911
2042,161644.6111,383026.224,502.3686218,109,111,128.9965795,121.8170066,11,20,0.656865478
2045,160384.7808,386416.0982,582.6051025,109,111,128.9965795,121.8170066,11,20,0.547349572
2049,160758.6311,384748.1551,312.4057922,109,111,128.9965795,121.8170066,11,20,0.670786142
2051,164201.6056,383907.9231,321.7000122,190,207,290.6023465,197.6820818,-9,101,0.523199677
2052,158593.3071,384572.3888,732.5247803,64,77,137.9110689,110.1706551,33,74,0.543759942
2054,160513.7488,385667.3549,302.1000061,109,111,128.9965795,121.8170066,11,20,0.729051054
2055,162390.2189,381447.36,412.0552368,190,207,290.6023465,197.6820818,-9,101,0.766179085
2061,159194.9876,384798.1343,534.4634399,109,111,128.9965795,121.8170066,11,20,0.584620595
2063,162306.3808,387828.0537,346.2399902,190,207,290.6023465,197.6820818,-9,101,0.660880208
2064,162227.6199,382453.6596,476.7250366,190,207,290.6023465,197.6820818,-9,101,0.753720284
2070,160140.0015,382959.5783,484.7495117,64,77,137.9110689,110.1706551,33,74,0.787019551
2072,161144.1368,384388.5681,296.1781616,109,111,128.9965795,121.8170066,11,20,0.598051906
2075,161825.9815,382415.8537,325.1000061,190,207,290.6023465,197.6820818,-9,101,0.771939337
2078,158980.9394,383735.8844,283.0790405,64,77,137.9110689,110.1706551,33,74,0.554694593
2079,162599.6928,380972.5233,351.5007019,190,207,290.6023465,197.6820818,-9,101,0.639498115
2082,158343.4048,381280.7292,316.1842346,64,77,137.9110689,110.1706551,33,74,0.668444753
2083,161313.5562,381866.9308,869.1079102,190,207,290.6023465,197.6820818,-9,101,0.716902912
2084,159860.0208,387480.5462,347.8899536,109,111,128.9965795,121.8170066,11,20,0.521837234
2089,160041.3387,381345.3538,250,64,77,137.9110689,110.1706551,33,74,0.679918051
2093,162106.0664,385730.6764,333.8800049,190,207,290.6023465,197.6820818,-9,101,0.636354089
2094,160429.5244,383339.9845,390.1779785,64,77,137.9110689,110.1706551,33,74,0.801847517
2097,159497.5696,388143.2179,408.5664673,109,111,128.9965795,121.8170066,11,20,0.507554412
2098,159663.0817,383235.514,287.7683411,64,77,137.9110689,110.1706551,33,74,0.732380986
2099,161565.8341,382264.4796,1237.200317,190,207,290.6023465,197.6820818,-9,101,0.795622051
2100,160808.1477,381753.3507,545.1146851,64,77,137.9110689,110.1706551,33,74,0.678590477
2101,158383.9751,381664.5171,432.4353638,64,77,137.9110689,110.1706551,33,74,0.576251745
2103,157989.443,383266.591,376.5263367,64,77,137.9110689,110.1706551,33,74,0.555469275
2105,160050.2831,385988.7489,289.3678589,109,111,128.9965795,121.8170066,11,20,0.620827138
2108,162999.4475,380713.0771,495.2799988,190,207,290.6023465,197.6820818,-9,101,0.52194649
2112,163110.7515,381694.4384,325,190,207,290.6023465,197.6820818,-9,101,0.830770135
2116,163198.0761,381545.8334,309.5212402,190,207,290.6023465,197.6820818,-9,101,0.841509223
2117,162487.5432,387430.2369,320.480011,190,207,290.6023465,197.6820818,-9,101,0.640317202
2133,160659.699,386962.4475,282.2701111,109,111,128.9965795,121.8170066,11,20,0.579478085
2134,161092.2581,385486.2319,275.2999878,109,111,128.9965795,121.8170066,11,20,0.694765985
2136,161122.3305,386920.527,415.7999878,190,207,290.6023465,197.6820818,-9,101,0.551665008
2137,162839.9862,382212.1185,381.1292419,190,207,290.6023465,197.6820818,-9,101,0.727089882
2140,162776.2804,382994.7046,387.8703613,190,207,290.6023465,197.6820818,-9,101,0.803280532
2146,161339.7695,387911.7916,312.4341736,190,207,290.6023465,197.6820818,-9,101,0.529358745
2147,159798.053,381551.8921,310.611084,64,77,137.9110689,110.1706551,33,74,0.690575719
2151,160265.2689,384662.7158,239.4514313,109,111,128.9965795,121.8170066,11,20,0.752047181
2155,161422.2948,382304.6375,1264,190,207,290.6023465,197.6820818,-9,101,0.804024994
2158,160595.6267,386804.5001,297.6000061,109,111,128.9965795,121.8170066,11,20,0.595675111
2165,162936.2733,381922.1181,393.6000061,190,207,290.6023465,197.6820818,-9,101,0.79561758
2168,158563.339,383898.6113,298.0943604,64,77,137.9110689,110.1706551,33,74,0.505123556
2171,160372.6753,385186.0352,295.3200073,109,111,128.9965795,121.8170066,11,20,0.757350683
2172,162147.6676,383091.3671,326.5540466,190,207,290.6023465,197.6820818,-9,101,0.744958937
2174,163351.9735,382051.5871,296,190,207,290.6023465,197.6820818,-9,101,0.752736032
2175,161461.498,387961.567,307.0713196,190,207,290.6023465,197.6820818,-9,101,0.520755053
2176,159547.984,385076.746,191.3393555,109,111,128.9965795,121.8170066,11,20,0.644170403
2178,161394.9607,382466.0733,946.6132202,190,207,290.6023465,197.6820818,-9,101,0.783791006
2179,161678.7813,385680.1825,264.3999939,190,207,290.6023465,197.6820818,-9,101,0.663742006
2188,163569.6914,382643.3823,346.1507263,190,207,290.6023465,197.6820818,-9,101,0.693962932
2190,160829.4228,381887.4195,442.9700623,64,77,137.9110689,110.1706551,33,74,0.702829182
2193,161548.8598,387316.08,287.1269531,109,111,128.9965795,121.8170066,11,20,0.594446838
2203,159509.2076,380921.8524,354.8800049,64,77,137.9110689,110.1706551,33,74,0.54554075
2205,160937.333,383938.2894,199.7442627,190,207,290.6023465,197.6820818,-9,101,0.744611204
2216,161831.2869,383013.3753,321.0660095,190,207,290.6023465,197.6820818,-9,101,0.655007005
2218,161950.5624,385860.8419,275.1000671,190,207,290.6023465,197.6820818,-9,101,0.641086638
2219,160180.6798,385673.6301,392.3599854,109,111,128.9965795,121.8170066,11,20,0.726315379
2221,158056.9943,380786.307,455.9978638,64,77,137.9110689,110.1706551,33,74,0.549650431
2223,160767.5861,386788.0473,270.2000122,109,111,128.9965795,121.8170066,11,20,0.579246104
2225,158312.2392,380855.9037,415.4161072,64,77,137.9110689,110.1706551,33,74,0.564060926
2228,160262.9562,383535.2577,316.1841431,64,77,137.9110689,110.1706551,33,74,0.752638102
2229,163242.7801,380839.4036,844.8608398,190,207,290.6023465,197.6820818,-9,101,0.585138857
2231,160153.934,384690.3584,249.5860443,109,111,128.9965795,121.8170066,11,20,0.718427062
2232,163453.8515,382236.4196,292.680481,190,207,290.6023465,197.6820818,-9,101,0.70804137
2234,159655.9519,380915.5605,276.4309998,64,77,137.9110689,110.1706551,33,74,0.549227178
2236,158102.8569,381530.9283,482.6954651,64,77,137.9110689,110.1706551,33,74,0.588397741
2239,158982.9344,383627.3827,282.5605774,64,77,137.9110689,110.1706551,33,74,0.588943005
2240,160398.8455,385480.9581,398.1499939,109,111,128.9965795,121.8170066,11,20,0.756578743
2244,158343.8241,381507.367,365.7855225,64,77,137.9110689,110.1706551,33,74,0.627753437
2246,160923.4327,386692.4562,246.7076263,109,111,128.9965795,121.8170066,11,20,0.563834429
2253,163421.924,381979.0212,318.2955933,190,207,290.6023465,197.6820818,-9,101,0.780890167
2254,162904.3235,387642.1009,319.5452576,190,207,290.6023465,197.6820818,-9,101,0.510199249
2259,163686.525,381687.238,543.1799927,190,207,290.6023465,197.6820818,-9,101,0.70482868
2265,161725.8342,385050.2711,286.0669556,190,207,290.6023465,197.6820818,-9,101,0.556205928
2266,163226.1037,383176.4259,280.6400146,190,207,290.6023465,197.6820818,-9,101,0.797605813
2267,159281.3167,381797.2691,297.6439209,0,0,0,0,0,0,0.543015957
2268,162804.0251,381613.5172,307.2999878,190,207,290.6023465,197.6820818,-9,101,0.858552992
2271,162089.3226,381063.5412,411.8388062,190,207,290.6023465,197.6820818,-9,101,0.606247187
2274,160007.3153,382006.9818,271.764801,64,77,137.9110689,110.1706551,33,74,0.666109383
2277,161563.2383,386229.7428,326.9599915,190,207,290.6023465,197.6820818,-9,101,0.544766903
2279,163357.5059,381711.0421,502.653595,190,207,290.6023465,197.6820818,-9,101,0.829801261
2281,162332.3612,382337.6056,556.3596191,190,207,290.6023465,197.6820818,-9,101,0.769214213
2282,161597.059,381978.5006,869.0671997,190,207,290.6023465,197.6820818,-9,101,0.802230239
2283,160210.8535,385942.0961,273.3169861,109,111,128.9965795,121.8170066,11,20,0.658548653
2284,161457.1654,386455.3035,406.3881531,190,207,290.6023465,197.6820818,-9,101,0.505106926
2289,159373.0828,380985.6724,312.7399902,64,77,137.9110689,110.1706551,33,74,0.571183681
2296,162547.1639,387525.3098,307.3334351,190,207,290.6023465,197.6820818,-9,101,0.636244297
2301,163563.9916,382788.453,315.2581482,190,207,290.6023465,197.6820818,-9,101,0.723375022
2310,161166.6267,385355.5174,283.0366211,109,111,128.9965795,121.8170066,11,20,0.612563193
2312,158928.0004,383267.7204,366.3999939,64,77,137.9110689,110.1706551,33,74,0.638765395
2314,160656.7466,385997.852,274.7714539,109,111,128.9965795,121.8170066,11,20,0.605190992
2316,161982.55,382142.79,351.9780579,190,207,290.6023465,197.6820818,-9,101,0.806373417
2317,159116.2673,385003.4293,707.3331909,109,111,128.9965795,121.8170066,11,20,0.60505867
2320,160543.3081,381092.4048,354.0813904,64,77,137.9110689,110.1706551,33,74,0.510471404
2324,160203.7722,387523.7961,349.3200073,190,207,290.6023465,197.6820818,-9,101,0.538509607
2325,163985.271,383521.8449,364.3299866,190,207,290.6023465,197.6820818,-9,101,0.580016792
2326,159941.3949,388001.773,321.6446838,190,207,290.6023465,197.6820818,-9,101,0.554030776
2328,158839.319,383519.2957,266.7080078,64,77,137.9110689,110.1706551,33,74,0.596821129
2329,163223.0828,381910.3948,416.1529846,190,207,290.6023465,197.6820818,-9,101,0.789629698
2330,160722.2936,381228.6146,344.8692932,190,207,290.6023465,197.6820818,-9,101,0.5737046
2331,158323.282,382956.0843,411.9483643,64,77,137.9110689,110.1706551,33,74,0.528038859
2339,159354.0273,384223.4387,302.5041199,64,77,137.9110689,110.1706551,33,74,0.669733405
2341,159829.4094,382651.0857,462.5815125,64,77,137.9110689,110.1706551,33,74,0.565921068
2343,156903.6153,383311.2113,425.6405334,64,77,137.9110689,110.1706551,33,74,0.509545267
2344,162837.7681,383590.4681,369.6000061,190,207,290.6023465,197.6820818,-9,101,0.809914172
2357,159725.4534,382652.5191,449.1406555,64,77,137.9110689,110.1706551,33,74,0.552414417
2359,161879.0374,382826.4873,271.480011,190,207,290.6023465,197.6820818,-9,101,0.679034531
2366,161276.0308,383586.8338,263.2857971,109,111,128.9965795,121.8170066,11,20,0.638583243
2368,159173.3637,383050.9993,284.1618347,64,77,137.9110689,110.1706551,33,74,0.57575345
2373,160405.1746,386246.6849,254.2352448,109,111,128.9965795,121.8170066,11,20,0.591966629
2375,162310.6226,382545.8288,444.4310913,190,207,290.6023465,197.6820818,-9,101,0.753538549
2378,158846.4928,381341.79,470.0531921,64,77,137.9110689,110.1706551,33,74,0.62765491
2381,161149.9261,383366.2236,544.5999756,109,111,128.9965795,121.8170066,11,20,0.667655945
2383,161656.4493,382490.4733,745.5275269,190,207,290.6023465,197.6820818,-9,101,0.767516434
2391,161474.5078,385135.1119,404.3839417,190,207,290.6023465,197.6820818,-9,101,0.551568091
2394,159669.6389,388000.1566,362.693634,109,111,128.9965795,121.8170066,11,20,0.536672354
2395,163427.6255,381056.8775,321.5648499,190,207,290.6023465,197.6820818,-9,101,0.669183016
2396,158727.8143,383788.0126,239.1999969,64,77,137.9110689,110.1706551,33,74,0.524028182
2398,160616.6283,383154.7599,354.5910034,64,77,137.9110689,110.1706551,33,74,0.822090805
2399,158949.7895,385023.8561,835.3146973,109,111,128.9965795,121.8170066,11,20,0.572594762
2401,160769.1161,383228.5825,390.3200073,64,77,137.9110689,110.1706551,33,74,0.820076168
2405,161072.9552,381955.137,609.8216553,64,77,137.9110689,110.1706551,33,74,0.73621273
2406,161532.4103,383084.8365,394.1060486,109,111,128.9965795,121.8170066,11,20,0.65388608
2421,163332.9108,382935.4982,323.9312134,190,207,290.6023465,197.6820818,-9,101,0.737681389
2422,163718.9582,383271.0705,283.4400024,190,207,290.6023465,197.6820818,-9,101,0.664583802
2425,162745.8139,381872.9376,474.236908,190,207,290.6023465,197.6820818,-9,101,0.80618149
2427,162652.0346,387882.9962,336.1629333,190,207,290.6023465,197.6820818,-9,101,0.571650445
2429,160883.5963,385367.6479,297.9200134,109,111,128.9965795,121.8170066,11,20,0.709759891
2434,162920.2776,381341.7961,454.3399963,190,207,290.6023465,197.6820818,-9,101,0.798550427
2435,162987.964,383619.1247,383.9899902,190,207,290.6023465,197.6820818,-9,101,0.776132822
2437,161992.0262,385705.1505,263.2000122,190,207,290.6023465,197.6820818,-9,101,0.65675658
2446,160942.1264,386550.3784,312.9095764,109,111,128.9965795,121.8170066,11,20,0.539498568
2448,162946.7969,382829.6097,422.33078,0,0,0,0,0,0,0.705709457
2455,162227.6909,381242.4846,374.1446228,190,207,290.6023465,197.6820818,-9,101,0.678308487
2456,162590.2538,383708.5867,1121.572998,190,207,290.6023465,197.6820818,-9,101,0.770680964
2457,160516.5671,384113.0974,340.3200073,109,111,128.9965795,121.8170066,11,20,0.719147325
2464,160762.2933,385619.4915,278.8999939,109,111,128.9965795,121.8170066,11,20,0.668454111
2468,161397.8844,387192.0506,360,190,207,290.6023465,197.6820818,-9,101,0.571302056
2471,161071.7051,384145.8456,338.5475464,190,207,290.6023465,197.6820818,-9,101,0.702382267
2473,158272.4684,383476.3278,304.9398499,64,77,137.9110689,110.1706551,33,74,0.575152278
2474,163265.4959,384173.4018,314.9998474,190,207,290.6023465,197.6820818,-9,101,0.547004223
2476,161808.3945,383178.2783,366.3299866,190,207,290.6023465,197.6820818,-9,101,0.652619481
2479,162553.5943,383347.9859,303.1109924,190,207,290.6023465,197.6820818,-9,101,0.791443229
2481,163076.5301,382305.2668,262.3999939,190,207,290.6023465,197.6820818,-9,101,0.728333771
2483,159322.0967,380881.5508,296.980011,64,77,137.9110689,110.1706551,33,74,0.516556859
2485,158122.7872,381660.099,349.9212341,64,77,137.9110689,110.1706551,33,74,0.520652831
2487,159774.0148,384547.2421,258.2162476,64,77,137.9110689,110.1706551,33,74,0.623635948
2489,159098.1622,381091.8905,360.1398315,64,77,137.9110689,110.1706551,33,74,0.568665385
2491,157512.4903,383274.0638,408.1983337,64,77,137.9110689,110.1706551,33,74,0.546462119
2497,158852.2094,380866.4762,363.480011,64,77,137.9110689,110.1706551,33,74,0.541152954
2500,162380.2383,381966.2101,358.2000122,190,207,290.6023465,197.6820818,-9,101,0.799882412
2501,158933.8539,380936.8206,346.690033,64,77,137.9110689,110.1706551,33,74,0.551965475
2502,164068.7153,383907.8047,300.8457947,190,207,290.6023465,197.6820818,-9,101,0.577776074
2503,160497.6943,383187.1719,449.8999939,64,77,137.9110689,110.1706551,33,74,0.813596427
2505,161225.5677,387339.3482,286.8396912,190,207,290.6023465,197.6820818,-9,101,0.558689594
2508,163737.6977,384522.3532,629.7670898,190,207,290.6023465,197.6820818,-9,101,0.500442922
2512,161513.2878,382450.5714,1116.662964,190,207,290.6023465,197.6820818,-9,101,0.775026798
2513,163945.0212,382435.3362,398.8548584,190,207,290.6023465,197.6820818,-9,101,0.59614563
2516,162573.082,383881.1363,747.5158081,190,207,290.6023465,197.6820818,-9,101,0.617189288
2517,159345.1534,385090.8004,362.2439575,109,111,128.9965795,121.8170066,11,20,0.624856293
2519,161875.4315,385091.8121,148.2698975,190,207,290.6023465,197.6820818,-9,101,0.534916878
2526,162923.2576,382423.8451,362.6477661,190,207,290.6023465,197.6820818,-9,101,0.707265317
2527,161015.8143,382143.1289,742.7299805,64,77,137.9110689,110.1706551,33,74,0.759872258
2533,160058.8759,388185.2045,458.8240662,190,207,290.6023465,197.6820818,-9,101,0.531530201
2534,157638.0895,383161.283,410.4527588,64,77,137.9110689,110.1706551,33,74,0.532612801
2535,158107.9996,383755.8082,287.1348267,64,77,137.9110689,110.1706551,33,74,0.554215789
2537,160784.9578,386442.7127,259.2246094,109,111,128.9965795,121.8170066,11,20,0.567163646
2538,163648.0906,383525.2838,270.374054,190,207,290.6023465,197.6820818,-9,101,0.673339903
2539,161671.9371,381343.1299,828.9000244,190,207,290.6023465,197.6820818,-9,101,0.608446121
2541,163059.7049,383270.3302,246.8448944,190,207,290.6023465,197.6820818,-9,101,0.803589702
2543,160872.8103,381561.3055,509.2078552,64,77,137.9110689,110.1706551,33,74,0.630230367
2544,162065.2514,385928.2566,304.2799988,0,0,0,0,0,0,0.606837809
2549,160502.9339,387437.5634,301.9923096,109,111,128.9965795,121.8170066,11,20,0.559202135
2553,161822.594,385936.6671,275.8677368,190,207,290.6023465,197.6820818,-9,101,0.647011697
2554,157812.6372,383061.7201,422.6879272,64,77,137.9110689,110.1706551,33,74,0.529819846
2555,161301.8994,383753.4315,298.9186707,190,207,290.6023465,197.6820818,-9,101,0.623354793
2557,161058.2795,381586.6885,601.5686646,190,207,290.6023465,197.6820818,-9,101,0.611416161
2564,159949.0767,385687.8878,407.6769104,109,111,128.9965795,121.8170066,11,20,0.712252617
2565,157856.7159,383885.5023,361.5036011,64,77,137.9110689,110.1706551,33,74,0.530568898
2566,159707.1935,385315.9102,339.9400024,109,111,128.9965795,121.8170066,11,20,0.738730669
2567,163309.9893,383787.9491,397.0799866,190,207,290.6023465,197.6820818,-9,101,0.697444201
2568,161179.7173,381379.8724,527.5093994,190,207,290.6023465,197.6820818,-9,101,0.575398088
2569,161465.5552,381499.5775,801.2158813,190,207,290.6023465,197.6820818,-9,101,0.607076108
2571,161054.8292,381329.5264,456.716095,64,77,137.9110689,110.1706551,33,74,0.531036735
2572,161700.9374,384905.0972,275.5416565,190,207,290.6023465,197.6820818,-9,101,0.505780041
2576,160127.0785,382687.4581,377.5548096,64,77,137.9110689,110.1706551,33,74,0.729575574
2577,161525.6028,381345.0577,746.5365601,190,207,290.6023465,197.6820818,-9,101,0.589232147
2579,160472.8376,385773.5639,296.9859619,109,111,128.9965795,121.8170066,11,20,0.699604034
2584,163136.4504,381208.3775,368.480011,190,207,290.6023465,197.6820818,-9,101,0.785187423
2590,159608.8714,383759.0101,445.4241333,64,77,137.9110689,110.1706551,33,74,0.727398932
2592,162623.9337,383580.5624,709.5928345,190,207,290.6023465,197.6820818,-9,101,0.787300289
2600,160708.6527,381706.41,540.9259033,64,77,137.9110689,110.1706551,33,74,0.686270714
2601,160100.7006,385099.498,412.7000122,109,111,128.9965795,121.8170066,11,20,0.758692205
2605,160465.376,382644.2742,468.5468445,64,77,137.9110689,110.1706551,33,74,0.853144765
2607,161942.1222,381939.8226,282.8829651,190,207,290.6023465,197.6820818,-9,101,0.80932653
2610,163199.7738,384008.8843,273.6556396,190,207,290.6023465,197.6820818,-9,101,0.606657028
2612,161956.8969,385196.3357,148.9851685,190,207,290.6023465,197.6820818,-9,101,0.551296949
2613,160257.7543,381501.9807,298.8033142,64,77,137.9110689,110.1706551,33,74,0.70633173
2614,161446.9212,387057.2165,342.123291,109,111,128.9965795,121.8170066,11,20,0.563468039
2615,161123.4842,382356.7151,650.605835,64,77,137.9110689,110.1706551,33,74,0.815664053
2617,161274.4685,382454.4558,806.0856934,64,77,137.9110689,110.1706551,33,74,0.806424856
2620,161067.2336,384652.2501,264.125824,109,111,128.9965795,121.8170066,11,20,0.557771087
2623,160920.946,386025.7381,343.7999878,109,111,128.9965795,121.8170066,11,20,0.561455786
2625,163333.6258,383564.5265,366.3200073,190,207,290.6023465,197.6820818,-9,101,0.722007692
2632,161447.7552,382128.7455,1647.265381,190,207,290.6023465,197.6820818,-9,101,0.798776686
2633,164059.4618,384085.9944,337.382019,190,207,290.6023465,197.6820818,-9,101,0.597011387
2634,161530.0618,382787.6938,687.8165283,190,207,290.6023465,197.6820818,-9,101,0.687084973
2635,160395.1264,384234.9873,210.1875458,109,111,128.9965795,121.8170066,11,20,0.712688565
2639,163140.4869,382470.6616,306.4284668,190,207,290.6023465,197.6820818,-9,101,0.74582392
2641,157480.0761,383632.0147,490.4198914,64,77,137.9110689,110.1706551,33,74,0.573348701
2645,163052.806,383877.1904,619.8939819,190,207,290.6023465,197.6820818,-9,101,0.70319891
2647,162173.9797,381876.374,288.8912964,190,207,290.6023465,197.6820818,-9,101,0.828432679
2652,159609.9429,385348.9578,436.9900818,109,111,128.9965795,121.8170066,11,20,0.682399154
2655,160257.0602,381246.6783,313.0722351,64,77,137.9110689,110.1706551,33,74,0.656434298
2657,162121.2556,382791.7323,331.3110962,190,207,290.6023465,197.6820818,-9,101,0.756418467
2661,161522.397,386983.9603,334.9599915,109,111,128.9965795,121.8170066,11,20,0.535005808
2662,163384.4199,384281.2968,523.2032471,190,207,290.6023465,197.6820818,-9,101,0.541044772
2663,161879.2226,387347.9164,326.3186035,109,111,128.9965795,121.8170066,11,20,0.610815465
2665,162165.1504,386143.705,354.2112122,190,207,290.6023465,197.6820818,-9,101,0.50718832
2671,160303.4616,385268.575,286.9599915,109,111,128.9965795,121.8170066,11,20,0.775812387
2674,158434.412,381066.8665,344.7391663,64,77,137.9110689,110.1706551,33,74,0.666626751
2679,161367.5142,383370.7436,299.719635,109,111,128.9965795,121.8170066,11,20,0.616481185
2682,159237.7249,384698.3771,557.6500244,109,111,128.9965795,121.8170066,11,20,0.581054688
2683,160542.1676,384581.1102,324.1048584,109,111,128.9965795,121.8170066,11,20,0.73537302
2687,160128.987,381461.8056,282.8022461,64,77,137.9110689,110.1706551,33,74,0.72550714
2689,159654.3962,385658.271,461.0940857,109,111,128.9965795,121.8170066,11,20,0.610063791
2690,159675.9363,384867.7484,198.0264435,109,111,128.9965795,121.8170066,11,20,0.65039736
2691,163223.7247,382227.8502,299.019989,190,207,290.6023465,197.6820818,-9,101,0.745483041
2695,160268.5222,382213.9277,279.0799866,64,77,137.9110689,110.1706551,33,74,0.672645152
2696,162359.2072,381040.112,311.1700134,190,207,290.6023465,197.6820818,-9,101,0.641237319
2698,163334.9939,382707.6016,337.9731445,190,207,290.6023465,197.6820818,-9,101,0.739560664
2700,158676.5458,383114.3246,373.1522522,64,77,137.9110689,110.1706551,33,74,0.616833091
2703,159660.0943,381567.7516,243.411499,64,77,137.9110689,110.1706551,33,74,0.646934211
2704,163016.6374,381458.7373,411.2366333,190,207,290.6023465,197.6820818,-9,101,0.854186416
2705,160831.4369,384333.7956,273.6203308,109,111,128.9965795,121.8170066,11,20,0.69400984
2708,162930.818,382607.5097,415.6464539,190,207,290.6023465,197.6820818,-9,101,0.725566983
2712,163064.9768,384073.8886,213.051712,190,207,290.6023465,197.6820818,-9,101,0.57454133
2713,160168.0553,382331.6466,248.8399963,64,77,137.9110689,110.1706551,33,74,0.703989387
2718,159818.768,381947.0733,233.16362,64,77,137.9110689,110.1706551,33,74,0.594312191
2719,160887.2033,385043.9608,118.0786209,109,111,128.9965795,121.8170066,11,20,0.645128787
2724,159660.361,384456.5274,305.3969727,64,77,137.9110689,110.1706551,33,74,0.604890049
2727,160728.803,387555.1117,352.0757141,190,207,290.6023465,197.6820818,-9,101,0.527709603
2728,161965.8284,383227.0218,513.2318726,190,207,290.6023465,197.6820818,-9,101,0.669599116
2731,161370.498,384309.9521,338.8399963,190,207,290.6023465,197.6820818,-9,101,0.558422446
2732,161438.5637,381600.486,806.9406738,190,207,290.6023465,197.6820818,-9,101,0.653567672
2735,158124.1984,380896.0462,386.1593628,64,77,137.9110689,110.1706551,33,74,0.577240467
2739,161954.4669,383481.8529,701.1209717,190,207,290.6023465,197.6820818,-9,101,0.614924192
2740,161350.4016,380979.4339,448.3658447,190,207,290.6023465,197.6820818,-9,101,0.502722323
2742,160189.7157,384295.408,278.1509094,109,111,128.9965795,121.8170066,11,20,0.706866384
2746,160101.8859,386939.9311,323.4884644,109,111,128.9965795,121.8170066,11,20,0.528245568
2747,160867.4531,385914.8752,365.8599854,109,111,128.9965795,121.8170066,11,20,0.592853963
2751,161385.3276,383550.8705,243.6908112,109,111,128.9965795,121.8170066,11,20,0.621846855
2752,160226.3862,387753.3979,314.2995605,190,207,290.6023465,197.6820818,-9,101,0.531336069
2754,158637.318,380999.0299,329.7565308,64,77,137.9110689,110.1706551,33,74,0.612238348
2760,160653.0798,382966.6179,457.7858582,64,77,137.9110689,110.1706551,33,74,0.855734587
2763,159749.71,388265.3689,416.3745728,109,111,128.9965795,121.8170066,11,20,0.518621683
2766,161757.7321,381075.4222,628.883667,190,207,290.6023465,197.6820818,-9,101,0.54460001
2767,159364.8197,387878.6336,388.2694397,109,111,128.9965795,121.8170066,11,20,0.520383656
2768,159123.1053,380872.9416,330.7026367,64,77,137.9110689,110.1706551,33,74,0.507852376
2773,159899.8171,383113.1552,602.8734131,64,77,137.9110689,110.1706551,33,74,0.761458755
2774,162954.8543,381051.662,274,190,207,290.6023465,197.6820818,-9,101,0.73704052
2777,160224.1937,388120.1106,421,190,207,290.6023465,197.6820818,-9,101,0.544153869
2778,162344.6872,385668.9913,559.4824829,190,207,290.6023465,197.6820818,-9,101,0.557239115
2779,161015.4013,387164.3906,354.6000061,190,207,290.6023465,197.6820818,-9,101,0.55617553
2784,158676.4692,381786.5702,411.3069458,64,77,137.9110689,110.1706551,33,74,0.546547949
2787,159555.4842,381886.7806,304.5541687,64,77,137.9110689,110.1706551,33,74,0.571841717
2792,158339.608,381167.2711,236.935791,0,0,0,0,0,0,0.674453378
2796,161596.9021,385304.5012,360.4197083,190,207,290.6023465,197.6820818,-9,101,0.622552037
2797,159953.4761,381033.2515,314.1237488,64,77,137.9110689,110.1706551,33,74,0.620832264
2798,161284.9936,385922.2407,360.7799988,190,207,290.6023465,197.6820818,-9,101,0.555476785
2799,161214.5964,387581.5559,333.9500122,190,207,290.6023465,197.6820818,-9,101,0.547183931
2800,159252.2686,384908.0617,471.541687,109,111,128.9965795,121.8170066,11,20,0.576816857
2802,160571.1469,386672.6385,368.3929443,109,111,128.9965795,121.8170066,11,20,0.587276876
2807,159138.2768,381375.6535,308.0273743,64,77,137.9110689,110.1706551,33,74,0.610082865
2811,160062.9214,383389.3033,373.480011,64,77,137.9110689,110.1706551,33,74,0.76300776
2813,159744.2893,383970.1177,361.0263062,64,77,137.9110689,110.1706551,33,74,0.686682224
2827,158295.5383,380720.8181,476.9217529,64,77,137.9110689,110.1706551,33,74,0.521295011
2832,158196.2788,383997.3067,391.3101807,64,77,137.9110689,110.1706551,33,74,0.525731802
2838,160754.4223,384859.4414,237.7900696,109,111,128.9965795,121.8170066,11,20,0.651425302
2845,159475.2416,383234.1073,319.9349976,64,77,137.9110689,110.1706551,33,74,0.712235391
2847,162818.2703,383300.6637,304.2000122,190,207,290.6023465,197.6820818,-9,101,0.812767744
2849,160368.9593,386061.7574,276.9037476,109,111,128.9965795,121.8170066,11,20,0.63517487
2852,163499.1458,381233.4237,299.4400024,190,207,290.6023465,197.6820818,-9,101,0.72481221
2853,158434.7656,383535.6242,267.9031067,64,77,137.9110689,110.1706551,33,74,0.557976186
2854,160194.1431,387005.579,242,109,111,128.9965795,121.8170066,11,20,0.52679044
2856,161962.5623,382517.0326,416.1799927,190,207,290.6023465,197.6820818,-9,101,0.781112373
2857,160813.1179,385791.7825,329.0400085,109,111,128.9965795,121.8170066,11,20,0.639367402
2859,161084.7989,384789.2709,251.4805603,109,111,128.9965795,121.8170066,11,20,0.57204175
2862,159811.4911,381049.4323,325.2984009,64,77,137.9110689,110.1706551,33,74,0.627968609
2863,160270.8103,383712.7205,353.7000122,64,77,137.9110689,110.1706551,33,74,0.719499171
2865,159113.0959,383300.9069,331.3500061,64,77,137.9110689,110.1706551,33,74,0.649114311
2871,161344.587,386127.6731,397.6219788,190,207,290.6023465,197.6820818,-9,101,0.504995644
2873,162156.6827,387745.5997,271.4189758,190,207,290.6023465,197.6820818,-9,101,0.658812761
2874,161713.035,383139.31,521.460022,190,207,290.6023465,197.6820818,-9,101,0.634370863
2876,160188.7839,383156.1967,362.8509216,64,77,137.9110689,110.1706551,33,74,0.797070563
2879,161600.0019,388032.2152,262.0092773,190,207,290.6023465,197.6820818,-9,101,0.524955213
2880,159545.3602,384662.6403,307.656189,109,111,128.9965795,121.8170066,11,20,0.571826875
2881,160332.7286,382344.9681,299.0175171,64,77,137.9110689,110.1706551,33,74,0.709350288
2887,162216.0468,381510.7505,424.1799927,190,207,290.6023465,197.6820818,-9,101,0.789050639
2893,161963.2122,386843.6109,280.0242004,190,207,290.6023465,197.6820818,-9,101,0.505412638
2902,161819.3504,386865.4487,327.4200134,109,111,128.9965795,121.8170066,11,20,0.511664867
2908,160043.6407,382177.4302,235.9355316,64,77,137.9110689,110.1706551,33,74,0.666769266
2909,163717.9943,382400.4291,388.0075684,190,207,290.6023465,197.6820818,-9,101,0.685273051
2911,161177.1451,382254.2524,669.2700195,64,77,137.9110689,110.1706551,33,74,0.80527401
2912,162602.5537,387659.2666,277.3312073,190,207,290.6023465,197.6820818,-9,101,0.624315143
2916,161793.5019,381765.1026,340.6968689,190,207,290.6023465,197.6820818,-9,101,0.814837396
2917,160238.7593,386907.6059,226.8473969,109,111,128.9965795,121.8170066,11,20,0.552870452
2921,160082.0684,387705.0181,333.3999939,190,207,290.6023465,197.6820818,-9,101,0.539066136
2923,159046.557,383445.4235,236,64,77,137.9110689,110.1706551,33,74,0.655406892
2924,160811.0365,381374.0523,407.2984009,190,207,290.6023465,197.6820818,-9,101,0.576747596
2925,158600.2576,380766.6232,359.3200073,64,77,137.9110689,110.1706551,33,74,0.516985655
2929,159934.0225,385500.9373,325.7990112,109,111,128.9965795,121.8170066,11,20,0.741906583
2930,161077.4006,387844.378,381.6312561,190,207,290.6023465,197.6820818,-9,101,0.500814617
2934,161913.6992,387959.0029,489.5620117,190,207,290.6023465,197.6820818,-9,101,0.558224082
2940,162665.0527,384051.2149,541.0727539,190,207,290.6023465,197.6820818,-9,101,0.546157241
2942,161789.9509,387228.7688,384.6400146,109,111,128.9965795,121.8170066,11,20,0.597175479
2944,160361.901,381639.4404,460.5885315,64,77,137.9110689,110.1706551,33,74,0.716288626
2946,160278.4905,386130.6292,251.4799957,109,111,128.9965795,121.8170066,11,20,0.620129526
2947,162329.4182,385986.8408,678.2363892,190,207,290.6023465,197.6820818,-9,101,0.518045962
2951,160089.8329,383855.0289,264.1248474,109,111,128.9965795,121.8170066,11,20,0.682834923
2952,162791.1782,381200.3834,457.6000061,190,207,290.6023465,197.6820818,-9,101,0.765800059
2953,162313.5409,381806.7457,355.7200012,190,207,290.6023465,197.6820818,-9,101,0.828560114
2955,162633.8396,382264.9411,514.2741089,190,207,290.6023465,197.6820818,-9,101,0.733229816
2956,157284.2202,383687.9195,675.9226074,64,77,137.9110689,110.1706551,33,74,0.551292539
2960,160466.6224,388255.604,445.6734619,190,207,290.6023465,197.6820818,-9,101,0.511239707
2961,159905.7219,384138.0942,408.202301,109,111,128.9965795,121.8170066,11,20,0.67473942
2963,158953.6677,381113.9838,360.5209961,64,77,137.9110689,110.1706551,33,74,0.606635094
2968,160725.3964,382467.9463,420.0400085,64,77,137.9110689,110.1706551,33,74,0.847477496
2971,161165.7286,384707.3446,249.9199982,109,111,128.9965795,121.8170066,11,20,0.521517456
2975,163898.587,383750.5878,402.0363464,190,207,290.6023465,197.6820818,-9,101,0.612658203
2976,158854.1846,382824.4749,367.443634,64,77,137.9110689,110.1706551,33,74,0.545291901
2979,159891.1701,385940.4243,376.5224915,109,111,128.9965795,121.8170066,11,20,0.609078944
2986,161668.9447,383286.5813,393.8878479,190,207,290.6023465,197.6820818,-9,101,0.587609828
2987,161297.2297,384448.1656,309.3616333,190,207,290.6023465,197.6820818,-9,101,0.517976046
2989,161570.0992,385724.6263,298.980011,190,207,290.6023465,197.6820818,-9,101,0.645469606
3001,163023.53,381144.61,330.8902588,190,207,290.6023465,197.6820818,-9,101,0.77079004
3002,159216.2968,385408.5807,612.6801147,109,111,128.9965795,121.8170066,11,20,0.55429548
3003,158790.4188,381602.0874,399.7499084,64,77,137.9110689,110.1706551,33,74,0.564583242
3005,161820.6226,385277.5316,279.8875427,190,207,290.6023465,197.6820818,-9,101,0.610586584
3014,160375.7798,382222.2246,311.019989,64,77,137.9110689,110.1706551,33,74,0.706766486
3018,157639.6582,383800.5896,412.3752441,109,111,128.9965795,121.8170066,11,20,0.548945665
3024,162442.2152,383599.0196,1041.555176,190,207,290.6023465,197.6820818,-9,101,0.745042503
3025,160346.871,383026.8602,386.7471619,64,77,137.9110689,110.1706551,33,74,0.811227679
3028,160721.9562,383770.6384,259.1463623,109,111,128.9965795,121.8170066,11,20,0.765314162
3032,162053.5429,380823.7519,821.798584,190,207,290.6023465,197.6820818,-9,101,0.511058152
3037,162987.0686,381830.0103,398.4886475,190,207,290.6023465,197.6820818,-9,101,0.815007567
3040,161985.2611,387003.6255,290.4743042,190,207,290.6023465,197.6820818,-9,101,0.546035171
3041,160100.0211,383724.7009,410.7852783,64,77,137.9110689,110.1706551,33,74,0.704403698
3048,161708.5607,382194.222,1144.743896,190,207,290.6023465,197.6820818,-9,101,0.793787241
3050,163956.527,383055.1147,280.9019165,190,207,290.6023465,197.6820818,-9,101,0.593871117
3051,162933.0192,383503.9226,385.3200073,190,207,290.6023465,197.6820818,-9,101,0.825329363
3053,157957.2033,381107.7953,142.9022675,64,77,137.9110689,110.1706551,33,74,0.552336872
3054,160966.1768,382424.2649,579.6799927,64,77,137.9110689,110.1706551,33,74,0.827901065
3057,159191.1014,383527.3314,242.0880127,64,77,137.9110689,110.1706551,33,74,0.672920585
3070,157198.1088,383074.6295,437.2250061,64,77,137.9110689,110.1706551,33,74,0.517792702
3072,163543.1229,383006.6338,291.793335,190,207,290.6023465,197.6820818,-9,101,0.753668785
3081,159883.1781,381689.1288,290.9194031,64,77,137.9110689,110.1706551,33,74,0.677668691
3090,161318.3374,382331.3458,917.548584,64,77,137.9110689,110.1706551,33,74,0.800276041
3095,162094.2835,382100.6506,368.000824,190,207,290.6023465,197.6820818,-9,101,0.814854503
3097,162319.0396,387334.7394,302.5272827,190,207,290.6023465,197.6820818,-9,101,0.590813577
3103,157159.4236,383251.6608,798.1713867,64,77,137.9110689,110.1706551,33,74,0.539772093
3106,162360.1598,383270.3523,378.202179,190,207,290.6023465,197.6820818,-9,101,0.748194456
3108,160400.8678,387106.8781,331.5992737,109,111,128.9965795,121.8170066,11,20,0.571348906
3114,159810.1531,387649.8362,420.9860535,109,111,128.9965795,121.8170066,11,20,0.528572202
3115,159612.6118,382161.8357,250.1900024,64,77,137.9110689,110.1706551,33,74,0.550795913
3118,163644.0872,383342.7727,286.1403809,190,207,290.6023465,197.6820818,-9,101,0.690780401
3120,162076.8726,386884.7664,294.6359558,190,207,290.6023465,197.6820818,-9,101,0.523156822
3124,162639.5202,382579.9065,587.0598755,190,207,290.6023465,197.6820818,-9,101,0.709870219
3127,162927.5551,381660.0973,277.0450134,190,207,290.6023465,197.6820818,-9,101,0.834623873
3131,158559.9117,383317.8105,315.5929871,64,77,137.9110689,110.1706551,33,74,0.611614227
3141,158447.9072,381270.1782,318.5627747,64,77,137.9110689,110.1706551,33,74,0.669312894
3146,158927.3249,381554.9993,431.0505371,64,77,137.9110689,110.1706551,33,74,0.580437839
3148,161649.3497,386995.4465,361.3945313,109,111,128.9965795,121.8170066,11,20,0.523181736
3151,161225.786,382572.0538,650.1599731,64,77,137.9110689,110.1706551,33,74,0.786710382
3156,160917.67,383632.081,361.6099243,109,111,128.9965795,121.8170066,11,20,0.760231316
3159,160756.708,382985.0945,436.2513123,64,77,137.9110689,110.1706551,33,74,0.849252403
3163,161258.8512,387993.3013,307.2082825,190,207,290.6023465,197.6820818,-9,101,0.515651703
3166,158836.0455,383759.7411,271.6112976,64,77,137.9110689,110.1706551,33,74,0.522784233
3168,158959.1166,384542.8295,534.5300293,109,111,128.9965795,121.8170066,11,20,0.594112635
3170,160904.3413,381957.3526,389.2307129,64,77,137.9110689,110.1706551,33,74,0.704610288
3171,162526.1453,382373.2078,710.2111816,190,207,290.6023465,197.6820818,-9,101,0.736073375
3173,161172.0215,384107.5974,358.7000122,190,207,290.6023465,197.6820818,-9,101,0.667574584
3174,161673.805,381840.382,527.362915,190,207,290.6023465,197.6820818,-9,101,0.804026365
3176,159338.2327,385454.4413,548.2061157,109,111,128.9965795,121.8170066,11,20,0.589236856
3184,158708.3932,384983.3121,870.0267334,109,111,128.9965795,121.8170066,11,20,0.508570731
3186,158725.8406,383971.2284,331.3999939,64,77,137.9110689,110.1706551,33,74,0.504328787
3192,160835.71,387237.2226,321.7890015,190,207,290.6023465,197.6820818,-9,101,0.561774552
3193,161620.3947,386023.5993,299.1647339,190,207,290.6023465,197.6820818,-9,101,0.588457823
3195,162686.0948,382693.2351,559.3800049,190,207,290.6023465,197.6820818,-9,101,0.700547099
3198,160433.7573,382521.6983,303.8630066,64,77,137.9110689,110.1706551,33,74,0.795567513
3201,159530.4657,384185.3537,375.3284607,64,77,137.9110689,110.1706551,33,74,0.683852375
3204,160480.4322,384762.1535,336.7486572,109,111,128.9965795,121.8170066,11,20,0.747730136
3211,158585.6593,382942.0131,394.1517334,64,77,137.9110689,110.1706551,33,74,0.584578574
3214,159936.6724,387663.8622,378.1407471,190,207,290.6023465,197.6820818,-9,101,0.540096998
3216,160501.4816,386891.0926,315.3043518,109,111,128.9965795,121.8170066,11,20,0.595287919
3217,160783.2797,385141.522,243.3479614,109,111,128.9965795,121.8170066,11,20,0.661595047
3218,159868.0499,387790.6533,361.9200134,109,111,128.9965795,121.8170066,11,20,0.546242893
3221,163447.3953,382730.509,337.7074585,190,207,290.6023465,197.6820818,-9,101,0.731193542
3222,160385.5132,383540.4172,334.8613281,64,77,137.9110689,110.1706551,33,74,0.769774497
3224,160568.0211,382255.2225,440.6827087,64,77,137.9110689,110.1706551,33,74,0.739407957
3225,161264.437,385601.419,271.2817078,190,207,290.6023465,197.6820818,-9,101,0.633218765
3226,159799.3022,388048.3879,318.5690918,190,207,290.6023465,197.6820818,-9,101,0.550020695
3232,158929.3141,383851.6755,280.723999,64,77,137.9110689,110.1706551,33,74,0.520197988
3233,164234.3835,383762.2969,333.4404602,190,207,290.6023465,197.6820818,-9,101,0.502410889
3235,160423.0014,385860.9184,299.1815186,109,111,128.9965795,121.8170066,11,20,0.684870422
3238,161700.0925,383741.162,409.5810547,190,207,290.6023465,197.6820818,-9,101,0.560333431
3239,160795.5766,384437.4761,251.5180206,109,111,128.9965795,121.8170066,11,20,0.683090448
3240,159975.8997,385329.793,314.2600098,109,111,128.9965795,121.8170066,11,20,0.749842942
3244,163120.6467,380729.0029,656.1754761,190,207,290.6023465,197.6820818,-9,101,0.556491256
3250,158787.0321,384566.2471,829.390625,109,111,128.9965795,121.8170066,11,20,0.560447514
3252,160598.7078,382753.7444,332.2501831,64,77,137.9110689,110.1706551,33,74,0.867868185
3255,158288.7324,383678.5076,272.8399963,64,77,137.9110689,110.1706551,33,74,0.538820267
3257,163212.9683,383633.469,335.8033752,190,207,290.6023465,197.6820818,-9,101,0.729999721
3261,162146.9257,385504.8278,339.9965515,190,207,290.6023465,197.6820818,-9,101,0.617933214
3262,161017.9263,383515.7161,577.5727539,109,111,128.9965795,121.8170066,11,20,0.711251855
3268,159432.357,383509.4156,245.7170105,64,77,137.9110689,110.1706551,33,74,0.716847718
3275,160780.289,385489.0206,314.2399292,109,111,128.9965795,121.8170066,11,20,0.688839376
3278,159430.7211,385008.2042,264.9969482,109,111,128.9965795,121.8170066,11,20,0.616907358
3282,160236.6123,386411.8136,541.1062012,109,111,128.9965795,121.8170066,11,20,0.545074344
3283,162645.4693,382392.4938,594.1815796,190,207,290.6023465,197.6820818,-9,101,0.702810049
3285,163719.5081,383973.6738,274.7000122,190,207,290.6023465,197.6820818,-9,101,0.604682207
3288,160308.5054,381759.745,377.0840149,64,77,137.9110689,110.1706551,33,74,0.693608284
3291,161489.0222,382637.5036,903.2738647,190,207,290.6023465,197.6820818,-9,101,0.7109707
3293,159014.9424,384199.4195,323.4500122,64,77,137.9110689,110.1706551,33,74,0.530786991
3297,163771.9508,383733.4185,319.9599915,190,207,290.6023465,197.6820818,-9,101,0.623991251
3298,163924.0437,381420.7156,819.5863037,190,207,290.6023465,197.6820818,-9,101,0.50731647
3302,159474.2417,381679.9619,255.3067474,64,77,137.9110689,110.1706551,33,74,0.587546706
3305,157254.4652,383991.8766,520.3547363,64,77,137.9110689,110.1706551,33,74,0.504570723
3308,163933.0737,381738.9924,910.3063965,190,207,290.6023465,197.6820818,-9,101,0.543701589
3311,162729.8581,380893.2566,468.2399902,190,207,290.6023465,197.6820818,-9,101,0.644709349
3312,160478.2661,387181.5717,369.8193359,109,111,128.9965795,121.8170066,11,20,0.588482618
3316,158318.4939,382778.5381,433.7520142,64,77,137.9110689,110.1706551,33,74,0.503216267
3317,163761.4019,381303.3039,541.2020264,190,207,290.6023465,197.6820818,-9,101,0.602413774
3321,158662.6014,383525.904,308.6799927,64,77,137.9110689,110.1706551,33,74,0.591810048
3322,161457.0844,385638.2798,285.0299988,190,207,290.6023465,197.6820818,-9,101,0.643206775
3326,163117.4143,381827.5648,358.5933228,190,207,290.6023465,197.6820818,-9,101,0.81585896
3327,162262.2133,381391.3666,430.2000122,190,207,290.6023465,197.6820818,-9,101,0.734745562
3334,161982.0278,387273.1661,311.4163818,109,111,128.9965795,121.8170066,11,20,0.590337813
3335,161571.2057,387580.5283,322.239563,190,207,290.6023465,197.6820818,-9,101,0.581297755
3337,163609.0883,382347.6065,405.7744751,190,207,290.6023465,197.6820818,-9,101,0.693948269
3340,161167.5545,382056.133,746.2441406,64,77,137.9110689,110.1706551,33,74,0.740612388
3347,161959.8072,387672.6798,307.585083,190,207,290.6023465,197.6820818,-9,101,0.643554747
3349,162523.5943,383182.5226,273.4944458,190,207,290.6023465,197.6820818,-9,101,0.77517873
3350,159781.5941,382254.3612,241.5735779,64,77,137.9110689,110.1706551,33,74,0.538260043
3351,163024.2716,383003.7235,341.6890259,190,207,290.6023465,197.6820818,-9,101,0.751533985
3352,162810.5976,383910.4822,852.0797729,190,207,290.6023465,197.6820818,-9,101,0.655415237
3365,161048.5809,385179.8075,324.3320618,109,111,128.9965795,121.8170066,11,20,0.645664334
3368,163150.0683,380931.0355,558.2910767,190,207,290.6023465,197.6820818,-9,101,0.686645865
3373,163378.4234,383929.4478,357.5670776,190,207,290.6023465,197.6820818,-9,101,0.659629166
3380,161771.5407,381379.0179,662.3078003,190,207,290.6023465,197.6820818,-9,101,0.634581685
3384,160961.5576,381224.1487,408.7715759,190,207,290.6023465,197.6820818,-9,101,0.522699535
3385,161667.7362,386115.0457,309.5799866,190,207,290.6023465,197.6820818,-9,101,0.574875653
3386,159745.5846,382436.6236,283.2689209,64,77,137.9110689,110.1706551,33,74,0.539949954
3390,159924.1123,381540.5909,329.5387268,64,77,137.9110689,110.1706551,33,74,0.684509993
3392,162504.3338,381463.0041,330.8837585,190,207,290.6023465,197.6820818,-9,101,0.805750191
3397,160054.0926,387284.9446,266.1599731,109,111,128.9965795,121.8170066,11,20,0.530658364
3398,162381.0925,387426.8634,316.8800049,190,207,290.6023465,197.6820818,-9,101,0.660933793
3401,163739.5775,381000.1047,517.9018555,190,207,290.6023465,197.6820818,-9,101,0.529261112
3404,161572.342,383416.0461,333.2539063,190,207,290.6023465,197.6820818,-9,101,0.599111855
3405,161722.2372,387516.5264,312.382843,190,207,290.6023465,197.6820818,-9,101,0.632676959
3408,160927.7282,381449.7897,474.8215942,64,77,137.9110689,110.1706551,33,74,0.594297826
3409,162183.1299,382676.1953,319.5932007,190,207,290.6023465,197.6820818,-9,101,0.763437629
3413,161829.9499,387108.1579,342.7999878,109,111,128.9965795,121.8170066,11,20,0.55064702
3416,160184.8992,381645.8218,264.3069763,64,77,137.9110689,110.1706551,33,74,0.700496197
3421,160650.2165,381365.5336,329.6219482,64,77,137.9110689,110.1706551,33,74,0.608894289
3424,161417.3198,382834.295,646.4243164,64,77,137.9110689,110.1706551,33,74,0.676044524
3429,159160.0328,383976.2659,304.3042603,64,77,137.9110689,110.1706551,33,74,0.572888911
3432,158577.0191,381410.3885,293.9564209,64,77,137.9110689,110.1706551,33,74,0.634414315
3436,160928.8226,384417.5255,258.480011,109,111,128.9965795,121.8170066,11,20,0.661250591
3438,160965.8205,384949.3112,202.2976685,109,111,128.9965795,121.8170066,11,20,0.616740942
3441,161223.3861,382984.4089,379.519989,64,77,137.9110689,110.1706551,33,74,0.680748463
3443,157861.4217,383635.0697,263.1237793,64,77,137.9110689,110.1706551,33,74,0.580391884
3446,159642.1396,385832.6651,448.4844055,109,111,128.9965795,121.8170066,11,20,0.551625788
3449,160532.2432,383834.228,341.5935669,109,111,128.9965795,121.8170066,11,20,0.767178416
3454,161705.4554,383899.1953,409.9499512,190,207,290.6023465,197.6820818,-9,101,0.518365383
3456,160924.1658,382774.4644,327.2799988,64,77,137.9110689,110.1706551,33,74,0.854556084
3458,162073.4851,386225.2031,304.980011,190,207,290.6023465,197.6820818,-9,101,0.51298207
3459,162275.7683,381132.808,323.7200012,190,207,290.6023465,197.6820818,-9,101,0.656360149
3461,160497.6542,383705.039,370.5258484,64,77,137.9110689,110.1706551,33,74,0.761938155
3465,159310.2522,382904.55,321.8077698,64,77,137.9110689,110.1706551,33,74,0.545222282
3466,160544.0663,385294.4517,331.6666565,109,111,128.9965795,121.8170066,11,20,0.746803999
3467,162001.737,381637.2003,314.183136,190,207,290.6023465,197.6820818,-9,101,0.827930212
3468,162246.2513,380885.8237,332.7452698,190,207,290.6023465,197.6820818,-9,101,0.542461455
3469,161287.0441,384093.1323,354.7326965,190,207,290.6023465,197.6820818,-9,101,0.641912162
3479,159498.8106,383982.4219,331.5499878,64,77,137.9110689,110.1706551,33,74,0.645332098
3482,161854.5678,381263.6644,486.1296082,190,207,290.6023465,197.6820818,-9,101,0.602478564
3483,161465.4057,381704.8379,741.2662964,190,207,290.6023465,197.6820818,-9,101,0.670590103
3486,160962.8712,382873.6788,303.6000061,64,77,137.9110689,110.1706551,33,74,0.84473294
3487,162178.5885,386034.3807,382.1283264,190,207,290.6023465,197.6820818,-9,101,0.539923131
3490,162495.082,387835.16,250.4402618,190,207,290.6023465,197.6820818,-9,101,0.632197618
3496,163997.8213,383980.3599,281.2399902,190,207,290.6023465,197.6820818,-9,101,0.594699621
3498,162952.2891,383288.2413,292.2106628,190,207,290.6023465,197.6820818,-9,101,0.820289195
3500,160647.6142,387382.6042,322.0242615,109,111,128.9965795,121.8170066,11,20,0.571446598
3502,161608.2267,387781.5778,322.6427307,190,207,290.6023465,197.6820818,-9,101,0.580819368
3504,160516.6015,384875.4357,256.0799866,109,111,128.9965795,121.8170066,11,20,0.749759495
3507,159860.474,383954.4124,411.0510254,64,77,137.9110689,110.1706551,33,74,0.671203673
3508,159411.4174,381979.6753,275.5700073,64,77,137.9110689,110.1706551,33,74,0.515452623
3509,158188.4486,383081.2827,399.3800049,64,77,137.9110689,110.1706551,33,74,0.539472103
3513,161455.4373,384128.3634,376.2528687,190,207,290.6023465,197.6820818,-9,101,0.569380283
3515,158092.7288,381417.6285,591.026062,64,77,137.9110689,110.1706551,33,74,0.623678923
3516,159156.5118,381770.2758,365.12854,64,77,137.9110689,110.1706551,33,74,0.54967463
3520,158075.3273,383114.439,394.3916321,64,77,137.9110689,110.1706551,33,74,0.544613838
3526,158730.6896,384661.0127,823.7794189,64,77,137.9110689,110.1706551,33,74,0.564810336
3527,159330.639,384085.6776,199.1882477,109,111,128.9965795,121.8170066,11,20,0.616577983
3528,159963.9563,381756.3199,332.7477417,64,77,137.9110689,110.1706551,33,74,0.669430077
3529,163370.6052,381406.0606,279.1600037,190,207,290.6023465,197.6820818,-9,101,0.80974102
3531,159066.7236,381231.1323,346.5003052,64,77,137.9110689,110.1706551,33,74,0.607057393
3533,160816.2245,386028.8342,369.5400085,109,111,128.9965795,121.8170066,11,20,0.57688117
3544,162756.1514,387359.5227,298.5341797,190,207,290.6023465,197.6820818,-9,101,0.531308174
3559,162468.3719,382046.0401,365.6529846,190,207,290.6023465,197.6820818,-9,101,0.789008975
3561,163611.1952,383855.7316,405.9417419,190,207,290.6023465,197.6820818,-9,101,0.662371874
3562,162876.5833,383218.3389,251.0599976,190,207,290.6023465,197.6820818,-9,101,0.810126066
3567,162920.0485,380789.5908,513.5200195,190,207,290.6023465,197.6820818,-9,101,0.58486855
3568,162148.0102,382922.3312,382.5589294,190,207,290.6023465,197.6820818,-9,101,0.745315135
3569,163829.6667,383163.1322,266.5469971,190,207,290.6023465,197.6820818,-9,101,0.644381464
3577,157220.152,382970.541,474.142395,64,77,137.9110689,110.1706551,33,74,0.501092851
3578,160093.5881,381007.9182,295.1000061,64,77,137.9110689,110.1706551,33,74,0.549516678
3579,159703.7458,381418.5874,343.5400085,64,77,137.9110689,110.1706551,33,74,0.662008405
3580,160530.1306,381875.369,328.6168213,64,77,137.9110689,110.1706551,33,74,0.6794191
3586,160860.1918,382488.6566,458.7200012,64,77,137.9110689,110.1706551,33,74,0.843142509
3588,160790.9005,387645.4484,352.9448242,190,207,290.6023465,197.6820818,-9,101,0.508161426
3591,160787.1853,385271.7418,300.8477478,109,111,128.9965795,121.8170066,11,20,0.691258311
3597,159990.8054,385045.1556,371.7772522,109,111,128.9965795,121.8170066,11,20,0.727905571
3598,160311.3858,381057.0214,324.7330017,64,77,137.9110689,110.1706551,33,74,0.543973565
3601,160856.4767,386909.6904,291.3165588,109,111,128.9965795,121.8170066,11,20,0.559076369
3602,159132.2151,384621.7287,581.3010254,109,111,128.9965795,121.8170066,11,20,0.587840736
3605,161055.8891,383417.6029,702.6984863,109,111,128.9965795,121.8170066,11,20,0.6763556
3606,161327.3032,383135.9889,262.6404419,109,111,128.9965795,121.8170066,11,20,0.655862451
3607,158165.2729,383892.8824,335.6400146,64,77,137.9110689,110.1706551,33,74,0.526212394
3608,157927.4584,383369.7156,352.4288635,64,77,137.9110689,110.1706551,33,74,0.536004484
3610,163470.2947,383367.9944,331.3196411,190,207,290.6023465,197.6820818,-9,101,0.731430769
3611,162308.1678,386111.8061,440.8164978,190,207,290.6023465,197.6820818,-9,101,0.512196839
3613,160010.9278,384188.4328,367.1220703,109,111,128.9965795,121.8170066,11,20,0.684227109
3614,160953.7618,381721.172,595.7088623,190,207,290.6023465,197.6820818,-9,101,0.664249837
3616,163893.5811,381965.237,475,190,207,290.6023465,197.6820818,-9,101,0.561998844
3618,160201.3241,381906.4963,370.0002747,64,77,137.9110689,110.1706551,33,74,0.663725376
3619,161283.1721,384229.0308,321.9421692,190,207,290.6023465,197.6820818,-9,101,0.61727494
3621,159155.363,381480.2382,282.7200012,64,77,137.9110689,110.1706551,33,74,0.564284563
3628,162355.6966,383795.1039,837.6256104,190,207,290.6023465,197.6820818,-9,101,0.610304594
3639,162815.2256,380724.1949,571.2102051,190,207,290.6023465,197.6820818,-9,101,0.534471631
3640,159929.388,383508.4611,393.9599915,64,77,137.9110689,110.1706551,33,74,0.755832195
3643,161706.3736,381945.0781,645.4263306,190,207,290.6023465,197.6820818,-9,101,0.803087831
3644,163223.633,383026.2145,305.639679,190,207,290.6023465,197.6820818,-9,101,0.753182173
3646,160968.3462,385664.4486,294.688324,109,111,128.9965795,121.8170066,11,20,0.664313257
3649,163940.4137,383421.3787,330.8274841,190,207,290.6023465,197.6820818,-9,101,0.589187741
3654,158386.1773,383190.184,369.9193115,64,77,137.9110689,110.1706551,33,74,0.608713984
3655,164107.0017,382870.7757,333.6581116,190,207,290.6023465,197.6820818,-9,101,0.53646785
3656,160497.2518,384460.3801,298.2053833,109,111,128.9965795,121.8170066,11,20,0.735980511
3664,161955.767,388073.6065,432.6535339,190,207,290.6023465,197.6820818,-9,101,0.505696893
3665,163537.2359,381976.6294,310.1000061,190,207,290.6023465,197.6820818,-9,101,0.758914232
3671,161335.6458,383897.3783,327.7720642,190,207,290.6023465,197.6820818,-9,101,0.609388411
3672,157973.1211,381452.2414,454.3344421,64,77,137.9110689,110.1706551,33,74,0.561565638
3673,161054.7927,382264.7813,689.6507568,64,77,137.9110689,110.1706551,33,74,0.811766028
3677,163339.1974,384083.5914,313.7493591,190,207,290.6023465,197.6820818,-9,101,0.576556742
3684,162617.3138,383093.07,320.9346008,190,207,290.6023465,197.6820818,-9,101,0.786015689
3687,162711.0434,382897.3661,453.7375488,190,207,290.6023465,197.6820818,-9,101,0.713298857
3695,163934.011,382811.3852,289.2157593,190,207,290.6023465,197.6820818,-9,101,0.588917017
3696,162434.1276,381851.611,350.2592163,190,207,290.6023465,197.6820818,-9,101,0.831107676
3701,157356.3069,383894.4093,523.7401123,64,77,137.9110689,110.1706551,33,74,0.535720646
3707,160932.9289,387496.5045,323.6765747,190,207,290.6023465,197.6820818,-9,101,0.542572141
3713,158687.4653,381424.7417,338.3104553,64,77,137.9110689,110.1706551,33,74,0.626091659
3717,163654.3317,383754.5291,315.3908691,190,207,290.6023465,197.6820818,-9,101,0.666219711
3718,159517.6813,385700.1615,468.8547058,109,111,128.9965795,121.8170066,11,20,0.564889252
3721,158982.2631,383359.7915,297.8210449,64,77,137.9110689,110.1706551,33,74,0.63182795
3730,158810.5231,383118.5541,350.9322815,64,77,137.9110689,110.1706551,33,74,0.618248999
3731,161058.4467,381768.6457,648.432312,64,77,137.9110689,110.1706551,33,74,0.685158432
3737,159038.568,382901.0537,321.0690918,64,77,137.9110689,110.1706551,33,74,0.543149352
3740,159440.9704,383859.7112,403.6730957,64,77,137.9110689,110.1706551,33,74,0.651876986
3741,161096.7167,385031.0805,229.9514618,109,111,128.9965795,121.8170066,11,20,0.6220119
3751,161053.8747,387557.2736,419.7731018,190,207,290.6023465,197.6820818,-9,101,0.53254354
3752,161863.6185,381843.2458,319.3205261,190,207,290.6023465,197.6820818,-9,101,0.813774645
3754,161325.853,382633.4756,658.3549805,64,77,137.9110689,110.1706551,33,74,0.776330769
3764,159660.4448,385224.5352,304.3200073,109,111,128.9965795,121.8170066,11,20,0.742058277
3769,161446.2364,387471.9679,321.9935303,190,207,290.6023465,197.6820818,-9,101,0.564780235
3772,159717.8808,384765.3793,211.670517,109,111,128.9965795,121.8170066,11,20,0.635121047
3773,161312.6522,382911.9545,320.6600037,64,77,137.9110689,110.1706551,33,74,0.683010995
3777,162036.8459,385551.4496,320.3430176,190,207,290.6023465,197.6820818,-9,101,0.648273647
3784,159031.54,384941.8583,799.8025513,109,111,128.9965795,121.8170066,11,20,0.603297532
3785,157415.3993,383995.876,471.4190979,64,77,137.9110689,110.1706551,33,74,0.508902252
3786,163688.3198,384089.3393,360.7223511,190,207,290.6023465,197.6820818,-9,101,0.586499691
3788,158485.5528,382941.47,403.507843,64,77,137.9110689,110.1706551,33,74,0.549821854
3790,160480.1247,382170.0676,389.8800049,64,77,137.9110689,110.1706551,33,74,0.716581225
3792,161378.7925,386665.448,234.3600006,0,0,0,0,0,0,0.518324196
3794,163563.8093,383975.6163,359.4721375,190,207,290.6023465,197.6820818,-9,101,0.658749938
3795,158172.7586,383467.2645,337.6000061,64,77,137.9110689,110.1706551,33,74,0.582653224
3801,159558.2772,383866.9499,383.0260925,64,77,137.9110689,110.1706551,33,74,0.67889905
3804,161192.7047,385079.9651,320.9616089,109,111,128.9965795,121.8170066,11,20,0.606558263
3806,161092.7691,383938.3636,252.4233246,190,207,290.6023465,197.6820818,-9,101,0.682920337
3807,159360.4599,384666.6272,410.3834534,109,111,128.9965795,121.8170066,11,20,0.568042278
3809,159249.1872,383691.5992,275.3111877,64,77,137.9110689,110.1706551,33,74,0.644842029
3814,158835.7281,381014.0443,299.660675,64,77,137.9110689,110.1706551,33,74,0.571915567
3815,160248.2766,384560.0306,273.1464844,109,111,128.9965795,121.8170066,11,20,0.729878902
3817,160077.1359,385694.7701,399.1499939,109,111,128.9965795,121.8170066,11,20,0.722212672
3818,159416.3277,382992.067,373.8200073,64,77,137.9110689,110.1706551,33,74,0.589090347
3819,162320.1059,387046.1969,311.8824158,190,207,290.6023465,197.6820818,-9,101,0.507648349
3821,161640.5053,382374.2909,1159.487549,190,207,290.6023465,197.6820818,-9,101,0.77114898
3824,159795.3287,385700.4148,372.2862854,109,111,128.9965795,121.8170066,11,20,0.666720986
3825,159705.6329,387845.1364,464.6590881,109,111,128.9965795,121.8170066,11,20,0.534048915
3826,160105.9356,387981.8047,369.3855286,190,207,290.6023465,197.6820818,-9,101,0.545318305
3829,163272.6879,384284.9208,469.691925,190,207,290.6023465,197.6820818,-9,101,0.511538386
3833,161447.9424,383190.6021,309.2032776,109,111,128.9965795,121.8170066,11,20,0.614483416
3835,161023.4877,387379.9432,274.6625671,190,207,290.6023465,197.6820818,-9,101,0.552601039
3841,163713.4348,381800.3198,312.7000122,190,207,290.6023465,197.6820818,-9,101,0.670540035
3842,160443.094,382766.081,536.5643921,64,77,137.9110689,110.1706551,33,74,0.851334155
3844,162084.4136,382352.259,347.7598267,190,207,290.6023465,197.6820818,-9,101,0.811511338
3845,163865.6327,382365.1272,400.6635437,190,207,290.6023465,197.6820818,-9,101,0.613920033
3848,159201.6768,382933.6635,259.8128662,64,77,137.9110689,110.1706551,33,74,0.54807514
3854,158661.3054,384454.916,638.2600708,109,111,128.9965795,121.8170066,11,20,0.530633271
3857,158218.2882,380935.3587,378.1664734,64,77,137.9110689,110.1706551,33,74,0.592405379
3858,159463.683,387931.7435,397.0400085,109,111,128.9965795,121.8170066,11,20,0.525375307
3859,163885.0008,382258.8257,430.9620972,190,207,290.6023465,197.6820818,-9,101,0.591129601
3865,162513.612,384009.3099,595.4395752,190,207,290.6023465,197.6820818,-9,101,0.547125399
3866,163087.9584,381950.702,315.1135864,190,207,290.6023465,197.6820818,-9,101,0.796191573
3867,159749.39,382933.0756,740.2420044,64,77,137.9110689,110.1706551,33,74,0.607481182
3869,159735.202,388154.2523,374.9654236,190,207,290.6023465,197.6820818,-9,101,0.519827902
3876,162853.5023,383402.1908,366.583252,190,207,290.6023465,197.6820818,-9,101,0.823815286
3877,158713.6515,383432.3027,293.5599976,64,77,137.9110689,110.1706551,33,74,0.618652165
3879,162999.428,381572.0132,278,190,207,290.6023465,197.6820818,-9,101,0.856625736
3881,159561.8003,383166.9484,316.0398865,64,77,137.9110689,110.1706551,33,74,0.703609347
3884,159966.0805,382743.9973,551.0748291,64,77,137.9110689,110.1706551,33,74,0.670599043
3885,162978.3241,382267.6966,301.5343628,190,207,290.6023465,197.6820818,-9,101,0.728383064
3887,159531.4544,383341.3777,359.8592529,64,77,137.9110689,110.1706551,33,74,0.725405037
3889,161822.7631,387639.6962,338.789917,190,207,290.6023465,197.6820818,-9,101,0.626679361
3890,161034.9924,385287.3979,309.0524292,109,111,128.9965795,121.8170066,11,20,0.619077682
3893,161852.5307,386069.3901,250.4453583,190,207,290.6023465,197.6820818,-9,101,0.619038522
3894,159655.0965,381759.1206,224.4600067,64,77,137.9110689,110.1706551,33,74,0.601997614
3895,162644.7907,381170.2403,435.162323,190,207,290.6023465,197.6820818,-9,101,0.715745211
3898,158440.2437,380791.219,357.3895569,64,77,137.9110689,110.1706551,33,74,0.54685539
3900,160303.2638,388188.5959,430.2799988,190,207,290.6023465,197.6820818,-9,101,0.530915916
3902,163616.9963,381594.1158,654.2999878,190,207,290.6023465,197.6820818,-9,101,0.754006922
3904,161868.7583,383286.8616,403.3536987,190,207,290.6023465,197.6820818,-9,101,0.648320436
3905,160139.7815,385310.9063,258.6492615,109,111,128.9965795,121.8170066,11,20,0.763835549
3906,163841.2569,382541.6521,360.0322571,190,207,290.6023465,197.6820818,-9,101,0.620840073
3915,161700.7874,382087.8401,780.7919312,190,207,290.6023465,197.6820818,-9,101,0.7991786
3916,163238.2067,382330.184,382.2390747,190,207,290.6023465,197.6820818,-9,101,0.753278911
3923,159845.6567,385111.6705,292.2997131,109,111,128.9965795,121.8170066,11,20,0.727170348
3930,159983.7906,383972.9935,395.7269287,0,0,0,0,0,0,0.664881229
3934,158460.3465,381495.18,309.1042175,64,77,137.9110689,110.1706551,33,74,0.621806383
3938,162342.1098,382855.2065,332.3995361,190,207,290.6023465,197.6820818,-9,101,0.766309857
3939,159315.7128,381254.1883,285.6879883,64,77,137.9110689,110.1706551,33,74,0.594475269
3941,161541.2551,385522.4166,289.0743408,190,207,290.6023465,197.6820818,-9,101,0.670260549
3945,161121.519,383008.0539,396.5599976,64,77,137.9110689,110.1706551,33,74,0.71471715
3948,160715.4458,386113.7399,292.9148254,109,111,128.9965795,121.8170066,11,20,0.585195541
3954,159330.6574,381630.9738,240.0754852,64,77,137.9110689,110.1706551,33,74,0.564249873
3957,162055.7893,385225.1339,596.5463867,190,207,290.6023465,197.6820818,-9,101,0.574031115
3958,161568.8246,384084.0269,367.9511719,190,207,290.6023465,197.6820818,-9,101,0.528447509
3961,161165.3974,385950.2313,279.4308472,190,207,290.6023465,197.6820818,-9,101,0.538031578
3963,159729.5842,382546.7214,367.6777649,64,77,137.9110689,110.1706551,33,74,0.549971759
3965,161687.1226,381448.757,606.6347046,190,207,290.6023465,197.6820818,-9,101,0.633961082
3966,160321.3112,386497.7955,556.9141235,109,111,128.9965795,121.8170066,11,20,0.570411503
3971,160293.0329,383240.1046,349.9757996,64,77,137.9110689,110.1706551,33,74,0.794224739
3972,163499.4283,383260.617,282.5363464,190,207,290.6023465,197.6820818,-9,101,0.74681741
3975,159565.752,388036.9636,406.4242249,109,111,128.9965795,121.8170066,11,20,0.533096015
3978,162633.6861,388191.7226,374.6350708,190,207,290.6023465,197.6820818,-9,101,0.507527709
3979,159572.8063,381640.1631,227.9129944,64,77,137.9110689,110.1706551,33,74,0.631686926
3980,159278.6508,383304.2436,380.7200012,64,77,137.9110689,110.1706551,33,74,0.673813224
3982,161069.2395,384038.1712,329.7709045,190,207,290.6023465,197.6820818,-9,101,0.688154817
3986,159008.1981,381865.1094,470.5599976,64,77,137.9110689,110.1706551,33,74,0.538461268
3988,160498.64,385420.499,390.75,109,111,128.9965795,121.8170066,11,20,0.745204568
3990,163688.8932,382658.6917,325.4004517,190,207,290.6023465,197.6820818,-9,101,0.649654031
3994,160575.2529,382648.8607,379.2225037,64,77,137.9110689,110.1706551,33,74,0.861775875
3998,159733.9385,381148.5825,256.2310486,64,77,137.9110689,110.1706551,33,74,0.630667806
4001,158174.9716,380766.9937,462.7999878,64,77,137.9110689,110.1706551,33,74,0.538586497
4006,158950.6933,383157.2121,337.5250549,64,77,137.9110689,110.1706551,33,74,0.595738471
4008,162407.1228,382154.1728,407.5898132,190,207,290.6023465,197.6820818,-9,101,0.780473948
4011,162109.3478,383950.0102,587.5285034,190,207,290.6023465,197.6820818,-9,101,0.530223072
4013,159317.679,388049.3685,367.3602905,109,111,128.9965795,121.8170066,11,20,0.50738734
4015,160785.2696,384005.7642,236.0399933,109,111,128.9965795,121.8170066,11,20,0.74768281
4017,161928.2079,387134.6244,321.4489441,109,111,128.9965795,121.8170066,11,20,0.565682828
4021,160905.4434,387702.185,376.3882141,190,207,290.6023465,197.6820818,-9,101,0.50804764
4022,159012.8289,383918.2136,300.5001831,64,77,137.9110689,110.1706551,33,74,0.511294484
4024,159882.4462,388241.5287,413.1760559,109,111,128.9965795,121.8170066,11,20,0.525481582
4028,162363.1146,385876.496,749.5200195,190,207,290.6023465,197.6820818,-9,101,0.564379036
4029,157055.8428,383263.5083,439.3411255,64,77,137.9110689,110.1706551,33,74,0.525499344
4031,158499.3508,381164.4689,340.5993958,64,77,137.9110689,110.1706551,33,74,0.686927378
4032,160828.5708,386660.0818,255.1990967,109,111,128.9965795,121.8170066,11,20,0.563365459
4038,160952.9376,384738.3683,245.6399994,109,111,128.9965795,121.8170066,11,20,0.599089742
4042,162852.042,387810.4068,317.3000488,190,207,290.6023465,197.6820818,-9,101,0.514722943
4046,163113.269,382181.6444,304.6400146,190,207,290.6023465,197.6820818,-9,101,0.745049894
4047,160215.9077,381343.6645,277.3169861,64,77,137.9110689,110.1706551,33,74,0.678600073
4052,160987.9511,384506.1333,209.8800049,109,111,128.9965795,121.8170066,11,20,0.615795314
4054,159157.7256,380983.8354,352.512146,64,77,137.9110689,110.1706551,33,74,0.573327184
4060,162025.8345,387750.6296,337.3302917,190,207,290.6023465,197.6820818,-9,101,0.621643245
4063,160749.0685,384640.2484,375.87146,109,111,128.9965795,121.8170066,11,20,0.661581457
4077,160623.6214,382340.4345,361.4135437,64,77,137.9110689,110.1706551,33,74,0.792340696
4082,160679.9058,385337.1843,286.1130981,109,111,128.9965795,121.8170066,11,20,0.733194351
4083,161922.7436,383133.4618,445.3987732,190,207,290.6023465,197.6820818,-9,101,0.674522579
4084,158744.7403,380952.5625,326.5993042,64,77,137.9110689,110.1706551,33,74,0.58218056
4085,159705.2437,381034.4314,278.1661987,64,77,137.9110689,110.1706551,33,74,0.60606873
4086,160192.0842,384472.1137,276.1977539,109,111,128.9965795,121.8170066,11,20,0.701448679
4090,159494.5494,381415.4256,294.1499939,64,77,137.9110689,110.1706551,33,74,0.605819106
4093,160224.1419,385064.3293,378.6799927,109,111,128.9965795,121.8170066,11,20,0.747020185
4095,160561.5443,388307.812,469.1600037,190,207,290.6023465,197.6820818,-9,101,0.506124914
4096,161429.7605,383646.4256,301.1011963,0,0,0,0,0,0,0.599356294
4101,161732.6779,383482.6366,373.4369812,190,207,290.6023465,197.6820818,-9,101,0.608195901
4108,160118.2603,387855.5838,340.3210144,190,207,290.6023465,197.6820818,-9,101,0.540131509
4109,160952.1119,387012.1306,453.6358948,190,207,290.6023465,197.6820818,-9,101,0.539141119
4111,163719.3825,382175.2313,295.1400146,190,207,290.6023465,197.6820818,-9,101,0.662111163
4117,163157.6748,384179.0253,186.6880188,190,207,290.6023465,197.6820818,-9,101,0.522398114
4118,163033.7362,381250.9809,433.177948,190,207,290.6023465,197.6820818,-9,101,0.79615885
4119,163819.1289,384057.6629,434.536499,190,207,290.6023465,197.6820818,-9,101,0.600516081
4125,158959.6209,384855.5057,900.0471802,109,111,128.9965795,121.8170066,11,20,0.613613248
4132,161660.4288,387292.2581,287.2000122,109,111,128.9965795,121.8170066,11,20,0.576740444
4134,161951.4831,386222.0377,275.155426,190,207,290.6023465,197.6820818,-9,101,0.536553085
4137,161346.4374,387518.7201,307.4537048,190,207,290.6023465,197.6820818,-9,101,0.565864861
4138,162026.8248,381994.8321,343.5031433,190,207,290.6023465,197.6820818,-9,101,0.813593686
4139,161435.4138,387840.2603,320.5640869,190,207,290.6023465,197.6820818,-9,101,0.540705383
4142,162154.6218,385276.4769,518.8692627,190,207,290.6023465,197.6820818,-9,101,0.566443443
4143,157122.6889,383148.1787,481.6677856,64,77,137.9110689,110.1706551,33,74,0.521194041
4146,161458.2068,383903.9003,355.4472656,190,207,290.6023465,197.6820818,-9,101,0.620042622
4147,160118.2584,381108.3605,306.3599854,64,77,137.9110689,110.1706551,33,74,0.638890505
4154,158987.9102,384428.515,478.8800049,109,111,128.9965795,121.8170066,11,20,0.590278983
4159,160334.9828,387444.0489,368.0404663,109,111,128.9965795,121.8170066,11,20,0.558151543
4163,158791.734,381126.6086,329.3269348,64,77,137.9110689,110.1706551,33,74,0.629696488
4166,163704.2511,383076.7478,254.3099365,190,207,290.6023465,197.6820818,-9,101,0.720892727
4167,157993.7348,381628.3993,316.3268127,64,77,137.9110689,110.1706551,33,74,0.500539064
4174,160871.815,383486.1329,294.4371643,109,111,128.9965795,121.8170066,11,20,0.758799255
4177,160843.975,382874.1414,249.4187775,64,77,137.9110689,110.1706551,33,74,0.848573029
4178,161750.9023,385149.2502,281.008606,190,207,290.6023465,197.6820818,-9,101,0.586989403
4182,162714.1204,388022.427,324.2200012,190,207,290.6023465,197.6820818,-9,101,0.513167441
4190,159612.3167,382689.6108,435.9627075,64,77,137.9110689,110.1706551,33,74,0.515798867
4192,160109.3244,381966.6392,332.5330505,64,77,137.9110689,110.1706551,33,74,0.66686976
4195,157673.0419,383913.9005,411.4150085,109,111,128.9965795,121.8170066,11,20,0.539211512
4200,163237.4589,383488.4505,262.7999878,190,207,290.6023465,197.6820818,-9,101,0.770819545
4204,162546.3303,381302.36,320.4207764,190,207,290.6023465,197.6820818,-9,101,0.75159812
4205,162454.4955,382286.9632,473.3083801,190,207,290.6023465,197.6820818,-9,101,0.761928797
4210,162246.0535,385636.918,471.8226013,190,207,290.6023465,197.6820818,-9,101,0.581030905
4213,159412.2797,383093.0107,296.0657349,64,77,137.9110689,110.1706551,33,74,0.626522005
4215,160420.312,384387.828,301,109,111,128.9965795,121.8170066,11,20,0.729608834
4219,161750.8044,386776.9064,318.9150085,109,111,128.9965795,121.8170066,11,20,0.503451169
4220,161435.5146,386861.8101,338.4100037,109,111,128.9965795,121.8170066,11,20,0.517188966
4223,158807.5745,384802.9138,904.2129517,64,77,137.9110689,110.1706551,33,74,0.599046648
4226,159398.7323,385282.7287,423.2219543,109,111,128.9965795,121.8170066,11,20,0.636411071
4241,163459.4619,382912.4965,319.299408,190,207,290.6023465,197.6820818,-9,101,0.724669397
4242,159158.749,383631.2547,265.3025513,64,77,137.9110689,110.1706551,33,74,0.638970017
4246,158219.6549,381187.4825,329.8735352,64,77,137.9110689,110.1706551,33,74,0.635896623
4247,160619.537,387571.1131,335.2200012,190,207,290.6023465,197.6820818,-9,101,0.53007865
4249,159962.7667,383391.1014,318.9200134,64,77,137.9110689,110.1706551,33,74,0.762910724
4250,159853.6409,384346.4253,308.8129272,109,111,128.9965795,121.8170066,11,20,0.621342659
4251,161477.8135,386328.9818,394.4473877,190,207,290.6023465,197.6820818,-9,101,0.515558541
4252,159869.8933,382094.8061,235.6994934,64,77,137.9110689,110.1706551,33,74,0.577951074
4255,161361.5204,381512.5022,735.5273438,190,207,290.6023465,197.6820818,-9,101,0.624122083
4256,160719.1886,384217.6788,269.4502869,109,111,128.9965795,121.8170066,11,20,0.741059661
4258,163109.7332,381070.6099,338.1123657,190,207,290.6023465,197.6820818,-9,101,0.755543947
4261,160077.4718,381203.7824,282.7399902,64,77,137.9110689,110.1706551,33,74,0.664998353
4263,163058.5886,382761.7332,365.3641663,0,0,0,0,0,0,0.74835819
4264,160225.0467,386306.5153,396.2902527,109,111,128.9965795,121.8170066,11,20,0.569929957
4266,162269.4549,382998.5194,406.1692505,190,207,290.6023465,197.6820818,-9,101,0.746606946
4271,160745.3347,382816.9938,414.3912048,64,77,137.9110689,110.1706551,33,74,0.86692363
4273,159029.4279,383058.8858,307.9459229,64,77,137.9110689,110.1706551,33,74,0.565122545
4275,159435.8629,381182.9157,325.6570129,64,77,137.9110689,110.1706551,33,74,0.607257664
4276,164002.3325,382344.2067,433.0992432,190,207,290.6023465,197.6820818,-9,101,0.535790443
4277,159025.4886,384632.9455,564.2405396,109,111,128.9965795,121.8170066,11,20,0.590003729
4278,161965.023,383854.3691,558.8743286,190,207,290.6023465,197.6820818,-9,101,0.547941864
4280,162164.8763,380963.4874,434.2060852,190,207,290.6023465,197.6820818,-9,101,0.557119906
4282,160678.5156,381808.3774,485.5,64,77,137.9110689,110.1706551,33,74,0.697767794
4284,159746.4033,385037.5683,245.081192,109,111,128.9965795,121.8170066,11,20,0.681954145
4289,159758.3599,381718.7591,228.8379974,64,77,137.9110689,110.1706551,33,74,0.642025888
4293,162470.2482,383743.1028,974.1973267,190,207,290.6023465,197.6820818,-9,101,0.741647422
4294,159524.8663,385245.5998,337.5565796,109,111,128.9965795,121.8170066,11,20,0.650008082
4299,162840.9667,382882.6352,467.8167114,190,207,290.6023465,197.6820818,-9,101,0.719313204
4302,161817.8319,383387.2028,327.9599915,190,207,290.6023465,197.6820818,-9,101,0.610121846
4304,160333.4639,382448.7568,288.3902588,64,77,137.9110689,110.1706551,33,74,0.740138292
4308,159813.6345,383739.4484,355.8954163,64,77,137.9110689,110.1706551,33,74,0.720953763
4310,160858.3403,382361.4024,522.8394165,64,77,137.9110689,110.1706551,33,74,0.825289905
4311,161594.9632,381765.2226,522.2537842,190,207,290.6023465,197.6820818,-9,101,0.698264062
4314,162233.8881,387222.2437,297.96875,190,207,290.6023465,197.6820818,-9,101,0.567261636
4315,163465.0416,382090.3464,282.4674683,190,207,290.6023465,197.6820818,-9,101,0.727191687
4316,159074.5502,384831.6632,659.2800293,109,111,128.9965795,121.8170066,11,20,0.60118866
4317,159907.1035,381871.0185,310,64,77,137.9110689,110.1706551,33,74,0.64533484
4318,160285.0585,384885.88,309.7998962,109,111,128.9965795,121.8170066,11,20,0.751982629
4320,160166.8809,386033.4907,283,109,111,128.9965795,121.8170066,11,20,0.636670232
4322,161294.4673,385004.2912,320.2588806,190,207,290.6023465,197.6820818,-9,101,0.55633539
4325,163635.5165,381008.7446,494.2399902,190,207,290.6023465,197.6820818,-9,101,0.56449306
4326,161727.0192,385989.8131,286.1600037,190,207,290.6023465,197.6820818,-9,101,0.624844849
4330,164025.4694,383721.9156,324.4235229,190,207,290.6023465,197.6820818,-9,101,0.566279292
4332,162208.7152,382330.3917,420.519989,190,207,290.6023465,197.6820818,-9,101,0.809922576
4333,160256.5642,382065.7936,306.6360168,64,77,137.9110689,110.1706551,33,74,0.662609458
4340,160129.1521,387613.959,334.9599915,190,207,290.6023465,197.6820818,-9,101,0.535377026
4345,162203.2846,385932.5944,522.1104736,190,207,290.6023465,197.6820818,-9,101,0.578490496
4346,161214.6966,385838.3203,342.8074951,190,207,290.6023465,197.6820818,-9,101,0.567085922
4347,160069.8737,385587.796,404.7600098,109,111,128.9965795,121.8170066,11,20,0.74404192
4348,160498.1257,386028.2841,262.7028503,109,111,128.9965795,121.8170066,11,20,0.620117545
4349,161101.8173,382509.7466,658.159668,64,77,137.9110689,110.1706551,33,74,0.82195431
4351,160392.9222,384931.1349,322.2950134,109,111,128.9965795,121.8170066,11,20,0.753769279
4355,160887.2867,386789.7803,231.4801331,109,111,128.9965795,121.8170066,11,20,0.582642734
4356,160990.048,385084.7944,228.4818878,0,0,0,0,0,0,0.642752647
4357,159353.5652,385193.3939,416.5306702,109,111,128.9965795,121.8170066,11,20,0.591732681
4360,162809.9028,387705.8802,317.3999939,190,207,290.6023465,197.6820818,-9,101,0.546327531
4361,160760.8312,382328.8965,441.0400085,64,77,137.9110689,110.1706551,33,74,0.827215254
4362,162704.1618,381077.3409,397.1000061,190,207,290.6023465,197.6820818,-9,101,0.704992533
4365,159453.9048,381834.1152,306.0286865,64,77,137.9110689,110.1706551,33,74,0.560468495
4368,159407.1144,384522.153,351.4016418,64,77,137.9110689,110.1706551,33,74,0.58973664
4375,162787.3693,382595.8601,556.5166626,190,207,290.6023465,197.6820818,-9,101,0.698526621
4376,161317.5695,383018.207,319.1409302,64,77,137.9110689,110.1706551,33,74,0.678198755
4378,161949.9682,382320.5314,385.9794312,190,207,290.6023465,197.6820818,-9,101,0.799245
4381,162473.9044,380854.0075,238.6869965,190,207,290.6023465,197.6820818,-9,101,0.519997835
4387,163326.8425,383678.9473,334.0400085,190,207,290.6023465,197.6820818,-9,101,0.699537456
4391,160558.0241,383288.8623,392.2387085,64,77,137.9110689,110.1706551,33,74,0.810337484
4398,161147.6475,381284.2085,459.7498474,64,77,137.9110689,110.1706551,33,74,0.540367961
4399,161154.9758,384215.6525,272.8623962,190,207,290.6023465,197.6820818,-9,101,0.648128092
4400,160640.1332,383620.995,357.9191284,109,111,128.9965795,121.8170066,11,20,0.802490771
4405,162020.4168,382874.5401,329.1199951,190,207,290.6023465,197.6820818,-9,101,0.689848244
4409,159782.4881,385904.0647,386.3999939,109,111,128.9965795,121.8170066,11,20,0.596011996
4415,160441.1965,386575.3853,640.3341064,109,111,128.9965795,121.8170066,11,20,0.592904806
4416,161321.7825,386018.4445,362.3800049,190,207,290.6023465,197.6820818,-9,101,0.534691215
4418,163933.9222,382102.5385,516.3980713,190,207,290.6023465,197.6820818,-9,101,0.557004511
4427,163097.9431,383399.0292,309.2999878,190,207,290.6023465,197.6820818,-9,101,0.800857246
4429,163545.6629,382525.7984,376.4728088,190,207,290.6023465,197.6820818,-9,101,0.71933639
4430,163484.5961,381682.2938,673.0979004,190,207,290.6023465,197.6820818,-9,101,0.819140732
4431,160021.969,382297.2442,244.2997284,64,77,137.9110689,110.1706551,33,74,0.603938997
4433,160607.6371,384979.0711,324.7000122,109,111,128.9965795,121.8170066,11,20,0.751407266
4440,163829.8216,382045.0071,372.8183899,190,207,290.6023465,197.6820818,-9,101,0.619641781
4446,161256.7936,385297.8826,293.7936401,190,207,290.6023465,197.6820818,-9,101,0.628513753
4447,158702.1477,382994.9846,376.1089783,64,77,137.9110689,110.1706551,33,74,0.569626033
4448,160220.9043,386671.0275,419.0799866,109,111,128.9965795,121.8170066,11,20,0.562441647
4451,160401.032,385632.5809,316.5599976,109,111,128.9965795,121.8170066,11,20,0.749007702
4452,162565.184,381709.781,360.1600037,190,207,290.6023465,197.6820818,-9,101,0.848086357
4455,161450.4933,385278.0313,329.1420898,190,207,290.6023465,197.6820818,-9,101,0.590766549
4457,160609.1969,381975.9004,380.0298157,64,77,137.9110689,110.1706551,33,74,0.70840615
4462,161973.4074,381738.902,336.2319946,190,207,290.6023465,197.6820818,-9,101,0.823527336
4463,161959.4195,380950.7888,589.2962646,190,207,290.6023465,197.6820818,-9,101,0.530020654
4466,158998.728,381022.5234,328.0317993,64,77,137.9110689,110.1706551,33,74,0.567238033
4468,161401.03,381812.0398,805.7816772,190,207,290.6023465,197.6820818,-9,101,0.691608369
4470,162412.0025,383498.9045,685.0999756,190,207,290.6023465,197.6820818,-9,101,0.758314073
4472,162035.1905,382249.5066,323.3752136,190,207,290.6023465,197.6820818,-9,101,0.802838624
4473,160854.3958,387056.5889,386.3899841,109,111,128.9965795,121.8170066,11,20,0.549319744
4474,157392.425,383292.6449,445.2489014,64,77,137.9110689,110.1706551,33,74,0.561069489
4475,160647.6394,386222.2793,246.6494598,109,111,128.9965795,121.8170066,11,20,0.579044759
4478,160188.2002,386804.9318,328.2799988,109,111,128.9965795,121.8170066,11,20,0.555411875
4481,163805.3393,382781.2388,279.8665161,190,207,290.6023465,197.6820818,-9,101,0.645525217
4482,158104.9567,383008.1482,416.7069702,64,77,137.9110689,110.1706551,33,74,0.505485654
4496,160859.4018,384913.1015,139.5307007,109,111,128.9965795,121.8170066,11,20,0.63839525
4500,160152.5688,382102.4638,265.7850952,64,77,137.9110689,110.1706551,33,74,0.662974954
4502,160676.4976,382249.2482,394.0700989,64,77,137.9110689,110.1706551,33,74,0.770885527
4504,160086.9066,386623.4451,365.6799927,109,111,128.9965795,121.8170066,11,20,0.532446265
4510,160237.4913,381128.0754,322.2940674,64,77,137.9110689,110.1706551,33,74,0.622252524
4514,162349.4494,385398.9249,348.3038025,190,207,290.6023465,197.6820818,-9,101,0.529683411
4516,159914.3402,381256.6163,274.8649902,64,77,137.9110689,110.1706551,33,74,0.671489656
4520,158652.6942,381674.704,387.9509888,64,77,137.9110689,110.1706551,33,74,0.566088915
4522,160066.7395,383037.8943,656.3071899,64,77,137.9110689,110.1706551,33,74,0.771939576
4524,159189.7562,381288.2693,275.7608948,64,77,137.9110689,110.1706551,33,74,0.615959942
4526,157407.9393,383163.6792,432.552063,64,77,137.9110689,110.1706551,33,74,0.544515014
4527,161350.9589,385115.2076,359.0767212,190,207,290.6023465,197.6820818,-9,101,0.57710433
4528,163987.4222,382959.939,280.1099854,190,207,290.6023465,197.6820818,-9,101,0.608820081
4537,160195.1813,382796.235,383.4065552,64,77,137.9110689,110.1706551,33,74,0.766478479
4543,160071.857,387036.4913,297.8909912,109,111,128.9965795,121.8170066,11,20,0.534274638
4544,163728.5199,383853.179,338.7407227,190,207,290.6023465,197.6820818,-9,101,0.629526615
4547,157692.6576,383438.4764,345.8745422,64,77,137.9110689,110.1706551,33,74,0.549541116
4553,161560.1115,385399.4659,338.8842468,190,207,290.6023465,197.6820818,-9,101,0.644106507
4556,161512.4228,384942.0588,190.7987518,190,207,290.6023465,197.6820818,-9,101,0.502015471
4558,159586.5767,382900.5143,494.8200989,64,77,137.9110689,110.1706551,33,74,0.569358349
4559,157370.3374,383793.8961,555.8963623,64,77,137.9110689,110.1706551,33,74,0.546934545
4562,159955.0111,384576.7145,260.1967773,109,111,128.9965795,121.8170066,11,20,0.674090862
4563,157398.4789,383061.2983,446.0649109,64,77,137.9110689,110.1706551,33,74,0.532162666
4568,161569.2422,383229.3844,384.1933289,109,111,128.9965795,121.8170066,11,20,0.624117613
4571,161694.1643,387963.8748,309.5991211,190,207,290.6023465,197.6820818,-9,101,0.535483062
4575,159121.5253,381620.8018,340.3696594,64,77,137.9110689,110.1706551,33,74,0.596650302
4579,163807.7444,383065.3822,245.2980194,190,207,290.6023465,197.6820818,-9,101,0.666289747
4590,161047.3999,385394.4424,283.027832,109,111,128.9965795,121.8170066,11,20,0.652733445
4593,159217.6139,382806.3249,308.3728943,64,77,137.9110689,110.1706551,33,74,0.516726971
4594,164056.9052,383446.5159,349,190,207,290.6023465,197.6820818,-9,101,0.558343649
4596,160041.6297,384345.2484,349,109,111,128.9965795,121.8170066,11,20,0.685947299
4600,158787.6435,381423.9918,434.2000122,64,77,137.9110689,110.1706551,33,74,0.631417453
4606,160473.5485,385554.2882,339.3710022,109,111,128.9965795,121.8170066,11,20,0.754008234
4609,162425.3036,382650.857,491.8289185,190,207,290.6023465,197.6820818,-9,101,0.729794502
4610,163649.6624,381231.5802,440.8096924,190,207,290.6023465,197.6820818,-9,101,0.654786527
4618,161092.3303,383721.4578,316.4906311,190,207,290.6023465,197.6820818,-9,101,0.720461667
4619,160847.4617,383731.6722,292.4216003,190,207,290.6023465,197.6820818,-9,101,0.78295666
4622,159277.7632,381387.8462,305.7600098,64,77,137.9110689,110.1706551,33,74,0.574914336
4623,157594.595,383702.1541,424.2276306,64,77,137.9110689,110.1706551,33,74,0.562106073
4626,162857.7099,382318.004,387.7485046,190,207,290.6023465,197.6820818,-9,101,0.705695331
4633,160510.0763,385036.1938,340.0889893,109,111,128.9965795,121.8170066,11,20,0.751134455
4642,162454.4145,381726.0987,293.5684814,190,207,290.6023465,197.6820818,-9,101,0.843195558
4644,162088.1897,387410.0074,270.0942383,190,207,290.6023465,197.6820818,-9,101,0.604010761
4645,158502.7029,383195.19,352.3999939,64,77,137.9110689,110.1706551,33,74,0.619200468
4646,161209.313,383280.0872,356.9754028,109,111,128.9965795,121.8170066,11,20,0.678528905
4649,161146.5021,387709.5382,365.0552673,190,207,290.6023465,197.6820818,-9,101,0.537501752
4653,157159.7039,383730.4815,988.1175537,64,77,137.9110689,110.1706551,33,74,0.528581202
4655,162955.6389,384118.6758,308.8737488,190,207,290.6023465,197.6820818,-9,101,0.558394134
4659,161904.9727,385616.5747,278.0400085,190,207,290.6023465,197.6820818,-9,101,0.675865948
4662,157596.2739,383069.8579,431.5493164,64,77,137.9110689,110.1706551,33,74,0.532222688
4663,160679.88,385785.6869,237.6199951,109,111,128.9965795,121.8170066,11,20,0.651818991
4668,158351.5296,384280.2532,522.5153198,64,77,137.9110689,110.1706551,33,74,0.535553932
4670,160803.3935,381639.3822,528.0852661,64,77,137.9110689,110.1706551,33,74,0.667943895
4672,162201.195,382087.6861,372.6799927,190,207,290.6023465,197.6820818,-9,101,0.81840682
4673,160857.8026,384687.9946,251.5179443,109,111,128.9965795,121.8170066,11,20,0.633115232
4675,160830.5744,387528.8309,324.6015625,190,207,290.6023465,197.6820818,-9,101,0.538581491
4678,160798.4008,386178.5816,305.1894226,109,111,128.9965795,121.8170066,11,20,0.56753844
4679,160402.0408,384083.0376,275.7999878,109,111,128.9965795,121.8170066,11,20,0.732111096
4685,158371.5032,380985.8385,367.8399963,64,77,137.9110689,110.1706551,33,74,0.639377177
4690,161388.2096,381262.9979,515.8154297,64,77,137.9110689,110.1706551,33,74,0.584641933
4691,160918.7748,381320.842,415.2367249,190,207,290.6023465,197.6820818,-9,101,0.546391964
4692,161506.6311,381079.4662,330.5586548,190,207,290.6023465,197.6820818,-9,101,0.531523705
4698,163770.3439,384193.3035,457.5209961,190,207,290.6023465,197.6820818,-9,101,0.590539813
4705,159553.6495,383468.076,371.0386353,64,77,137.9110689,110.1706551,33,74,0.761954069
4706,161558.917,382128.5487,1250.529785,190,207,290.6023465,197.6820818,-9,101,0.797878265
4710,158401.1034,383831.3579,238.0399933,64,77,137.9110689,110.1706551,33,74,0.509314716
4714,162890.0425,383706.7581,495.9200134,190,207,290.6023465,197.6820818,-9,101,0.756250679
4715,160459.203,387591.7146,339.6153259,190,207,290.6023465,197.6820818,-9,101,0.527905047
4717,159481.8698,387808.8562,470.3599854,109,111,128.9965795,121.8170066,11,20,0.522409379
4719,163194.7943,383764.1474,367.2000122,190,207,290.6023465,197.6820818,-9,101,0.717543602
4720,159350.3082,384936.7671,363.4701538,109,111,128.9965795,121.8170066,11,20,0.607040405
4722,162794.181,383497.4362,368.1000061,190,207,290.6023465,197.6820818,-9,101,0.823965549
4724,160431.1909,386143.8796,278.3441162,109,111,128.9965795,121.8170066,11,20,0.619014382
4727,158622.2817,383697.458,279.9967957,64,77,137.9110689,110.1706551,33,74,0.542843282
4729,164391.9739,384127.8855,307.4804993,190,207,290.6023465,197.6820818,-9,101,0.507490158
4732,159690.3213,383339.341,333.8692627,64,77,137.9110689,110.1706551,33,74,0.758407354
4733,163477.2561,384243.7098,518.276062,190,207,290.6023465,197.6820818,-9,101,0.529981554
4734,163929.9752,384135.3729,374.4375,190,207,290.6023465,197.6820818,-9,101,0.594966233
4740,161918.2352,382052.7207,388.7021179,190,207,290.6023465,197.6820818,-9,101,0.807253122
4746,160805.1562,381997.7055,434.5,64,77,137.9110689,110.1706551,33,74,0.712257683
4747,163372.2763,384178.6539,411.7241516,190,207,290.6023465,197.6820818,-9,101,0.559983909
4751,158803.4166,383872.7989,300.3110962,64,77,137.9110689,110.1706551,33,74,0.50648433
4752,159265.0094,384441.7099,279.5537109,64,77,137.9110689,110.1706551,33,74,0.602947891
4754,159716.5754,383064.6478,431.2000122,64,77,137.9110689,110.1706551,33,74,0.706341684
4758,160879.7508,385563.2051,275.2929993,109,111,128.9965795,121.8170066,11,20,0.685726166
4760,161579.1741,383919.5341,375.1328125,190,207,290.6023465,197.6820818,-9,101,0.579762995
4763,158909.4212,381811.3945,419.9996948,64,77,137.9110689,110.1706551,33,74,0.516370833
4765,159596.8711,388177.7788,380.7346802,109,111,128.9965795,121.8170066,11,20,0.511984766
4768,158999.3977,381470.6726,421.4337158,64,77,137.9110689,110.1706551,33,74,0.572641969
4772,159766.5363,384426.4407,295.138092,0,0,0,0,0,0,0.630461633
4774,161366.351,385841.4645,308.7501526,190,207,290.6023465,197.6820818,-9,101,0.582709253
4778,159743.1024,385808.6632,425.4902649,109,111,128.9965795,121.8170066,11,20,0.600909293
4780,160297.575,387824.3247,278.9128418,190,207,290.6023465,197.6820818,-9,101,0.521705508
4782,163204.5045,382909.8138,328.9765625,190,207,290.6023465,197.6820818,-9,101,0.739772558
4787,162888.5641,382070.228,306.2410583,190,207,290.6023465,197.6820818,-9,101,0.772796869
4788,156880.3417,383489.1847,400.7601013,64,77,137.9110689,110.1706551,33,74,0.521111429
4789,161682.0768,385826.4402,271.2399902,190,207,290.6023465,197.6820818,-9,101,0.643147707
4798,160471.1041,381337.1345,250.763504,64,77,137.9110689,110.1706551,33,74,0.625027835
4799,160618.7755,381259.7442,301.6940613,64,77,137.9110689,110.1706551,33,74,0.60012424
4802,160575.1615,384381.6589,268.4002686,109,111,128.9965795,121.8170066,11,20,0.741323709
4803,163434.3623,383477.3293,329.1600037,190,207,290.6023465,197.6820818,-9,101,0.714586496
4814,162770.7649,384031.0922,563.6503906,190,207,290.6023465,197.6820818,-9,101,0.573069036
4816,162374.1635,387169.8309,297.3999939,190,207,290.6023465,197.6820818,-9,101,0.539996743
4817,158957.355,385223.8047,775.9443359,109,111,128.9965795,121.8170066,11,20,0.5289765
4821,158483.8644,381651.7847,405.9375305,64,77,137.9110689,110.1706551,33,74,0.577992976
4822,161513.0012,386025.146,321.6500244,190,207,290.6023465,197.6820818,-9,101,0.569393635
4824,159676.367,387653.4929,466.2138672,109,111,128.9965795,121.8170066,11,20,0.518357217
4828,161820.7762,388001.3301,482.6803284,190,207,290.6023465,197.6820818,-9,101,0.538551748
4830,161042.4981,382941.3214,335.3395996,64,77,137.9110689,110.1706551,33,74,0.79382056
4835,159298.3902,383037.0496,272.4182129,64,77,137.9110689,110.1706551,33,74,0.587782502
4836,161348.411,387402.3294,277.4996948,190,207,290.6023465,197.6820818,-9,101,0.571234822
4845,160885.1697,382253.3124,655.5976563,64,77,137.9110689,110.1706551,33,74,0.81152302
4849,159060.8836,381733.7669,406.1809082,64,77,137.9110689,110.1706551,33,74,0.565893471
4850,158893.5166,384464.088,595.6955566,109,111,128.9965795,121.8170066,11,20,0.565558672
4853,160748.5543,383526.186,382.96521,0,0,0,0,0,0,0.805126905
4855,160491.847,386309.8555,307.8999939,109,111,128.9965795,121.8170066,11,20,0.557719767
4856,161456.761,384243.87,416.5585327,190,207,290.6023465,197.6820818,-9,101,0.537285328
4857,163883.1759,383505.3638,372.5,190,207,290.6023465,197.6820818,-9,101,0.612023354
4862,158510.8903,383616.2973,281.6055908,64,77,137.9110689,110.1706551,33,74,0.546010613
4863,160508.8226,381523.599,272.3364563,64,77,137.9110689,110.1706551,33,74,0.682630122
4865,159898.6888,382240.4487,239.4224548,64,77,137.9110689,110.1706551,33,74,0.57360369
4871,161528.3866,387883.0198,309.7319641,190,207,290.6023465,197.6820818,-9,101,0.536639452
4874,160836.2831,384139.2969,255.8288422,190,207,290.6023465,197.6820818,-9,101,0.742627561
4876,162347.6206,381549.5042,420,190,207,290.6023465,197.6820818,-9,101,0.795841336
4877,163812.5605,381773.3416,440.2799988,190,207,290.6023465,197.6820818,-9,101,0.624855578
4883,159304.0249,384790.4883,446.2195435,109,111,128.9965795,121.8170066,11,20,0.568154395
4884,163717.2136,382277.4861,400.2149048,190,207,290.6023465,197.6820818,-9,101,0.652927816
4885,161329.7537,382200.5476,796.6865845,190,207,290.6023465,197.6820818,-9,101,0.793141842
4888,159516.417,382216.8525,263.2421265,64,77,137.9110689,110.1706551,33,74,0.502681971
4889,159965.6763,387432.041,319.2414856,109,111,128.9965795,121.8170066,11,20,0.526949525
4890,163083.9588,383777.8549,531.015625,190,207,290.6023465,197.6820818,-9,101,0.717368841
4894,157757.7976,383542.2743,305.330658,64,77,137.9110689,110.1706551,33,74,0.551442504
4896,160214.7528,381005.0819,321.4599915,64,77,137.9110689,110.1706551,33,74,0.513155937
4897,160634.4955,382525.9109,370.4111938,64,77,137.9110689,110.1706551,33,74,0.853791296
4899,160084.9676,385395.0928,266.1000061,109,111,128.9965795,121.8170066,11,20,0.757317007
4900,163368.8872,380789.2538,941.4055176,190,207,290.6023465,197.6820818,-9,101,0.545978725
4901,164287.4498,384134.6776,340.4447937,190,207,290.6023465,197.6820818,-9,101,0.5386796
4902,160132.5796,382493.6134,303.6807861,64,77,137.9110689,110.1706551,33,74,0.711252689
4903,158699.559,380703.7913,335.3999939,64,77,137.9110689,110.1706551,33,74,0.503486812
4904,162069.1476,386042.2594,292.8389587,190,207,290.6023465,197.6820818,-9,101,0.582291961
4905,162450.3906,381116.8652,319.0419922,190,207,290.6023465,197.6820818,-9,101,0.682124615
4911,161453.7054,381922.4904,954.4030151,190,207,290.6023465,197.6820818,-9,101,0.744690299
4912,160491.9615,381215.8786,300.8720093,64,77,137.9110689,110.1706551,33,74,0.588813186
4913,158889.2162,384939.3712,885.0463867,109,111,128.9965795,121.8170066,11,20,0.556120217
4916,158940.5249,382929.2278,338.9518433,64,77,137.9110689,110.1706551,33,74,0.563183308
4918,161218.5479,381793.8372,762.2976685,190,207,290.6023465,197.6820818,-9,101,0.702303469
4919,160840.4816,384546.7805,284,109,111,128.9965795,121.8170066,11,20,0.652469397
4920,161202.9944,386851.1272,362.2616577,109,111,128.9965795,121.8170066,11,20,0.554045737
4922,159189.3108,385142.2005,648.9308472,109,111,128.9965795,121.8170066,11,20,0.568498731
4924,163576.0024,384155.2164,444.9738159,190,207,290.6023465,197.6820818,-9,101,0.585800707
4932,163058.7691,384215.3347,70.87774658,190,207,290.6023465,197.6820818,-9,101,0.514315546
4937,161300.6931,385430.2135,267.2399902,190,207,290.6023465,197.6820818,-9,101,0.551814973
4939,159030.4446,385092.5244,768.1456299,109,111,128.9965795,121.8170066,11,20,0.559757769
4942,160240.6054,385511.2536,260.4960632,109,111,128.9965795,121.8170066,11,20,0.756411493
4945,160861.4365,385685.5836,294.3999939,109,111,128.9965795,121.8170066,11,20,0.641687453
4947,158789.1868,384907.7452,884.4008789,109,111,128.9965795,121.8170066,11,20,0.537416279
4949,162712.9466,380742.1498,675.8710327,190,207,290.6023465,197.6820818,-9,101,0.525861442
4951,161695.549,388074.2004,298.7999878,190,207,290.6023465,197.6820818,-9,101,0.507336378
4952,158339.1252,381397.3623,301.7912598,64,77,137.9110689,110.1706551,33,74,0.642471671
4954,163607.424,382922.35,284.4269104,190,207,290.6023465,197.6820818,-9,101,0.741988122
4958,164003.8416,382730.9332,335.3891907,190,207,290.6023465,197.6820818,-9,101,0.549139678
4960,161919.2781,383376.5895,575.0874023,190,207,290.6023465,197.6820818,-9,101,0.661618114
4963,158242.3311,383184.2002,355.4428711,64,77,137.9110689,110.1706551,33,74,0.552098393
4967,162099.7565,387949.5853,330.4436646,190,207,290.6023465,197.6820818,-9,101,0.611222565
4968,161205.2079,383885.0254,296.9534912,190,207,290.6023465,197.6820818,-9,101,0.666522682
4969,160723.5107,382160.0665,522.3273926,64,77,137.9110689,110.1706551,33,74,0.764446199
4970,158075.648,383541.3132,339.4429932,64,77,137.9110689,110.1706551,33,74,0.591503441
4971,158433.5582,383283.3972,307.6480103,64,77,137.9110689,110.1706551,33,74,0.596981406
4973,159398.5507,383651.4327,227.3961792,64,77,137.9110689,110.1706551,33,74,0.697073162
4974,159921.7328,387892.0743,308.6666565,190,207,290.6023465,197.6820818,-9,101,0.551837087
4975,161599.2477,383815.8138,376.1872253,190,207,290.6023465,197.6820818,-9,101,0.557009935
4976,161275.6825,387239.4913,303.1319885,190,207,290.6023465,197.6820818,-9,101,0.559617162
4978,160708.3977,384098.184,240.3000031,109,111,128.9965795,121.8170066,11,20,0.742125988
4990,159596.7297,385471.9472,501.9381104,109,111,128.9965795,121.8170066,11,20,0.673719585
4991,162584.6565,387761.0763,249.2247162,190,207,290.6023465,197.6820818,-9,101,0.626502395
4995,160289.9479,384244.7528,227.2885437,109,111,128.9965795,121.8170066,11,20,0.677567542
4999,159730.9394,384323.2361,312.3108215,109,111,128.9965795,121.8170066,11,20,0.636987388
5000,160421.2324,381813.6682,390.4986267,64,77,137.9110689,110.1706551,33,74,0.67582351
5001,160752.1833,383089.092,536.6937866,64,77,137.9110689,110.1706551,33,74,0.838933587
5003,162047.5807,387612.194,289.6403198,190,207,290.6023465,197.6820818,-9,101,0.658259511
5008,162797.5811,383803.2722,920.7855835,190,207,290.6023465,197.6820818,-9,101,0.723792434
5011,162941.0524,382942.341,395.6631165,190,207,290.6023465,197.6820818,-9,101,0.738531113
5012,161833.3142,381506.9749,328.6183167,190,207,290.6023465,197.6820818,-9,101,0.697356045
5014,162626.9442,380837.1556,363.2727356,190,207,290.6023465,197.6820818,-9,101,0.554140925
5015,160645.1896,384602.732,371.9718628,109,111,128.9965795,121.8170066,11,20,0.70444876
5016,160968.2457,384132.4713,321.3599854,190,207,290.6023465,197.6820818,-9,101,0.717824876
5018,161333.332,383276.0693,293.0938416,109,111,128.9965795,121.8170066,11,20,0.623685896
5019,161056.4502,383307.1448,475.8308105,109,111,128.9965795,121.8170066,11,20,0.703415096
5021,158801.7889,381786.3109,405.4400024,64,77,137.9110689,110.1706551,33,74,0.543331981
5030,159803.962,385527.2597,362.8800049,109,111,128.9965795,121.8170066,11,20,0.720262349
5031,162165.3276,385137.6969,376.3954773,190,207,290.6023465,197.6820818,-9,101,0.501559854
5033,158304.4097,384187.5053,465.960083,64,77,137.9110689,110.1706551,33,74,0.518153548
5040,160605.1717,384792.2539,312.6000061,109,111,128.9965795,121.8170066,11,20,0.714368522
5044,164095.1936,384337.1356,442.1210022,190,207,290.6023465,197.6820818,-9,101,0.555951416
5047,163339.7167,381004.8573,463.3999939,190,207,290.6023465,197.6820818,-9,101,0.688390672
5048,162529.5385,381804.6468,361.1600037,190,207,290.6023465,197.6820818,-9,101,0.845992684
5054,159834.6153,382508.4373,308.8176575,64,77,137.9110689,110.1706551,33,74,0.575808764
5060,161013.4072,382725.9888,317.3399963,64,77,137.9110689,110.1706551,33,74,0.843608797
5062,158955.9379,382826.2725,349.4370117,64,77,137.9110689,110.1706551,33,74,0.533109188
5066,162142.7144,381307.9594,373.4441833,190,207,290.6023465,197.6820818,-9,101,0.687937796
5068,163645.4549,382006.7107,326.4184875,190,207,290.6023465,197.6820818,-9,101,0.707891822
5071,163216.4175,381137.9455,343.3628845,190,207,290.6023465,197.6820818,-9,101,0.764144063
5073,160331.8828,387031.6945,253.2256165,109,111,128.9965795,121.8170066,11,20,0.564069569
5078,161070.3401,384927.3681,270.0531921,109,111,128.9965795,121.8170066,11,20,0.580576777
5079,162750.6006,387818.6393,315.7437744,190,207,290.6023465,197.6820818,-9,101,0.556196928
5089,159895.5441,383672.9738,406.9295959,64,77,137.9110689,110.1706551,33,74,0.709862351
5090,159161.9005,381189.2687,291.0400085,64,77,137.9110689,110.1706551,33,74,0.612235904
5094,160776.4503,385383.1865,320.1910095,109,111,128.9965795,121.8170066,11,20,0.695827961
5101,163102.7107,381510.6974,336.2000122,190,207,290.6023465,197.6820818,-9,101,0.849645674
5107,159559.6687,381500.9481,280.2919617,64,77,137.9110689,110.1706551,33,74,0.643023133
5108,160989.7056,382015.6017,450.3635864,64,77,137.9110689,110.1706551,33,74,0.720389605
5109,158488.1029,381829.5575,434.7345276,64,77,137.9110689,110.1706551,33,74,0.532928109
5121,162455.2821,382906.3049,390.5700073,190,207,290.6023465,197.6820818,-9,101,0.766488552
5123,159574.5396,381028.8837,271.0799866,64,77,137.9110689,110.1706551,33,74,0.589485347
5125,157364.9594,383588.7672,535.4101563,64,77,137.9110689,110.1706551,33,74,0.574525535
5131,160048.2897,384953.62,360.7073364,109,111,128.9965795,121.8170066,11,20,0.733935952
5133,161608.2604,384982.2233,273.6600037,190,207,290.6023465,197.6820818,-9,101,0.522591949
5140,160501.0114,386442.192,444.2358704,109,111,128.9965795,121.8170066,11,20,0.552407086
5141,159302.1342,383428.2401,318.2720337,64,77,137.9110689,110.1706551,33,74,0.707023978
5145,159813.4504,384658.8658,218.8378906,109,111,128.9965795,121.8170066,11,20,0.659691393
5146,162324.4301,387702.9698,307.7062683,190,207,290.6023465,197.6820818,-9,101,0.679717064
5147,159789.8413,383541.1567,372.5238037,64,77,137.9110689,110.1706551,33,74,0.765673339
5159,161956.3214,387539.3096,296.3525085,190,207,290.6023465,197.6820818,-9,101,0.657982886
5164,162197.7482,381777.0384,292.5499878,190,207,290.6023465,197.6820818,-9,101,0.831212401
5166,162828.4634,382706.0995,538.6838989,190,207,290.6023465,197.6820818,-9,101,0.72609663
5167,159459.0317,384740.4504,342.4592896,109,111,128.9965795,121.8170066,11,20,0.57711488
5171,162595.884,382489.7669,611.1640015,190,207,290.6023465,197.6820818,-9,101,0.718822956
5172,159727.3379,381851.9923,232.1041718,64,77,137.9110689,110.1706551,33,74,0.594559431
5173,159268.1602,384166.3413,284.3426208,64,77,137.9110689,110.1706551,33,74,0.617447257
5174,158867.6846,383620.9597,274.6143188,64,77,137.9110689,110.1706551,33,74,0.565346777
5175,164120.185,383307.3379,241.9199982,190,207,290.6023465,197.6820818,-9,101,0.525717556
5176,160916.2346,386447.7705,293.7258606,109,111,128.9965795,121.8170066,11,20,0.526833177
5179,161180.2703,381944.3693,740.8901978,190,207,290.6023465,197.6820818,-9,101,0.729121208
5181,160741.4638,385884.8794,264.3418884,109,111,128.9965795,121.8170066,11,20,0.626210988
5182,159280.4349,383140.5187,304.2440491,64,77,137.9110689,110.1706551,33,74,0.617135227
5184,161849.3076,383866.2169,477.5091248,190,207,290.6023465,197.6820818,-9,101,0.521977723
5189,163617.5983,381885.4755,312.8000183,190,207,290.6023465,197.6820818,-9,101,0.728852987
5195,160447.931,385119.842,332.0417786,109,111,128.9965795,121.8170066,11,20,0.756219983
5196,160681.1128,385517.518,393.7799988,109,111,128.9965795,121.8170066,11,20,0.712423861
5200,160485.9092,384014.3457,343.7999878,109,111,128.9965795,121.8170066,11,20,0.742921174
5204,162024.047,383121.4393,425.3999939,190,207,290.6023465,197.6820818,-9,101,0.693391681
5205,161283.4383,384884.2916,325.6575012,190,207,290.6023465,197.6820818,-9,101,0.503836393
5206,159012.2373,381621.4013,402.9358826,64,77,137.9110689,110.1706551,33,74,0.595010459
5207,161269.1603,383389.3338,415.3110962,109,111,128.9965795,121.8170066,11,20,0.636692643
5212,158450.8364,384266.9826,494.5960083,64,77,137.9110689,110.1706551,33,74,0.516309023
5213,162725.3891,387517.1967,309.0599976,190,207,290.6023465,197.6820818,-9,101,0.586863756
5216,162732.0577,382210.6436,437.6263123,190,207,290.6023465,197.6820818,-9,101,0.725774825
5218,161930.0984,387801.9641,435.5621033,190,207,290.6023465,197.6820818,-9,101,0.615648091
5221,160437.3651,385299.9474,322.5284424,109,111,128.9965795,121.8170066,11,20,0.754926026
5222,160285.3843,383911.9602,356.9200134,64,77,137.9110689,110.1706551,33,74,0.717020035
5225,160069.4185,387466.2512,323.8802185,190,207,290.6023465,197.6820818,-9,101,0.535470366
5227,163395.6121,381252.3693,293.9678345,190,207,290.6023465,197.6820818,-9,101,0.763434768
5228,160761.3782,387005.6673,309.480011,109,111,128.9965795,121.8170066,11,20,0.543889284
5229,158753.2194,380792.2556,376.9465942,64,77,137.9110689,110.1706551,33,74,0.520335078
5232,163832.7984,383905.1404,293.6000061,190,207,290.6023465,197.6820818,-9,101,0.599784851
5233,160673.291,386413.2478,253.7715454,109,111,128.9965795,121.8170066,11,20,0.561418116
5235,162151.8397,387145.774,279.721405,190,207,290.6023465,197.6820818,-9,101,0.536818027
5237,162358.1909,381673.7522,333.8770142,190,207,290.6023465,197.6820818,-9,101,0.836679518
5239,160477.2284,387716.5631,303.4599915,190,207,290.6023465,197.6820818,-9,101,0.510231256
5242,163668.8324,384196.6584,463.8274231,190,207,290.6023465,197.6820818,-9,101,0.56254828
5244,163242.7101,381442.2726,279.1504822,190,207,290.6023465,197.6820818,-9,101,0.826716542
5246,157314.391,383384.8557,490.7446899,64,77,137.9110689,110.1706551,33,74,0.575306177
5252,162755.9016,383135.6468,291.891449,190,207,290.6023465,197.6820818,-9,101,0.794430733
5259,160307.6005,383810.6067,349.2385864,64,77,137.9110689,110.1706551,33,74,0.717909098
5260,158312.5868,383572.8001,284.1199951,64,77,137.9110689,110.1706551,33,74,0.553848088
5262,163511.8768,383872.3695,368.7999878,190,207,290.6023465,197.6820818,-9,101,0.67407757
5268,160024.517,382896.2487,650.3892822,64,77,137.9110689,110.1706551,33,74,0.735559583
5269,163541.9786,381467.4527,387.0004578,190,207,290.6023465,197.6820818,-9,101,0.763956547
5270,159378.7984,381744.9407,238.3400116,64,77,137.9110689,110.1706551,33,74,0.56550318
5272,157720.9626,383102.1463,417.9076538,64,77,137.9110689,110.1706551,33,74,0.540881813
5274,159375.9944,385547.0706,526.5331421,109,111,128.9965795,121.8170066,11,20,0.588752627
5275,162294.6694,382127.6515,435.5966187,190,207,290.6023465,197.6820818,-9,101,0.78066206
5276,163296.3605,382430.3596,388.5033569,190,207,290.6023465,197.6820818,-9,101,0.754433453
5280,160601.9979,386110.6918,252.880188,109,111,128.9965795,121.8170066,11,20,0.594424427
5281,160365.9574,387898.5878,297.2993469,190,207,290.6023465,197.6820818,-9,101,0.51466316
5282,160835.4729,381245.9858,378.8068542,190,207,290.6023465,197.6820818,-9,101,0.545840323
5285,162217.4319,383541.0495,1052.438354,190,207,290.6023465,197.6820818,-9,101,0.72202754
5286,162190.5263,382571.4427,419.4859619,190,207,290.6023465,197.6820818,-9,101,0.780183971
5287,157513.195,382984.0726,454.2114258,64,77,137.9110689,110.1706551,33,74,0.529438138
5291,160398.4014,386820.9942,308.1499939,109,111,128.9965795,121.8170066,11,20,0.591765881
5292,160624.5962,387202.4007,321.4058228,109,111,128.9965795,121.8170066,11,20,0.569006383
5296,163825.0065,383394.7431,298,190,207,290.6023465,197.6820818,-9,101,0.638273001
5300,158561.2043,381535.2998,316.573822,64,77,137.9110689,110.1706551,33,74,0.605819106
5304,160243.4473,387615.6861,333.5152893,190,207,290.6023465,197.6820818,-9,101,0.539601088
5311,160333.4799,382788.3682,405.0108948,64,77,137.9110689,110.1706551,33,74,0.833417058
5313,161119.0462,382146.355,763.2227783,64,77,137.9110689,110.1706551,33,74,0.799120545
5314,161993.1197,381535.9493,365.6842346,190,207,290.6023465,197.6820818,-9,101,0.736694753
5316,161666.1843,385377.5135,302.2799988,190,207,290.6023465,197.6820818,-9,101,0.638023734
5317,161022.8829,383627.5066,416.7044373,109,111,128.9965795,121.8170066,11,20,0.707687438
5318,162791.4535,382121.2858,393.4801941,190,207,290.6023465,197.6820818,-9,101,0.746787548
5328,161158.1698,385255.1763,294.2999878,109,111,128.9965795,121.8170066,11,20,0.638738811
5330,159229.5784,384072.8502,285.9929199,64,77,137.9110689,110.1706551,33,74,0.605914295
5342,159954.6163,386018.72,337.8150024,109,111,128.9965795,121.8170066,11,20,0.594506502
5347,162286.7534,381910.4343,364.1199951,190,207,290.6023465,197.6820818,-9,101,0.82451427
5349,160737.2828,383884.6319,285.0993042,109,111,128.9965795,121.8170066,11,20,0.768527091
5350,160016.7326,387934.8184,332.505249,190,207,290.6023465,197.6820818,-9,101,0.551718056
5357,162559.7696,382857.1261,430.6485291,190,207,290.6023465,197.6820818,-9,101,0.713021517
5361,162312.6569,383456.6862,561.4539795,190,207,290.6023465,197.6820818,-9,101,0.732411504
5367,163123.4155,383058.551,303.5909424,190,207,290.6023465,197.6820818,-9,101,0.745691657
5370,161860.859,381033.3631,751.3797607,190,207,290.6023465,197.6820818,-9,101,0.54746604
5374,163804.4515,383619.6909,320.8500061,190,207,290.6023465,197.6820818,-9,101,0.621179402
5376,158395.2126,382885.3909,415.3386841,64,77,137.9110689,110.1706551,33,74,0.527270615
5379,161325.1404,381137.41,427.8822632,64,77,137.9110689,110.1706551,33,74,0.557486653
5381,159754.1579,383193.361,303.1650391,64,77,137.9110689,110.1706551,33,74,0.765639186
5383,160740.1991,386888.779,268.189209,109,111,128.9965795,121.8170066,11,20,0.59013468
5390,161611.5052,386897.095,364.6000061,109,111,128.9965795,121.8170066,11,20,0.514240205
5400,162798.7842,381513.5557,316.6000061,190,207,290.6023465,197.6820818,-9,101,0.822851002
5403,159602.6107,384744.8528,263.6104736,109,111,128.9965795,121.8170066,11,20,0.592021286
5406,162620.8563,381370.5295,341.7000122,190,207,290.6023465,197.6820818,-9,101,0.794074655
5408,158965.479,383518.1281,281.6484375,64,77,137.9110689,110.1706551,33,74,0.596486032
5409,161732.1784,387068.3586,351.6987305,109,111,128.9965795,121.8170066,11,20,0.548851848
5417,160199.1996,382609.383,288,64,77,137.9110689,110.1706551,33,74,0.742690325
5423,164255.405,384314.4791,419.7180786,190,207,290.6023465,197.6820818,-9,101,0.517565191
5424,157202.169,383628.4447,694.9199829,64,77,137.9110689,110.1706551,33,74,0.557419419
5425,161827.9511,385700.1547,262.4963989,190,207,290.6023465,197.6820818,-9,101,0.668734193
5429,161724.9631,387754.7236,331.3651123,190,207,290.6023465,197.6820818,-9,101,0.598731279
5430,159444.3739,384274.8087,336.151123,64,77,137.9110689,110.1706551,33,74,0.661023676
5433,158256.2291,381336.2167,315.25,64,77,137.9110689,110.1706551,33,74,0.658741951
5443,157835.8983,380896.4939,341.8355408,64,77,137.9110689,110.1706551,33,74,0.563530803
5450,159854.5593,382944.8303,826.0657349,64,77,137.9110689,110.1706551,33,74,0.677604675
5451,161266.0541,384352.5882,445.2044678,190,207,290.6023465,197.6820818,-9,101,0.571356952
5452,160247.8917,385369.1147,260.0436707,109,111,128.9965795,121.8170066,11,20,0.765398979
5453,163683.1014,384328.4239,558.7901001,190,207,290.6023465,197.6820818,-9,101,0.542300105
5454,159043.9533,383817.6916,288.6059265,64,77,137.9110689,110.1706551,33,74,0.551465452
5455,159477.5624,382899.8342,459.2169189,64,77,137.9110689,110.1706551,33,74,0.571805239
5456,158630.7206,381319.7318,372.7446594,64,77,137.9110689,110.1706551,33,74,0.644201159
5460,161220.6096,383117.5427,300.7000122,64,77,137.9110689,110.1706551,33,74,0.692244411
5464,163564.8094,383412.1064,301.3760071,190,207,290.6023465,197.6820818,-9,101,0.699925661
5472,163970.9597,383167.2273,301.7598267,190,207,290.6023465,197.6820818,-9,101,0.573691308
5477,159459.1284,381578.7651,270.0274963,64,77,137.9110689,110.1706551,33,74,0.605121017
5478,158667.2287,383885.1155,291.7600098,64,77,137.9110689,110.1706551,33,74,0.505405784
5479,163217.0265,381809.7377,410.6294861,190,207,290.6023465,197.6820818,-9,101,0.800970018
5481,159564.2827,384069.0469,313.1611938,109,111,128.9965795,121.8170066,11,20,0.682643831
5484,158010.1857,381199.3278,257.8529663,64,77,137.9110689,110.1706551,33,74,0.584878266
5485,162831.9082,381944.6255,398.9328003,190,207,290.6023465,197.6820818,-9,101,0.790153623
5487,158311.4457,381753.2336,417.3785095,64,77,137.9110689,110.1706551,33,74,0.519392312
5490,160362.7077,383640.1005,347.592041,64,77,137.9110689,110.1706551,33,74,0.749263465
5493,160940.498,385175.6872,340.2083435,109,111,128.9965795,121.8170066,11,20,0.672642529
5494,160343.4847,382572.2533,253.3996582,64,77,137.9110689,110.1706551,33,74,0.78339684
5505,162356.7059,381197.1689,310.56604,190,207,290.6023465,197.6820818,-9,101,0.694945753
5519,161220.3778,382682.56,434,64,77,137.9110689,110.1706551,33,74,0.790842175
5521,161287.5582,387825.3264,313.8001404,190,207,290.6023465,197.6820818,-9,101,0.542175412
5522,163384.5923,382809.2566,328.3842163,190,207,290.6023465,197.6820818,-9,101,0.748310089
5523,157390.2193,383685.9985,559.5653076,64,77,137.9110689,110.1706551,33,74,0.561340988
5526,161888.9915,382200.4502,365.4365234,190,207,290.6023465,197.6820818,-9,101,0.800171852
5528,162060.7376,380928.7688,552.7600098,190,207,290.6023465,197.6820818,-9,101,0.53427434
5529,163462.4507,384352.5316,620.798584,190,207,290.6023465,197.6820818,-9,101,0.518458188
5537,159299.2648,381509.0343,255.6000061,64,77,137.9110689,110.1706551,33,74,0.597118437
5538,161656.3548,382595.4409,544.1971436,190,207,290.6023465,197.6820818,-9,101,0.711320639
5539,162788.7526,381406.62,379.1799927,190,207,290.6023465,197.6820818,-9,101,0.803267539
5540,160999.6086,386255.9533,296.3443909,109,111,128.9965795,121.8170066,11,20,0.509712577
5544,161194.3602,385479.5171,271.8500061,109,111,128.9965795,121.8170066,11,20,0.670408726
5545,162063.0622,383825.5753,655.0578613,190,207,290.6023465,197.6820818,-9,101,0.563782156
5551,163331.3152,381613.0084,401.0918274,190,207,290.6023465,197.6820818,-9,101,0.833717048
5555,162376.7141,383144.7704,370.5959473,190,207,290.6023465,197.6820818,-9,101,0.766749859
5557,159580.3248,380845.6685,324.4231262,64,77,137.9110689,110.1706551,33,74,0.500241041
5560,159298.1834,385304.4752,568.8258667,109,111,128.9965795,121.8170066,11,20,0.576033592
5561,162142.4268,381588.1851,360.3929443,190,207,290.6023465,197.6820818,-9,101,0.789989531
5562,163529.8018,383112.4988,294.6176453,190,207,290.6023465,197.6820818,-9,101,0.748736978
5563,158881.348,384609.0941,793.1199951,109,111,128.9965795,121.8170066,11,20,0.589717984
5564,157853.8779,381100.8468,203.0663757,64,77,137.9110689,110.1706551,33,74,0.531707942
5566,159838.5144,381147.6522,306.9824524,64,77,137.9110689,110.1706551,33,74,0.638248026
5567,160595.539,384042.9996,324.5835571,109,111,128.9965795,121.8170066,11,20,0.720866561
5569,159036.6165,380925.0307,357.3297424,64,77,137.9110689,110.1706551,33,74,0.534308195
5570,157753.2337,383355.0375,353.7752991,64,77,137.9110689,110.1706551,33,74,0.533664763
5576,159187.3914,381867.7795,411.0904846,64,77,137.9110689,110.1706551,33,74,0.522065222
5580,162008.6207,381171.7442,402.3599854,190,207,290.6023465,197.6820818,-9,101,0.619882226
5585,160634.0663,384488.7639,318.4665833,109,111,128.9965795,121.8170066,11,20,0.713508248
5587,161941.418,382679.1043,407.7399597,190,207,290.6023465,197.6820818,-9,101,0.750666976
5590,160470.2912,381618.1636,318.4399109,64,77,137.9110689,110.1706551,33,74,0.692643464
5591,160902.0384,386201.4702,313.4926147,109,111,128.9965795,121.8170066,11,20,0.540485144
5594,159740.154,385141.8851,283.3765869,109,111,128.9965795,121.8170066,11,20,0.711382627
5595,158001.0034,383017.7545,421.0076294,64,77,137.9110689,110.1706551,33,74,0.523776174
5606,163881.5934,381325.3082,650.6400146,190,207,290.6023465,197.6820818,-9,101,0.544892728
5608,162563.3376,387261.205,305.5136108,190,207,290.6023465,197.6820818,-9,101,0.550314367
5609,160560.5987,386999.1135,329.4416809,109,111,128.9965795,121.8170066,11,20,0.589195013
5610,161867.5223,385414.3661,250.3343964,190,207,290.6023465,197.6820818,-9,101,0.665802836
5613,159717.5509,383703.1261,329.8999939,64,77,137.9110689,110.1706551,33,74,0.733178914
5614,160826.5966,382590.4799,400.8399963,64,77,137.9110689,110.1706551,33,74,0.84801203
5615,161056.7917,382836.5381,322.6000061,64,77,137.9110689,110.1706551,33,74,0.840803921
5618,161037.7858,384418.6447,291.2529907,109,111,128.9965795,121.8170066,11,20,0.623684406
5624,160130.9731,388081.9722,447.8316956,190,207,290.6023465,197.6820818,-9,101,0.530425012
5625,161982.8726,382419.07,382.4599915,190,207,290.6023465,197.6820818,-9,101,0.779365838
5629,158787.1922,384457.7765,628.0123901,64,77,137.9110689,110.1706551,33,74,0.551608324
5634,160935.0697,387224.3768,338.261322,190,207,290.6023465,197.6820818,-9,101,0.558149457
5636,157295.9146,383036.528,455.4950867,64,77,137.9110689,110.1706551,33,74,0.515179157
5639,157936.7944,380840.4377,400.2470093,64,77,137.9110689,110.1706551,33,74,0.556779802
5641,159818.9975,381453.2607,299.5916443,64,77,137.9110689,110.1706551,33,74,0.687320113
5647,162235.8413,385740.866,650.088562,190,207,290.6023465,197.6820818,-9,101,0.609457254
5653,159358.5569,381878.3458,286.0799866,64,77,137.9110689,110.1706551,33,74,0.52876544
5655,159536.4795,385810.8914,449.0401306,109,111,128.9965795,121.8170066,11,20,0.520485878
5657,163208.6505,381030.6175,419.4153442,190,207,290.6023465,197.6820818,-9,101,0.744529188
5663,159823.8381,386029.8587,339.6803284,109,111,128.9965795,121.8170066,11,20,0.566384733
5667,162650.0413,381941.8413,442.3486633,190,207,290.6023465,197.6820818,-9,101,0.792610824
5674,161430.785,386755.8166,335.2799988,109,111,128.9965795,121.8170066,11,20,0.536350846
5675,159742.9631,384122.891,410.4328613,109,111,128.9965795,121.8170066,11,20,0.677048922
5680,161370.8684,385568.7195,293.8181152,190,207,290.6023465,197.6820818,-9,101,0.63172096
5681,163784.8966,381664.6483,610.4425659,190,207,290.6023465,197.6820818,-9,101,0.638267636
5682,159892.3906,380951.4712,302.500061,64,77,137.9110689,110.1706551,33,74,0.566544592
5686,158227.4779,381529.3426,423.000824,64,77,137.9110689,110.1706551,33,74,0.605986714
5689,159421.9902,380838.2443,454.361145,64,77,137.9110689,110.1706551,33,74,0.509537339
5695,160471.013,384652.7466,295.1940918,109,111,128.9965795,121.8170066,11,20,0.743851602
5696,156960.6815,383224.7713,418.5599976,64,77,137.9110689,110.1706551,33,74,0.512091756
5705,158897.2811,381455.0946,479.2016907,64,77,137.9110689,110.1706551,33,74,0.598117292
5708,162870.8982,382517.6249,441.4337769,190,207,290.6023465,197.6820818,-9,101,0.707691729
5709,163897.4692,383993.435,345.1218262,190,207,290.6023465,197.6820818,-9,101,0.594345748
5710,160303.1991,386239.0754,247.003479,109,111,128.9965795,121.8170066,11,20,0.60224092
5715,164333.7975,384045.8649,278.3049011,190,207,290.6023465,197.6820818,-9,101,0.517222822
5716,159660.2217,385934.4768,436.697113,109,111,128.9965795,121.8170066,11,20,0.520171821
5718,161635.3075,382761.8746,527.0316772,190,207,290.6023465,197.6820818,-9,101,0.695590794
5724,160019.2046,386362.233,491.7744751,109,111,128.9965795,121.8170066,11,20,0.512147486
5725,157854.7292,383185.0524,392.5377808,64,77,137.9110689,110.1706551,33,74,0.538945854
5729,161504.6621,384003.6237,367.7240906,190,207,290.6023465,197.6820818,-9,101,0.594491065
5735,162995.5215,383175.9567,249.8200073,190,207,290.6023465,197.6820818,-9,101,0.816599488
5737,160314.7427,384016.8358,314.5942993,109,111,128.9965795,121.8170066,11,20,0.712622106
5738,159551.0781,381774.4269,315.2378235,64,77,137.9110689,110.1706551,33,74,0.58850044
5740,162830.8378,381296.3609,479.496582,190,207,290.6023465,197.6820818,-9,101,0.785258234
5741,162170.3513,388048.5855,291.4298706,190,207,290.6023465,197.6820818,-9,101,0.581144452
5747,161036.4233,387273.0084,279.5392761,190,207,290.6023465,197.6820818,-9,101,0.546725869
5748,160872.3346,384808.8326,193.8399963,109,111,128.9965795,121.8170066,11,20,0.620719016
5751,162088.8121,383005.4736,372.8399963,190,207,290.6023465,197.6820818,-9,101,0.708259702
5753,158466.616,383944.3615,274.4755249,64,77,137.9110689,110.1706551,33,74,0.502556622
5757,160026.9133,383483.2475,365.8999939,64,77,137.9110689,110.1706551,33,74,0.754837275
5760,163922.3057,384447.175,404.729126,190,207,290.6023465,197.6820818,-9,101,0.524961948
5761,160948.6013,383732.8069,334.1054993,0,0,0,0,0,0,0.755705595
5762,163106.6683,382078.0285,288.5,190,207,290.6023465,197.6820818,-9,101,0.771660984
5765,162489.1009,387730.4755,267.9200134,190,207,290.6023465,197.6820818,-9,101,0.642515719
5768,159810.5885,380841.1789,305.342865,64,77,137.9110689,110.1706551,33,74,0.519958794
5771,159270.3582,383866.7991,258.5933533,64,77,137.9110689,110.1706551,33,74,0.616023898
5778,161165.9202,384847.8817,289.868927,109,111,128.9965795,121.8170066,11,20,0.543498099
5783,157379.735,382961.8165,467.2084656,64,77,137.9110689,110.1706551,33,74,0.515198112
5784,162261.6732,381009.0909,374.6799927,190,207,290.6023465,197.6820818,-9,101,0.619781077
5786,157073.348,383368.0957,416.5,64,77,137.9110689,110.1706551,33,74,0.551126063
5787,160118.0786,385900.2004,314.8999939,109,111,128.9965795,121.8170066,11,20,0.652422011
5793,160096.7673,384254.5472,337.6910095,109,111,128.9965795,121.8170066,11,20,0.695967138
5795,159656.2632,383478.3539,319.4221191,64,77,137.9110689,110.1706551,33,74,0.773486972
5797,159970.4444,382100.1878,234.5466461,64,77,137.9110689,110.1706551,33,74,0.596194804
5801,161615.9123,387089.796,335.8800049,109,111,128.9965795,121.8170066,11,20,0.553738236
5802,162372.9131,383684.8839,1400.319946,190,207,290.6023465,197.6820818,-9,101,0.727028847
5803,158569.7431,384410.8225,601.9820557,64,77,137.9110689,110.1706551,33,74,0.538085103
5804,160942.0286,383413.3153,479.7918396,109,111,128.9965795,121.8170066,11,20,0.722328901
5805,161268.6986,386685.4487,280.2181702,109,111,128.9965795,121.8170066,11,20,0.510887682
5806,158141.5016,383202.167,338.4998474,64,77,137.9110689,110.1706551,33,74,0.556615174
5812,162057.7413,385818.7771,304.5339966,190,207,290.6023465,197.6820818,-9,101,0.634549081
5813,158208.1552,383372.6784,300.8800049,64,77,137.9110689,110.1706551,33,74,0.559149981
5815,161030.9614,386720.515,293.0491333,109,111,128.9965795,121.8170066,11,20,0.553186893
5817,160161.2895,388201.2489,486.1000061,190,207,290.6023465,197.6820818,-9,101,0.516108632
5818,162029.5191,385446.5172,271.234375,190,207,290.6023465,197.6820818,-9,101,0.642689466
5819,159789.3874,383302.8716,345.3999939,64,77,137.9110689,110.1706551,33,74,0.771025419
5830,162462.0517,381358.1463,368.2521057,190,207,290.6023465,197.6820818,-9,101,0.767048657
5831,163242.3314,382668.0897,339.8471375,190,207,290.6023465,197.6820818,-9,101,0.756201863
5832,160264.8661,385735.4137,362.995636,109,111,128.9965795,121.8170066,11,20,0.726460099
5836,159087.6967,383544.0922,262.2772217,64,77,137.9110689,110.1706551,33,74,0.658054769
5841,162607.533,383467.489,443.0799866,190,207,290.6023465,197.6820818,-9,101,0.787728906
5843,163608.3323,382243.1426,334.8284302,190,207,290.6023465,197.6820818,-9,101,0.684017539
5845,162337.1233,383903.3268,703.3706665,190,207,290.6023465,197.6820818,-9,101,0.556138933
5849,158739.2454,383202.5882,350.7296448,64,77,137.9110689,110.1706551,33,74,0.643101454
5851,159621.1421,383951.5145,321.4183044,64,77,137.9110689,110.1706551,33,74,0.717891097
5852,162359.2677,382749.9212,355.4093933,190,207,290.6023465,197.6820818,-9,101,0.736508191
5858,158423.7867,380897.9122,359.9046936,64,77,137.9110689,110.1706551,33,74,0.608739734
5862,159495.1967,384574.9808,333.769165,109,111,128.9965795,121.8170066,11,20,0.578884006
5865,160204.8986,388002.0511,377.1954956,190,207,290.6023465,197.6820818,-9,101,0.540311933
5869,161714.389,382295.5114,1085.939941,190,207,290.6023465,197.6820818,-9,101,0.774633288
5871,161274.6597,381459.4357,637.9073486,190,207,290.6023465,197.6820818,-9,101,0.6108374
5872,162463.618,383269.9219,280.3603821,190,207,290.6023465,197.6820818,-9,101,0.777309358
5874,162057.1606,383274.4362,486.5273743,190,207,290.6023465,197.6820818,-9,101,0.682471216
5879,157496.9235,383379.5289,408.8297424,64,77,137.9110689,110.1706551,33,74,0.560231566
5885,161894.6806,382925.6876,343.1975403,190,207,290.6023465,197.6820818,-9,101,0.670961678
5886,160419.6282,387378.9655,295.1099854,109,111,128.9965795,121.8170066,11,20,0.569740653
5890,162909.3375,383883.2751,869.7697144,190,207,290.6023465,197.6820818,-9,101,0.672592103
5894,161553.4333,382549.9688,1186.977295,190,207,290.6023465,197.6820818,-9,101,0.723974049
5896,160969.5293,382317.4933,551.0999756,64,77,137.9110689,110.1706551,33,74,0.816702485
5900,159807.6611,383865.3765,400.8641663,64,77,137.9110689,110.1706551,33,74,0.693374217
5901,160402.4147,388167.4099,446.313446,190,207,290.6023465,197.6820818,-9,101,0.519730687
5902,160919.2519,387600.4896,368.1612854,190,207,290.6023465,197.6820818,-9,101,0.518480718
5905,162725.4882,383570.583,438.1000061,190,207,290.6023465,197.6820818,-9,101,0.797545195
5907,164026.2326,383615.625,334.230011,190,207,290.6023465,197.6820818,-9,101,0.555916965
5912,158047.8689,380682.2412,551.7872314,64,77,137.9110689,110.1706551,33,74,0.511853993
5913,161419.4786,386549.6491,250.1483612,109,111,128.9965795,121.8170066,11,20,0.505714238
5915,161144.1592,387502.8264,320.5533447,190,207,290.6023465,197.6820818,-9,101,0.554439127
5917,160035.5738,381502.2875,297.0100708,64,77,137.9110689,110.1706551,33,74,0.712842345
5919,159479.9281,384916.5073,280.9387207,109,111,128.9965795,121.8170066,11,20,0.612998307
5924,162258.0229,383759.5729,888.4935913,190,207,290.6023465,197.6820818,-9,101,0.592033029
5930,160597.896,383053.1715,441.4168091,64,77,137.9110689,110.1706551,33,74,0.837576628
5931,159245.9688,381703.0019,261.6811523,64,77,137.9110689,110.1706551,33,74,0.563621581
5932,163542.715,381049.7236,341.9058228,190,207,290.6023465,197.6820818,-9,101,0.647819996
5934,160394.458,383434.4553,378.043335,64,77,137.9110689,110.1706551,33,74,0.79506588
5937,161584.7725,387220.6627,254.5,109,111,128.9965795,121.8170066,11,20,0.559363067
5941,159367.1849,381095.5774,289.709198,64,77,137.9110689,110.1706551,33,74,0.593084276
5943,160122.2244,381564.6238,274.8800049,64,77,137.9110689,110.1706551,33,74,0.706511736
5944,159147.9086,384903.4249,606.3342285,109,111,128.9965795,121.8170066,11,20,0.588391423
5949,161207.9072,383662.825,299.5942993,109,111,128.9965795,121.8170066,11,20,0.68048948
5955,162657.1622,383319.1931,299.0921936,190,207,290.6023465,197.6820818,-9,101,0.797798634
5956,161731.6399,382955.6859,347.2799988,109,111,128.9965795,121.8170066,11,20,0.65348804
5957,160578.3219,385754.6927,288.20578,109,111,128.9965795,121.8170066,11,20,0.66619736
5959,161625.3994,385917.1921,290.1199951,190,207,290.6023465,197.6820818,-9,101,0.594547331
5968,160220.7351,383422.9411,438.3200073,64,77,137.9110689,110.1706551,33,74,0.79144311
5973,161332.7672,387626.9488,323.9379883,190,207,290.6023465,197.6820818,-9,101,0.555097282
5976,162718.0712,381668.5528,346.3599854,190,207,290.6023465,197.6820818,-9,101,0.858765483
5980,163101.888,383965.8012,386.0163879,190,207,290.6023465,197.6820818,-9,101,0.625240743
5981,161414.9172,382565.8836,972.9104004,64,77,137.9110689,110.1706551,33,74,0.780514657
5985,159378.1396,385764.6569,502.8042297,109,111,128.9965795,121.8170066,11,20,0.506044567
5989,160496.4608,386786.9415,289.5,109,111,128.9965795,121.8170066,11,20,0.587363422
5990,161633.9427,387879.7736,308.0230103,190,207,290.6023465,197.6820818,-9,101,0.555109203
5993,160590.1691,385565.1266,357.2001953,109,111,128.9965795,121.8170066,11,20,0.709879816
5994,162188.7992,381078.4058,399.1400146,190,207,290.6023465,197.6820818,-9,101,0.632288516
5997,163275.9948,383941.3251,325.1307068,190,207,290.6023465,197.6820818,-9,101,0.667615891
6000,161490.94,383559.1182,322.5411682,190,207,290.6023465,197.6820818,-9,101,0.611848295
