demand_i,station_j,m,t,flow_X,travel_time
4,1621,3,2,0.12259888252367623,123.49068450927734
62,1204,0,2,0.060132764217293605,124.80762481689453
74,1213,2,1,0.088,132.210205078125
95,1646,0,2,0.132,135.58953857421875
62,240,2,3,0.1,118.71685791015625
75,1500,1,3,0.03167433997051647,125.43285369873047
52,1391,0,1,0.088,111.52420806884766
46,1437,0,2,0.132,134.24464416503906
77,1743,3,1,0.088,117.96814727783203
58,810,3,3,0.1,126.07738494873047
67,1422,0,2,0.018760545614493473,130.15176391601562
89,31,0,3,0.01200000000000001,151.2565460205078
16,569,2,3,0.1,133.33192443847656
66,1549,1,2,0.12678416602977072,132.06277465820312
92,1485,0,2,0.132,128.9812774658203
33,519,3,1,0.088,129.72862243652344
52,944,2,1,0.088,117.03491973876953
24,475,2,2,0.132,124.61547088623047
93,1816,3,1,0.05227854570281265,115.24203491210938
24,998,1,2,0.132,128.33494567871094
107,562,1,2,0.007594360935345018,128.44171142578125
34,1100,3,2,0.132,126.4251937866211
92,2018,1,2,0.132,132.23635864257812
2,1162,0,3,0.022166598667221912,106.36582946777344
80,448,0,2,0.132,104.89043426513672
99,922,1,1,0.088,
1,1688,0,1,0.088,123.262451171875
95,417,2,0,0.0485438208679487,126.47764587402344
63,1688,0,0,0.04282279421554397,123.13948822021484
33,78,2,1,0.088,127.87297821044922
59,1740,0,0,0.06993202087760181,141.69007873535156
62,1852,2,1,0.08509020016890778,121.1866455078125
75,862,2,0,0.0012668253191070525,123.18672943115234
67,1,0,2,0.003511407166163494,150.8358612060547
82,330,2,3,0.1,134.62782287597656
49,439,2,2,0.132,123.97711944580078
95,2028,2,3,0.01200000000000001,133.58998107910156
84,401,2,1,0.0273144644898569,110.9894027709961
0,289,3,0,0.08193256706062929,117.00543212890625
3,1199,2,2,0.132,149.8568115234375
14,537,0,1,0.088,137.92333984375
32,1675,3,3,0.1,127.32746887207031
16,1711,1,1,0.088,138.2382049560547
0,636,0,3,0.1,119.20838165283203
93,1815,2,1,0.03864357640129959,117.9394760131836
52,274,2,2,0.132,115.54942321777344
66,1375,0,2,0.12437156884013534,131.9874725341797
105,744,0,1,0.088,143.1735382080078
74,1799,0,3,0.01200000000000001,145.28298950195312
71,1509,0,2,0.132,148.2989959716797
58,1754,2,2,0.132,128.6319580078125
28,1426,2,1,0.088,128.86752319335938
36,1001,3,3,0.1,126.90464782714844
92,79,0,3,0.09108123691495015,130.118896484375
70,529,2,3,0.08206877434157969,121.2844009399414
28,319,2,2,0.132,106.76277923583984
69,427,1,3,0.04468795980113155,138.5226593017578
70,659,3,2,0.0364722509289051,117.70347595214844
44,1889,3,2,0.132,138.0310516357422
105,1781,2,1,0.04792855201076829,139.02029418945312
33,1459,3,3,0.1,123.2021255493164
103,419,2,1,0.015301960311498969,140.38217163085938
52,1338,0,2,0.132,113.72921752929688
52,1369,2,1,0.088,125.00878143310547
32,22,1,3,0.1,129.44215393066406
89,518,2,3,0.01200000000000001,145.2440948486328
57,16,3,1,0.0377442166398457,127.61872863769531
92,615,2,0,0.154,126.69939422607422
92,368,2,2,0.132,133.63473510742188
58,1606,3,3,0.1,126.03926849365234
71,678,2,1,0.088,139.04981994628906
0,1088,1,1,0.088,122.53172302246094
112,921,2,1,0.088,121.8759536743164
0,1284,2,2,0.050802786109647835,118.5784912109375
54,1096,2,1,0.088,140.50599670410156
52,666,3,1,0.088,125.88329315185547
46,1894,1,3,0.01200000000000001,129.56178283691406
43,1930,2,1,0.06343085342604377,124.98405456542969
16,1106,3,2,0.132,136.03997802734375
43,1540,0,3,0.1,121.15424346923828
52,1710,1,3,0.01200000000000001,120.54310607910156
52,1937,1,2,0.132,113.63845825195312
68,1455,3,1,0.088,139.15538024902344
20,1671,2,3,0.01200000000000001,147.551513671875
15,2028,0,1,0.07261250584241882,135.84884643554688
52,831,2,1,0.088,119.42169952392578
31,705,3,1,0.088,123.20901489257812
34,1110,3,3,0.1,127.6542739868164
107,223,0,0,0.154,123.76400756835938
16,1494,1,3,0.1,138.017578125
62,888,0,2,0.132,119.53306579589844
32,1109,2,2,0.132,149.10964965820312
77,1953,2,3,0.1,120.82235717773438
24,1415,2,2,0.132,97.89253997802734
92,277,1,1,0.0780748586448807,136.6290740966797
71,238,0,2,0.132,136.8934326171875
28,369,1,1,0.062158477235780524,125.4077377319336
34,503,0,3,0.01200000000000001,134.35693359375
52,894,2,1,0.088,119.27938079833984
89,1354,0,1,0.088,153.74661254882812
92,1463,2,2,0.132,128.35452270507812
8,1235,2,2,0.132,128.80894470214844
63,1699,0,2,0.132,126.42735290527344
75,350,3,2,0.11757093395381951,125.70026397705078
52,877,2,3,0.1,110.40229034423828
30,1756,2,2,0.09250317932855978,114.3449935913086
32,1812,1,2,0.132,128.01446533203125
52,1402,1,2,0.132,118.49024200439453
44,786,0,3,0.1,138.05804443359375
56,1344,3,3,0.1,125.71691131591797
70,1745,3,3,0.07059130200838074,121.31935119628906
70,365,3,1,0.088,120.0744400024414
3,1872,1,1,0.088,151.40892028808594
59,755,2,1,0.088,145.277587890625
99,189,0,3,0.01200000000000001,137.8892364501953
28,871,3,1,0.088,105.81856536865234
52,1349,3,1,0.088,120.17220306396484
75,973,0,2,0.12113266008795373,131.6132049560547
61,1347,2,1,0.04032695024726185,135.0010223388672
14,1080,3,3,0.1,135.03521728515625
52,980,2,0,0.154,112.97105407714844
33,1155,0,2,0.132,127.78056335449219
49,426,0,2,0.132,127.85709381103516
11,159,0,2,0.132,140.83978271484375
28,347,2,2,0.132,110.48572540283203
93,781,2,3,0.1,115.86947631835938
46,363,0,0,0.012740178387458279,122.91857147216797
44,91,3,2,0.132,146.93707275390625
52,1465,1,2,0.132,110.89873504638672
59,1410,1,2,0.132,150.5833282470703
16,99,1,1,0.08416804820121443,139.86102294921875
8,901,0,0,0.154,125.13526916503906
52,1026,2,2,0.132,118.7978515625
107,994,1,3,0.1,124.20215606689453
32,674,0,2,0.132,128.83421325683594
28,206,2,2,0.132,108.41876220703125
56,901,3,3,0.03373523902462122,123.44461059570312
52,980,0,3,0.1,112.97105407714844
87,1932,0,2,0.132,138.92385864257812
102,1144,1,1,0.088,138.52903747558594
88,1318,3,2,0.132,137.11888122558594
70,511,3,0,0.05737719530462143,118.5927734375
18,1311,0,2,0.08918420847868924,135.96644592285156
46,1156,2,3,0.01200000000000001,126.96083068847656
88,1940,2,2,0.132,137.09828186035156
38,1339,1,2,0.132,127.73104858398438
15,182,3,2,0.03598735785868762,130.62559509277344
58,1095,0,1,0.05758595005702952,125.83617401123047
52,1766,3,3,0.1,111.18428039550781
15,141,0,1,0.06506154366425432,132.33380126953125
89,1332,1,2,0.132,148.42784118652344
21,1500,2,2,0.07292316764094253,130.07064819335938
112,224,0,2,0.132,122.56635284423828
33,910,0,1,0.088,124.88729858398438
92,1267,0,2,0.132,128.75852966308594
105,165,0,3,0.1,133.09605407714844
112,135,2,2,0.11303183323261379,126.07093811035156
107,479,1,1,0.088,129.77291870117188
88,313,0,1,0.088,137.68992614746094
33,474,1,1,0.088,121.36383056640625
82,1921,3,2,0.132,132.80160522460938
67,232,3,3,0.09993698992587763,124.9438247680664
70,1266,2,2,0.132,119.1239242553711
25,174,2,2,0.132,144.17628479003906
0,1339,3,2,0.132,120.36851501464844
102,372,3,3,0.01200000000000001,141.55303955078125
52,541,1,1,0.088,114.38414001464844
52,637,2,1,0.088,121.20697021484375
16,367,2,2,0.132,140.95721435546875
18,737,1,3,0.01200000000000001,130.35581970214844
89,837,3,3,0.01200000000000001,147.82432556152344
54,1000,0,2,0.132,154.4179229736328
19,930,0,0,0.057810794451473885,125.40093231201172
77,1095,2,2,0.132,121.2557373046875
9,930,1,3,0.05096998214930726,123.63986206054688
70,699,0,1,0.088,119.8263168334961
52,586,2,2,0.132,115.30518341064453
52,1647,0,2,0.132,126.19364929199219
3,1406,2,1,0.088,150.809814453125
52,1435,1,1,0.088,123.98721313476562
77,1855,3,1,0.088,125.44369506835938
46,1057,2,1,0.088,127.60257720947266
8,1979,3,2,0.132,130.64840698242188
77,704,0,1,0.088,115.55569458007812
92,434,1,2,0.037115540306450034,137.32569885253906
74,2004,0,3,0.1,131.59996032714844
19,1057,0,2,0.132,134.70057678222656
34,1004,0,3,0.1,125.96566009521484
54,594,0,3,0.05596756551668661,140.0352325439453
82,22,2,0,0.154,129.50833129882812
6,1294,0,1,0.088,125.4782943725586
52,1074,2,1,0.088,113.91722106933594
63,2022,0,1,0.088,128.19065856933594
14,1833,0,3,0.01200000000000001,141.6969451904297
14,769,2,3,0.03951656119910468,141.1082763671875
46,243,2,2,0.132,129.21240234375
57,1661,3,2,0.132,135.1951446533203
34,703,3,2,0.132,137.265380859375
58,1070,2,1,0.088,125.97569274902344
88,14,3,3,0.01200000000000001,133.44287109375
24,1170,1,3,0.012000000000005256,132.68695068359375
16,794,1,2,0.132,143.50582885742188
58,810,1,2,0.132,126.07738494873047
92,42,1,1,0.088,131.1463623046875
70,722,3,0,0.03621745519012229,118.48468017578125
4,1027,1,3,0.1,120.92668151855469
4,2020,1,3,0.1,122.33370208740234
105,1305,0,1,0.003207002892234162,142.41412353515625
28,593,2,2,0.132,128.86752319335938
18,1108,2,1,0.088,129.92332458496094
83,580,3,1,0.088,127.33953857421875
24,475,0,1,0.088,124.61547088623047
105,72,0,1,0.088,139.81045532226562
23,34,1,3,0.1,108.23191833496094
16,221,3,1,0.088,138.18772888183594
105,1149,2,3,0.1,130.47317504882812
93,1159,2,2,0.132,115.12866973876953
16,79,0,2,0.132,138.29283142089844
15,1729,2,2,0.132,131.79469299316406
19,1692,2,2,0.06314340805040175,133.19619750976562
70,1688,1,2,0.0062716670332270685,117.73856353759766
16,1268,1,3,0.012000000000004812,144.13331604003906
82,392,2,2,0.132,134.10595703125
46,1146,0,3,0.01200000000000001,131.56016540527344
102,178,0,2,0.132,145.2424774169922
61,1330,1,2,0.132,141.5262451171875
1,1942,1,1,0.088,123.48729705810547
60,1970,0,3,0.07819973457014978,133.41653442382812
33,401,1,3,0.0373297462577398,115.78392028808594
107,931,0,2,0.132,127.91968536376953
46,1462,2,3,0.01200000000000001,125.52714538574219
56,545,3,1,0.0074634844647155085,124.99694061279297
37,126,0,1,0.02346280652459795,129.0552215576172
58,1754,0,1,0.088,128.6319580078125
7,1408,0,1,0.041254530599182354,135.2822265625
85,1939,0,2,0.132,134.04818725585938
112,1211,2,2,0.132,117.7302017211914
89,919,1,1,0.07849312556569465,147.05455017089844
36,1001,1,2,0.132,126.90464782714844
89,1885,1,0,0.1351530303934714,132.32723999023438
24,272,1,1,0.088,127.48859405517578
24,1154,3,1,0.088,134.06068420410156
34,1750,0,3,0.0137000240405733,128.08155822753906
59,445,2,1,0.053921401314305034,146.79074096679688
88,1136,2,3,0.1,132.74337768554688
74,945,0,3,0.01200000000000001,145.35337829589844
85,407,3,2,0.132,140.2473907470703
52,1084,2,2,0.132,122.08110809326172
105,1152,2,3,0.1,132.8730010986328
8,756,3,3,0.01200000000000001,132.58050537109375
44,792,2,3,0.1,137.5310821533203
33,1459,1,2,0.09459345118550677,123.2021255493164
82,748,2,2,0.132,136.9544677734375
26,1305,2,1,0.022904997744008712,128.8404083251953
3,1336,2,3,0.1,151.4418182373047
102,163,0,2,0.132,142.00946044921875
24,1189,1,2,0.07300769977869626,134.48272705078125
63,997,0,1,0.088,126.32982635498047
107,1645,1,3,0.1,124.55036163330078
92,185,3,3,0.01200000000000001,132.49490356445312
71,817,1,2,0.132,142.26805114746094
92,368,0,1,0.088,133.63473510742188
74,117,0,3,0.01200000000000001,142.64468383789062
107,1433,2,2,0.132,129.2367401123047
77,1693,1,2,0.132,118.93521881103516
48,292,3,1,0.088,138.28550720214844
0,1504,1,3,0.01200000000000001,122.84294891357422
63,469,3,1,0.088,129.8794403076172
4,1694,1,2,0.132,134.3686065673828
97,616,1,1,0.088,134.181396484375
71,2001,3,3,0.1,137.4637451171875
25,409,3,2,0.132,145.30503845214844
30,1055,0,1,0.05089476841646268,126.49382019042969
93,1177,1,3,0.012000000000005256,122.49671936035156
97,1691,1,2,0.132,133.75352478027344
115,1938,2,3,0.01200000000000001,131.960205078125
28,545,1,3,0.1,125.68897247314453
0,1895,1,1,0.088,123.22514343261719
14,1396,0,3,0.09197112515044373,133.37049865722656
16,1409,2,2,0.132,139.1002655029297
37,96,2,2,0.132,
82,1676,2,3,0.1,134.11521911621094
107,152,3,0,0.154,123.06675720214844
24,547,3,2,0.132,134.69625854492188
109,1747,3,1,0.059579332302174215,111.18113708496094
107,1347,3,2,0.132,127.5682601928711
8,763,0,3,0.004669791368668713,137.986572265625
52,746,1,3,0.1,117.75775909423828
49,289,3,2,0.132,118.84794616699219
95,1635,2,2,0.132,137.59506225585938
88,1462,1,3,0.01200000000000001,132.93008422851562
70,997,1,1,0.06104764095834167,121.35444641113281
19,562,3,1,0.0057334467710261905,129.32229614257812
46,455,0,2,0.132,137.01565551757812
31,1174,2,2,0.132,116.35623931884766
3,1968,0,0,0.054384086250807484,148.07435607910156
82,766,3,0,0.154,130.58534240722656
46,1644,1,3,0.1,125.55789947509766
3,333,1,2,0.132,155.59324645996094
112,230,2,2,0.132,116.66272735595703
52,1561,0,1,0.088,116.0399169921875
77,1953,0,2,0.132,120.82235717773438
36,1427,2,0,0.003411593673012442,120.7049560546875
66,141,3,3,0.1,127.63810729980469
33,1781,2,2,0.132,124.13660430908203
36,759,1,1,0.059456039921854026,128.41152954101562
24,1541,3,3,0.154,104.03678131103516
66,1186,0,2,0.132,129.78236389160156
32,22,0,0,0.1372030445230696,129.44215393066406
52,1560,2,1,0.088,116.91202545166016
97,1967,1,3,0.1,129.8330535888672
103,836,3,3,0.1,138.1575164794922
97,1721,0,3,0.1,127.05683898925781
59,1952,3,2,0.132,150.32684326171875
102,1236,1,3,0.09926159224727618,143.99102783203125
19,1653,0,2,0.132,131.9881591796875
23,1843,3,2,0.132,110.45948028564453
19,1752,1,2,0.11362808351298234,132.84588623046875
48,366,0,3,0.01200000000000001,134.43142700195312
89,1914,2,2,0.132,148.59617614746094
16,284,2,1,0.088,140.48529052734375
103,920,3,3,0.07961624194373806,140.20042419433594
42,1621,1,3,0.1,124.77506256103516
74,1252,1,3,0.1,131.67596435546875
87,1145,1,2,0.132,125.43084716796875
97,1692,2,2,0.06885659194959826,135.52798461914062
92,1744,2,3,0.1,128.87255859375
28,206,0,1,0.088,108.41876220703125
83,958,3,0,0.154,
95,847,3,3,0.012000000000005256,138.66896057128906
33,606,3,2,0.132,121.33790588378906
7,1562,0,2,0.132,134.93003845214844
85,1149,2,2,0.08342873886832303,115.0046615600586
91,437,3,2,0.132,131.21070861816406
97,105,0,3,0.01200000000000001,137.25753784179688
62,19,0,2,0.132,127.2640380859375
32,1105,2,2,0.132,123.23688507080078
11,378,3,2,0.132,138.10166931152344
113,1182,3,1,0.088,125.72270202636719
93,781,0,2,0.132,115.86947631835938
32,1511,0,3,0.1,129.948974609375
43,423,0,3,0.1,120.51534271240234
30,1875,2,3,0.07735018870549476,114.59889221191406
32,1530,2,1,0.088,131.4494171142578
48,1145,3,0,0.154,124.71138763427734
110,1693,2,2,0.10528538793816877,116.7196044921875
28,1684,3,1,0.088,128.9779815673828
84,992,3,3,0.1,111.88735961914062
92,1454,3,2,0.132,142.31011962890625
25,1853,0,1,0.088,145.38912963867188
82,1411,3,2,0.132,134.3938446044922
16,337,1,0,0.154,131.59617614746094
16,334,1,0,0.154,130.50479125976562
39,1266,0,0,0.046636310235714074,120.71858215332031
67,232,1,2,0.132,124.9438247680664
59,1896,0,1,0.088,156.6049041748047
71,845,2,1,0.088,136.5570831298828
26,1950,2,1,0.088,130.5976104736328
97,1442,3,3,0.1,130.96649169921875
97,1669,3,2,0.132,129.59967041015625
32,524,0,3,0.0499890342997657,130.3231964111328
42,1467,3,2,0.132,128.49769592285156
79,718,0,2,0.03954373922047333,150.7630615234375
63,340,0,3,0.1,128.87940979003906
23,1301,2,2,0.132,118.76207733154297
52,877,1,0,0.154,110.40229034423828
83,958,1,3,0.154,
31,1079,0,1,0.088,131.88897705078125
24,1586,3,2,0.132,136.0094757080078
82,1169,0,2,0.132,139.19876098632812
16,1892,3,2,0.132,141.1167449951172
52,868,3,3,0.1,115.0723876953125
3,1367,3,2,0.132,148.56736755371094
83,1407,2,1,0.088,128.44703674316406
102,318,1,3,0.012000000000005256,143.64947509765625
52,1717,2,2,0.132,124.24391174316406
11,1113,1,1,0.05393258925625266,135.55572509765625
105,161,0,3,0.01200000000000001,147.65940856933594
49,1753,3,0,0.028330420955634678,116.86788940429688
15,988,2,2,0.02443019031219207,137.69839477539062
3,85,1,3,0.01200000000000001,152.93594360351562
25,174,0,1,0.088,144.17628479003906
48,440,3,3,0.01200000000000001,138.4678497314453
53,1313,0,1,0.088,125.87103271484375
102,372,1,2,0.132,141.55303955078125
79,1911,0,0,0.04241119844813025,128.43736267089844
3,1600,1,2,0.132,155.62001037597656
46,1622,3,3,0.012000000000005256,131.6309814453125
34,822,0,0,0.14690431563001932,119.85610961914062
36,592,0,2,0.132,128.6049041748047
52,1766,2,0,0.154,111.18428039550781
16,267,3,1,0.088,140.13809204101562
18,920,3,3,0.01299732877436613,126.92398834228516
16,125,0,2,0.132,143.86204528808594
59,1452,2,1,0.088,145.51007080078125
18,1299,1,2,0.132,125.17724609375
42,155,0,3,0.1,124.46110534667969
52,207,1,1,0.088,124.88583374023438
49,54,3,2,0.132,125.6742172241211
15,819,3,3,0.1,130.83843994140625
52,1493,2,3,0.1,117.21272277832031
49,1284,0,1,0.088,120.80792999267578
74,572,0,2,0.132,150.8647003173828
0,1926,2,0,0.154,115.41632843017578
18,536,2,2,0.06341097842201071,125.71058654785156
44,1667,3,1,0.088,137.72528076171875
15,1370,0,1,0.088,133.263671875
0,1369,3,3,0.01200000000000001,120.30306243896484
89,639,0,2,0.132,152.26266479492188
23,1858,2,1,0.088,132.25367736816406
3,1828,2,3,0.01200000000000001,154.28904724121094
16,1180,2,2,0.132,144.27061462402344
97,1553,3,2,0.132,129.82797241210938
66,1069,2,3,0.012000000000005145,133.51194763183594
62,1594,3,3,0.1,119.08078002929688
52,1373,3,2,0.132,125.73682403564453
102,1279,2,2,0.132,141.78163146972656
68,1184,2,1,0.088,132.22494506835938
52,482,3,2,0.132,114.0463638305664
71,356,2,3,0.09046194457890314,134.4486083984375
3,1253,2,2,0.132,154.95314025878906
92,1832,0,1,0.06129466952821927,128.66969299316406
38,1187,0,2,0.10288336178289537,135.43179321289062
1,659,3,2,0.0955277490710949,123.2379379272461
4,569,0,1,0.020618360708282574,121.78309631347656
57,1661,1,1,0.0491534348688446,135.1951446533203
58,478,3,2,0.132,126.62586975097656
32,1901,1,2,0.132,127.85045623779297
54,1775,0,2,0.132,150.43470764160156
89,1455,2,3,0.01200000000000001,145.4037322998047
74,1580,0,0,0.154,131.71449279785156
32,823,3,3,0.07276483436811981,132.06939697265625
91,1422,3,3,0.1,125.73275756835938
48,1969,3,2,0.132,132.56336975097656
13,152,3,3,0.1,123.4758071899414
66,126,2,3,0.1,127.15756225585938
93,932,0,2,0.132,118.2464370727539
20,688,0,3,0.01200000000000001,151.7023162841797
97,1104,0,1,0.035990989840320786,139.1619415283203
16,1902,0,2,0.132,150.7144317626953
36,1834,0,2,0.132,129.45639038085938
71,1378,1,2,0.132,146.09010314941406
95,1549,2,1,0.088,134.6069793701172
33,1130,3,0,0.03266211223375469,115.8238754272461
16,481,0,2,0.132,144.2367401123047
18,1254,2,0,0.05871523856626826,117.35968780517578
56,116,3,1,0.088,121.9650650024414
28,1936,3,2,0.132,109.49082946777344
58,1046,2,3,0.1,126.0677719116211
34,654,2,1,0.088,132.59103393554688
92,1892,3,1,0.02511151430625075,130.66262817382812
66,2028,1,2,0.020847156554870905,131.00221252441406
70,248,2,1,0.088,121.21420288085938
36,1977,0,1,0.088,125.32139587402344
71,356,3,1,0.088,134.4486083984375
105,1423,3,2,0.132,141.85899353027344
8,756,1,2,0.132,132.58050537109375
14,487,3,2,0.132,137.53363037109375
44,792,0,2,0.132,137.5310821533203
15,1729,0,1,0.088,131.79469299316406
106,1160,0,1,0.088,147.53765869140625
18,1084,2,3,0.1,123.05037689208984
52,936,1,3,0.1,114.86834716796875
43,1254,1,3,0.1,121.11101531982422
27,18,3,3,0.055311786001353225,115.63247680664062
23,47,1,2,0.132,102.72364807128906
23,938,3,3,0.1,113.87184143066406
105,1919,2,1,0.00779160768294021,140.46762084960938
74,934,3,3,0.1,134.19151306152344
24,1864,1,3,0.012000000000005256,131.89720153808594
97,801,2,1,0.088,132.0176544189453
62,1790,2,1,0.088,118.78894805908203
110,432,2,3,0.08789703238565255,118.38339233398438
89,172,0,1,0.088,148.48468017578125
24,1250,0,3,0.1,125.26699829101562
112,1211,0,1,0.088,117.7302017211914
20,837,0,2,0.132,148.27581787109375
89,1731,3,1,0.088,148.8513641357422
94,610,1,3,0.1,131.24545288085938
3,1380,3,3,0.1,150.60272216796875
33,299,3,2,0.132,124.50776672363281
84,1130,0,0,0.061875558510166406,110.85670471191406
52,1191,3,2,0.132,113.21483612060547
105,2012,1,2,0.132,147.9235382080078
3,51,2,3,0.1,149.92904663085938
16,1409,0,1,0.088,139.1002655029297
42,1664,1,3,0.01200000000000001,128.19168090820312
88,437,0,3,0.01200000000000001,134.7291717529297
32,724,3,2,0.132,147.12518310546875
74,1783,2,2,0.132,141.24212646484375
24,139,1,1,0.088,103.18280792236328
52,1229,1,3,0.1,111.8994140625
52,512,3,1,0.088,117.43138885498047
28,1725,3,2,0.132,135.03819274902344
59,227,3,2,0.132,149.98387145996094
24,1707,0,1,0.088,125.15516662597656
114,1846,0,3,0.01200000000000001,140.13600158691406
44,105,1,1,0.088,147.8617706298828
34,1495,1,3,0.0952949383282247,135.0811004638672
33,401,0,0,0.154,115.78392028808594
42,748,0,3,0.1,125.06758117675781
95,1635,0,1,0.088,137.59506225585938
7,1553,2,3,0.02819023612263996,134.2121124267578
89,95,3,3,0.01200000000000001,149.51170349121094
115,1938,0,2,0.132,131.960205078125
93,466,1,2,0.02398821460555256,115.08451080322266
31,421,2,2,0.132,128.1971893310547
32,822,1,3,0.1,125.60336303710938
28,315,0,1,0.088,106.22738647460938
92,1659,3,2,0.132,129.94183349609375
36,485,3,3,0.01200000000000001,130.39788818359375
37,96,0,1,0.088,
110,43,2,2,0.132,115.72345733642578
52,1161,2,2,0.132,125.23563385009766
95,2004,1,2,0.08264452058253513,127.45075225830078
52,693,1,1,0.088,122.83924102783203
107,1347,1,1,0.06680813551273804,127.5682601928711
53,359,3,1,0.088,
69,251,0,3,0.01200000000000001,143.07058715820312
31,1174,0,1,0.088,116.35623931884766
115,1852,1,2,0.132,126.32865142822266
113,1770,2,2,0.12243529630549788,126.32394409179688
28,1390,0,2,0.132,132.60006713867188
82,524,1,0,0.11240386556706242,130.2764129638672
20,1911,0,0,0.0647697806803964,123.4126205444336
102,453,1,0,0.154,
24,1541,1,2,0.132,104.03678131103516
115,1141,0,1,0.036026215031092185,128.27146911621094
92,438,2,3,0.1,129.5218505859375
11,391,2,2,0.11359243333616514,135.02073669433594
94,515,1,3,0.057102815503205534,133.31832885742188
93,1506,3,2,0.132,115.3077621459961
88,1653,1,3,0.01200000000000001,132.91854858398438
52,1176,3,0,0.154,112.55447387695312
91,502,0,2,0.0062858299734821765,138.37652587890625
59,1952,1,1,0.088,150.32684326171875
15,1412,3,1,0.088,132.0360565185547
23,1843,1,1,0.088,110.45948028564453
52,1697,3,2,0.132,125.91980743408203
24,74,0,3,0.01200000000000001,128.78443908691406
22,637,0,3,0.1,137.1995086669922
36,1643,3,3,0.01200000000000001,128.31716918945312
106,444,1,2,0.132,140.1685028076172
61,1807,3,1,0.088,142.94508361816406
79,1773,0,3,0.01200000000000001,153.77011108398438
63,1866,2,1,0.088,132.07614135742188
77,1078,3,1,0.088,119.92849731445312
61,1858,2,3,0.012000000000005256,142.64183044433594
87,929,1,3,0.041566445551303705,129.26699829101562
52,1176,1,3,0.1,112.55447387695312
18,505,0,0,0.08633368566832,117.46376037597656
85,1149,0,1,0.088,115.0046615600586
32,1105,0,1,0.088,123.23688507080078
105,511,2,2,0.132,131.4611358642578
89,1960,0,3,0.01200000000000001,150.7388458251953
62,1058,2,1,0.088,122.56578063964844
97,1442,1,2,0.132,130.96649169921875
56,767,1,0,0.08984059092067544,120.9582290649414
97,1669,1,1,0.088,129.59967041015625
24,1014,3,3,0.1,123.14542388916016
102,187,0,3,0.012000000000005256,146.73594665527344
3,617,1,3,0.1,148.67442321777344
52,648,0,2,0.048446754894355626,120.65818786621094
51,156,2,2,0.132,121.11630249023438
10,670,3,1,0.06458465560169269,122.95155334472656
46,925,0,3,0.012000000000005145,133.4461212158203
71,1779,2,3,0.1,134.48866271972656
51,1627,1,1,0.088,121.17086029052734
74,1252,0,0,0.154,131.67596435546875
32,486,0,1,0.088,130.81932067871094
59,1740,0,3,0.1,141.69007873535156
3,1562,1,0,0.154,148.0016326904297
105,744,2,1,0.088,143.1735382080078
24,1513,0,1,0.088,127.50452423095703
52,399,3,1,0.088,118.01366424560547
30,2027,0,1,0.08107335665456161,125.35150909423828
24,588,3,1,0.088,128.02584838867188
24,1678,3,2,0.132,140.42605590820312
38,609,0,3,0.1,126.13394165039062
52,484,0,1,0.088,116.0594253540039
68,1204,2,1,0.088,136.03033447265625
77,1848,0,2,0.132,120.97967529296875
16,398,0,1,0.088,153.67747497558594
70,80,0,2,0.00860864042558157,121.926025390625
59,1410,3,2,0.132,150.5833282470703
77,983,3,3,0.1,118.82787322998047
46,45,0,3,0.01200000000000001,130.48768615722656
28,816,1,1,0.088,129.8976287841797
87,1932,2,2,0.1288111731202103,138.92385864257812
113,141,1,1,0.088,125.1288833618164
59,1103,1,3,0.1,148.15960693359375
82,1839,0,3,0.01200000000000001,138.54345703125
84,992,2,0,0.03496972515016641,111.88735961914062
110,1816,3,1,0.035721454297187344,118.36295318603516
16,1857,1,3,0.0006574854132746222,144.66485595703125
57,1328,2,1,0.088,133.41651916503906
77,1257,2,1,0.088,119.83209991455078
97,1340,1,0,0.154,127.10184478759766
92,99,1,1,0.0038319517987855656,129.5775909423828
11,1468,0,3,0.1,136.38858032226562
82,741,1,2,0.05821611986190722,134.1942596435547
39,351,3,3,0.03552881283988861,133.5061492919922
71,1183,2,1,0.088,135.33660888671875
22,461,0,3,0.012000000000005256,147.17529296875
33,993,1,3,0.01200000000000001,126.28207397460938
70,1397,3,3,0.05334601398685268,119.8997573852539
67,1315,1,3,0.1,123.85943603515625
52,944,3,2,0.132,117.03491973876953
56,369,3,2,0.132,124.55613708496094
52,1710,3,3,0.01200000000000001,120.54310607910156
57,1096,3,2,0.132,132.67799377441406
22,1841,0,3,0.1,138.17916870117188
69,1540,0,0,0.12338311327054449,129.03858947753906
46,709,0,2,0.132,133.33204650878906
0,293,0,3,0.01200000000000001,123.59847259521484
75,1204,3,1,0.025814101941141837,130.02505493164062
1,1688,1,2,0.12572833296677294,123.262451171875
36,1282,3,2,0.132,124.82917785644531
94,734,1,3,0.017302580315569888,130.95423889160156
112,1644,1,2,0.132,125.69442749023438
82,501,0,1,0.088,139.3131561279297
66,123,0,2,0.132,130.14048767089844
66,1069,0,2,0.132,133.51194763183594
52,1373,1,1,0.088,125.73682403564453
52,482,1,1,0.088,114.0463638305664
107,223,0,3,0.08376850624991282,123.76400756835938
16,1841,3,1,0.088,141.8436279296875
92,1780,0,1,0.088,140.3279266357422
15,600,1,1,0.013424580680444026,133.11282348632812
89,489,0,3,0.1,143.8390350341797
77,430,1,0,0.08923943770114934,115.88983917236328
52,274,3,3,0.1,115.54942321777344
82,1542,0,2,0.132,130.88722229003906
48,1789,0,1,0.088,134.11978149414062
97,1645,3,2,0.06807136878959413,128.14723205566406
58,478,1,1,0.057750026857029485,126.62586975097656
44,315,1,0,0.12854252792252416,126.90003204345703
16,1220,1,1,0.088,140.44944763183594
0,416,3,3,0.01200000000000001,122.853515625
4,166,3,0,0.1497565530037935,120.56815338134766
4,68,3,2,0.132,118.3462905883789
63,650,3,3,0.1,126.59700012207031
62,1135,0,2,0.132,137.8618927001953
89,1546,2,2,0.08483407291375422,142.28213500976562
70,417,1,3,0.1,120.03707885742188
31,1055,3,2,0.132,138.0621337890625
8,1436,0,3,0.01200000000000001,138.03077697753906
1,985,0,3,0.07944051264555937,124.55547332763672
52,702,3,1,0.088,119.75944519042969
6,1704,3,0,0.05946711142367901,114.21353149414062
105,1962,0,2,0.132,146.55372619628906
52,800,1,3,0.1,115.9950942993164
32,1391,0,3,0.1,129.09405517578125
71,356,1,0,0.012624372769470649,134.4486083984375
82,1968,1,2,0.132,133.43017578125
32,674,2,2,0.132,128.83421325683594
34,615,1,1,0.088,125.21662902832031
52,980,2,3,0.1,112.97105407714844
23,938,1,2,0.132,113.87184143066406
92,125,2,3,0.012000000000005034,134.3265380859375
1,1942,3,1,0.088,123.48729705810547
48,1568,3,3,0.1,131.47488403320312
32,1812,2,3,0.1,128.01446533203125
71,1930,0,2,0.132,133.72776794433594
6,1704,1,3,0.03015429070376313,114.21353149414062
52,1027,1,2,0.132,116.20853424072266
110,432,0,2,0.132,118.38339233398438
97,21,0,1,0.088,129.90463256835938
70,1899,1,3,0.1,121.26781463623047
59,1915,1,2,0.132,119.300048828125
4,866,2,2,0.020982573883676192,126.92025756835938
85,348,3,2,0.132,113.74468994140625
16,1633,0,3,0.01200000000000001,144.10589599609375
16,1851,0,1,0.088,138.11293029785156
71,898,3,2,0.132,136.22947692871094
16,346,1,1,0.088,137.50404357910156
30,1756,3,3,0.1,114.3449935913086
93,1284,0,2,0.03289145450448683,116.84794616699219
110,43,0,1,0.088,115.72345733642578
102,772,1,1,0.088,140.0235595703125
22,1647,0,3,0.1,137.2192840576172
53,359,1,0,0.11793323007871351,
107,1470,3,2,0.132,125.55044555664062
112,1526,2,2,0.132,122.87189483642578
58,63,1,3,0.1,127.18091583251953
0,679,2,3,0.1,121.99736022949219
16,392,1,3,0.1,135.11073303222656
66,1266,0,0,0.10736368976428592,122.84566497802734
59,1657,0,2,0.132,161.27334594726562
56,631,0,1,0.04602128973801303,123.60497283935547
59,1933,2,0,0.154,114.03936004638672
113,126,0,1,0.06453719347540204,124.65348815917969
28,780,2,2,0.132,133.98544311523438
43,147,3,2,0.132,123.61209106445312
71,589,2,3,0.1,137.77935791015625
0,941,0,3,0.01200000000000001,123.33490753173828
33,1059,0,3,0.01200000000000001,127.3032455444336
107,1961,3,1,0.088,125.36363983154297
110,641,3,1,0.088,114.7852783203125
17,439,0,1,0.088,132.58995056152344
83,1618,0,2,0.132,126.09284210205078
74,1943,2,1,0.088,139.63780212402344
8,520,0,2,0.047412619807184864,136.38967895507812
106,1062,1,1,0.088,141.06048583984375
95,988,3,3,0.01200000000000001,135.39410400390625
27,767,1,2,0.03867998698700953,116.48890686035156
93,461,3,2,0.132,127.88858032226562
52,1162,1,3,0.1,118.1859130859375
16,1972,1,2,0.08064637716380252,131.34901428222656
52,927,2,3,0.012000000000005256,123.58746337890625
82,71,0,2,0.132,133.4863739013672
52,1229,0,0,0.154,111.8994140625
53,1460,3,2,0.06313084486694243,138.06039428710938
92,4,3,3,0.1,128.8118133544922
11,356,2,0,0.12250572859609973,134.0989227294922
15,1942,2,0,0.06866586646989642,126.66761016845703
113,1770,0,1,0.088,126.32394409179688
85,2003,3,2,0.132,121.20520782470703
3,1283,1,3,0.01200000000000001,151.802490234375
92,1985,0,3,0.1,128.9812774658203
20,1082,0,2,0.0402824827441437,146.6829833984375
93,1552,1,3,0.1,116.08946990966797
109,401,2,1,0.027381450204984503,111.2332534790039
62,2031,0,3,0.1,119.36746978759766
62,630,0,1,0.088,119.26226806640625
62,1246,3,1,0.088,121.61526489257812
16,571,0,3,0.1,133.7557830810547
66,278,1,3,0.01200000000000001,133.26498413085938
24,887,0,3,0.1,125.67606353759766
32,802,0,2,0.132,157.5425262451172
0,489,0,1,0.088,120.92341613769531
48,447,0,2,0.132,140.9131622314453
112,224,1,3,0.1,122.56635284423828
62,191,1,1,0.088,129.4374237060547
52,833,1,2,0.132,111.75553131103516
24,1014,1,2,0.132,123.14542388916016
52,1954,3,2,0.132,110.34359741210938
59,1933,0,3,0.154,114.03936004638672
87,594,3,3,0.1,134.13429260253906
32,889,0,2,0.132,129.6898651123047
102,1615,2,3,0.01200000000000001,138.79168701171875
11,860,1,3,0.07799887243842601,135.3519287109375
28,1048,3,3,0.1,128.924560546875
44,1104,3,1,0.03476540559967925,149.82472229003906
112,93,2,2,0.132,121.39998626708984
48,1257,2,3,0.1,129.98362731933594
59,919,1,2,0.132,152.40866088867188
36,485,0,3,0.01200000000000001,130.39788818359375
45,1715,2,3,0.05399999999999999,
74,1294,1,1,0.088,135.21688842773438
24,1782,1,1,0.088,122.35279083251953
52,541,2,2,0.132,114.38414001464844
74,1592,0,1,0.088,139.51210021972656
30,1368,0,2,0.132,127.67638397216797
62,1490,1,1,0.088,118.7197265625
62,1166,1,1,0.088,127.26758575439453
103,1331,3,2,0.132,152.90615844726562
14,1317,1,3,0.011809283364240475,141.43450927734375
0,184,3,3,0.1,119.88111877441406
88,1057,3,1,0.088,135.211669921875
92,1624,2,1,0.088,129.1193389892578
89,1952,2,3,0.01200000000000001,145.1626739501953
39,1900,0,3,0.012000000000005256,135.61058044433594
51,156,0,1,0.088,121.11630249023438
31,499,2,2,0.132,122.70281219482422
77,983,1,2,0.132,118.82787322998047
19,1433,0,3,0.1,130.14935302734375
62,240,1,3,0.1,118.71685791015625
39,1696,3,3,0.01200000000000001,130.35968017578125
14,1833,3,1,0.088,141.6969451904297
75,1500,0,3,0.048767499970516465,125.43285369873047
63,997,2,1,0.04692561490827335,126.32982635498047
77,1743,2,1,0.088,117.96814727783203
112,363,2,3,0.1,120.81670379638672
77,1172,3,0,0.05995562943273233,116.88452911376953
23,625,1,2,0.132,129.48361206054688
24,1398,3,1,0.088,127.61131286621094
87,929,0,0,0.0943327313747841,129.26699829101562
16,569,1,3,0.1,133.33192443847656
52,92,2,2,0.132,114.4842758178711
70,1397,1,2,0.132,119.8997573852539
93,1816,2,1,0.088,115.24203491210938
46,245,2,1,0.088,127.2701187133789
71,1557,0,1,0.088,146.90306091308594
51,1899,1,1,0.088,120.21414947509766
46,243,3,3,0.01200000000000001,129.21240234375
30,1644,0,3,0.011202070324199426,117.66521453857422
34,1100,2,2,0.132,126.4251937866211
46,669,3,3,0.01200000000000001,130.17532348632812
17,1116,0,3,0.01200000000000001,133.69140625
42,648,0,2,0.08355324510564438,124.9762191772461
66,1399,3,1,0.088,132.9351806640625
99,922,0,1,0.088,
4,789,0,2,0.132,137.33551025390625
0,1382,0,2,0.132,119.41303253173828
95,417,1,0,0.07082841842820492,126.47764587402344
89,2013,3,3,0.01200000000000001,149.66943359375
32,853,0,1,0.088,129.7819061279297
24,1044,1,1,0.05689843288894059,108.1099624633789
33,1361,2,3,0.012000000000005256,129.86859130859375
48,1981,2,1,0.088,130.1066131591797
71,1113,2,1,0.07269352336979137,135.96240234375
33,519,2,1,0.088,129.72862243652344
49,439,1,2,0.132,123.97711944580078
95,2028,1,3,0.01200000000000001,133.58998107910156
52,944,1,1,0.088,117.03491973876953
59,687,3,1,0.088,129.9551239013672
74,590,0,1,0.088,141.74819946289062
26,769,2,2,0.12941611420105315,133.3014373779297
8,631,3,0,0.07779114348580898,125.21142578125
0,1700,2,1,0.088,123.50120544433594
107,562,0,2,0.132,128.44171142578125
114,277,0,3,0.01200000000000001,139.3583526611328
8,162,0,1,0.088,139.9624481201172
92,2018,0,2,0.132,132.23635864257812
88,1336,2,2,0.12420074505232959,133.83050537109375
16,1711,0,1,0.088,138.2382049560547
42,1770,1,3,0.01200000000000001,127.31449127197266
89,1836,2,3,0.01200000000000001,148.20179748535156
66,638,1,2,0.132,134.35658264160156
18,1420,2,2,0.040294533123084286,123.37781524658203
3,525,3,3,0.01200000000000001,151.595458984375
16,1487,3,3,0.1,138.53506469726562
92,1750,0,3,0.0862999759594267,128.55224609375
28,1426,1,1,0.088,128.86752319335938
10,631,3,1,0.02067604904670245,122.96407318115234
28,319,1,2,0.132,106.76277923583984
70,659,2,2,0.11659650704214292,117.70347595214844
67,1315,0,0,0.15027373522099596,123.85943603515625
52,274,1,2,0.132,115.54942321777344
63,80,3,3,0.012772475266214278,126.91487884521484
89,1880,3,1,0.088,149.5483856201172
32,22,0,3,0.1,129.44215393066406
57,131,2,2,0.132,129.62576293945312
0,560,1,2,0.132,120.1516342163086
38,1917,1,3,0.08627493945256215,130.6839141845703
92,615,1,0,0.154,126.69939422607422
92,368,1,2,0.132,133.63473510742188
58,1606,2,3,0.1,126.03926849365234
77,536,3,3,0.1,121.22920989990234
62,90,0,2,0.132,118.29218292236328
0,416,1,2,0.132,122.853515625
69,1761,0,1,0.088,145.6074676513672
71,1378,3,2,0.132,146.09010314941406
49,445,0,2,0.132,120.73532104492188
11,1806,0,3,0.1,140.4302978515625
32,960,1,3,0.1,129.90234375
10,9,3,1,0.088,126.60453796386719
43,1930,1,1,0.05282567995521795,124.98405456542969
63,182,0,1,0.088,127.56768798828125
16,1106,2,2,0.132,136.03997802734375
0,1887,0,1,0.088,128.200439453125
82,1093,3,3,0.1,134.21722412109375
14,282,3,3,0.1,135.7567138671875
44,1889,2,2,0.132,138.0310516357422
20,1671,1,3,0.01200000000000001,147.551513671875
13,994,0,1,0.043704591891982864,124.84413146972656
52,831,1,1,0.088,119.42169952392578
95,728,2,2,0.132,134.49842834472656
34,1110,2,3,0.1,127.6542739868164
89,1738,0,2,0.132,153.34376525878906
89,729,0,1,0.088,154.61573791503906
46,1049,0,1,0.07319014875368138,132.51116943359375
112,921,1,1,0.088,121.8759536743164
92,1463,1,2,0.06888634860761722,128.35452270507812
24,1417,3,2,0.132,123.20803833007812
52,651,0,1,0.088,110.28583526611328
46,1894,0,3,0.01200000000000001,129.56178283691406
75,350,2,2,0.132,125.70026397705078
32,1812,0,2,0.132,128.01446533203125
31,298,1,2,0.04978024656137958,126.8250961303711
56,1344,2,3,0.1,125.71691131591797
93,53,0,2,0.002755034313477678,117.27527618408203
89,1443,1,2,0.132,149.4813690185547
46,135,1,1,0.088,125.76868438720703
16,334,1,3,0.1,130.50479125976562
87,1172,3,1,0.028041453811725625,129.39439392089844
112,230,3,3,0.1,116.66272735595703
16,1494,0,3,0.1,138.017578125
28,871,2,1,0.088,105.81856536865234
32,1109,1,2,0.132,149.10964965820312
59,557,3,3,0.1,144.07534790039062
33,1781,3,3,0.1,124.13660430908203
92,277,0,1,0.0466823479112882,136.6290740966797
32,1958,0,1,0.088,149.61074829101562
52,681,3,3,0.1,117.31963348388672
34,1832,0,1,0.026705330471780725,128.24658203125
52,877,1,3,0.1,110.40229034423828
89,755,3,0,0.154,140.21807861328125
30,1756,1,2,0.06846220220993937,114.3449935913086
28,347,1,2,0.132,110.48572540283203
16,1151,2,1,0.088,142.51524353027344
89,778,0,3,0.01200000000000001,151.3206787109375
113,764,1,2,0.07230897021256077,128.03704833984375
59,755,1,1,0.088,145.277587890625
52,2032,1,3,0.1,117.62117767333984
52,1465,0,2,0.132,110.89873504638672
52,927,0,2,0.132,123.58746337890625
52,1026,1,2,0.132,118.7978515625
49,1753,3,3,0.1,116.86788940429688
22,1373,3,3,0.01200000000000001,142.89852905273438
19,189,1,1,0.088,134.4525146484375
0,1552,2,3,0.005923996661005487,118.18480682373047
89,36,3,3,0.1,147.8580780029297
16,1293,3,3,0.1,138.1072540283203
43,147,1,1,0.088,123.61209106445312
24,1510,2,3,0.1,125.95013427734375
107,771,1,2,0.132,124.8428726196289
89,88,1,2,0.132,144.98692321777344
46,1156,1,3,0.1,126.96083068847656
74,256,3,3,0.01200000000000001,139.3878173828125
88,1940,1,2,0.132,137.09828186035156
89,757,3,3,0.012000000000005256,151.10458374023438
52,1766,2,3,0.1,111.18428039550781
89,1332,0,2,0.01628773263232519,148.42784118652344
46,502,3,2,0.132,131.33058166503906
4,1573,3,3,0.053862756342030665,122.0376205444336
38,1895,3,3,0.01200000000000001,130.79180908203125
39,1734,1,2,0.03771409542495785,131.90794372558594
29,72,0,3,0.00486242402660364,124.69908905029297
24,454,0,0,0.154,101.93009185791016
43,505,3,0,0.058225588366464076,121.37511444091797
106,1568,2,3,0.07984222908831878,139.1671142578125
52,1021,2,2,0.132,113.99590301513672
52,1689,3,1,0.088,114.96037292480469
15,1481,2,2,0.132,134.75033569335938
74,865,1,1,0.088,141.00088500976562
102,372,2,3,0.01200000000000001,141.55303955078125
23,1301,3,3,0.09699007923146036,118.76207733154297
52,637,1,1,0.088,121.20697021484375
89,837,2,3,0.01200000000000001,147.82432556152344
15,5,1,2,0.132,130.68153381347656
62,202,1,1,0.088,120.06063079833984
58,58,3,1,0.088,128.08712768554688
105,1395,2,2,0.132,141.3287353515625
25,1551,1,3,0.013495544553784516,143.59536743164062
74,1580,0,3,0.1,131.71449279785156
77,1095,1,2,0.132,121.2557373046875
97,1032,3,3,0.01200000000000001,133.97203063964844
9,930,0,3,0.1,123.63986206054688
74,2004,1,0,0.154,131.59996032714844
82,1127,0,2,0.132,136.31854248046875
112,93,0,1,0.088,121.39998626708984
68,1301,2,3,0.02019329466853967,132.8715362548828
82,1921,2,2,0.132,132.80160522460938
25,1537,2,1,0.088,142.23654174804688
91,1919,1,2,0.132,126.22821807861328
54,328,0,1,0.088,147.95851135253906
23,47,3,2,0.132,102.72364807128906
24,448,2,3,0.019032316365105287,124.11146545410156
38,1463,1,3,0.1,123.50113677978516
52,541,0,1,0.088,114.38414001464844
71,1237,2,1,0.088,142.54266357421875
8,1979,2,2,0.132,130.64840698242188
24,1864,3,3,0.01200000000000001,131.89720153808594
0,1815,1,3,0.04222133783870052,119.75321197509766
16,367,1,2,0.132,140.95721435546875
24,1720,3,2,0.132,121.43627166748047
52,1074,1,1,0.088,113.91722106933594
31,499,0,1,0.073508347918889,122.70281219482422
14,769,1,3,0.1,141.1082763671875
34,2006,3,2,0.132,127.85880279541016
58,1070,1,1,0.088,125.97569274902344
82,10,3,3,0.1,135.93405151367188
77,30,1,2,0.132,118.33349609375
24,1170,0,3,0.01200000000000001,132.68695068359375
62,1272,2,2,0.09854516710743183,120.85572052001953
16,1180,3,3,0.01200000000000001,144.27061462402344
58,810,0,2,0.132,126.07738494873047
92,42,0,1,0.088,131.1463623046875
13,629,2,2,0.07981842309130627,122.93148803710938
38,567,0,1,0.088,135.260498046875
91,243,0,2,0.09181684718041469,135.31114196777344
80,854,3,1,0.012000873851355343,103.67593383789062
110,1159,0,1,0.088,118.14562225341797
58,1116,1,3,0.01200000000000001,131.0633087158203
69,281,3,3,0.012000000000005256,144.65896606445312
28,816,3,1,0.088,129.8976287841797
30,732,0,1,0.088,127.20303344726562
95,738,3,1,0.088,134.23291015625
46,243,1,2,0.132,129.21240234375
66,469,2,1,0.088,128.07476806640625
23,34,0,3,0.1,108.23191833496094
16,221,2,1,0.088,138.18772888183594
92,1100,2,1,0.05462159556366622,127.44430541992188
105,1149,1,3,0.1,130.47317504882812
93,1159,1,2,0.132,115.12866973876953
16,889,3,0,0.154,131.5250244140625
25,1239,3,3,0.1,142.0098419189453
3,260,3,2,0.132,144.91055297851562
82,960,2,0,0.154,129.9214324951172
82,392,1,2,0.132,134.10595703125
103,953,3,1,0.088,144.8365478515625
68,973,3,2,0.132,135.23977661132812
62,896,3,2,0.132,118.58523559570312
67,1840,2,2,0.132,126.37908935546875
92,1992,1,2,0.132,133.90635681152344
59,687,1,0,0.154,129.9551239013672
3,966,2,2,0.132,151.40087890625
97,1277,2,3,0.01200000000000001,134.04920959472656
89,1885,0,0,0.06911422593140165,132.32723999023438
24,1154,2,1,0.04160999477425814,134.06068420410156
62,16,3,2,0.08387395801958297,119.52409362792969
0,609,1,2,0.10170076895726454,118.59825897216797
24,1250,3,1,0.088,125.26699829101562
91,1894,3,2,0.132,135.82220458984375
105,1152,1,3,0.1,132.8730010986328
82,748,1,2,0.09064148883768297,136.9544677734375
115,1852,3,2,0.132,126.32865142822266
16,1268,0,3,0.01200000000000001,144.13331604003906
24,1189,0,2,0.132,134.48272705078125
52,46,1,1,0.023070674830803745,117.04924774169922
61,1063,3,2,0.132,141.1981964111328
107,1645,0,3,0.1,124.55036163330078
92,185,2,3,0.01200000000000001,132.49490356445312
77,1172,0,0,0.154,116.88452911376953
3,1534,1,3,0.01200000000000001,150.27642822265625
107,1433,1,2,0.132,129.2367401123047
99,1500,1,2,0.035251624129339854,128.4144287109375
3,525,1,2,0.132,151.595458984375
16,1487,1,2,0.132,138.53506469726562
0,1504,0,3,0.01200000000000001,122.84294891357422
4,1694,0,2,0.132,134.3686065673828
23,86,1,2,0.132,109.1586685180664
97,616,0,1,0.088,134.181396484375
106,444,3,2,0.132,140.1685028076172
95,341,3,3,0.05042348997155724,129.8577117919922
52,1084,1,2,0.132,122.08110809326172
95,963,2,3,0.1,128.82626342773438
4,155,2,2,0.132,123.10820007324219
102,453,1,3,0.154,
92,799,3,3,0.01200000000000001,132.8783416748047
14,233,0,3,0.01200000000000001,139.0535430908203
0,1939,3,2,0.11545594659292863,124.44583129882812
0,1895,0,1,0.088,123.22514343261719
52,1176,3,3,0.1,112.55447387695312
92,611,0,2,0.03398883271906128,140.79153442382812
16,1409,1,2,0.132,139.1002655029297
77,536,1,2,0.1115579625718568,121.22920989990234
82,1676,1,3,0.1,134.11521911621094
52,1161,3,3,0.012000000000005256,125.23563385009766
93,374,2,3,0.01200000000000001,120.01189422607422
52,746,0,3,0.1,117.75775909423828
82,571,0,2,0.132,132.27288818359375
22,1701,0,3,0.01200000000000001,140.20164489746094
14,83,3,2,0.132,138.9224853515625
88,1450,0,2,0.132,141.92491149902344
89,1484,2,2,0.132,149.45065307617188
3,333,0,2,0.132,155.59324645996094
112,230,1,2,0.132,116.66272735595703
36,1427,1,0,0.02416892075301247,120.7049560546875
33,1781,1,2,0.132,124.13660430908203
57,594,3,2,0.132,132.1491241455078
95,1682,0,1,0.013564624240518547,135.42185974121094
74,1252,2,0,0.154,131.67596435546875
51,165,0,2,0.132,119.36011505126953
37,96,1,2,0.132,
52,1560,1,1,0.088,116.91202545166016
103,836,2,3,0.1,138.1575164794922
107,1347,2,2,0.132,127.5682601928711
23,581,2,2,0.132,109.01860809326172
46,543,3,3,0.1,125.18949890136719
115,1223,0,3,0.1,126.63390350341797
74,1909,3,2,0.132,137.8917694091797
16,284,1,1,0.088,140.48529052734375
31,1174,1,2,0.132,116.35623931884766
82,1333,3,1,0.088,134.64002990722656
105,942,0,2,0.132,159.54676818847656
97,1164,2,3,0.01200000000000001,135.65614318847656
74,1252,0,3,0.1,131.67596435546875
36,1598,3,3,0.1,126.35950469970703
3,1383,3,2,0.132,157.1544647216797
83,136,2,2,0.132,127.1736831665039
92,1744,1,3,0.1,128.87255859375
83,958,2,0,0.154,
3,1515,0,3,0.1,150.95675659179688
29,1371,0,1,0.088,127.41815185546875
97,832,3,3,0.01200000000000001,136.13668823242188
16,1293,1,2,0.132,138.1072540283203
48,294,0,1,0.088,133.60263061523438
52,681,1,2,0.132,117.31963348388672
13,930,3,2,0.011542434690029746,124.87963104248047
62,929,3,1,0.088,118.82085418701172
105,511,3,3,0.1,131.4611358642578
59,1740,3,1,0.088,141.69007873535156
8,237,0,1,0.088,144.8137969970703
113,456,0,2,0.132,123.70520782470703
94,1946,0,2,0.132,136.81393432617188
32,1530,1,1,0.088,131.4494171142578
36,983,3,0,0.0675652122277503,123.01202392578125
48,1145,2,0,0.0767446512072677,124.71138763427734
59,1449,0,3,0.01200000000000001,156.38046264648438
28,1684,2,1,0.088,128.9779815673828
63,1866,3,2,0.132,132.07614135742188
92,1521,0,1,0.088,138.62620544433594
95,1646,2,1,0.088,135.58953857421875
84,992,2,3,0.1,111.88735961914062
92,1110,3,0,0.154,128.255615234375
62,1625,1,1,0.088,119.21498107910156
16,334,0,0,0.154,130.50479125976562
97,1340,1,3,0.1,127.10184478759766
70,779,3,3,0.1,120.42570495605469
16,1620,1,2,0.132,124.46698760986328
61,1854,3,1,0.05823882950806164,136.08560180664062
36,1256,3,1,0.088,127.87078857421875
25,113,1,2,0.132,143.81182861328125
26,1950,1,1,0.088,130.5976104736328
23,1301,1,2,0.132,118.76207733154297
52,383,3,1,0.088,119.4293212890625
30,1875,1,3,0.07012995478091336,114.59889221191406
48,976,3,1,0.0033182872343796854,132.54937744140625
52,877,0,0,0.154,110.40229034423828
69,1460,1,1,0.088,138.9309844970703
83,958,0,3,0.154,
51,456,1,1,0.03953800140493302,121.81966400146484
24,1586,2,2,0.132,136.0094757080078
105,1747,3,3,0.1,130.10084533691406
24,1263,1,3,0.1,124.50358581542969
52,868,2,3,0.1,115.0723876953125
52,1338,3,3,0.1,113.72921752929688
16,337,0,0,0.154,131.59617614746094
102,318,0,3,0.01200000000000001,143.64947509765625
11,1113,0,1,0.088,135.55572509765625
23,1885,2,1,0.088,108.67815399169922
83,593,0,3,0.08123894466154202,126.68685913085938
74,380,2,2,0.132,136.81973266601562
68,194,0,3,0.01200000000000001,140.58995056152344
61,706,0,1,0.0477817603762315,143.02725219726562
49,1607,2,1,0.030110048430466302,123.89335632324219
15,1481,0,1,0.088,134.75033569335938
42,1467,2,2,0.132,128.49769592285156
102,372,0,2,0.05590802797744665,141.55303955078125
16,1177,1,2,0.132,146.78517150878906
3,1600,0,2,0.132,155.62001037597656
77,1981,2,2,0.132,120.03325653076172
66,217,3,1,0.088,134.20632934570312
95,273,3,2,0.132,130.6475372314453
10,901,3,2,0.132,122.79722595214844
32,1411,1,1,0.07273568493680047,135.1610565185547
71,1755,0,2,0.132,144.09130859375
83,1975,0,2,0.132,124.6607437133789
18,920,2,3,0.01200000000000001,126.92398834228516
59,1452,1,1,0.088,145.51007080078125
18,972,0,2,0.132,135.48638916015625
15,819,2,3,0.1,130.83843994140625
52,1493,1,3,0.1,117.21272277832031
61,1663,2,3,0.01200000000000001,138.9631805419922
83,1407,1,1,0.088,128.44703674316406
107,223,3,1,0.011093514603764343,123.76400756835938
46,2014,1,2,0.132,130.42791748046875
0,1926,1,0,0.154,115.41632843017578
24,1782,3,1,0.088,122.35279083251953
44,1667,2,1,0.088,137.72528076171875
59,434,3,3,0.01200000000000001,154.2296600341797
23,1858,1,1,0.088,132.25367736816406
62,1141,1,2,0.12948558811974242,123.12361145019531
14,1317,3,3,0.01200000000000001,141.43450927734375
16,1180,1,2,0.132,144.27061462402344
110,730,0,1,0.088,115.80975341796875
102,1279,1,2,0.132,141.78163146972656
83,169,2,1,0.07493378481082878,120.76686096191406
52,482,2,2,0.132,114.0463638305664
71,356,1,3,0.1,134.4486083984375
62,367,3,1,0.04646193877253518,126.21637725830078
49,54,2,2,0.132,125.6742172241211
46,190,3,1,0.088,127.7659683227539
62,888,3,3,0.1,119.53306579589844
92,2006,3,1,0.06303643960821925,128.3962860107422
30,1148,0,3,0.012000000000005256,125.00337982177734
66,1131,0,2,0.132,128.8333740234375
58,478,2,2,0.132,126.62586975097656
32,1901,0,2,0.04640470285667181,127.85045623779297
3,500,2,1,0.088,145.1448974609375
89,1354,3,2,0.132,153.74661254882812
19,14,3,2,0.132,132.54815673828125
13,152,2,3,0.1,123.4758071899414
67,1422,1,2,0.10451398659509867,130.15176391601562
52,1543,0,2,0.132,114.68257904052734
30,298,1,1,0.016231340456692944,115.61144256591797
3,535,0,2,0.0670993899876704,160.21112060546875
33,1130,2,0,0.04978460837466778,115.8238754272461
102,1609,1,2,0.04698396131755336,146.04917907714844
103,1665,0,3,0.01200000000000001,148.25363159179688
85,985,0,3,0.02055948735444063,116.82466125488281
61,1553,0,0,0.1173914856167231,134.24073791503906
38,1463,0,0,0.154,123.50113677978516
85,365,3,3,0.1,117.8355484008789
38,395,3,3,0.012000000000005256,134.2997283935547
58,1046,1,3,0.1,126.0677719116211
17,1607,3,2,0.04344169822056654,132.5178680419922
92,1892,2,1,0.088,130.66262817382812
7,1854,0,1,0.04005057917321722,136.23135375976562
70,248,1,1,0.088,121.21420288085938
68,1503,2,1,0.088,142.24984741210938
24,1147,1,3,0.1,122.84561157226562
113,1951,0,3,0.1,125.44709777832031
14,487,2,2,0.132,137.53363037109375
113,1656,3,0,0.154,101.03799438476562
46,1372,3,2,0.132,132.4490509033203
68,938,3,0,0.007060724895865289,128.3414306640625
92,989,2,3,0.1,128.71408081054688
57,1554,3,2,0.132,134.0956268310547
52,512,1,3,0.1,117.43138885498047
42,1182,3,3,0.00550254653258378,126.7245101928711
37,340,1,2,0.1109017916537686,129.10951232910156
97,801,1,1,0.088,132.0176544189453
68,973,1,1,0.088,135.23977661132812
58,1095,3,2,0.10988092091809276,125.83617401123047
62,1790,1,1,0.088,118.78894805908203
31,490,1,1,0.088,123.93736267089844
43,1540,2,2,0.132,121.15424346923828
52,1937,3,1,0.088,113.63845825195312
32,57,2,1,0.088,128.3669891357422
62,896,1,1,0.088,118.58523559570312
97,1277,0,2,0.132,134.04920959472656
34,654,1,1,0.088,132.59103393554688
49,1926,3,3,0.1,116.87115478515625
113,1656,1,3,0.154,101.03799438476562
62,16,1,1,0.01913349809395609,119.52409362792969
19,1136,2,2,0.132,131.67410278320312
52,188,0,2,0.132,126.22765350341797
8,756,0,2,0.132,132.58050537109375
49,591,2,3,0.01200000000000001,122.65939331054688
52,1280,1,2,0.132,115.96705627441406
24,1566,1,3,0.1,125.20452880859375
94,610,0,3,0.01200000000000001,131.24545288085938
52,936,0,3,0.0802288165996507,114.86834716796875
85,1747,3,2,0.034778776733314865,113.83522033691406
23,938,2,3,0.1,113.87184143066406
11,1272,2,2,0.033454832892568176,135.8681640625
3,1550,0,3,0.021647212658877923,151.16221618652344
52,1191,2,2,0.132,113.21483612060547
16,753,1,3,0.012000000000005256,144.25210571289062
24,904,1,1,0.088,128.63856506347656
32,822,2,0,0.05294363930327009,125.60336303710938
44,1157,2,1,0.088,137.33468627929688
32,724,2,2,0.132,147.12518310546875
15,141,3,2,0.132,132.33380126953125
93,1525,3,2,0.132,115.00581359863281
52,1229,0,3,0.1,111.8994140625
32,776,0,1,0.088,150.38034057617188
28,1725,2,2,0.132,135.03819274902344
110,432,1,3,0.04952855651478047,118.38339233398438
112,224,3,3,0.1,122.56635284423828
44,105,0,1,0.088,147.8617706298828
25,817,0,3,0.09151593091991432,143.44607543945312
110,661,3,2,0.132,115.03720092773438
7,1553,1,3,0.03603726272263999,134.2121124267578
83,901,2,3,0.008880246860024449,121.00437927246094
4,155,0,1,0.088,123.10820007324219
52,1905,3,3,0.012000000000005256,125.9395751953125
22,1829,0,2,0.052042986175042105,153.33316040039062
51,1018,2,1,0.088,
17,54,3,3,0.01200000000000001,134.31114196777344
32,822,0,3,0.1,125.60336303710938
6,1756,0,2,0.132,127.26175689697266
71,678,3,1,0.088,139.04981994628906
52,1944,0,1,0.088,121.35118103027344
105,2012,0,2,0.132,147.9235382080078
32,429,3,2,0.132,151.36326599121094
3,710,3,0,0.03237703667867681,148.2637481689453
92,1659,2,2,0.132,129.94183349609375
36,485,2,3,0.1,130.39788818359375
52,1728,2,3,0.1,115.09016418457031
110,43,1,2,0.132,115.72345733642578
52,1161,1,2,0.132,125.23563385009766
110,1427,2,2,0.132,114.03286743164062
88,1197,0,2,0.132,139.86961364746094
0,941,3,1,0.088,123.33490753173828
52,693,0,1,0.088,122.83924102783203
107,1347,0,1,0.088,127.5682601928711
59,227,2,2,0.011721421975293411,149.98387145996094
112,629,1,2,0.04306626742130737,116.9473648071289
62,1490,3,1,0.088,118.7197265625
34,1495,0,3,0.01200000000000001,135.0811004638672
32,249,2,2,0.132,124.26079559326172
20,1332,0,2,0.11571226736767481,148.96998596191406
26,520,0,1,0.06874459044136419,133.8925018310547
89,990,3,1,0.088,145.06959533691406
112,1526,3,3,0.053657413420659994,122.87189483642578
79,1678,0,3,0.01200000000000001,153.62213134765625
74,1213,3,1,0.088,132.210205078125
25,1042,1,2,0.132,144.3134307861328
62,860,0,3,0.1,120.24674987792969
115,1852,0,2,0.132,126.32865142822266
22,1697,0,3,0.1,137.00833129882812
82,1530,0,1,0.028934809985391663,131.20611572265625
58,43,0,0,0.04168657811019716,123.50727844238281
102,453,0,0,0.154,
8,370,3,2,0.132,139.80104064941406
77,82,3,2,0.132,132.40875244140625
94,515,0,3,0.01200000000000001,133.31832885742188
103,315,0,0,0.0876304517167357,122.75009155273438
52,1176,2,0,0.154,112.55447387695312
59,1952,0,1,0.088,150.32684326171875
36,1643,2,3,0.01200000000000001,128.31716918945312
52,1579,3,2,0.132,125.20802307128906
3,1230,3,3,0.01200000000000001,152.07374572753906
92,1267,2,1,0.088,128.75852966308594
63,1866,1,1,0.088,132.07614135742188
36,1598,1,2,0.132,126.35950469970703
16,914,0,1,0.088,138.77146911621094
16,1904,3,2,0.132,144.78599548339844
95,847,0,2,0.132,138.66896057128906
32,1715,2,1,0.088,131.49169921875
92,438,1,3,0.01200000000000001,129.5218505859375
66,1696,1,2,0.132,133.54762268066406
13,930,1,1,0.088,124.87963104248047
59,1215,2,1,0.088,139.73147583007812
24,493,2,1,0.088,125.33390045166016
105,511,1,2,0.132,131.4611358642578
62,1058,1,1,0.088,122.56578063964844
28,1823,1,2,0.132,129.92921447753906
102,622,0,3,0.01200000000000001,146.0201416015625
68,548,0,2,0.132,151.9368438720703
0,680,0,2,0.132,127.68682098388672
24,1014,2,3,0.1,123.14542388916016
3,617,0,3,0.1,148.67442321777344
74,590,2,1,0.088,141.74819946289062
61,178,3,3,0.01200000000000001,142.87037658691406
77,1078,2,1,0.08749853851255057,119.92849731445312
52,2016,3,2,0.132,115.55853271484375
92,1454,0,1,0.088,142.31011962890625
10,670,2,1,0.011653358259223881,122.95155334472656
52,686,2,1,0.088,113.4040756225586
16,1711,2,1,0.088,138.2382049560547
0,636,1,3,0.01200000000000001,119.20838165283203
16,79,3,3,0.1,138.29283142089844
105,165,3,0,0.13829367959180228,133.09605407714844
82,1411,0,1,0.088,134.3938446044922
16,524,3,0,0.12315292917951517,132.13597106933594
103,384,3,1,0.03959785244360159,148.4199981689453
113,1201,0,1,0.088,124.94883728027344
15,507,3,3,0.1,131.41943359375
3,1562,0,0,0.154,148.0016326904297
11,929,0,0,0.04115214761537357,134.25250244140625
23,1885,0,0,0.08488577406859835,108.67815399169922
46,2005,3,2,0.132,132.1813201904297
54,1599,3,1,0.088,145.07931518554688
52,399,2,1,0.088,118.01366424560547
97,1442,0,2,0.032929077112164196,130.96649169921875
24,588,2,1,0.088,128.02584838867188
42,1467,0,1,0.088,128.49769592285156
8,631,3,3,0.1,125.21142578125
51,529,3,1,0.088,120.22915649414062
52,92,3,3,0.1,114.4842758178711
8,901,1,0,0.03285748735526903,125.13526916503906
6,1688,0,3,0.05393919073104808,118.22944641113281
105,165,1,3,0.1,133.09605407714844
51,156,1,2,0.132,121.11630249023438
16,524,1,3,0.0778943675754272,132.13597106933594
39,570,0,3,0.01200000000000001,134.47657775878906
82,595,0,3,0.1,135.68536376953125
77,983,2,3,0.1,118.82787322998047
51,1899,2,2,0.132,120.21414947509766
71,1779,1,3,0.1,134.48866271972656
113,141,0,1,0.022938456335745677,125.1288833618164
52,868,0,2,0.132,115.0723876953125
99,1164,1,1,0.07988426402798887,136.6811065673828
84,992,1,0,0.037477321710166406,111.88735961914062
0,560,3,2,0.132,120.1516342163086
102,1127,2,3,0.1,137.40521240234375
46,917,0,3,0.01200000000000001,131.14027404785156
92,368,3,2,0.132,133.63473510742188
77,1257,1,1,0.01676202349508671,119.83209991455078
97,1340,0,0,0.154,127.10184478759766
92,99,0,1,0.088,129.5775909423828
62,90,2,2,0.132,118.29218292236328
82,741,0,2,0.08649070949958959,134.1942596435547
0,1139,0,3,0.01200000000000001,123.39098358154297
94,1969,3,3,0.07840531673910422,128.18894958496094
70,1397,2,3,0.1,119.8997573852539
67,1315,0,3,0.1,123.85943603515625
43,1930,3,1,0.088,124.98405456542969
56,369,2,2,0.11685562483616374,124.55613708496094
10,901,1,1,0.045980779848395104,122.79722595214844
80,169,0,0,0.05675368421053998,102.01465606689453
6,659,3,3,0.1,118.18731689453125
74,2004,3,0,0.154,131.59996032714844
26,1313,3,0,0.08467321975939712,121.36239624023438
23,306,0,1,0.088,108.73906707763672
61,1663,0,2,0.132,138.9631805419922
70,1266,3,2,0.132,119.1239242553711
74,5,2,3,0.07355044198819022,134.21156311035156
82,1536,1,3,0.1,133.4152374267578
33,1039,1,2,0.132,120.8282241821289
52,894,3,1,0.088,119.27938079833984
112,1414,0,3,0.07606062376970973,124.9582748413086
62,154,3,2,0.10700369131974241,123.12361145019531
94,734,0,3,0.01200000000000001,130.95423889160156
71,817,3,1,0.088,142.26805114746094
33,1287,1,1,0.088,130.462158203125
71,1183,1,1,0.088,135.33660888671875
89,657,0,2,0.132,157.27169799804688
52,1243,0,3,0.1,114.40888977050781
93,1876,3,1,0.088,116.03050994873047
62,90,3,0,0.154,118.29218292236328
11,1806,3,1,0.088,140.4302978515625
110,430,0,2,0.132,113.60810852050781
52,482,0,1,0.088,114.0463638305664
4,1621,2,1,0.088,123.49068450927734
68,231,3,2,0.132,139.82000732421875
42,1144,3,1,0.088,129.45460510253906
58,478,0,1,0.088,126.62586975097656
3,500,0,0,0.154,145.1448974609375
49,258,3,3,0.04381415403455946,119.26899719238281
7,1562,3,3,0.009226513184948187,134.93003845214844
23,1911,1,2,0.132,103.0909423828125
89,50,0,3,0.01200000000000001,149.9736785888672
17,421,0,2,0.132,132.8511199951172
4,166,2,0,0.1195844433437935,120.56815338134766
4,68,2,2,0.132,118.3462905883789
4,2020,2,3,0.1,122.33370208740234
93,1162,0,3,0.0778334013327781,116.06572723388672
89,1546,1,2,0.024778561873754268,142.28213500976562
16,1841,2,1,0.088,141.8436279296875
24,998,0,1,0.088,128.33494567871094
8,390,0,3,0.1,127.74393463134766
51,413,3,1,0.088,125.22708892822266
52,702,2,1,0.088,119.75944519042969
52,2032,3,3,0.1,117.62117767333984
59,386,0,3,0.01200000000000001,155.692138671875
52,1465,2,2,0.132,110.89873504638672
6,1704,2,0,0.03805464650367902,114.21353149414062
52,800,0,3,0.1,115.9950942993164
25,1853,3,2,0.132,145.38912963867188
32,674,1,2,0.132,128.83421325683594
26,72,2,3,0.1,126.94015502929688
4,166,0,3,0.1,120.56815338134766
14,487,0,1,0.088,137.53363037109375
77,1356,0,2,0.132,121.5615005493164
15,1682,1,2,0.132,137.72415161132812
85,1747,1,1,0.088,113.83522033691406
92,989,0,2,0.08120891456814705,128.71408081054688
23,938,0,2,0.132,113.87184143066406
11,1272,0,1,0.088,135.8681640625
92,125,1,3,0.01200000000000001,134.3265380859375
57,1554,1,1,0.088,134.0956268310547
1,1942,2,1,0.088,123.48729705810547
28,593,3,2,0.132,128.86752319335938
82,330,1,2,0.132,134.62782287597656
109,1704,3,0,0.07035088344149294,108.84254455566406
105,198,1,2,0.1129308147888601,145.25503540039062
32,736,3,2,0.132,150.5343475341797
52,1027,0,2,0.132,116.20853424072266
3,1199,1,1,0.088,149.8568115234375
61,1199,3,1,0.047397610491979575,137.73202514648438
88,1734,0,1,0.088,137.91201782226562
19,1136,0,1,0.088,131.67410278320312
59,1915,0,2,0.132,119.300048828125
89,1082,3,3,0.01200000000000001,146.34326171875
68,1843,3,0,0.154,124.66500854492188
74,1943,0,3,0.01200000000000001,139.63780212402344
85,348,2,2,0.132,113.74468994140625
52,1191,0,1,0.088,113.21483612060547
97,1967,3,2,0.132,129.8330535888672
52,1741,1,3,0.1,114.22257232666016
71,898,2,2,0.132,136.22947692871094
32,724,0,1,0.088,147.12518310546875
100,1573,1,3,0.019494071857969336,138.5316925048828
112,990,0,2,0.132,126.75997161865234
89,1885,2,0,0.09925993594253771,132.32723999023438
28,545,2,3,0.04736122733845266,125.68897247314453
24,454,0,3,0.13536549313621793,101.93009185791016
43,505,3,3,0.1,121.37511444091797
0,679,1,3,0.01200000000000001,121.99736022949219
89,1923,0,1,0.088,154.0394287109375
59,739,3,2,0.132,145.81541442871094
109,401,0,3,0.1,111.2332534790039
103,1831,3,3,0.012000000000005256,147.28817749023438
28,780,1,2,0.132,133.98544311523438
107,1961,2,1,0.088,125.36363983154297
110,641,2,1,0.088,114.7852783203125
15,1370,3,2,0.132,133.263671875
110,466,0,1,0.088,118.08856201171875
95,988,2,3,0.01200000000000001,135.39410400390625
49,132,2,2,0.132,124.07382202148438
16,438,1,2,0.132,139.11532592773438
62,1787,0,2,0.132,131.17129516601562
36,592,3,3,0.01200000000000001,128.6049041748047
97,1721,3,0,0.154,127.05683898925781
52,927,1,3,0.01200000000000001,123.58746337890625
112,1526,1,2,0.132,122.87189483642578
103,1310,3,1,0.088,147.650146484375
71,16,3,2,0.048126041980417034,135.10696411132812
15,340,3,2,0.10254049666623138,131.92686462402344
29,1305,3,1,0.088,127.0638198852539
24,1415,1,1,0.088,97.89253997802734
46,1450,3,2,0.0696509290073859,132.2222137451172
43,147,2,2,0.132,123.61209106445312
24,81,1,3,0.01200000000000001,131.71286010742188
8,1235,1,1,0.088,128.80894470214844
77,30,3,2,0.132,118.33349609375
93,1552,0,3,0.1,116.08946990966797
62,1246,2,1,0.088,121.61526489257812
44,1623,3,1,0.088,137.6455078125
52,1671,3,2,0.132,127.53141784667969
66,278,0,3,0.01200000000000001,133.26498413085938
74,199,0,2,0.08799614986795079,152.61126708984375
4,1027,2,3,0.1,120.92668151855469
97,534,3,2,0.132,129.44595336914062
22,1846,3,3,0.012000000000005256,143.95028686523438
24,1014,0,2,0.132,123.14542388916016
3,1230,1,2,0.132,152.07374572753906
92,4,2,3,0.1,128.8118133544922
43,423,3,0,0.154,120.51534271240234
102,1615,1,3,0.01200000000000001,138.79168701171875
28,1048,2,3,0.01200000000000001,128.924560546875
17,54,0,3,0.01200000000000001,134.31114196777344
3,1515,2,3,0.01200000000000001,150.95675659179688
3,1283,0,3,0.01200000000000001,151.802490234375
52,1021,3,3,0.1,113.99590301513672
52,710,3,2,0.132,116.77137756347656
16,1904,1,1,0.088,144.78599548339844
59,919,0,2,0.132,152.40866088867188
26,1371,1,3,0.1,129.1265869140625
52,1402,0,1,0.088,118.49024200439453
48,366,1,3,0.01200000000000001,134.43142700195312
62,1490,0,1,0.088,118.7197265625
0,184,2,3,0.01200000000000001,119.88111877441406
4,1664,2,1,0.024448674461819114,127.2529067993164
89,172,3,2,0.132,148.48468017578125
21,1184,3,2,0.05565125804094251,130.44580078125
12,1213,0,2,0.132,119.07230377197266
112,1211,3,2,0.132,117.7302017211914
89,1952,1,3,0.0019689597577466356,145.1626739501953
107,994,0,2,0.09717376749303541,124.20215606689453
31,499,1,2,0.132,122.70281219482422
77,983,0,2,0.132,118.82787322998047
26,720,0,2,0.132,133.0412139892578
52,1675,0,2,0.132,109.58290100097656
102,1630,2,1,0.07527297703272912,139.0435791015625
48,1257,1,3,0.1,129.98362731933594
88,1318,2,1,0.088,137.11888122558594
91,2003,1,3,0.1,122.52047729492188
63,997,1,1,0.022793656793206468,126.32982635498047
112,363,1,3,0.1,120.81670379638672
77,1172,2,0,0.154,116.88452911376953
23,625,0,2,0.132,129.48361206054688
24,1398,2,1,0.088,127.61131286621094
59,488,3,3,0.1,141.45706176757812
59,687,1,3,0.1,129.9551239013672
32,1511,1,3,0.1,129.948974609375
44,91,2,1,0.088,146.93707275390625
82,46,3,3,0.1,132.77247619628906
52,92,1,2,0.132,114.4842758178711
71,1173,0,3,0.01200000000000001,148.02630615234375
16,270,3,3,0.07725703659719643,139.48440551757812
70,1397,0,2,0.132,119.8997573852539
59,1410,0,1,0.088,150.5833282470703
58,790,3,2,0.132,127.84870910644531
52,94,3,2,0.132,113.03173828125
99,18,1,3,0.0552052554986468,124.87741088867188
0,1862,1,3,0.1,124.38067626953125
77,1172,0,3,0.1,116.88452911376953
67,232,2,2,0.132,124.9438247680664
24,1297,2,3,0.012000000000005256,131.25131225585938
46,669,2,3,0.03962205298606761,130.17532348632812
59,0,2,2,0.132,149.0017547607422
56,1416,3,2,0.132,122.70723724365234
89,445,3,3,0.02520981176835499,141.5133819580078
66,1399,2,1,0.088,132.9351806640625
36,1363,0,3,0.1,124.69154357910156
63,467,3,2,0.132,128.60682678222656
91,245,0,1,0.012461737254913147,131.48423767089844
95,417,0,0,0.154,126.47764587402344
10,1883,3,1,0.088,127.12923431396484
91,1462,3,1,0.088,129.17820739746094
94,976,1,2,0.07476837613963105,128.10240173339844
33,1361,1,3,0.01200000000000001,129.86859130859375
48,1981,1,1,0.088,130.1066131591797
52,944,0,1,0.088,117.03491973876953
46,245,1,1,0.088,127.2701187133789
92,1324,3,1,0.088,132.34060668945312
0,1700,1,1,0.088,123.50120544433594
3,1311,0,3,0.01200000000000001,156.0355987548828
57,1096,0,1,0.088,132.67799377441406
88,1336,1,2,0.09152201616400676,133.83050537109375
91,1752,3,1,0.03789541039705982,130.21649169921875
70,348,3,0,0.008886023645720165,116.32640075683594
42,1770,0,3,0.05322558787816439,127.31449127197266
16,177,0,2,0.132,153.56138610839844
70,1266,1,1,0.088,119.1239242553711
52,586,1,1,0.088,115.30518341064453
88,479,3,3,0.1,131.97064208984375
66,638,0,2,0.132,134.35658264160156
52,271,2,3,0.1,117.34913635253906
110,1953,2,2,0.132,118.5645523071289
0,1339,2,1,0.06405472580322788,120.36851501464844
23,1858,3,1,0.088,132.25367736816406
0,900,3,1,0.088,123.0335922241211
99,862,2,2,0.08137930266862436,125.85360717773438
89,2009,1,3,0.0642620515834808,146.02102661132812
18,1420,1,2,0.09305755927079074,123.37781524658203
74,1429,3,3,0.1,135.6409149169922
115,1223,2,3,0.1,126.63390350341797
0,1421,3,3,0.01200000000000001,120.96326446533203
92,239,0,2,0.03561749021605942,142.49874877929688
74,1808,1,2,0.132,144.19297790527344
28,1426,0,1,0.088,128.86752319335938
63,662,3,3,0.1,127.27979278564453
71,1825,0,2,0.05652079993522374,135.6825408935547
70,659,1,2,0.11002207817518159,117.70347595214844
1,997,0,3,0.04393430487111813,126.91241455078125
68,231,1,1,0.088,139.82000732421875
57,131,1,2,0.132,129.62576293945312
88,14,2,2,0.12942602453565083,133.44287109375
0,560,0,2,0.132,120.1516342163086
38,1917,0,3,0.01200000000000001,130.6839141845703
59,518,3,2,0.132,150.61422729492188
16,794,0,1,0.088,143.50582885742188
52,1624,0,1,0.088,124.48733520507812
99,1416,2,1,0.048210898398854604,128.079833984375
0,416,0,2,0.132,122.853515625
71,1378,2,2,0.132,146.09010314941406
16,1487,2,3,0.1,138.53506469726562
4,2020,0,2,0.132,122.33370208740234
18,171,3,2,0.132,128.98101806640625
89,1886,0,2,0.132,154.31597900390625
31,1665,3,1,0.088,132.44775390625
32,960,0,3,0.1,129.90234375
61,11,0,3,0.1,135.0902099609375
10,9,2,1,0.088,126.60453796386719
105,908,3,2,0.132,144.9883575439453
82,1093,2,3,0.1,134.21722412109375
115,1137,3,3,0.01200000000000001,132.39999389648438
82,1615,1,2,0.132,142.1243438720703
6,1875,2,2,0.132,127.27973175048828
89,1484,3,3,0.1,149.45065307617188
105,1619,2,2,0.132,134.796142578125
74,273,1,3,0.1,135.316162109375
15,1729,1,1,0.088,131.79469299316406
97,1259,3,3,0.1,129.62991333007812
34,1110,1,3,0.1,127.6542739868164
92,839,0,3,0.1,128.94259643554688
8,1618,3,3,0.1,128.6868896484375
52,1572,2,2,0.132,107.89373779296875
43,1254,2,3,0.1,121.11101531982422
32,486,3,2,0.132,130.81932067871094
54,1661,1,3,0.01200000000000001,143.1640167236328
51,1745,0,3,0.03736305026574163,120.2622299194336
28,593,1,1,0.088,128.86752319335938
36,1848,3,3,0.1,124.71561431884766
71,898,0,1,0.088,136.22947692871094
26,1950,3,1,0.088,130.5976104736328
77,432,2,3,0.012102967614347454,120.64698028564453
103,169,3,3,0.061003556644747214,134.49481201171875
70,80,3,3,0.08722752473378573,121.926025390625
31,298,0,2,0.0652780645133369,126.8250961303711
56,1344,1,3,0.09478156392523901,125.71691131591797
62,1825,2,2,0.132,120.16182708740234
89,1443,0,2,0.132,149.4813690185547
51,511,0,0,0.09366107007627675,117.60852813720703
8,756,2,2,0.132,132.58050537109375
42,1473,0,2,0.132,132.17681884765625
16,334,0,3,0.1,130.50479125976562
33,1459,0,1,0.07754129710923158,123.2021255493164
95,728,1,2,0.132,134.49842834472656
52,1280,3,2,0.132,115.96705627441406
94,610,2,3,0.05988254061877535,131.24545288085938
87,1661,2,3,0.01200000000000001,137.1284942626953
12,1252,3,2,0.03162067811913771,118.01856994628906
59,1449,3,1,0.088,156.38046264648438
24,1263,3,3,0.1,124.50358581542969
57,1117,2,3,0.04272096230708386,125.15880584716797
82,1269,1,3,0.1,134.21908569335938
52,877,0,3,0.1,110.40229034423828
32,1542,2,2,0.132,131.0465850830078
16,1151,1,1,0.088,142.51524353027344
36,1001,0,1,0.088,126.90464782714844
25,409,2,1,0.024958616257591798,145.30503845214844
16,337,0,3,0.1,131.59617614746094
52,2032,0,3,0.1,117.62117767333984
87,1172,2,1,0.08021855835776953,129.39439392089844
83,136,3,3,0.1,127.1736831665039
59,1452,3,1,0.088,145.51007080078125
28,871,1,1,0.088,105.81856536865234
42,282,0,1,0.088,127.84058380126953
16,1293,2,3,0.1,138.1072540283203
82,1511,2,0,0.154,129.96023559570312
43,147,0,1,0.088,123.61209106445312
24,1510,1,3,0.1,125.95013427734375
107,771,0,2,0.132,124.8428726196289
74,256,2,3,0.01200000000000001,139.3878173828125
82,501,3,2,0.132,139.3131561279297
56,18,2,0,0.051099102214785475,120.46205139160156
74,311,0,2,0.132,145.46429443359375
22,1012,3,3,0.01200000000000001,142.7601776123047
93,461,0,1,0.088,127.88858032226562
97,534,1,1,0.088,129.44595336914062
71,2001,2,2,0.132,137.4637451171875
68,194,3,1,0.088,140.58995056152344
93,1177,0,2,0.132,122.49671936035156
113,764,0,2,0.132,128.03704833984375
38,1473,3,1,0.088,127.89766693115234
24,585,0,2,0.132,142.5700225830078
100,1573,0,0,0.017140447043054365,138.5316925048828
4,1573,2,3,0.08495648054203067,122.0376205444336
95,1646,3,2,0.132,135.58953857421875
62,860,2,3,0.0887205294020526,120.24674987792969
92,4,0,2,0.132,128.8118133544922
89,36,2,3,0.01200000000000001,147.8580780029297
85,2003,0,1,0.088,121.20520782470703
52,1021,1,2,0.132,113.99590301513672
32,1901,2,2,0.132,127.85045623779297
52,1391,3,1,0.088,111.52420806884766
97,1967,0,2,0.132,129.8330535888672
52,1689,2,1,0.088,114.96037292480469
74,865,0,1,0.088,141.00088500976562
102,1236,0,2,0.132,143.99102783203125
89,31,3,3,0.012000000000005256,151.2565460205078
19,1752,0,1,0.088,132.84588623046875
89,313,1,1,0.088,149.27333068847656
92,1485,3,2,0.04705747819781114,128.9812774658203
23,1428,3,2,0.132,126.58661651611328
15,5,0,2,0.132,130.68153381347656
62,202,0,1,0.088,120.06063079833984
25,1551,0,3,0.01200000000000001,143.59536743164062
97,1692,1,1,0.012802945742175192,135.52798461914062
97,1032,2,3,0.01200000000000001,133.97203063964844
33,606,2,1,0.088,121.33790588378906
106,1568,1,3,0.09775821220831879,139.1671142578125
80,448,3,2,0.07636894592966798,104.89043426513672
25,1537,1,1,0.088,142.23654174804688
40,1780,0,3,0.01197697618322685,153.35586547851562
74,380,3,3,0.1,136.81973266601562
74,598,3,1,0.088,144.3267364501953
49,1607,3,2,0.08855830177943347,123.89335632324219
11,378,2,1,0.088,138.10166931152344
24,448,1,3,0.06297910184055538,124.11146545410156
34,1391,0,0,0.00045102674671063103,122.90750122070312
38,1463,0,3,0.1,123.50113677978516
89,1914,1,1,0.088,148.59617614746094
71,1237,1,1,0.088,142.54266357421875
16,312,2,3,0.038278515412390024,138.6106719970703
0,1815,0,3,0.1,119.75321197509766
105,253,3,2,0.132,139.690185546875
16,270,1,2,0.132,139.48440551757812
52,1074,0,1,0.088,113.91722106933594
113,1656,3,3,0.154,101.03799438476562
105,1395,1,2,0.132,141.3287353515625
42,537,3,2,0.10760346268105314,130.4552001953125
22,481,0,3,0.01200000000000001,140.291015625
0,53,1,1,0.088,118.97344207763672
3,1793,2,3,0.1,152.04725646972656
105,499,0,1,0.014491652081111,140.50094604492188
56,1416,1,1,0.088,122.70723724365234
63,1688,3,0,0.154,123.13948822021484
62,1141,2,3,0.042549653511683355,123.12361145019531
34,1518,0,3,0.01200000000000001,136.8961944580078
88,437,1,3,0.01200000000000001,134.7291717529297
13,629,1,2,0.08893373257869264,122.93148803710938
6,2004,1,2,0.049355479417464876,120.88168334960938
97,858,1,3,0.012000000000005034,138.6623077392578
85,659,2,2,0.01540349295785709,115.39497375488281
54,1932,2,2,0.003188826879789719,144.8857421875
77,1363,1,3,0.005962352066104515,120.9373779296875
28,816,2,1,0.088,129.8976287841797
88,1119,0,3,0.008217802734344831,134.42770385742188
66,469,1,1,0.088,128.07476806640625
12,1580,0,2,0.11739798947913765,118.500732421875
46,1531,0,2,0.132,135.16525268554688
32,822,2,3,0.1,125.60336303710938
82,392,0,2,0.132,134.10595703125
62,1272,1,2,0.132,120.85572052001953
52,579,0,3,0.1,118.21285247802734
16,1091,3,3,0.01200000000000001,141.53334045410156
69,1242,3,1,0.088,143.90509033203125
3,85,0,2,0.132,152.93594360351562
8,384,0,2,0.045950834821080366,139.72669982910156
48,440,2,2,0.132,138.4678497314453
54,694,3,2,0.060140820033377174,139.09214782714844
91,2003,0,0,0.0006390492332292719,122.52047729492188
68,973,2,2,0.132,135.23977661132812
62,896,2,2,0.132,118.58523559570312
92,1992,0,2,0.132,133.90635681152344
59,687,0,0,0.154,129.9551239013672
3,966,1,2,0.132,151.40087890625
97,1277,1,3,0.01200000000000001,134.04920959472656
39,999,0,2,0.132,136.74493408203125
24,1773,0,1,0.088,140.64222717285156
3,1367,2,1,0.088,148.56736755371094
56,631,3,2,0.0562224735613589,123.60497283935547
115,1852,2,2,0.10870930948025759,126.32865142822266
105,1052,1,3,0.1,130.897705078125
3,260,2,2,0.132,144.91055297851562
71,238,3,2,0.132,136.8934326171875
52,46,0,1,0.03706932335299626,117.04924774169922
7,1723,2,1,0.0025632948923995924,133.57383728027344
3,1828,1,2,0.132,154.28904724121094
3,1534,0,3,0.1,150.27642822265625
11,1779,1,2,0.039914001268733346,134.13778686523438
3,525,0,2,0.132,151.595458984375
62,1594,2,2,0.132,119.08078002929688
16,1487,0,2,0.132,138.53506469726562
74,1429,1,2,0.132,135.6409149169922
23,86,0,2,0.132,109.1586685180664
17,132,0,3,0.01200000000000001,132.67324829101562
63,662,1,2,0.132,127.27979278564453
3,1253,1,1,0.088,154.95314025878906
24,1154,1,1,0.088,134.06068420410156
106,444,2,2,0.12238875026554763,140.1685028076172
15,2028,3,1,0.04399920787730244,135.84884643554688
66,1397,1,0,0.012950765920256208,123.48927307128906
4,155,1,2,0.132,123.10820007324219
102,453,0,3,0.154,
34,503,3,3,0.01200000000000001,134.35693359375
91,1422,2,2,0.132,125.73275756835938
52,1176,2,3,0.1,112.55447387695312
61,1408,2,2,0.132,135.23831176757812
48,1969,2,1,0.088,132.56336975097656
63,1699,3,2,0.132,126.42735290527344
63,467,0,2,0.132,128.60682678222656
82,1676,0,3,0.1,134.11521911621094
97,1553,2,1,0.088,129.82797241210938
33,1155,3,2,0.132,127.78056335449219
93,374,1,3,0.01200000000000001,120.01189422607422
71,1378,0,1,0.088,146.09010314941406
44,786,3,3,0.1,138.05804443359375
49,426,3,2,0.00016900682898901564,127.85709381103516
11,159,3,2,0.132,140.83978271484375
24,1518,3,2,0.132,133.46910095214844
14,1144,0,2,0.049608442416393395,136.9856414794922
89,1189,2,2,0.132,146.95565795898438
95,963,1,3,0.1,128.82626342773438
32,1391,1,3,0.1,129.09405517578125
51,1018,3,2,0.132,
89,1484,1,2,0.132,149.45065307617188
105,1423,2,1,0.088,141.85899353027344
32,674,3,2,0.132,128.83421325683594
19,462,2,1,0.088,135.62139892578125
52,980,3,3,0.1,112.97105407714844
19,1854,3,1,0.029761170491938355,129.85150146484375
39,1829,0,2,0.0799570138249579,138.62501525878906
43,1254,0,2,0.132,121.11101531982422
33,1781,0,2,0.132,124.13660430908203
27,18,2,2,0.132,115.63247680664062
33,1059,2,2,0.132,127.3032455444336
71,391,0,1,0.088,135.4088134765625
113,1201,2,1,0.020436918296524803,124.94883728027344
52,1560,0,1,0.088,116.91202545166016
0,258,1,3,0.1,117.33564758300781
46,543,2,3,0.014128835941047524,125.18949890136719
28,1936,2,1,0.088,109.49082946777344
33,910,3,1,0.088,124.88729858398438
102,622,3,1,0.088,146.0201416015625
8,39,1,3,0.01200000000000001,129.86111450195312
28,390,3,2,0.132,127.53240966796875
16,524,3,3,0.04453320836835398,132.13597106933594
82,1333,2,1,0.088,134.64002990722656
83,136,1,2,0.132,127.1736831665039
3,1380,2,2,0.132,150.60272216796875
61,1854,1,3,0.1,136.08560180664062
95,424,0,3,0.01200000000000001,138.8199462890625
33,299,2,1,0.088,124.50776672363281
103,1061,0,3,0.01200000000000001,146.58047485351562
74,934,2,2,0.132,134.19151306152344
3,51,1,2,0.132,149.92904663085938
97,832,2,3,0.01200000000000001,136.13668823242188
42,1664,0,2,0.132,128.19168090820312
74,1783,1,1,0.088,141.24212646484375
24,139,0,0,0.154,103.18280792236328
23,581,1,2,0.132,109.01860809326172
59,1215,3,2,0.132,139.73147583007812
0,1382,3,3,0.1,119.41303253173828
32,1968,1,1,0.088,134.1779327392578
8,463,0,3,0.012000000000005256,139.49061584472656
32,1530,0,1,0.05906519001460833,131.4494171142578
48,945,0,2,0.09911654548278837,143.49424743652344
92,1267,3,2,0.132,128.75852966308594
54,1000,3,2,0.132,154.4179229736328
61,1562,2,3,0.1,134.90249633789062
4,1573,0,2,0.132,122.0376205444336
93,1753,1,0,0.14038170386888066,113.9438705444336
31,421,1,1,0.088,128.1971893310547
84,992,1,3,0.1,111.88735961914062
92,1744,0,3,0.1,128.87255859375
93,1088,0,1,0.088,120.982421875
107,1526,2,3,0.002156767979339974,128.36705017089844
62,1625,0,1,0.088,119.21498107910156
85,1052,1,2,0.132,115.4173812866211
92,1647,1,3,0.01200000000000001,130.9890899658203
70,699,3,1,0.088,119.8263168334961
97,1340,0,3,0.1,127.10184478759766
52,1647,3,2,0.023510533870115313,126.19364929199219
16,1293,0,2,0.132,138.1072540283203
95,2004,0,1,0.088,127.45075225830078
25,113,0,2,0.132,143.81182861328125
52,1162,2,3,0.1,118.1859130859375
80,169,0,3,0.0563675116348947,102.01465606689453
77,704,3,1,0.0658746937468552,115.55569458007812
87,356,3,3,0.024879286118979577,129.4069061279297
74,590,3,2,0.132,141.74819946289062
74,2004,3,3,0.1,131.59996032714844
69,1460,0,1,0.05646518625747532,138.9309844970703
34,1004,3,3,0.1,125.96566009521484
6,1294,3,1,0.0009812496966577766,125.4782943725586
23,1428,1,1,0.088,126.58661651611328
63,2022,3,1,0.088,128.19065856933594
3,946,0,3,0.1,149.28436279296875
95,1646,1,1,0.088,135.58953857421875
52,686,3,2,0.132,113.4040756225586
105,1747,2,3,0.1,130.10084533691406
12,1252,0,2,0.132,118.01856994628906
24,1263,0,3,0.1,124.50358581542969
16,1620,0,2,0.132,124.46698760986328
24,1541,0,1,0.088,104.03678131103516
52,1391,1,0,0.154,111.52420806884766
23,1885,1,1,0.088,108.67815399169922
52,823,0,2,0.132,115.40406799316406
13,223,0,2,0.09933657839699434,124.33153533935547
93,1506,2,1,0.088,115.3077621459961
16,766,2,3,0.1,132.45579528808594
26,253,2,3,0.028272318328916926,126.85346221923828
49,1607,1,1,0.088,123.89335632324219
54,1683,3,2,0.012630895507709017,149.62973022460938
66,217,2,1,0.088,134.20632934570312
24,475,3,1,0.088,124.61547088623047
105,72,3,1,0.088,139.81045532226562
8,1975,1,1,0.088,127.71907043457031
92,2018,2,1,0.088,132.23635864257812
105,304,0,3,0.01200000000000001,146.7697296142578
52,1493,0,3,0.1,117.21272277832031
61,1663,1,3,0.05765087169497546,138.9631805419922
83,1407,0,1,0.088,128.44703674316406
30,865,0,3,0.01200000000000001,119.48737335205078
107,1462,0,2,0.132,130.9713134765625
51,232,3,3,6.301007412237714e-05,120.64192199707031
46,1146,3,3,0.1,131.56016540527344
24,1782,2,1,0.088,122.35279083251953
74,380,1,2,0.132,136.81973266601562
44,1667,1,1,0.088,137.72528076171875
60,1970,3,3,0.05496411587014978,133.41653442382812
62,1141,0,2,0.010408916119742484,123.12361145019531
107,931,3,2,0.132,127.91968536376953
105,198,3,2,0.132,145.25503540039062
77,1981,1,2,0.132,120.03325653076172
95,273,2,2,0.132,130.6475372314453
6,1704,2,3,0.04467714590376315,114.21353149414062
102,1279,0,2,0.132,141.78163146972656
105,253,1,1,0.07201671702079085,139.690185546875
83,169,1,1,0.088,120.76686096191406
20,254,3,1,0.088,140.82374572753906
8,390,3,1,0.088,127.74393463134766
33,78,1,3,0.01200000000000001,127.87297821044922
62,747,0,2,0.132,148.62672424316406
74,117,3,3,0.01200000000000001,142.64468383789062
74,1799,1,2,0.0025413973453729533,145.28298950195312
52,651,3,2,0.132,110.28583526611328
12,1704,3,1,0.03835020380299392,108.27947235107422
84,401,1,3,0.012827095351883172,110.9894027709961
58,1754,3,1,0.088,128.6319580078125
85,1939,3,2,0.01654405340707138,134.04818725585938
49,58,0,3,0.1,121.95406341552734
85,365,2,3,0.04372870871256057,117.8355484008789
87,1540,2,0,0.030282205662630707,125.66931915283203
95,638,0,3,0.01200000000000001,136.9403076171875
59,1103,0,2,0.132,148.15960693359375
68,1503,1,1,0.088,142.24984741210938
24,1147,0,3,0.1,122.84561157226562
102,163,3,2,0.132,142.00946044921875
113,1656,2,0,0.14607475932039626,101.03799438476562
3,500,1,1,0.088,145.1448974609375
14,1396,3,3,0.1,133.37049865722656
68,938,2,0,0.058401929494650395,128.3414306640625
19,14,2,2,0.0025739754643491763,132.54815673828125
92,989,1,3,0.1,128.71408081054688
16,1091,1,2,0.132,141.53334045410156
57,1554,2,2,0.132,134.0956268310547
52,512,0,3,0.1,117.43138885498047
42,1182,2,3,0.0171309093325836,126.7245101928711
48,440,0,1,0.088,138.4678497314453
37,340,0,2,0.132,129.10951232910156
33,993,0,2,0.132,126.28207397460938
102,1609,0,2,0.132,146.04917907714844
68,973,0,1,0.08386434205885815,135.23977661132812
43,1540,1,2,0.132,121.15424346923828
52,1710,2,2,0.132,120.54310607910156
52,1937,2,1,0.088,113.63845825195312
112,1156,0,2,0.132,128.10794067382812
62,896,0,1,0.088,118.58523559570312
62,1787,2,2,0.132,131.17129516601562
93,289,2,2,0.132,115.07907104492188
105,705,0,2,0.132,140.12930297851562
57,16,2,3,0.1,127.61872863769531
24,755,0,2,0.132,127.87487030029297
52,927,3,3,0.01200000000000001,123.58746337890625
113,1656,0,3,0.08860555195392802,101.03799438476562
89,1731,1,1,0.088,148.8513641357422
93,1431,0,2,0.132,132.90843200683594
19,1136,1,2,0.132,131.67410278320312
33,1747,1,0,0.021062448155369007,115.68480682373047
22,1710,0,3,0.01200000000000001,139.86183166503906
71,678,1,3,0.022882101142599726,139.04981994628906
49,591,1,3,0.01200000000000001,122.65939331054688
14,487,1,2,0.132,137.53363037109375
52,1099,1,2,0.132,125.83338165283203
77,1953,3,2,0.132,120.82235717773438
54,1096,1,3,0.01200000000000001,140.50599670410156
30,652,0,2,0.132,126.59564208984375
24,454,3,1,0.088,101.93009185791016
85,1747,2,2,0.132,113.83522033691406
52,1191,1,2,0.132,113.21483612060547
112,1644,0,1,0.088,125.69442749023438
32,22,3,0,0.1364679834964921,129.44215393066406
43,1634,3,2,0.132,127.30841827392578
59,663,0,2,0.132,156.52516174316406
16,753,0,3,0.01200000000000001,144.25210571289062
44,1157,1,1,0.088,137.33468627929688
97,1721,3,3,0.1,127.05683898925781
93,1525,2,2,0.132,115.00581359863281
103,419,1,3,0.01200000000000001,140.38217163085938
44,786,1,2,0.132,138.05804443359375
85,1567,1,2,0.132,114.00334930419922
28,1725,1,2,0.132,135.03819274902344
32,57,1,1,0.088,128.3669891357422
49,1926,2,3,0.1,116.87115478515625
14,1630,0,2,0.132,137.5718994140625
38,933,1,1,0.088,124.18921661376953
85,1130,1,0,0.11354922326533223,113.92046356201172
110,661,2,2,0.132,115.03720092773438
83,901,1,3,0.06371917373547453,121.00437927246094
99,189,1,2,0.132,137.8892364501953
52,1561,3,1,0.088,116.0399169921875
51,1018,1,1,0.088,
24,1566,0,3,0.1,125.20452880859375
1,1704,1,0,0.023652919167174435,120.22327423095703
24,904,0,1,0.088,128.63856506347656
89,2009,3,3,0.0402918396521077,146.02102661132812
18,1420,3,2,0.108497037625095,123.37781524658203
62,19,3,2,0.132,127.2640380859375
54,328,3,2,0.132,147.95851135253906
52,1728,1,3,0.1,115.09016418457031
110,1427,1,2,0.132,114.03286743164062
11,159,1,1,0.088,140.83978271484375
93,781,3,2,0.132,115.86947631835938
70,417,0,2,0.132,120.03707885742188
62,1490,2,1,0.088,118.7197265625
43,423,3,3,0.1,120.51534271240234
93,609,1,2,0.030299231042735464,116.8697509765625
28,1936,0,0,0.154,109.49082946777344
32,249,1,2,0.132,124.26079559326172
24,1518,1,1,0.088,133.46910095214844
89,990,2,1,0.088,145.06959533691406
89,95,1,3,0.1,149.51170349121094
89,1952,3,3,0.01200000000000001,145.1626739501953
82,1968,0,1,0.088,133.43017578125
4,1396,1,1,0.088,123.6348648071289
25,1042,0,2,0.132,144.3134307861328
52,980,1,2,0.132,112.97105407714844
24,493,0,3,0.1,125.33390045166016
97,105,3,3,0.01200000000000001,137.25753784179688
28,251,3,1,0.088,136.01771545410156
61,1428,1,3,0.01200000000000001,137.78346252441406
38,277,3,3,0.01200000000000001,132.56512451171875
63,650,2,2,0.132,126.59700012207031
16,1477,3,2,0.132,151.08164978027344
70,365,2,3,0.056271291287439434,120.0744400024414
3,1872,0,3,0.01200000000000001,151.40892028808594
57,694,0,2,0.132,131.38327026367188
52,1349,2,3,0.01200000000000001,120.17220306396484
4,1820,0,1,0.026964775567101112,139.47267150878906
52,1579,2,2,0.132,125.20802307128906
31,1079,3,1,0.002201075214505188,131.88897705078125
61,1347,1,3,0.1,135.0010223388672
92,1267,1,1,0.088,128.75852966308594
102,1144,0,3,0.1,138.52903747558594
88,231,2,3,0.01200000000000001,134.2027587890625
89,1381,0,2,0.132,154.47206115722656
96,1958,0,3,0.006213435919308279,119.95413208007812
4,866,1,1,0.088,126.92025756835938
36,1598,0,2,0.132,126.35950469970703
99,18,3,3,0.04468821399864678,124.87741088867188
16,1904,2,2,0.132,144.78599548339844
59,1896,3,1,0.088,156.6049041748047
32,1715,1,1,0.088,131.49169921875
52,1675,3,0,0.154,109.58290100097656
62,434,0,2,0.132,133.77670288085938
24,607,2,1,0.088,122.91295623779297
66,1696,0,2,0.132,133.54762268066406
63,963,0,3,0.1,127.71814727783203
32,524,3,3,0.05546679163164603,130.3231964111328
59,1215,1,1,0.088,139.73147583007812
87,1654,0,2,0.132,144.1930694580078
25,174,3,1,0.088,144.17628479003906
24,493,1,1,0.088,125.33390045166016
53,1313,3,1,0.088,125.87103271484375
63,340,3,3,0.0363934459508474,128.87940979003906
28,1823,0,2,0.132,129.92921447753906
94,976,3,2,0.132,128.10240173339844
38,567,3,2,0.132,135.260498046875
34,822,3,0,0.154,119.85610961914062
107,1470,2,1,0.088,125.55044555664062
3,1230,2,3,0.01200000000000001,152.07374572753906
74,590,1,1,0.088,141.74819946289062
61,1807,1,1,0.088,142.94508361816406
58,63,0,2,0.132,127.18091583251953
42,155,3,3,0.1,124.46110534667969
77,1078,1,1,0.088,119.92849731445312
52,2016,2,2,0.132,115.55853271484375
71,1173,3,1,0.088,148.02630615234375
107,1526,0,2,0.132,128.36705017089844
16,524,2,0,0.022928471152937557,132.13597106933594
105,161,3,3,0.012000000000005256,147.65940856933594
89,1836,3,3,0.01200000000000001,148.20179748535156
71,589,1,2,0.132,137.77935791015625
106,1807,0,1,0.005433195535016505,146.55441284179688
87,1148,0,2,0.132,145.10589599609375
27,767,0,1,0.05342260630473622,116.48890686035156
52,1162,0,2,0.132,118.1859130859375
33,474,0,3,0.1,121.36383056640625
24,1889,2,3,0.04668998146280354,125.06623840332031
74,1808,3,2,0.132,144.19297790527344
16,125,3,2,0.132,143.86204528808594
68,1416,2,3,0.009412689288268355,131.6280059814453
16,524,0,3,0.050010965700234306,132.13597106933594
92,1832,3,1,0.088,128.66969299316406
52,686,1,1,0.088,113.4040756225586
38,1187,3,2,0.132,135.43179321289062
3,1406,1,3,0.01200000000000001,150.809814453125
28,290,2,2,0.10001019679093914,126.0156021118164
52,1435,0,3,0.01200000000000001,123.98721313476562
54,1775,3,2,0.132,150.43470764160156
0,560,2,2,0.12706512492761723,120.1516342163086
15,507,2,3,0.1,131.41943359375
102,1127,1,3,0.1,137.40521240234375
97,1104,3,1,0.053234594400320745,139.1619415283203
16,1902,3,2,0.132,150.7144317626953
31,1805,0,2,0.132,144.4183807373047
36,1834,3,2,0.132,129.45639038085938
62,90,1,2,0.132,118.29218292236328
51,529,2,1,0.088,120.22915649414062
10,901,0,1,0.088,122.79722595214844
46,890,3,3,0.01200000000000001,130.72946166992188
10,136,0,2,0.12711994941584837,129.068115234375
36,1977,3,1,0.088,125.32139587402344
74,2004,2,0,0.154,131.59996032714844
23,34,2,2,0.132,108.23191833496094
59,0,3,3,0.1,149.0017547607422
106,1160,3,1,0.04302881297501654,147.53765869140625
46,1912,0,2,0.08457422399954864,134.2315216064453
18,1108,1,3,0.01200000000000001,129.92332458496094
82,1536,0,3,0.1,133.4152374267578
25,580,0,3,0.1,142.3682403564453
24,1782,0,0,0.052748333404597614,122.35279083251953
33,1039,0,2,0.132,120.8282241821289
71,817,2,1,0.088,142.26805114746094
33,1287,0,1,0.088,130.462158203125
77,1693,2,1,0.088,118.93521881103516
52,1954,2,1,0.088,110.34359741210938
82,537,2,2,0.07335802034474603,142.8246612548828
23,134,0,2,0.132,126.48271179199219
6,659,2,3,0.08161544122728495,118.18731689453125
46,1961,0,0,0.154,122.35499572753906
16,1982,1,2,0.132,147.0433807373047
92,336,3,1,0.088,128.5285186767578
4,1621,1,1,0.088,123.49068450927734
112,543,2,2,0.132,125.04439544677734
61,11,3,1,0.088,135.0902099609375
44,792,3,2,0.132,137.5310821533203
62,240,0,2,0.132,118.71685791015625
28,1235,0,2,0.132,128.68316650390625
92,2006,0,0,0.154,128.3962860107422
68,231,2,2,0.132,139.82000732421875
1,1942,0,3,0.003764384507083801,123.48729705810547
84,1130,3,0,0.052489014630166406,110.85670471191406
23,1911,0,2,0.132,103.0909423828125
19,14,0,1,0.088,132.54815673828125
56,545,2,3,0.03433284634879048,124.99694061279297
4,166,1,0,0.12390308186379353,120.56815338134766
23,1842,3,1,0.088,134.1986083984375
26,198,3,1,0.07395172034913,131.77601623535156
24,272,0,3,0.1,127.48859405517578
93,1876,2,1,0.088,116.03050994873047
51,1745,3,1,0.088,120.2622299194336
42,1396,1,3,0.1,124.87837982177734
20,445,3,1,0.088,141.5078125
24,1707,3,1,0.088,125.15516662597656
33,401,3,0,0.154,115.78392028808594
16,1841,1,1,0.088,141.8436279296875
52,1610,3,1,0.088,114.71519470214844
38,1214,3,1,0.088,133.30722045898438
51,413,2,1,0.088,125.22708892822266
109,1130,2,3,0.1,111.07571411132812
97,1691,2,1,0.088,133.75352478027344
17,1607,0,1,0.088,132.5178680419922
52,2032,2,3,0.1,117.62117767333984
115,1938,3,2,0.132,131.960205078125
34,1100,1,1,0.088,126.4251937866211
92,1521,3,2,0.132,138.62620544433594
31,1782,1,0,0.02805695619540241,120.04502868652344
26,72,1,3,0.02491206174698815,126.94015502929688
82,960,3,0,0.154,129.9214324951172
19,189,2,1,0.088,134.4525146484375
15,1682,0,2,0.132,137.72415161132812
85,1747,0,1,0.013713626700819742,113.83522033691406
48,294,3,2,0.132,133.60263061523438
57,1554,0,1,0.088,134.0956268310547
4,68,1,2,0.132,118.3462905883789
88,1146,0,2,0.132,141.4865264892578
89,88,2,2,0.132,144.98692321777344
8,763,1,2,0.06783713142826642,137.986572265625
82,330,0,2,0.132,134.62782287597656
109,1704,2,0,0.04893841852149295,108.84254455566406
93,1525,0,1,0.088,115.00581359863281
26,1305,1,3,0.04572093895601667,128.8404083251953
42,748,3,3,0.1,125.06758117675781
95,1635,3,1,0.088,137.59506225585938
18,427,2,2,0.132,127.44562530517578
69,251,3,3,0.01200000000000001,143.07058715820312
31,1174,3,1,0.088,116.35623931884766
8,290,2,1,0.08031644572923602,126.33776092529297
28,315,3,1,0.088,106.22738647460938
52,666,0,2,0.132,125.88329315185547
20,1911,3,0,0.05916332639047525,123.4126205444336
32,1972,2,2,0.10200972685091692,132.51705932617188
87,1420,1,2,0.03894244072920927,132.5204315185547
97,1967,2,2,0.132,129.8330535888672
92,1004,0,0,0.154,127.17374420166016
52,1741,0,3,0.1,114.22257232666016
32,429,0,1,0.088,151.36326599121094
71,898,1,2,0.132,136.22947692871094
3,525,2,2,0.132,151.595458984375
15,1481,3,2,0.132,134.75033569335938
74,865,2,1,0.088,141.00088500976562
100,1573,0,3,0.06279674385796934,138.5316925048828
19,562,2,3,0.07763495617681974,129.32229614257812
0,1261,1,3,0.1,124.80725860595703
24,74,3,3,0.01200000000000001,128.78443908691406
70,529,0,2,0.132,121.2844009399414
87,1554,0,3,0.1,136.0597381591797
28,319,0,1,0.088,106.76277923583984
36,759,0,3,0.01200000000000001,128.41152954101562
52,274,0,1,0.088,115.54942321777344
52,1905,0,2,0.132,125.9395751953125
28,1390,3,2,0.132,132.60006713867188
14,233,1,3,0.1,139.0535430908203
59,739,2,2,0.132,145.81541442871094
82,1127,1,2,0.132,136.31854248046875
18,505,3,0,0.09577441163353592,117.46376037597656
85,1149,3,1,0.088,115.0046615600586
77,536,2,2,0.0685890215779893,121.22920989990234
32,1105,3,1,0.088,123.23688507080078
89,1960,3,3,0.012000000000005256,150.7388458251953
24,912,0,1,0.088,137.96328735351562
16,1106,1,1,0.088,136.03997802734375
49,132,1,2,0.11387256577943339,124.07382202148438
22,637,3,3,0.1,137.1995086669922
97,1721,2,0,0.154,127.05683898925781
44,1889,1,1,0.088,138.0310516357422
52,648,3,2,0.132,120.65818786621094
52,1349,0,2,0.132,120.17220306396484
29,1305,2,1,0.06509500225599128,127.0638198852539
17,1489,1,3,0.06129915081164716,133.46987915039062
54,1858,0,3,0.01200000000000001,146.22364807128906
66,1131,3,3,0.1,128.8333740234375
58,1606,1,2,0.132,126.03926849365234
77,1759,1,1,0.088,118.9220199584961
8,1235,0,1,0.088,128.80894470214844
8,370,0,1,0.088,139.80104064941406
77,30,2,2,0.132,118.33349609375
93,560,0,1,0.022723682171270854,118.610595703125
24,1513,3,1,0.088,127.50452423095703
77,82,0,1,0.088,132.40875244140625
44,1623,2,1,0.088,137.6455078125
68,1500,2,1,0.007415591898477555,131.91673278808594
52,1543,3,3,0.1,114.68257904052734
77,801,0,2,0.132,122.3548812866211
97,534,2,2,0.132,129.44595336914062
44,858,2,2,0.132,149.189453125
110,730,3,2,0.132,115.80975341796875
22,1671,0,3,0.01200000000000001,140.505126953125
102,1630,0,3,0.1,139.0435791015625
3,1230,0,2,0.132,152.07374572753906
92,4,1,3,0.1,128.8118133544922
43,423,2,0,0.154,120.51534271240234
32,1109,0,1,0.088,149.10964965820312
24,1415,0,1,0.088,97.89253997802734
59,557,2,2,0.132,144.07534790039062
28,1048,1,3,0.01200000000000001,128.924560546875
74,1252,3,0,0.154,131.67596435546875
71,845,1,3,0.1,136.5570831298828
3,1515,1,3,0.1,150.95675659179688
24,81,0,3,0.01200000000000001,131.71286010742188
24,1398,0,3,0.1,127.61131286621094
16,1904,0,1,0.088,144.78599548339844
24,1417,2,1,0.088,123.20803833007812
75,350,1,1,0.088,125.70026397705078
52,681,2,2,0.132,117.31963348388672
52,1671,2,2,0.132,127.53141784667969
3,85,2,2,0.132,152.93594360351562
52,484,3,1,0.088,116.0594253540039
28,347,0,1,0.088,110.48572540283203
4,1664,1,1,0.0354336311018191,127.2529067993164
52,2016,0,1,0.088,115.55853271484375
69,1540,3,0,0.08844431105054448,129.03858947753906
48,1257,0,3,0.1,129.98362731933594
0,293,3,3,0.01200000000000001,123.59847259521484
38,289,0,3,0.014177101963726652,124.53182220458984
88,1119,3,1,0.088,134.42770385742188
88,1318,1,1,0.04128798534619796,137.11888122558594
91,2003,0,3,0.1,122.52047729492188
88,1940,0,1,0.088,137.09828186035156
11,1468,3,3,0.1,136.38858032226562
26,1371,0,3,0.02168174472960846,129.1265869140625
112,363,0,3,0.1,120.81670379638672
77,1172,1,0,0.154,116.88452911376953
66,123,3,2,0.132,130.14048767089844
15,182,1,1,0.03859693107540205,130.62559509277344
59,488,2,3,0.1,141.45706176757812
52,1766,1,2,0.132,111.18428039550781
59,687,0,3,0.1,129.9551239013672
16,267,2,3,0.01200000000000001,140.13809204101562
66,1069,3,2,0.132,133.51194763183594
44,91,1,1,0.088,146.93707275390625
52,579,3,1,0.088,118.21285247802734
66,600,0,3,0.06955441428864945,128.44662475585938
82,46,2,3,0.1,132.77247619628906
74,1412,2,3,0.1,135.564453125
52,207,0,3,0.01200000000000001,124.88583374023438
52,971,2,2,0.132,123.66323852539062
17,1196,0,3,0.01200000000000001,136.3550567626953
16,270,2,3,0.01200000000000001,139.48440551757812
52,1026,0,1,0.088,118.7978515625
58,790,2,2,0.132,127.84870910644531
52,94,2,2,0.132,113.03173828125
53,836,2,2,0.05305126615846523,133.88380432128906
89,489,3,3,0.1,143.8390350341797
92,1762,3,1,0.088,138.27569580078125
0,1862,0,3,0.01200000000000001,124.38067626953125
0,53,2,2,0.132,118.97344207763672
48,1789,3,1,0.088,134.11978149414062
4,748,0,1,0.088,123.77698516845703
24,1297,1,3,0.01200000000000001,131.25131225585938
56,1416,2,2,0.132,122.70723724365234
68,1184,1,3,0.1,132.22494506835938
63,467,2,2,0.132,128.60682678222656
10,1883,2,1,0.088,127.12923431396484
62,1135,3,2,0.132,137.8618927001953
94,976,0,2,0.132,128.10240173339844
52,1954,0,0,0.154,110.34359741210938
8,1436,3,3,0.012000000000005256,138.03077697753906
112,135,0,1,0.088,126.07093811035156
54,1253,0,1,0.014666339936142359,149.36407470703125
1,985,3,3,0.1,124.55547332763672
105,348,2,3,0.1,130.13131713867188
27,350,3,2,0.014429066046180494,120.71344757080078
32,1391,3,3,0.1,129.09405517578125
82,1921,1,1,0.088,132.80160522460938
93,1926,1,2,0.0957097841044865,113.26107788085938
59,0,1,2,0.132,149.0017547607422
70,1266,0,1,0.088,119.1239242553711
52,586,0,1,0.088,115.30518341064453
88,479,2,3,0.01200000000000001,131.97064208984375
52,1944,3,2,0.132,121.35118103027344
95,1549,1,3,0.01200000000000001,134.6069793701172
106,1259,2,0,0.03290795061209202,137.3423614501953
67,365,2,1,0.06472295763996752,123.66497802734375
66,1399,1,1,0.088,132.9351806640625
52,271,1,3,0.1,117.34913635253906
23,47,2,1,0.088,102.72364807128906
110,1953,1,2,0.132,118.5645523071289
49,258,0,2,0.132,119.26899719238281
71,391,2,1,0.088,135.4088134765625
10,9,0,3,0.1,126.60453796386719
0,900,2,1,0.088,123.0335922241211
8,1979,1,1,0.088,130.64840698242188
71,1930,3,2,0.132,133.72776794433594
24,1720,2,1,0.088,121.43627166748047
115,1223,1,3,0.1,126.63390350341797
0,1421,2,3,0.01200000000000001,120.96326446533203
89,837,1,2,0.132,147.82432556152344
63,662,2,3,0.1,127.27979278564453
67,511,2,0,0.02513331715218599,122.13784790039062
17,132,3,1,0.088,132.67324829101562
39,1318,3,3,0.0016502979791875177,131.2050323486328
68,231,0,1,0.088,139.82000732421875
82,10,2,2,0.132,135.93405151367188
24,106,1,2,0.132,134.95428466796875
62,2017,1,2,0.132,129.9738006591797
93,1284,3,2,0.132,116.84794616699219
43,1254,3,0,0.016514085422292463,121.11101531982422
18,171,2,2,0.132,128.98101806640625
36,1078,2,1,0.0005014614874494228,123.63127899169922
22,1647,3,3,0.1,137.2192840576172
105,908,2,2,0.132,144.9883575439453
82,1093,1,3,0.1,134.21722412109375
32,736,0,1,0.088,150.5343475341797
115,1137,2,3,0.01200000000000001,132.39999389648438
14,772,0,2,0.132,138.68609619140625
66,1266,3,0,0.15123205666791167,122.84566497802734
105,1619,1,2,0.132,134.796142578125
85,401,2,1,0.03330408530515859,113.93543243408203
74,273,0,3,0.1,135.316162109375
16,914,3,2,0.132,138.77146911621094
97,1259,2,3,0.1,129.62991333007812
8,1618,2,3,0.1,128.6868896484375
113,126,3,1,0.088,124.65348815917969
24,139,0,3,0.1,103.18280792236328
16,1633,3,3,0.01200000000000001,144.10589599609375
52,1572,1,2,0.132,107.89373779296875
16,1851,3,1,0.088,138.11293029785156
28,315,1,0,0.02545747207747584,106.22738647460938
63,469,0,2,0.1098378913114359,129.8794403076172
33,1059,3,3,0.01200000000000001,127.3032455444336
4,1968,1,3,0.1,121.70296478271484
87,1759,1,2,0.132,132.3528594970703
28,593,0,1,0.088,128.86752319335938
8,520,3,2,0.0712471578614029,136.38967895507812
3,2009,0,1,0.07120988897680203,151.9952850341797
82,71,3,2,0.132,133.4863739013672
6,1875,1,2,0.132,127.27973175048828
105,1567,3,3,0.02803220609190968,130.50375366210938
62,16,2,1,0.088,119.52409362792969
52,1280,2,2,0.132,115.96705627441406
36,430,0,0,0.11662835861559423,120.25457763671875
25,1239,2,2,0.132,142.0098419189453
24,1263,2,3,0.1,124.50358581542969
57,1117,1,3,0.1,125.15880584716797
92,1985,3,3,0.1,128.9812774658203
82,1269,0,3,0.1,134.21908569335938
3,713,3,2,0.132,155.3379364013672
61,1063,2,1,0.088,141.1981964111328
113,1201,3,2,0.132,124.94883728027344
92,979,3,2,0.132,142.62879943847656
62,2031,3,3,0.1,119.36746978759766
62,630,3,1,0.088,119.26226806640625
96,776,0,3,0.01200000000000001,120.54617309570312
53,359,2,3,0.154,
52,823,2,2,0.132,115.40406799316406
77,432,1,3,0.050471443485219536,120.64698028564453
32,1542,1,2,0.132,131.0465850830078
52,1229,3,0,0.154,111.8994140625
59,1933,3,3,0.154,114.03936004638672
30,1079,1,3,0.012000000000005256,120.83686065673828
32,889,3,2,0.132,129.6898651123047
92,799,2,2,0.132,132.8783416748047
63,80,0,1,0.06545011885189947,126.91487884521484
23,306,3,2,0.132,108.73906707763672
3,946,3,1,0.088,149.28436279296875
92,185,1,2,0.132,132.49490356445312
32,1572,0,3,0.1,125.728271484375
0,932,3,3,0.1,120.03890991210938
77,536,0,1,0.088,121.22920989990234
107,1433,0,1,0.088,129.2367401123047
16,571,3,3,0.1,133.7557830810547
23,1843,0,3,0.1,110.45948028564453
82,642,2,3,0.01200000000000001,136.5513153076172
24,887,3,3,0.1,125.67606353759766
24,547,1,1,0.03475693253425832,134.69625854492188
36,1095,3,2,0.022119079081907245,124.87346649169922
74,1592,3,1,0.088,139.51210021972656
48,447,3,2,0.132,140.9131622314453
56,18,1,0,0.06713079414991609,120.46205139160156
97,534,0,1,0.088,129.44595336914062
71,2001,1,2,0.132,137.4637451171875
88,1503,2,3,0.012000000000005201,136.8895721435547
38,1473,2,1,0.07630086606688918,127.89766693115234
110,430,3,3,0.07839231295925861,113.60810852050781
52,648,1,1,0.088,120.65818786621094
62,1204,2,2,0.12314916896570999,124.80762481689453
62,860,1,3,0.02200112756157399,120.24674987792969
57,594,2,1,0.07958006925491706,132.1491241455078
29,1313,2,1,0.013539268657475373,116.83190155029297
89,36,1,3,0.01200000000000001,147.8580780029297
82,1511,1,0,0.154,129.96023559570312
75,1500,3,3,0.04219138147051649,125.43285369873047
56,767,0,2,0.024844557012990487,120.9582290649414
52,1391,2,1,0.088,111.52420806884766
74,1909,2,1,0.088,137.8917694091797
92,1697,1,3,0.01200000000000001,130.6656036376953
66,1549,3,2,0.016182257765053887,132.06277465820312
23,1428,2,2,0.132,126.58661651611328
29,253,1,1,0.015983282979209146,124.59071350097656
51,1627,0,3,0.1,121.17086029052734
8,1975,2,2,0.132,127.71907043457031
71,1557,3,1,0.088,146.90306091308594
68,1911,3,3,0.057318778017801914,116.65742492675781
48,1420,0,0,0.0318239107272677,129.30145263671875
66,1134,0,2,0.132,130.98074340820312
97,1032,1,3,0.01200000000000001,133.97203063964844
105,744,1,3,0.01200000000000001,143.1735382080078
33,606,1,1,0.088,121.33790588378906
97,1669,0,3,0.1,129.59967041015625
36,1309,0,3,0.01200000000000001,132.0387420654297
16,1857,2,2,0.132,144.66485595703125
99,922,3,1,0.088,
68,1204,1,3,0.1,136.03033447265625
52,681,0,1,0.088,117.31963348388672
11,378,1,1,0.088,138.10166931152344
32,853,3,1,0.088,129.7819061279297
89,1914,0,1,0.088,148.59617614746094
92,1485,2,2,0.132,128.9812774658203
33,993,2,2,0.132,126.28207397460938
28,816,0,3,0.1,129.8976287841797
8,349,0,3,0.012000000000005256,139.82237243652344
16,270,0,2,0.132,139.48440551757812
21,1184,0,1,0.058429118985446754,130.44580078125
107,562,3,2,0.132,128.44171142578125
113,1656,2,3,0.154,101.03799438476562
105,1395,0,2,0.132,141.3287353515625
92,2018,3,2,0.132,132.23635864257812
97,1692,0,1,0.04178092670550104,135.52798461914062
16,1711,3,1,0.088,138.2382049560547
0,636,2,3,0.01200000000000001,119.20838165283203
19,1136,3,2,0.132,131.67410278320312
57,1328,1,3,0.01200000000000001,133.41651916503906
3,1793,1,3,0.01200000000000001,152.04725646972656
46,906,0,2,0.132,132.44541931152344
70,779,2,2,0.132,120.42570495605469
25,1537,0,1,0.088,142.23654174804688
66,1375,2,2,0.132,131.9874725341797
1,1688,2,1,0.06789118686332068,123.262451171875
11,1272,3,2,0.132,135.8681640625
56,1416,0,1,0.088,122.70723724365234
63,1688,2,0,0.154,123.13948822021484
92,1750,3,3,0.1,128.55224609375
71,1237,0,1,0.088,142.54266357421875
13,629,0,2,0.132,122.93148803710938
97,858,0,3,0.01200000000000001,138.6623077392578
85,1567,3,2,0.132,114.00334930419922
85,659,1,2,0.02197792182481842,115.39497375488281
54,1932,1,2,0.03462413343978965,144.8857421875
69,427,3,3,0.1,138.5226593017578
92,1240,2,1,0.088,129.37274169921875
67,1315,3,0,0.13462949542099598,123.85943603515625
42,537,2,2,0.05864197965525397,130.4552001953125
99,1692,0,2,0.1063064485244957,136.67633056640625
42,764,2,1,0.088,129.01547241210938
7,11,0,2,0.132,135.13722229003906
52,1338,2,2,0.132,113.72921752929688
89,1923,3,2,0.132,154.0394287109375
103,854,0,3,0.1,134.9759063720703
66,469,0,1,0.0756563276586929,128.07476806640625
32,22,3,3,0.1,129.44215393066406
24,254,0,1,0.088,128.34596252441406
7,1723,0,3,0.1,133.57383728027344
16,1091,2,3,0.01200000000000001,141.53334045410156
48,440,1,2,0.132,138.4678497314453
23,1301,0,1,0.088,118.76207733154297
54,694,2,2,0.132,139.09214782714844
63,182,3,1,0.088,127.56768798828125
15,600,0,3,0.03044558571135056,133.11282348632812
0,1316,2,3,0.1,118.2163314819336
15,819,1,2,0.132,130.83843994140625
3,1367,1,1,0.088,148.56736755371094
107,223,2,0,0.09101725819576562,123.76400756835938
105,1052,0,3,0.1,130.897705078125
3,260,1,2,0.132,144.91055297851562
71,238,2,2,0.132,136.8934326171875
0,1088,3,1,0.088,122.53172302246094
74,1942,2,0,0.009317925421441886,130.11325073242188
38,1958,0,3,0.005786564080691732,136.34580993652344
59,434,2,2,0.12078776344056358,154.2296600341797
46,1894,3,3,0.01200000000000001,129.56178283691406
43,1688,1,1,0.012313037456679304,122.74580383300781
89,1209,0,2,0.132,158.51568603515625
3,1828,0,2,0.132,154.28904724121094
16,1180,0,1,0.088,144.27061462402344
74,1429,0,2,0.132,135.6409149169922
32,1812,3,2,0.132,128.01446533203125
24,1720,0,0,0.154,121.43627166748047
62,1787,3,3,0.012000000000005256,131.17129516601562
71,356,0,2,0.132,134.4486083984375
63,662,0,2,0.132,127.27979278564453
3,1253,0,1,0.07333366006385764,154.95314025878906
34,615,0,3,0.1,125.21662902832031
15,2028,2,1,0.088,135.84884643554688
22,979,0,3,0.012000000000005256,147.4192657470703
89,1738,3,2,0.132,153.34376525878906
16,1494,3,3,0.1,138.017578125
62,888,2,2,0.132,119.53306579589844
92,277,3,1,0.088,136.6290740966797
32,1958,3,1,0.088,149.61074829101562
13,152,1,2,0.132,123.4758071899414
59,518,0,1,0.088,150.61422729492188
63,1699,2,2,0.09614191156274066,126.42735290527344
97,1553,1,1,0.088,129.82797241210938
33,1155,2,2,0.132,127.78056335449219
62,1594,1,2,0.132,119.08078002929688
24,493,3,1,0.088,125.33390045166016
52,1402,3,2,0.132,118.49024200439453
44,786,2,3,0.1,138.05804443359375
11,159,2,2,0.132,140.83978271484375
105,908,0,1,0.088,144.9883575439453
58,1046,0,2,0.132,126.0677719116211
115,1137,0,2,0.132,132.39999389648438
105,179,2,1,0.088,131.32786560058594
77,1634,2,1,0.035709114326943486,117.50836181640625
52,1465,3,2,0.132,110.89873504638672
106,1408,0,2,0.0496888853055476,138.7516632080078
105,1423,1,1,0.088,141.85899353027344
26,720,3,3,0.01200000000000001,133.0412139892578
79,1214,0,3,0.01200000000000001,151.20034790039062
91,1422,1,2,0.027486013404901338,125.73275756835938
15,1682,2,2,0.132,137.72415161132812
62,929,0,3,0.08745736265929122,118.82085418701172
27,18,1,2,0.132,115.63247680664062
33,1059,1,2,0.132,127.3032455444336
3,713,1,1,0.088,155.3379364013672
22,1679,0,1,0.088,145.97640991210938
113,1201,1,1,0.08363217749652474,124.94883728027344
68,1863,1,3,0.01200000000000001,142.23521423339844
1,1699,3,1,0.02514314335520143,127.01477813720703
103,1175,0,3,0.01200000000000001,147.96473693847656
58,1095,2,1,0.088,125.83617401123047
0,258,0,3,0.012716172803018955,117.33564758300781
46,543,1,3,0.01200000000000001,125.18949890136719
89,1332,3,2,0.132,148.42784118652344
27,767,2,1,0.088,116.48890686035156
54,1554,1,3,0.01200000000000001,142.08485412597656
28,1936,1,1,0.088,109.49082946777344
59,1933,1,2,0.132,114.03936004638672
16,99,3,1,0.088,139.86102294921875
8,901,2,0,0.003880815995268988,125.13526916503906
16,524,2,3,0.07239929597542746,132.13597106933594
107,994,3,3,0.1,124.20215606689453
4,1396,2,2,0.132,123.6348648071289
52,1280,0,1,0.088,115.96705627441406
83,670,2,2,0.12089919996135895,121.12739562988281
3,1380,1,2,0.132,150.60272216796875
92,799,0,1,0.088,132.8783416748047
61,1854,0,3,0.1,136.08560180664062
18,1084,0,2,0.132,123.05037689208984
33,299,1,1,0.088,124.50776672363281
74,1943,1,3,0.01200000000000001,139.63780212402344
92,1985,1,2,0.132,128.9812774658203
100,1383,3,1,0.00888193133467828,152.96807861328125
102,772,0,3,0.01200000000000001,140.0235595703125
74,934,1,2,0.132,134.19151306152344
3,51,0,2,0.132,149.92904663085938
24,607,3,2,0.132,122.91295623779297
53,359,0,2,0.132,
32,724,1,1,0.088,147.12518310546875
74,1783,0,1,0.088,141.24212646484375
88,562,1,3,0.008091403463305474,130.7597198486328
25,1883,3,3,0.05177991395559153,140.6534423828125
112,224,2,2,0.132,122.56635284423828
25,1755,1,3,0.01200000000000001,145.55091857910156
102,866,2,3,0.05231838514047962,137.46920776367188
93,693,1,3,0.1,115.25421142578125
33,910,2,1,0.088,124.88729858398438
52,833,2,1,0.088,111.75553131103516
18,737,3,3,0.01200000000000001,130.35581970214844
8,39,0,3,0.1,129.86111450195312
61,1562,1,3,0.1,134.90249633789062
31,565,0,2,0.132,139.85546875
107,479,3,1,0.088,129.77291870117188
95,1186,0,3,0.1,132.47450256347656
33,474,3,1,0.088,121.36383056640625
31,421,0,1,0.088,128.1971893310547
107,1526,1,3,0.008481237179340045,128.36705017089844
112,93,3,1,0.088,121.39998626708984
23,306,1,1,0.088,108.73906707763672
70,699,2,1,0.088,119.8263168334961
21,1416,2,3,0.015511640297719939,129.74720764160156
36,485,1,2,0.132,130.39788818359375
107,1136,0,2,0.132,130.84243774414062
52,1161,0,1,0.088,125.23563385009766
62,191,0,3,0.01200000000000001,129.4374237060547
52,541,3,1,0.088,114.38414001464844
22,1109,0,3,0.01200000000000001,144.06895446777344
52,1243,1,3,0.1,114.40888977050781
74,2004,2,3,0.1,131.59996032714844
34,1004,2,3,0.1,125.96566009521484
19,930,2,0,0.04383386553579553,125.40093231201172
23,1428,0,1,0.088,126.58661651611328
63,2022,2,1,0.088,128.19065856933594
95,1646,0,1,0.088,135.58953857421875
85,1052,0,2,0.132,115.4173812866211
74,1294,0,3,0.1,135.21688842773438
62,240,2,2,0.132,118.71685791015625
8,1028,3,1,0.088,137.532958984375
57,522,2,2,0.11878532708983125,134.8620147705078
48,1759,0,0,0.154,129.187744140625
92,1659,1,1,0.088,129.94183349609375
24,1170,3,3,0.012000000000005256,132.68695068359375
62,1166,0,3,0.01200000000000001,127.26758575439453
52,1391,0,0,0.15354897325328937,111.52420806884766
23,1911,2,2,0.132,103.0909423828125
92,1624,1,3,0.1,129.1193389892578
93,1506,1,1,0.088,115.3077621459961
16,766,1,3,0.1,132.45579528808594
58,810,3,2,0.132,126.07738494873047
92,42,3,1,0.088,131.1463623046875
4,1027,3,3,0.1,120.92668151855469
14,1615,0,1,0.06106654936514114,138.03611755371094
46,1216,0,2,0.132,135.9209442138672
89,227,1,3,0.01200000000000001,144.60948181152344
36,1643,1,2,0.132,128.31716918945312
54,594,2,3,0.0477710909166813,140.0352325439453
24,475,2,1,0.088,124.61547088623047
22,666,0,3,0.01200000000000001,141.58860778808594
23,34,3,3,0.1,108.23191833496094
75,18,1,0,0.029291467430462778,122.32215118408203
92,2018,1,1,0.088,132.23635864257812
77,734,1,2,0.132,125.66342163085938
80,448,0,1,0.088,104.89043426513672
99,922,1,0,0.14320823216486295,
62,240,3,0,0.154,118.71685791015625
52,1624,3,2,0.132,124.48733520507812
49,1463,3,2,0.132,118.07513427734375
60,1970,2,3,0.011596553170149779,133.41653442382812
93,1816,1,3,0.1,115.24203491210938
88,1793,3,1,0.08583595902619795,134.443359375
110,1159,3,1,0.088,118.14562225341797
107,931,2,2,0.132,127.91968536376953
82,330,2,2,0.132,134.62782287597656
105,198,2,2,0.12437514526732515,145.25503540039062
77,1743,1,3,0.1,117.96814727783203
16,79,2,2,0.132,138.29283142089844
56,854,2,2,0.132,124.0895004272461
16,1268,3,3,0.01200000000000001,144.13331604003906
24,1189,3,2,0.132,134.48272705078125
92,1758,0,2,0.132,138.0644073486328
33,78,0,3,0.01200000000000001,127.87297821044922
66,1375,0,1,0.088,131.9874725341797
61,1330,3,2,0.132,141.5262451171875
107,1645,3,3,0.1,124.55036163330078
33,519,1,3,0.01200000000000001,129.72862243652344
74,1799,0,2,0.132,145.28298950195312
71,1509,0,1,0.088,148.2989959716797
28,1,0,2,0.1284885928338365,148.4383544921875
22,1902,0,3,0.01200000000000001,146.1209716796875
77,1693,3,2,0.132,118.93521881103516
32,1732,3,1,0.088,148.04331970214844
4,1694,3,2,0.132,134.3686065673828
58,1754,2,1,0.088,128.6319580078125
31,1489,2,2,0.132,129.515625
97,616,3,1,0.088,134.181396484375
36,1001,3,2,0.132,126.90464782714844
93,184,0,2,0.132,118.14990997314453
4,1080,2,2,0.132,125.83866882324219
88,1662,2,3,0.01200000000000001,133.81422424316406
28,319,2,1,0.088,106.76277923583984
87,1540,1,0,0.0645526919826307,125.66931915283203
71,1779,0,2,0.132,134.48866271972656
33,1459,3,2,0.132,123.2021255493164
52,1338,0,1,0.088,113.72921752929688
102,163,2,2,0.132,142.00946044921875
32,22,1,2,0.132,129.44215393066406
51,1315,0,2,0.132,119.74657440185547
0,1895,3,1,0.088,123.22514343261719
71,1113,1,3,0.09004548705018192,135.96240234375
92,368,2,1,0.088,133.63473510742188
0,1284,2,1,0.088,118.5784912109375
16,1091,0,2,0.132,141.53334045410156
0,1504,3,3,0.01200000000000001,122.84294891357422
46,1894,1,2,0.132,129.56178283691406
22,1349,0,3,0.1,138.62799072265625
82,571,3,2,0.132,132.27288818359375
52,1240,0,2,0.132,124.59617614746094
43,1540,0,2,0.132,121.15424346923828
52,1710,1,2,0.132,120.54310607910156
22,1701,3,3,0.01200000000000001,140.20164489746094
52,1937,1,1,0.088,113.63845825195312
62,1787,1,2,0.132,131.17129516601562
97,1691,3,2,0.132,133.75352478027344
68,1503,0,1,0.088,142.24984741210938
71,678,0,3,0.1,139.04981994628906
46,1644,3,3,0.01200000000000001,125.55789947509766
3,333,3,2,0.132,155.59324645996094
16,1494,1,2,0.132,138.017578125
46,1470,0,0,0.154,122.52423095703125
62,888,0,1,0.088,119.53306579589844
52,1099,0,2,0.132,125.83338165283203
36,759,3,1,0.088,128.41152954101562
71,238,0,1,0.088,136.8934326171875
51,165,3,2,0.132,119.36011505126953
58,374,0,2,0.03671677504122861,130.94886779785156
66,1186,2,2,0.132,129.78236389160156
74,1617,0,2,0.132,146.28355407714844
8,1235,2,1,0.088,128.80894470214844
10,631,2,3,0.007843465655386322,122.96407318115234
97,1721,2,3,0.1,127.05683898925781
79,247,1,3,0.03791278868545933,150.68690490722656
52,746,3,3,0.1,117.75775909423828
30,859,3,1,0.088,117.45056915283203
88,245,0,3,0.01200000000000001,134.83404541015625
103,419,0,3,0.1,140.38217163085938
44,786,0,2,0.132,138.05804443359375
85,1567,0,2,0.09652803113331493,114.00334930419922
19,1752,3,2,0.132,132.84588623046875
52,831,0,3,0.1,119.42169952392578
32,57,0,1,0.088,128.3669891357422
44,832,2,1,0.002581493839679233,146.79989624023438
57,16,1,3,0.1,127.61872863769531
31,705,1,3,0.1,123.20901489257812
70,997,3,1,0.088,121.35444641113281
42,1621,3,3,0.1,124.77506256103516
105,490,0,1,0.088,139.704345703125
85,1130,0,0,0.027292693859448533,113.92046356201172
33,1747,0,0,0.154,115.68480682373047
3,1968,2,0,0.14939186999867685,148.07435607910156
112,921,0,3,0.1,121.8759536743164
99,189,0,2,0.132,137.8892364501953
19,245,0,2,0.132,134.23924255371094
52,1561,2,1,0.088,116.0399169921875
54,1096,0,3,0.1,140.50599670410156
36,1282,1,1,0.088,124.82917785644531
3,1515,3,3,0.034897708402833655,150.95675659179688
32,1931,0,2,0.132,157.39500427246094
29,1371,3,1,0.07962324537920915,127.41815185546875
7,1562,2,2,0.10310689734369849,134.93003845214844
62,154,2,1,0.088,123.12361145019531
44,1157,0,1,0.088,137.33468627929688
62,19,2,2,0.132,127.2640380859375
67,1028,0,1,0.002786456839967616,139.7113037109375
102,1236,3,3,0.012000000000005256,143.99102783203125
110,1427,0,2,0.132,114.03286743164062
19,1653,2,2,0.132,131.9881591796875
11,159,0,1,0.088,140.83978271484375
59,574,2,3,0.01200000000000001,149.710693359375
48,366,2,3,0.01200000000000001,134.43142700195312
28,347,2,1,0.088,110.48572540283203
93,781,2,2,0.132,115.86947631835938
113,456,3,2,0.1307875233168203,123.70520782470703
43,423,2,3,0.1,120.51534271240234
94,1946,3,2,0.132,136.81393432617188
93,609,0,2,0.132,116.8697509765625
36,43,3,0,0.09298290599158429,122.37911224365234
32,249,0,2,0.132,124.26079559326172
66,341,0,3,0.1,127.13237762451172
82,1615,2,2,0.027642852994844258,142.1243438720703
105,179,0,0,0.154,131.32786560058594
74,1252,3,3,0.1,131.67596435546875
52,1465,1,1,0.088,110.89873504638672
87,1145,3,2,0.132,125.43084716796875
79,426,0,3,0.01200000000000001,150.70046997070312
32,674,0,1,0.088,128.83421325683594
28,206,2,1,0.088,108.41876220703125
57,1825,2,3,0.1,128.34439086914062
52,980,0,2,0.132,112.97105407714844
16,334,3,0,0.154,130.50479125976562
24,1656,3,1,0.088,101.31900024414062
97,105,2,3,0.01200000000000001,137.25753784179688
103,357,0,2,0.132,154.44659423828125
61,1428,0,3,0.1,137.78346252441406
63,650,1,2,0.132,126.59700012207031
70,365,1,3,0.04199188270088902,120.0744400024414
48,1568,1,2,0.06395207627301702,131.47488403320312
21,1500,2,1,0.013355036585446761,130.07064819335938
52,877,3,0,0.154,110.40229034423828
83,958,3,3,0.154,
52,1349,1,3,0.01200000000000001,120.17220306396484
61,1347,0,3,0.1,135.0010223388672
92,1267,0,1,0.088,128.75852966308594
82,1169,2,2,0.132,139.19876098632812
25,1853,2,1,0.088,145.38912963867188
16,337,3,0,0.154,131.59617614746094
99,116,2,1,0.088,127.26707458496094
89,1082,2,2,0.132,146.34326171875
54,1842,0,3,0.01200000000000001,147.94473266601562
99,18,2,3,0.056962052498646776,124.87741088867188
105,499,3,2,0.132,140.50094604492188
48,382,0,1,0.088,141.63641357421875
24,607,1,1,0.088,122.91295623779297
61,706,3,1,0.088,143.02725219726562
3,85,3,3,0.01200000000000001,152.93594360351562
32,524,2,3,0.027600704024572542,130.3231964111328
102,372,3,2,0.132,141.55303955078125
3,1600,3,2,0.132,155.62001037597656
94,976,2,2,0.09339262754661404,128.10240173339844
46,1529,0,3,0.012000000000005256,133.77536010742188
68,1662,2,2,0.132,139.4690704345703
34,822,2,0,0.10105636069672991,119.85610961914062
92,1832,1,3,0.1,128.66969299316406
107,1470,1,1,0.088,125.55044555664062
18,737,1,2,0.132,130.35581970214844
16,337,1,3,0.1,131.59617614746094
46,1403,0,2,0.132,136.85704040527344
54,1000,0,1,0.088,154.4179229736328
0,679,0,2,0.132,121.99736022949219
32,571,1,2,0.132,132.678955078125
42,155,2,3,0.08311366519513697,124.46110534667969
52,207,3,1,0.088,124.88583374023438
18,972,3,2,0.132,135.48638916015625
69,1725,2,1,0.029945350233851836,142.64390563964844
102,318,3,3,0.01200000000000001,143.64947509765625
85,348,1,1,0.088,113.74468994140625
28,780,0,1,0.088,133.98544311523438
11,1113,3,1,0.088,135.55572509765625
7,1936,3,0,0.048038993700396965,125.05772399902344
15,1370,2,1,0.088,133.263671875
95,988,1,2,0.132,135.39410400390625
8,1979,3,1,0.088,130.64840698242188
36,592,2,2,0.09821389047574625,128.6049041748047
24,1889,1,3,0.04516742406280347,125.06623840332031
74,1808,2,2,0.132,144.19297790527344
83,1975,3,2,0.0192635974461709,124.6607437133789
112,1526,0,1,0.0311978726465902,122.87189483642578
43,505,2,2,0.132,121.37511444091797
16,125,2,2,0.132,143.86204528808594
18,1299,3,2,0.132,125.17724609375
92,1832,2,1,0.088,128.66969299316406
95,1375,2,3,0.01200000000000001,134.5364990234375
14,1833,0,2,0.132,141.6969451904297
3,1406,0,3,0.1,150.809814453125
57,1661,3,1,0.088,135.1951446533203
71,589,0,2,0.132,137.77935791015625
32,1901,3,2,0.11821695117202152,127.85045623779297
110,641,1,0,0.07202618952881057,114.7852783203125
24,1170,1,2,0.132,132.68695068359375
93,932,2,2,0.132,118.2464370727539
16,794,1,1,0.088,143.50582885742188
51,997,1,2,0.015432341709146202,120.31407928466797
93,1582,3,1,0.088,124.49070739746094
54,1683,0,1,0.07249540568894064,149.62973022460938
58,1070,0,3,0.1,125.97569274902344
36,1977,2,1,0.088,125.32139587402344
23,34,1,2,0.132,108.23191833496094
105,1149,2,2,0.04857126113167698,130.47317504882812
15,1729,2,1,0.088,131.79469299316406
19,1692,2,1,0.08044301394508674,133.19619750976562
74,1580,2,0,0.154,131.71449279785156
70,722,1,2,0.132,118.48468017578125
43,1254,3,3,0.1,121.11101531982422
61,1330,1,1,0.088,141.5262451171875
36,1834,2,2,0.132,129.45639038085938
16,481,2,2,0.132,144.2367401123047
52,1954,1,1,0.088,110.34359741210938
95,738,2,3,0.01200000000000001,134.23291015625
38,1463,3,0,0.11162252483027313,123.50113677978516
16,221,1,3,0.1,138.18772888183594
112,1211,2,1,0.088,117.7302017211914
34,336,0,1,0.088,128.04794311523438
34,1750,0,2,0.132,128.08155822753906
4,1621,0,1,0.088,123.49068450927734
6,298,0,2,0.06672193548666311,128.98109436035156
112,543,1,2,0.132,125.04439544677734
113,1951,3,3,0.1,125.44709777832031
105,1152,2,2,0.132,132.8730010986328
29,1950,3,2,0.022091157743866607,129.23214721679688
8,756,3,2,0.132,132.58050537109375
44,792,2,2,0.132,137.5310821533203
56,854,0,1,0.08441325894864468,124.0895004272461
94,610,3,3,0.01200000000000001,131.24545288085938
52,936,3,3,0.1,114.86834716796875
3,1550,3,3,0.01200000000000001,151.16221618652344
18,1108,0,3,0.01200000000000001,129.92332458496094
62,505,2,0,0.09495257153794828,115.80318450927734
107,1645,1,2,0.132,124.55036163330078
71,391,3,2,0.132,135.4088134765625
71,817,1,1,0.088,142.26805114746094
109,1704,0,2,0.132,108.84254455566406
88,437,2,3,0.06301226244370749,134.7291717529297
82,710,2,3,0.1,132.67506408691406
23,1842,2,1,0.088,134.1986083984375
77,1693,1,1,0.088,118.93521881103516
0,1504,1,2,0.132,122.84294891357422
93,1876,1,1,0.088,116.03050994873047
32,776,3,1,0.088,150.38034057617188
52,92,0,1,0.088,114.4842758178711
24,1250,2,3,0.1,125.26699829101562
24,1707,2,1,0.088,125.15516662597656
16,1982,0,2,0.132,147.0433807373047
44,105,3,1,0.088,147.8617706298828
25,817,3,3,0.01200000000000001,143.44607543945312
109,1130,1,3,0.1,111.07571411132812
97,1691,1,1,0.088,133.75352478027344
115,1938,2,2,0.132,131.960205078125
31,1782,0,0,0.10125166659540238,120.04502868652344
95,123,0,3,0.1,132.8091278076172
32,822,3,3,0.1,125.60336303710938
3,1734,1,3,0.1,155.87757873535156
26,72,0,3,0.09513757597339637,126.94015502929688
105,2012,3,2,0.132,147.9235382080078
48,292,1,3,0.012000000000005256,138.28550720214844
16,1409,2,1,0.088,139.1002655029297
37,96,2,1,0.088,
82,1676,2,2,0.132,134.11521911621094
89,2013,1,2,0.132,149.66943359375
88,1197,3,2,0.132,139.86961364746094
102,128,0,3,0.01200000000000001,144.98818969726562
52,693,3,1,0.088,122.83924102783203
52,1229,3,3,0.1,111.8994140625
107,1347,3,1,0.088,127.5682601928711
33,1361,0,2,0.132,129.86859130859375
42,1396,0,3,0.008028874849556278,124.87837982177734
8,763,0,2,0.132,137.986572265625
34,1495,3,3,0.01200000000000001,135.0811004638672
33,401,2,0,0.15110096991536906,115.78392028808594
26,1305,0,3,0.1,128.8404083251953
32,718,0,2,0.09245626077952668,150.60809326171875
42,748,2,3,0.1,125.06758117675781
95,1635,2,1,0.088,137.59506225585938
18,427,1,2,0.132,127.44562530517578
34,1100,0,1,0.088,126.4251937866211
31,1174,2,1,0.088,116.35623931884766
46,669,1,2,0.132,130.17532348632812
3,333,1,1,0.088,155.59324645996094
39,723,0,2,0.132,141.06704711914062
28,315,2,1,0.088,106.22738647460938
82,524,3,0,0.030847070820484823,130.2764129638672
102,453,3,0,0.154,
24,1541,3,2,0.132,104.03678131103516
32,1972,1,2,0.05135362283619749,132.51705932617188
97,1967,1,2,0.132,129.8330535888672
99,862,1,1,0.0862938416952638,125.85360717773438
102,1467,2,1,0.088,137.88986206054688
74,1429,2,2,0.132,135.6409149169922
59,1952,3,1,0.088,150.32684326171875
89,495,1,1,0.088,143.6575927734375
19,562,1,3,0.09190859653669453,129.32229614257812
23,1843,3,1,0.088,110.45948028564453
0,1261,0,3,0.01200000000000001,124.80725860595703
70,659,0,1,0.02446224705667932,117.70347595214844
87,1145,1,1,0.088,125.43084716796875
22,1697,3,3,0.1,137.00833129882812
95,847,3,2,0.132,138.66896057128906
7,1562,0,1,0.088,134.93003845214844
88,1653,3,3,0.01200000000000001,132.91854858398438
18,1420,0,1,0.088,123.37781524658203
62,19,0,1,0.088,127.2640380859375
32,1105,2,1,0.088,123.23688507080078
79,1917,2,3,0.023507053285459323,149.0714874267578
3,617,3,3,0.1,148.67442321777344
97,1721,1,0,0.154,127.05683898925781
48,1420,0,3,0.08408699123091976,129.30145263671875
44,1889,0,1,0.088,138.0310516357422
52,648,2,2,0.132,120.65818786621094
57,131,0,1,0.088,129.62576293945312
39,2027,0,1,0.0069266433454383824,134.5929718017578
34,1110,0,2,0.132,127.6542739868164
82,1411,3,1,0.088,134.3938446044922
88,1414,0,3,0.02393937623029027,132.7938690185547
58,1606,0,2,0.132,126.03926849365234
32,486,2,1,0.088,130.81932067871094
59,1740,2,3,0.1,141.69007873535156
24,1513,2,1,0.088,127.50452423095703
97,1442,3,2,0.132,130.96649169921875
56,767,3,0,0.11624120110067547,120.9582290649414
97,1669,3,1,0.088,129.59967041015625
16,1106,0,1,0.088,136.03997802734375
32,524,0,2,0.132,130.3231964111328
28,1684,1,3,0.01200000000000001,128.9779815673828
42,1467,3,1,0.088,128.49769592285156
8,369,1,1,0.02584152276421947,125.75128936767578
36,1309,3,1,0.088,132.0387420654297
77,1848,2,2,0.132,120.97967529296875
56,1344,0,2,0.132,125.71691131591797
44,858,1,2,0.132,149.189453125
92,1110,2,2,0.132,128.255615234375
83,958,1,2,0.132,
62,1825,1,1,0.088,120.16182708740234
82,595,3,3,0.1,135.68536376953125
95,728,0,1,0.088,134.49842834472656
113,141,3,1,0.031765542771147764,125.1288833618164
52,868,3,2,0.132,115.0723876953125
51,1627,3,1,0.088,121.17086029052734
95,1481,2,3,0.01200000000000001,132.76321411132812
10,580,0,1,0.034867861586408144,129.1921844482422
52,1717,2,1,0.088,124.24391174316406
77,1759,0,1,0.07520907686798983,118.9220199584961
113,1182,1,3,0.03351911607576363,125.72270202636719
24,1417,1,1,0.088,123.20803833007812
46,917,3,3,0.012000000000005256,131.14027404785156
3,1562,3,0,0.154,148.0016326904297
75,350,0,1,0.088,125.70026397705078
52,383,2,3,0.01200000000000001,119.4293212890625
103,198,2,2,0.004282838233129804,143.4693603515625
48,976,2,3,0.09240236428562054,132.54937744140625
3,85,1,2,0.132,152.93594360351562
51,456,0,3,0.1,121.81966400146484
52,484,2,1,0.088,116.0594253540039
0,1876,1,3,0.1,118.05304718017578
70,80,2,2,0.132,121.926025390625
58,641,2,0,0.11568705311118946,122.6120834350586
67,1315,3,3,0.1,123.85943603515625
80,169,3,0,0.025465204610539985,102.01465606689453
67,1665,0,2,0.132,141.8332061767578
36,1256,2,3,0.01200000000000001,127.87078857421875
59,557,1,2,0.132,144.07534790039062
18,1299,1,1,0.088,125.17724609375
36,1311,0,2,0.042815791521310764,135.38446044921875
56,901,0,2,0.07796630457720732,123.44461059570312
52,1493,2,2,0.132,117.21272277832031
71,845,0,3,0.1,136.5570831298828
103,1831,0,1,0.039148478425964056,147.28817749023438
0,293,2,3,0.012000000000005256,123.59847259521484
88,1318,0,1,0.088,137.11888122558594
1,1688,3,2,0.132,123.262451171875
112,1414,3,3,0.0031236641991368996,124.9582748413086
74,256,1,2,0.132,139.3878173828125
97,1340,3,0,0.154,127.10184478759766
94,734,3,3,0.01200000000000001,130.95423889160156
85,1704,3,0,0.024182005134828044,111.96847534179688
82,501,2,1,0.088,139.3131561279297
0,1139,3,3,0.01200000000000001,123.39098358154297
66,123,2,2,0.132,130.14048767089844
93,730,2,1,0.088,113.01606750488281
43,1117,2,3,0.057279037692916146,123.52989959716797
16,267,1,3,0.01200000000000001,140.13809204101562
33,993,3,3,0.1,126.28207397460938
66,1069,2,2,0.132,133.51194763183594
44,91,0,1,0.088,146.93707275390625
59,1452,0,3,0.1,145.51007080078125
43,1172,0,2,0.09643442146960035,126.16073608398438
52,1373,3,1,0.088,125.73682403564453
74,1412,1,3,0.1,135.564453125
52,971,1,2,0.132,123.66323852539062
52,482,3,1,0.088,114.0463638305664
4,1573,1,2,0.132,122.0376205444336
107,223,2,3,0.1,123.76400756835938
53,836,1,2,0.0694726949584652,133.88380432128906
58,478,3,1,0.088,126.62586975097656
24,1510,0,2,0.132,125.95013427734375
32,1901,1,1,0.088,127.85045623779297
112,1644,3,2,0.132,125.69442749023438
89,50,3,3,0.01200000000000001,149.9736785888672
13,152,3,2,0.132,123.4758071899414
8,1831,3,1,0.05126909553763756,138.52659606933594
93,932,0,1,0.088,118.2464370727539
20,688,0,2,0.132,151.7023162841797
24,1720,0,3,0.1,121.43627166748047
52,1766,0,2,0.132,111.18428039550781
68,1184,0,3,0.1,132.22494506835938
63,467,1,2,0.132,128.60682678222656
70,417,3,3,0.1,120.03707885742188
43,1117,3,1,0.088,123.52989959716797
34,2006,0,3,0.1,127.85880279541016
92,2006,2,3,0.006692925159431984,128.3962860107422
58,1046,2,2,0.132,126.0677719116211
89,489,2,3,0.1,143.8390350341797
105,348,1,3,0.08933289118655036,130.13131713867188
77,430,3,0,0.08516066524841698,115.88983917236328
92,336,0,0,0.04214264610184165,128.5285186767578
32,1391,2,3,0.1,129.09405517578125
48,1789,2,1,0.088,134.11978149414062
71,356,3,0,0.154,134.4486083984375
82,1921,0,1,0.088,132.80160522460938
52,1021,0,1,0.088,113.99590301513672
44,315,3,0,0.036864557388835706,126.90003204345703
59,0,0,2,0.132,149.0017547607422
77,1356,3,2,0.132,121.5615005493164
95,1549,0,3,0.01200000000000001,134.6069793701172
67,365,1,1,0.07535356083996753,123.66497802734375
26,253,3,3,0.056694310089375255,126.85346221923828
16,1220,3,1,0.088,140.44944763183594
23,47,1,1,0.088,102.72364807128906
23,938,3,2,0.132,113.87184143066406
71,391,1,1,0.088,135.4088134765625
0,1339,0,1,0.088,120.36851501464844
56,116,1,3,0.1,121.9650650024414
0,900,1,1,0.088,123.0335922241211
16,312,1,2,0.132,138.6106719970703
8,1979,0,1,0.088,130.64840698242188
24,1864,1,2,0.132,131.89720153808594
0,258,2,3,0.1,117.33564758300781
16,1031,1,3,0.1,133.281005859375
24,1720,1,1,0.088,121.43627166748047
48,259,0,1,0.088,140.7625732421875
24,998,3,1,0.088,128.33494567871094
105,253,2,1,0.088,139.690185546875
24,1250,0,2,0.132,125.26699829101562
38,508,3,1,0.088,134.1150360107422
105,1962,2,2,0.132,146.55372619628906
20,837,0,1,0.088,148.27581787109375
52,800,3,3,0.1,115.9950942993164
93,1316,0,3,0.031713140200775286,116.23680877685547
4,166,3,3,0.1,120.56815338134766
88,479,1,3,0.01200000000000001,131.97064208984375
95,2022,1,3,0.03144737127155711,129.2834014892578
74,1943,3,3,0.01200000000000001,139.63780212402344
52,271,0,3,0.1,117.34913635253906
97,801,0,3,0.03056496896167349,132.0176544189453
97,1568,2,2,0.132,131.9300079345703
24,106,0,2,0.132,134.95428466796875
16,443,3,2,0.132,151.23487854003906
34,654,0,3,0.01200000000000001,132.59103393554688
24,139,1,0,0.154,103.18280792236328
92,1892,1,3,0.01200000000000001,130.66262817382812
70,248,0,3,0.1,121.21420288085938
67,933,0,2,0.021648712868752973,130.91607666015625
97,21,2,1,0.088,129.90463256835938
82,1972,0,2,0.132,132.08071899414062
105,908,1,2,0.132,144.9883575439453
87,522,2,1,0.057532380300329394,136.78665161132812
67,511,1,0,0.10961000722099598,122.13784790039062
88,1734,3,1,0.088,137.91201782226562
83,817,3,2,0.09081757794826595,128.6211700439453
69,281,1,2,0.0561541304809387,144.65896606445312
95,638,1,3,0.012000000000005256,136.9403076171875
58,63,3,3,0.1,127.18091583251953
89,95,3,2,0.041155345592325254,149.51170349121094
0,1939,0,3,0.01200000000000001,124.44583129882812
70,1899,3,3,0.1,121.26781463623047
59,1915,3,2,0.132,119.300048828125
92,1100,0,0,0.154,127.44430541992188
66,1266,2,0,0.154,122.84566497802734
109,401,3,3,0.1,111.2332534790039
32,822,1,2,0.132,125.60336303710938
82,10,1,2,0.132,135.93405151367188
62,1790,0,3,0.006327159350984102,118.78894805908203
52,1572,0,2,0.132,107.89373779296875
16,1851,2,1,0.088,138.11293029785156
62,2017,0,2,0.132,129.9738006591797
28,315,0,0,0.0663695482832643,106.22738647460938
4,1968,0,3,0.1,121.70296478271484
110,43,2,1,0.088,115.72345733642578
87,1759,0,2,0.0878141601000052,132.3528594970703
110,466,3,1,0.088,118.08856201171875
106,1062,3,1,0.088,141.06048583984375
27,767,3,2,0.06638234734082904,116.48890686035156
53,359,3,0,0.154,
115,1137,1,3,0.01200000000000001,132.39999389648438
77,1363,0,2,0.132,120.9373779296875
49,1546,0,1,0.088,120.74223327636719
105,1567,2,3,0.011011502207982568,130.50375366210938
18,1759,0,1,0.012790923132010162,123.26264190673828
16,392,3,3,0.1,135.11073303222656
105,1619,0,2,0.132,134.796142578125
56,631,2,1,0.088,123.60497283935547
115,1852,1,1,0.022399239031092227,126.32865142822266
25,1239,1,2,0.132,142.0098419189453
0,941,2,3,0.01200000000000001,123.33490753173828
92,1985,2,3,0.1,128.9812774658203
3,713,2,2,0.132,155.3379364013672
61,1063,1,1,0.088,141.1981964111328
62,2031,2,3,0.1,119.36746978759766
53,359,1,3,0.154,
52,823,1,2,0.132,115.40406799316406
66,278,3,3,0.01200000000000001,133.26498413085938
88,1752,2,2,0.132,133.68714904785156
54,25,0,2,0.132,151.3863067626953
19,930,2,3,0.05430040885069275,125.40093231201172
3,966,0,1,0.019253698335372604,151.40087890625
62,191,3,1,0.088,129.4374237060547
74,1213,2,3,0.1,132.210205078125
52,833,3,2,0.132,111.75553131103516
82,71,2,2,0.132,133.4863739013672
106,444,1,1,0.05041819393501651,140.1685028076172
52,1229,2,0,0.154,111.8994140625
59,1933,2,3,0.154,114.03936004638672
85,407,0,1,0.088,140.2473907470703
33,492,0,2,0.132,128.03990173339844
30,1079,0,3,0.01200000000000001,120.83686065673828
89,560,0,3,0.1,144.40081787109375
92,799,1,2,0.132,132.8783416748047
34,503,2,2,0.132,134.35693359375
3,1283,3,3,0.01200000000000001,151.802490234375
52,1176,1,2,0.132,112.55447387695312
92,185,0,2,0.132,132.49490356445312
61,1408,1,1,0.088,135.23831176757812
93,1552,3,3,0.1,116.08946990966797
59,919,3,2,0.132,152.40866088867188
62,630,2,1,0.088,119.26226806640625
19,931,0,3,0.1,128.88540649414062
16,571,2,3,0.1,133.7557830810547
93,374,0,2,0.0952832249587714,120.01189422607422
74,1294,3,1,0.08701875030334222,135.21688842773438
24,547,0,1,0.088,134.69625854492188
62,1166,3,1,0.088,127.26758575439453
99,1277,0,3,0.01200000000000001,135.26292419433594
24,1014,3,2,0.132,123.14542388916016
102,187,0,2,0.132,146.73594665527344
71,2001,0,2,0.132,137.4637451171875
25,409,0,1,0.088,145.30503845214844
2,89,0,2,0.0017059407905127555,123.68577575683594
24,1518,2,1,0.088,133.46910095214844
61,1336,1,2,0.04047798383599324,139.28233337402344
3,617,1,2,0.132,148.67442321777344
12,1213,3,2,0.132,119.07230377197266
52,648,0,1,0.0012701706778066035,120.65818786621094
51,156,2,1,0.088,121.11630249023438
89,1484,0,1,0.088,149.45065307617188
62,240,3,3,0.1,118.71685791015625
74,598,0,3,0.01200000000000001,144.3267364501953
57,594,1,1,0.05583838877491709,132.1491241455078
62,1058,0,3,0.1,122.56578063964844
16,569,3,3,0.1,133.33192443847656
70,80,0,1,0.022549881148100526,121.926025390625
89,1189,1,1,0.088,146.95565795898438
39,1383,3,3,0.012000000000005256,133.1881103515625
59,1410,3,1,0.088,150.5833282470703
16,1711,1,3,0.1,138.2382049560547
77,983,3,2,0.132,118.82787322998047
87,1540,3,0,0.021668124655363025,125.66931915283203
87,1932,2,1,0.088,138.92385864257812
68,1911,2,3,0.00626115952454423,116.65742492675781
114,99,0,3,0.0910040763872842,133.3625946044922
105,744,0,3,0.01200000000000001,143.1735382080078
54,1599,2,3,0.012000000000005256,145.07931518554688
33,606,0,1,0.088,121.33790588378906
19,1347,3,3,0.08353799082895783,128.46119689941406
52,399,1,3,0.1,118.01366424560547
97,832,1,2,0.132,136.13668823242188
36,1363,3,3,0.1,124.69154357910156
16,1857,1,2,0.132,144.66485595703125
23,625,3,2,0.132,129.48361206054688
23,581,0,1,0.088,109.01860809326172
0,1382,2,2,0.132,119.41303253173828
32,853,2,1,0.088,129.7819061279297
74,1909,1,1,0.088,137.8917694091797
66,1549,2,2,0.09562601827757866,132.06277465820312
33,993,1,2,0.132,126.28207397460938
70,1397,3,2,0.132,119.8997573852539
95,2028,3,3,0.01200000000000001,133.58998107910156
52,944,3,1,0.088,117.03491973876953
3,1311,3,3,0.01200000000000001,156.0355987548828
99,1164,0,3,0.01200000000000001,136.6811065673828
83,136,0,1,0.088,127.1736831665039
14,1027,0,0,0.1463385415757483,131.72434997558594
77,1172,3,3,0.1,116.88452911376953
57,1328,0,3,0.1,133.41651916503906
0,293,0,2,0.132,123.59847259521484
3,1793,0,3,0.01200000000000001,152.04725646972656
24,588,1,3,0.01200000000000001,128.02584838867188
70,779,1,2,0.132,120.42570495605469
66,1375,1,2,0.132,131.9874725341797
71,1779,3,0,0.11207027710231654,134.48866271972656
68,1204,0,3,0.1,136.03033447265625
1,1688,1,1,0.07568696254332069,123.262451171875
95,417,3,0,0.154,126.47764587402344
23,1044,3,2,0.132,108.56903839111328
93,730,0,0,0.010011948399370751,113.01606750488281
24,1044,3,1,0.05771151826968565,108.1099624633789
92,239,3,2,0.132,142.49874877929688
85,1567,2,2,0.132,114.00334930419922
6,1580,0,2,0.014602010520862352,121.7342529296875
84,992,0,2,0.132,111.88735961914062
92,1240,1,1,0.088,129.37274169921875
42,1770,3,3,0.1,127.31449127197266
52,274,3,2,0.132,115.54942321777344
52,894,2,3,0.01200000000000001,119.27938079833984
66,638,3,2,0.132,134.35658264160156
71,1183,0,3,0.1,135.33660888671875
38,1917,3,3,0.01200000000000001,130.6839141845703
30,1727,0,3,0.012000000000005256,125.62206268310547
16,794,3,1,0.088,143.50582885742188
0,416,3,2,0.132,122.853515625
92,1750,2,3,0.1,128.55224609375
11,1806,2,3,0.01200000000000001,140.4302978515625
54,694,1,2,0.132,139.09214782714844
24,912,3,2,0.132,137.96328735351562
62,1135,0,1,0.088,137.8618927001953
28,1426,3,1,0.088,128.86752319335938
38,415,0,2,0.132,139.0328369140625
71,1825,3,2,0.07522162545126665,135.6825408935547
0,1316,1,3,0.1,118.2163314819336
28,319,3,2,0.132,106.76277923583984
24,1586,0,1,0.088,136.0094757080078
52,1338,1,2,0.132,113.72921752929688
52,800,1,2,0.132,115.9950942993164
92,615,3,0,0.154,126.69939422607422
71,238,1,2,0.132,136.8934326171875
28,369,2,1,0.088,125.4077377319336
74,380,0,1,0.088,136.81973266601562
74,1942,1,0,0.018651757061441898,130.11325073242188
4,933,3,1,0.013194925581819145,126.45576477050781
59,434,1,2,0.09488445969354997,154.2296600341797
46,1894,2,3,0.1,129.56178283691406
32,960,3,3,0.1,129.90234375
13,230,0,2,0.132,122.80213165283203
77,1981,0,1,0.088,120.03325653076172
32,1812,2,2,0.132,128.01446533203125
71,1930,0,1,0.05628597218662251,133.72776794433594
24,88,0,2,0.12444942078557275,133.41651916503906
31,298,3,2,0.132,126.8250961303711
83,169,0,0,0.048638364167904624,120.76686096191406
20,1546,0,3,0.030906399431645,142.33384704589844
15,2028,1,1,0.088,135.84884643554688
89,1443,3,2,0.132,149.4813690185547
52,831,3,1,0.088,119.42169952392578
42,1473,3,2,0.038104626137976105,132.17681884765625
49,54,0,1,0.042397377112658674,125.6742172241211
15,819,0,2,0.132,130.83843994140625
107,223,1,0,0.09854004787576562,123.76400756835938
16,1494,2,3,0.1,138.017578125
62,888,1,2,0.132,119.53306579589844
92,839,3,3,0.1,128.94259643554688
32,1109,3,2,0.132,149.10964965820312
32,835,0,2,0.132,145.14834594726562
59,1915,1,1,0.088,119.300048828125
39,535,0,3,0.012000000000005256,135.58616638183594
13,152,0,2,0.132,123.4758071899414
52,651,2,1,0.088,110.28583526611328
113,365,3,0,0.03295310144039629,121.24214935302734
71,898,3,1,0.088,136.22947692871094
52,877,3,3,0.1,110.40229034423828
97,1553,0,1,0.088,129.82797241210938
62,1594,0,2,0.132,119.08078002929688
52,702,1,3,0.01200000000000001,119.75944519042969
109,1130,3,3,0.04321341430376313,111.07571411132812
59,755,3,1,0.088,145.277587890625
77,1634,1,1,0.088,117.50836181640625
1,659,0,1,0.06353775294332067,123.2379379272461
42,282,3,1,0.088,127.84058380126953
19,189,3,1,0.06963598022550099,134.4525146484375
18,929,3,3,0.014938441457405721,121.12177276611328
43,147,3,1,0.088,123.61209106445312
33,1059,0,2,0.132,127.3032455444336
38,488,2,0,0.06404579679463845,122.9383544921875
46,1156,3,3,0.1,126.96083068847656
68,1863,0,3,0.01200000000000001,142.23521423339844
8,520,0,1,0.019255409558635805,136.38967895507812
74,311,3,2,0.132,145.46429443359375
58,1095,1,1,0.088,125.83617401123047
28,347,3,2,0.132,110.48572540283203
89,1332,2,2,0.132,148.42784118652344
27,767,1,1,0.088,116.48890686035156
21,1500,3,2,0.132,130.07064819335938
16,1972,1,1,0.088,131.34901428222656
93,289,1,1,0.088,115.07907104492188
93,1177,3,2,0.132,122.49671936035156
113,764,3,2,0.132,128.03704833984375
105,179,1,1,0.088,131.32786560058594
52,927,2,2,0.132,123.58746337890625
52,1026,3,2,0.132,118.7978515625
92,4,3,2,0.132,128.8118133544922
46,1057,2,3,0.01200000000000001,127.60257720947266
27,18,0,2,0.132,115.63247680664062
3,1283,1,2,0.132,151.802490234375
92,1985,0,2,0.132,128.9812774658203
3,713,0,1,0.088,155.3379364013672
107,771,3,2,0.132,124.8428726196289
74,934,0,2,0.132,134.19151306152344
62,2031,0,2,0.132,119.36746978759766
38,1339,2,2,0.132,127.73104858398438
74,865,3,1,0.088,141.00088500976562
93,1525,1,1,0.088,115.00581359863281
112,224,1,2,0.132,122.56635284423828
25,1755,0,3,0.01200000000000001,145.55091857910156
49,1926,1,2,0.03629021589551351,116.87115478515625
102,866,1,3,0.01200000000000001,137.46920776367188
93,693,0,3,0.052389307005441046,115.25421142578125
52,637,3,1,0.088,121.20697021484375
52,833,1,1,0.088,111.75553131103516
59,1933,0,2,0.132,114.03936004638672
110,661,1,1,0.088,115.03720092773438
15,5,3,2,0.132,130.68153381347656
25,1551,3,3,0.01200000000000001,143.59536743164062
102,1615,2,2,0.10435714700515575,138.79168701171875
107,1961,1,3,0.1,125.36363983154297
110,641,1,3,0.1,114.7852783203125
24,454,2,0,0.154,101.93009185791016
82,1127,2,2,0.132,136.31854248046875
112,93,2,1,0.088,121.39998626708984
43,1942,0,3,0.0962356154929162,123.01112365722656
21,1416,1,3,0.011074277332953297,129.74720764160156
36,485,0,2,0.132,130.39788818359375
36,1095,0,1,0.030414049942970478,124.87346649169922
28,1725,0,1,0.088,135.03819274902344
52,541,2,1,0.088,114.38414001464844
25,1883,2,3,0.0704271136406616,140.6534423828125
41,407,0,3,0.012000000000005256,134.20669555664062
62,1490,1,0,0.0485550966824177,118.7197265625
26,559,1,2,0.04748675248687029,131.1924285888672
92,434,2,2,0.011212236559436428,137.32569885253906
62,202,3,1,0.088,120.06063079833984
23,134,1,2,0.132,126.48271179199219
34,1004,1,3,0.1,125.96566009521484
19,930,1,0,0.02440222356627006,125.40093231201172
52,1074,3,1,0.088,113.91722106933594
93,1360,0,2,0.132,130.80239868164062
15,985,1,0,0.08637932960158137,127.58248901367188
51,1018,0,0,0.154,
17,1489,2,3,0.07962843952903237,133.46987915039062
74,1580,2,3,0.1,131.71449279785156
31,499,2,1,0.088,122.70281219482422
42,1317,1,3,0.0001907166357647816,133.47714233398438
9,930,2,3,0.04569959114930726,123.63986206054688
62,1246,1,3,0.1,121.61526489257812
62,240,1,2,0.132,118.71685791015625
70,699,1,1,0.088,119.8263168334961
57,522,1,2,0.079336660228846,134.8620147705078
58,1070,3,1,0.07793796293702954,125.97569274902344
92,1659,0,1,0.088,129.94183349609375
89,416,2,1,0.060402471475635655,147.90667724609375
52,1728,0,2,0.132,115.09016418457031
9,223,0,3,0.0022494621493072547,123.11300659179688
99,462,0,2,0.132,139.01760864257812
92,1624,0,3,0.1,129.1193389892578
93,1506,0,1,0.088,115.3077621459961
23,625,1,1,0.088,129.48361206054688
22,1777,0,2,0.132,155.4170684814453
38,1463,3,3,0.1,123.50113677978516
4,1094,0,2,0.132,136.7510986328125
92,42,2,1,0.088,131.1463623046875
29,836,0,2,0.028517797321521043,124.64337158203125
74,2004,1,3,0.1,131.59996032714844
102,1630,1,3,0.01200000000000001,139.0435791015625
52,1579,1,1,0.088,125.20802307128906
94,704,0,0,0.154,121.43252563476562
14,1833,1,3,0.1,141.6969451904297
14,769,3,3,0.01200000000000001,141.1082763671875
24,1398,1,3,0.01200000000000001,127.61131286621094
77,734,0,2,0.021463441921943827,125.66342163085938
63,341,0,2,0.132,128.81863403320312
42,648,0,1,0.07999867529575794,124.9762191772461
94,1855,1,3,0.1,130.75668334960938
59,495,1,2,0.132,149.02171325683594
99,922,0,0,0.13567284176486294,
16,766,0,3,0.1,132.45579528808594
8,384,3,2,0.09518849152687037,139.72669982910156
58,810,2,2,0.132,126.07738494873047
59,1215,0,0,0.154,139.73147583007812
22,1477,0,1,0.088,145.39231872558594
89,227,0,3,0.1,144.60948181152344
36,1643,0,2,0.132,128.31716918945312
59,687,3,0,0.154,129.9551239013672
114,912,0,3,0.01200000000000001,141.081787109375
107,562,0,1,0.088,128.44171142578125
52,2016,1,1,0.088,115.55853271484375
58,1282,0,3,0.026515017799036672,125.79914093017578
92,2018,0,1,0.088,132.23635864257812
77,1743,0,3,0.1,117.96814727783203
105,1149,3,3,0.1,130.47317504882812
16,79,1,2,0.132,138.29283142089844
56,854,1,2,0.132,124.0895004272461
105,161,2,2,0.132,147.65940856933594
89,1836,2,2,0.03208802281386486,148.20179748535156
70,1688,2,2,0.012445139046164455,117.73856353759766
16,1268,2,3,0.012000000000005256,144.13331604003906
82,392,3,2,0.132,134.10595703125
48,1356,1,3,0.01200000000000001,131.75442504882812
61,1330,2,2,0.132,141.5262451171875
48,1981,0,3,0.1,130.1066131591797
33,519,0,3,0.01200000000000001,129.72862243652344
93,1816,0,3,0.1,115.24203491210938
23,1044,1,1,0.03110156711105941,108.56903839111328
92,1324,2,3,0.01200000000000001,132.34060668945312
33,401,2,3,0.04201453825773982,115.78392028808594
19,437,0,2,0.132,134.07919311523438
0,1700,0,3,0.01200000000000001,123.50120544433594
92,1992,3,2,0.132,133.90635681152344
31,1489,1,2,0.132,129.515625
97,616,2,1,0.088,134.181396484375
61,178,1,2,0.132,142.87037658691406
4,1080,1,2,0.1261687568013592,125.83866882324219
88,1662,1,3,0.05094938706979596,133.81422424316406
28,319,1,1,0.088,106.76277923583984
61,1793,0,2,0.132,140.0447998046875
52,686,0,0,0.154,113.4040756225586
102,453,3,3,0.154,
32,22,0,2,0.132,129.44215393066406
0,1895,2,1,0.088,123.22514343261719
15,507,1,2,0.132,131.41943359375
53,920,3,2,0.132,135.38690185546875
107,1645,2,3,0.1,124.55036163330078
71,1113,0,3,0.1,135.96240234375
16,1409,3,2,0.132,139.1002655029297
92,368,1,1,0.088,133.63473510742188
74,117,1,3,0.012000000000005034,142.64468383789062
3,1534,3,3,0.1,150.27642822265625
77,536,3,2,0.132,121.22920989990234
82,1676,3,3,0.1,134.11521911621094
62,90,0,1,0.088,118.29218292236328
23,706,0,2,0.02425074593229093,138.68983459472656
71,1378,3,1,0.088,146.09010314941406
24,1678,0,1,0.088,140.42605590820312
11,1806,0,2,0.132,140.4302978515625
0,1504,2,3,0.01200000000000001,122.84294891357422
23,86,3,2,0.132,109.1586685180664
66,2028,3,1,0.04400079212269756,131.00221252441406
44,1889,2,1,0.088,138.0310516357422
89,1057,0,3,0.01200000000000001,147.34030151367188
54,1858,1,3,0.01200000000000001,146.22364807128906
89,1738,0,1,0.088,153.34376525878906
106,1259,3,0,0.06989311729209202,137.3423614501953
37,96,3,2,0.132,
0,1284,1,1,0.088,118.5784912109375
10,9,1,3,0.1,126.60453796386719
66,1186,1,2,0.132,129.78236389160156
75,1184,0,2,0.014879339559057514,125.80225372314453
103,559,1,3,0.1,142.81356811523438
10,631,1,3,0.02058616052997761,122.96407318115234
97,1721,1,3,0.1,127.05683898925781
52,746,2,3,0.1,117.75775909423828
56,369,0,1,0.088,124.55613708496094
89,1880,1,3,0.012000000000005256,149.5483856201172
31,705,0,3,0.1,123.20901489257812
70,997,2,1,0.003756043358341843,121.35444641113281
93,53,0,1,0.088,117.27527618408203
82,569,3,2,0.132,134.50555419921875
94,1789,0,2,0.0984874949494029,129.7119598388672
112,230,3,2,0.132,116.66272735595703
16,1494,0,2,0.132,138.017578125
66,340,1,3,0.1,127.21582794189453
36,1427,3,0,0.028582317804201895,120.7049560546875
33,1781,3,2,0.132,124.13660430908203
95,1682,2,1,0.0418277732096915,135.42185974121094
36,1282,0,1,0.088,124.82917785644531
26,1950,2,3,0.01200000000000001,130.5976104736328
103,1061,3,3,0.012000000000005256,146.58047485351562
62,154,1,1,0.088,123.12361145019531
52,1560,3,1,0.088,116.91202545166016
24,139,3,0,0.154,103.18280792236328
52,681,3,2,0.132,117.31963348388672
52,877,1,2,0.132,110.40229034423828
39,543,0,3,0.08326626921906555,127.12315368652344
19,1653,1,2,0.132,131.9881591796875
59,574,1,3,0.01200000000000001,149.710693359375
28,347,1,1,0.088,110.48572540283203
52,2032,1,2,0.132,117.62117767333984
74,1252,2,3,0.1,131.67596435546875
52,1465,0,1,0.088,110.89873504638672
87,1145,2,2,0.132,125.43084716796875
92,1744,3,3,0.1,128.87255859375
61,625,1,3,0.01200000000000001,140.25210571289062
95,424,3,3,0.012000000000005256,138.8199462890625
62,1625,3,1,0.088,119.21498107910156
49,1753,3,2,0.132,116.86788940429688
22,1640,0,2,0.132,151.39100646972656
7,1562,1,2,0.132,134.93003845214844
4,1968,2,3,0.1,121.70296478271484
16,1293,3,2,0.132,138.1072540283203
97,105,1,3,0.01200000000000001,137.25753784179688
4,68,0,1,0.088,118.3462905883789
89,88,1,1,0.088,144.98692321777344
89,757,3,2,0.132,151.10458374023438
63,650,0,2,0.132,126.59700012207031
25,113,3,2,0.132,143.81182861328125
15,182,2,1,0.088,130.62559509277344
80,169,3,3,0.030063037634894707,102.01465606689453
87,1172,1,3,0.1,129.39439392089844
89,1332,0,1,0.088,148.42784118652344
21,1500,1,1,0.016362059628753672,130.07064819335938
30,1875,3,3,0.1,114.59889221191406
32,1530,3,1,0.088,131.4494171142578
28,871,0,3,0.1,105.81856536865234
83,958,2,3,0.154,
4,1573,3,2,0.132,122.0376205444336
25,1853,1,1,0.088,145.38912963867188
16,337,2,0,0.154,131.59617614746094
16,334,2,0,0.154,130.50479125976562
89,1082,1,2,0.132,146.34326171875
24,1656,2,1,0.088,101.31900024414062
97,1340,3,3,0.1,127.10184478759766
24,254,3,2,0.132,128.34596252441406
16,1620,3,2,0.132,124.46698760986328
16,1151,0,3,0.01200000000000001,142.51524353027344
32,766,1,2,0.132,130.71188354492188
95,2004,3,1,0.088,127.45075225830078
87,1599,0,3,0.01200000000000001,139.17190551757812
16,1010,0,2,0.132,156.25038146972656
15,1481,2,1,0.088,134.75033569335938
48,1568,0,2,0.132,131.47488403320312
32,524,1,3,0.022105632424572808,130.3231964111328
102,372,2,2,0.132,141.55303955078125
23,1301,3,2,0.132,118.76207733154297
24,74,2,2,0.132,128.78443908691406
69,1460,3,1,0.088,138.9309844970703
68,1662,1,2,0.132,139.4690704345703
42,1080,3,1,0.088,126.8885726928711
51,456,3,1,0.088,121.81966400146484
92,1832,0,3,0.1,128.66969299316406
6,348,1,3,0.01066710881344965,116.49718475341797
71,1755,2,2,0.132,144.09130859375
82,1169,1,2,0.132,139.19876098632812
89,560,2,3,0.01200000000000001,144.40081787109375
28,1390,2,1,0.088,132.60006713867188
83,1407,3,1,0.088,128.44703674316406
52,1689,1,3,0.1,114.96037292480469
82,1127,0,1,0.088,136.31854248046875
52,1717,3,2,0.132,124.24391174316406
85,348,0,1,0.088,113.74468994140625
97,1104,0,3,0.01200000000000001,139.1619415283203
19,931,2,3,0.1,128.88540649414062
11,1113,2,1,0.01530647663020862,135.55572509765625
0,1926,3,0,0.154,115.41632843017578
82,642,3,3,0.1,136.5513153076172
68,194,2,3,0.01200000000000001,140.58995056152344
89,951,2,1,0.088,144.8352508544922
8,1979,2,1,0.088,130.64840698242188
58,58,1,3,0.01200000000000001,128.08712768554688
36,592,1,2,0.10332102339383897,128.6049041748047
77,430,3,3,0.021607687040741397,115.88983917236328
24,1720,3,1,0.088,121.43627166748047
24,1889,0,3,0.023166397415781054,125.06623840332031
36,1977,0,3,0.1,125.32139587402344
43,505,1,2,0.132,121.37511444091797
71,356,3,3,0.07512071388102043,134.4486083984375
18,1299,2,2,0.132,125.17724609375
105,304,3,3,0.012000000000005256,146.7697296142578
17,1489,0,2,0.132,133.46987915039062
59,739,1,1,0.088,145.81541442871094
52,1493,3,3,0.1,117.21272277832031
34,2006,3,1,0.024963560391780742,127.85880279541016
66,1131,2,2,0.132,128.8333740234375
46,2014,3,2,0.132,130.42791748046875
77,30,1,1,0.088,118.33349609375
110,641,0,0,0.154,114.7852783203125
24,1170,0,2,0.132,132.68695068359375
15,1370,1,1,0.088,133.263671875
93,932,1,2,0.132,118.2464370727539
16,1180,3,2,0.132,144.27061462402344
95,988,0,2,0.1220889601928995,135.39410400390625
14,537,2,3,0.01200000000000001,137.92333984375
62,1204,3,2,0.012384470083159349,124.80762481689453
58,1116,1,2,0.132,131.0633087158203
38,1753,1,1,0.03732812530464316,122.6750259399414
53,1460,0,1,0.031534813742524676,138.06039428710938
95,1375,1,3,0.01200000000000001,134.5364990234375
59,1103,3,2,0.132,148.15960693359375
24,1147,3,3,0.1,122.84561157226562
23,34,0,2,0.132,108.23191833496094
105,1149,1,2,0.004943036238638371,130.47317504882812
74,1580,1,0,0.154,131.71449279785156
70,722,0,2,0.132,118.48468017578125
3,328,2,1,0.088,153.79708862304688
67,1422,3,2,0.132,130.15176391601562
52,1671,1,1,0.088,127.53141784667969
52,512,3,3,0.1,117.43138885498047
52,1543,2,2,0.132,114.68257904052734
30,298,3,1,0.088,115.61144256591797
20,445,0,3,0.1,141.5078125
49,1463,0,1,0.088,118.07513427734375
16,481,1,2,0.132,144.2367401123047
102,1609,3,2,0.132,146.04917907714844
97,801,3,1,0.088,132.0176544189453
95,738,1,3,0.01200000000000001,134.23291015625
49,58,3,3,0.1,121.95406341552734
62,896,3,1,0.088,118.58523559570312
67,1840,2,1,0.088,126.37908935546875
16,221,0,3,0.1,138.18772888183594
58,1046,3,3,0.1,126.0677719116211
97,1277,2,2,0.132,134.04920959472656
21,1184,1,1,0.00939534735669309,130.44580078125
24,755,3,2,0.132,127.87487030029297
105,1962,3,3,0.012000000000005256,146.55372619628906
70,248,3,1,0.088,121.21420288085938
62,16,3,1,0.050255783360154294,119.52409362792969
52,188,2,2,0.132,126.22765350341797
0,609,1,1,0.088,118.59825897216797
28,1048,0,2,0.132,128.924560546875
113,1951,2,3,0.1,125.44709777832031
105,1152,1,2,0.132,132.8730010986328
44,792,1,2,0.132,137.5310821533203
67,165,3,1,0.05099352323996756,123.64611053466797
52,936,2,3,0.1,114.86834716796875
3,1550,2,3,0.01200000000000001,151.16221618652344
11,1468,2,2,0.132,136.38858032226562
16,753,3,3,0.01200000000000001,144.25210571289062
61,1330,0,1,0.088,141.5262451171875
110,1926,0,2,0.132,116.31251525878906
37,340,3,2,0.029459503333768622,129.10951232910156
59,488,1,2,0.132,141.45706176757812
99,1500,1,1,0.07163794037124632,128.4144287109375
103,1331,0,1,0.088,152.90615844726562
61,1160,3,2,0.01704932301445239,144.10780334472656
48,1126,0,1,0.088,141.1561279296875
31,490,3,1,0.019652735681664285,123.93736267089844
77,1693,0,1,0.088,118.93521881103516
0,1504,0,2,0.132,122.84294891357422
112,1156,3,2,0.09680683128591383,128.10794067382812
97,21,3,2,0.132,129.90463256835938
4,1694,0,1,0.088,134.3686065673828
89,172,1,1,0.004470793300809822,148.48468017578125
23,86,1,1,0.088,109.1586685180664
24,1250,1,3,0.1,125.26699829101562
105,705,3,2,0.132,140.12930297851562
112,1211,1,1,0.088,117.7302017211914
25,817,2,3,0.01200000000000001,143.44607543945312
58,790,1,1,0.088,127.84870910644531
52,94,1,1,0.088,113.03173828125
24,1566,3,3,0.1,125.20452880859375
7,1723,1,3,0.1,133.57383728027344
92,799,3,2,0.132,132.8783416748047
24,1297,0,2,0.132,131.25131225585938
31,1993,0,1,0.00011036465665767436,135.18612670898438
103,953,1,3,0.1,144.8365478515625
0,1939,3,1,0.088,124.44583129882812
62,505,1,0,0.02481383753168001,115.80318450927734
59,663,3,2,0.132,156.52516174316406
105,2012,2,2,0.0828329169036969,147.9235382080078
24,904,3,1,0.088,128.63856506347656
16,1409,1,1,0.088,139.1002655029297
82,710,1,3,0.1,132.67506408691406
82,1676,1,2,0.132,134.11521911621094
52,1161,3,2,0.132,125.23563385009766
8,1198,0,2,0.132,145.1238250732422
24,1154,0,3,0.01200000000000001,134.06068420410156
52,1229,2,3,0.1,111.8994140625
44,105,2,1,0.088,147.8617706298828
68,2017,2,1,0.088,142.1496124267578
82,571,0,1,0.088,132.27288818359375
14,1630,3,2,0.132,137.5718994140625
82,1968,3,1,0.088,133.43017578125
94,1590,0,1,0.027229835645620315,138.20809936523438
93,636,0,2,0.132,117.3006362915039
3,333,0,1,0.088,155.59324645996094
58,43,2,0,0.003766330479007707,123.50727844238281
6,1756,2,2,0.015052492830060604,127.26175689697266
52,1944,2,1,0.088,121.35118103027344
48,292,0,3,0.01200000000000001,138.28550720214844
37,96,1,1,0.088,
52,1901,0,2,0.0855952971433282,112.04922485351562
89,2013,0,2,0.132,149.66943359375
110,43,3,2,0.132,115.72345733642578
17,439,3,2,0.132,132.58995056152344
57,694,3,2,0.07185917996662283,131.38327026367188
102,1467,1,1,0.088,137.88986206054688
107,1347,2,1,0.047673049752738145,127.5682601928711
115,1223,0,2,0.132,126.63390350341797
0,1421,1,2,0.132,120.96326446533203
92,1697,2,3,0.01200000000000001,130.6656036376953
1,985,2,2,0.132,124.55547332763672
103,1733,0,3,0.012000000000005145,149.34915161132812
19,462,1,3,0.01200000000000001,135.62139892578125
77,610,2,2,0.11261112043915489,125.98725128173828
31,1174,1,1,0.088,116.35623931884766
25,1042,3,2,0.132,144.3134307861328
36,1598,3,2,0.132,126.35950469970703
113,1770,3,2,0.132,126.32394409179688
102,453,2,0,0.154,
24,1513,0,3,0.1,127.50452423095703
95,847,2,2,0.132,138.66896057128906
88,1653,2,3,0.01200000000000001,132.91854858398438
13,930,3,1,0.03557921325131122,124.87963104248047
87,1654,3,2,0.132,144.1930694580078
59,1952,2,1,0.088,150.32684326171875
62,1058,3,1,0.088,122.56578063964844
28,1823,3,2,0.132,129.92921447753906
44,871,2,0,0.154,126.40484619140625
82,1333,1,3,0.1,134.64002990722656
32,337,1,2,0.132,129.88119506835938
82,766,0,2,0.132,130.58534240722656
93,258,2,2,0.132,115.4438247680664
94,1946,0,1,0.088,136.81393432617188
3,617,2,3,0.1,148.67442321777344
63,1866,3,1,0.088,132.07614135742188
87,1145,0,1,0.088,125.43084716796875
16,914,2,1,0.088,138.77146911621094
0,636,3,3,0.1,119.20838165283203
79,441,0,3,0.01200000000000001,150.81576538085938
8,1618,1,2,0.132,128.6868896484375
87,929,2,3,0.05419885742517555,129.26699829101562
16,1633,2,2,0.132,144.10589599609375
62,929,1,3,0.0584335544486963,118.82085418701172
32,486,1,1,0.088,130.81932067871094
66,1696,3,2,0.132,133.54762268066406
63,963,3,3,0.1,127.71814727783203
24,1187,0,2,0.02911663821710464,139.5882110595703
18,171,1,1,0.08207434073201009,128.98101806640625
71,1509,3,2,0.132,148.2989959716797
87,1148,3,2,0.132,145.10589599609375
52,1162,3,2,0.132,118.1859130859375
28,1684,0,3,0.1,128.9779815673828
82,1093,0,2,0.132,134.21722412109375
92,1110,1,2,0.132,128.255615234375
6,1875,0,1,0.061843882170731085,127.27973175048828
8,901,3,0,0.154,125.13526916503906
83,958,0,2,0.132,
51,156,3,2,0.11407653518604671,121.11630249023438
22,724,0,3,0.01200000000000001,143.16934204101562
97,1259,1,2,0.132,129.62991333007812
87,1932,3,2,0.132,138.92385864257812
71,1779,3,3,0.1,134.48866271972656
24,1263,1,2,0.132,124.50358581542969
82,1411,2,1,0.03132256638512501,134.3938446044922
52,868,2,2,0.132,115.0723876953125
95,1481,1,3,0.01200000000000001,132.76321411132812
59,1740,1,3,0.1,141.69007873535156
113,1182,0,3,0.1,125.72270202636719
22,1780,0,3,2.302381677316001e-05,146.8394317626953
3,1562,2,0,0.154,148.0016326904297
23,1885,2,0,0.05474006405746229,108.67815399169922
48,976,1,3,0.1,132.54937744140625
52,484,1,1,0.088,116.0594253540039
77,1848,1,2,0.132,120.97967529296875
66,413,0,3,0.1,129.4929962158203
70,80,1,2,0.132,121.926025390625
58,641,1,0,0.08197381047118943,122.6120834350586
66,659,2,0,0.0705695306608918,121.58262634277344
3,1600,0,1,0.088,155.62001037597656
68,525,3,2,0.06122008296214193,139.92832946777344
105,165,3,3,0.1,133.09605407714844
10,901,3,1,0.088,122.79722595214844
0,1316,3,3,0.1,118.2163314819336
82,595,2,3,0.1,135.68536376953125
14,1467,0,3,0.02392839045952555,136.2561798095703
32,889,2,1,0.088,129.6898651123047
36,1256,1,3,0.01200000000000001,127.87078857421875
52,1435,3,3,0.01200000000000001,123.98721313476562
59,557,0,2,0.132,144.07534790039062
18,972,0,1,0.088,135.48638916015625
23,1885,0,3,0.1,108.67815399169922
23,306,2,1,0.088,108.73906707763672
82,1839,1,3,0.01200000000000001,138.54345703125
52,1493,1,2,0.132,117.21272277832031
61,1663,2,2,0.132,138.9631805419922
52,1717,1,1,0.088,124.24391174316406
16,428,0,2,0.132,149.44650268554688
68,1430,0,2,0.132,149.11256408691406
52,383,1,3,0.01200000000000001,119.4293212890625
82,642,1,2,0.132,136.5513153076172
33,1039,3,2,0.132,120.8282241821289
77,1257,3,1,0.088,119.83209991455078
74,256,0,2,0.132,139.3878173828125
97,1340,2,0,0.154,127.10184478759766
24,887,2,2,0.132,125.67606353759766
82,501,1,1,0.088,139.3131561279297
66,217,1,3,0.012000000000005145,134.20632934570312
0,1139,2,3,0.01200000000000001,123.39098358154297
71,1183,3,1,0.088,135.33660888671875
67,1315,2,3,0.1,123.85943603515625
52,971,0,2,0.132,123.66323852539062
46,1961,3,0,0.154,122.35499572753906
110,430,2,2,0.132,113.60810852050781
52,482,2,1,0.088,114.0463638305664
18,1299,0,1,0.088,125.17724609375
62,888,3,2,0.132,119.53306579589844
92,2006,3,0,0.11361162211211479,128.3962860107422
66,1131,0,1,0.088,128.8333740234375
59,254,2,2,0.132,146.13462829589844
58,478,2,1,0.088,126.62586975097656
32,1901,0,1,0.088,127.85045623779297
3,500,2,0,0.154,145.1448974609375
82,1536,3,3,0.1,133.4152374267578
94,734,2,3,0.1,130.95423889160156
23,1911,3,2,0.132,103.0909423828125
19,14,3,1,0.088,132.54815673828125
33,1287,3,1,0.088,130.462158203125
13,152,2,2,0.132,123.4758071899414
105,1459,1,2,0.037406548814493235,137.90550231933594
52,1543,0,1,0.088,114.68257904052734
83,169,0,3,0.043632488365105304,120.76686096191406
52,1243,2,3,0.1,114.40888977050781
34,989,0,2,0.050791085431852956,128.308349609375
74,1412,0,3,0.009746916588190213,135.564453125
46,1197,1,1,0.088,130.36343383789062
107,223,1,3,0.1,123.76400756835938
8,390,2,3,0.1,127.74393463134766
92,2006,1,3,0.08629381028765137,128.3962860107422
58,1046,1,2,0.132,126.0677719116211
89,489,1,3,0.01200000000000001,143.8390350341797
105,348,0,3,0.03978979450732548,130.13131713867188
113,1951,0,2,0.132,125.44709777832031
48,1789,1,1,0.08672586464946622,134.11978149414062
44,1667,0,3,0.1,137.72528076171875
44,315,2,0,0.11688428384578844,126.90003204345703
77,1356,2,2,0.132,121.5615005493164
99,922,2,0,0.154,
92,989,2,2,0.132,128.71408081054688
16,1220,2,1,0.088,140.44944763183594
57,1554,3,1,0.088,134.0956268310547
24,272,3,3,0.1,127.48859405517578
56,116,0,3,0.1,121.9650650024414
16,312,0,2,0.132,138.6106719970703
87,522,0,3,0.01200000000000001,136.78665161132812
92,1485,1,1,0.088,128.9812774658203
82,330,3,2,0.132,134.62782287597656
85,511,3,1,0.015900681915893056,116.2116470336914
16,1031,0,3,0.1,133.281005859375
20,254,2,3,0.09967873787389328,140.82374572753906
83,1551,0,2,0.05967578725180622,128.54823303222656
24,998,2,1,0.088,128.33494567871094
46,190,1,3,0.01200000000000001,127.7659683227539
90,174,0,3,0.001431542964322862,130.32015991210938
3,500,0,3,0.1,145.1448974609375
105,1962,1,2,0.132,146.55372619628906
52,800,2,3,0.1,115.9950942993164
52,188,0,1,0.088,126.22765350341797
97,1032,0,2,0.132,133.97203063964844
29,1950,0,1,0.03462318187144331,129.23214721679688
4,166,2,3,0.1,120.56815338134766
49,591,2,2,0.09198400535494689,122.65939331054688
69,1242,0,2,0.132,143.90509033203125
92,1758,1,2,0.132,138.0644073486328
52,936,0,2,0.132,114.86834716796875
85,1747,3,1,0.02842066769782578,113.83522033691406
74,1943,2,3,0.01200000000000001,139.63780212402344
23,47,0,1,0.088,102.72364807128906
23,938,2,2,0.132,113.87184143066406
11,1272,2,1,0.088,135.8681640625
97,1568,1,2,0.059830193621435324,131.9300079345703
52,1191,2,1,0.088,113.21483612060547
106,1062,1,3,0.01200000000000001,141.06048583984375
16,753,1,2,0.132,144.25210571289062
48,382,3,2,0.132,141.63641357421875
89,668,0,3,0.012000000000005256,153.34910583496094
58,1196,0,2,0.132,133.50393676757812
24,1864,0,2,0.132,131.89720153808594
93,1525,3,1,0.088,115.00581359863281
52,1027,2,2,0.132,116.20853424072266
89,1731,0,3,0.01200000000000001,148.8513641357422
110,432,1,2,0.132,118.38339233398438
97,21,1,1,0.088,129.90463256835938
70,529,3,2,0.07823304466936448,121.2844009399414
87,1554,3,3,0.01200000000000001,136.0597381591797
3,1199,3,1,0.04060238950802042,149.8568115234375
25,817,0,2,0.132,143.44607543945312
69,281,0,2,0.132,144.65896606445312
42,537,1,1,0.088,130.4552001953125
16,1026,1,3,0.1,138.2352752685547
110,661,3,1,0.088,115.03720092773438
89,95,2,2,0.132,149.51170349121094
52,1905,3,2,0.132,125.9395751953125
70,1899,2,3,0.1,121.26781463623047
59,1915,2,2,0.132,119.300048828125
32,22,2,2,0.132,129.44215393066406
16,1697,2,2,0.132,140.31817626953125
66,722,1,0,0.08546973168561522,122.31620788574219
109,401,2,3,0.04726652279037702,111.2332534790039
32,822,0,2,0.132,125.60336303710938
82,10,0,2,0.132,135.93405151367188
16,1851,1,1,0.088,138.11293029785156
105,2012,0,1,0.088,147.9235382080078
52,1741,3,3,0.1,114.22257232666016
21,1416,3,3,0.024787052832335538,129.74720764160156
110,43,1,1,0.088,115.72345733642578
100,1573,3,3,0.04613724365796934,138.5316925048828
106,1062,2,1,0.088,141.06048583984375
46,1622,0,1,0.088,131.6309814453125
112,629,1,1,0.088,116.9473648071289
16,438,3,2,0.132,139.11532592773438
32,249,2,1,0.088,124.26079559326172
77,1420,3,2,0.017365536351122923,119.05506896972656
39,165,0,0,0.029469129040432362,121.86800384521484
24,454,2,3,0.154,101.93009185791016
112,1526,3,2,0.005243433095393324,122.87189483642578
63,985,0,0,0.154,124.26631927490234
56,631,1,1,0.088,123.60497283935547
115,1852,0,1,0.088,126.32865142822266
25,1239,0,2,0.132,142.0098419189453
3,260,0,1,0.088,144.91055297851562
74,1294,1,3,0.1,135.21688842773438
0,941,1,3,0.01200000000000001,123.33490753173828
62,2031,1,3,0.1,119.36746978759766
62,1490,1,3,0.1,118.7197265625
66,278,2,3,0.012000000000005256,133.26498413085938
77,801,3,2,0.132,122.3548812866211
89,990,1,3,0.01200000000000001,145.06959533691406
19,930,1,3,0.04903001785069275,125.40093231201172
16,1972,2,2,0.02999027314908309,131.34901428222656
69,611,0,2,0.09801116728093873,148.835205078125
51,1018,0,3,0.154,
74,1213,1,3,0.1,132.210205078125
3,1968,3,0,0.154,148.07435607910156
3,1230,3,2,0.132,152.07374572753906
19,994,0,0,0.11627039628855604,125.3751449584961
54,1858,3,3,0.01200000000000001,146.22364807128906
102,1615,3,3,0.033125897739579024,138.79168701171875
24,1415,3,1,0.088,97.89253997802734
14,1833,3,3,0.01200000000000001,141.6969451904297
53,523,0,2,0.132,155.02276611328125
34,503,1,2,0.132,134.35693359375
24,81,3,3,0.01200000000000001,131.71286010742188
3,1283,2,3,0.01200000000000001,151.802490234375
16,1904,3,1,0.088,144.78599548339844
8,1235,3,1,0.088,128.80894470214844
63,1699,1,1,0.088,126.42735290527344
94,1855,3,3,0.01200000000000001,130.75668334960938
33,1155,1,1,0.088,127.78056335449219
52,1402,2,1,0.088,118.49024200439453
48,366,3,3,0.01200000000000001,134.43142700195312
28,1823,1,1,0.088,129.92921447753906
102,622,0,2,0.132,146.0201416015625
31,705,2,3,0.1,123.20901489257812
24,1014,2,2,0.132,123.14542388916016
106,444,0,1,0.088,140.1685028076172
71,1557,0,3,0.01200000000000001,146.90306091308594
3,617,0,2,0.132,148.67442321777344
14,83,0,1,0.088,138.9224853515625
22,794,3,3,0.01200000000000001,139.64385986328125
28,206,3,1,0.088,108.41876220703125
61,1534,0,2,0.132,137.87881469726562
48,1257,3,3,0.1,129.98362731933594
56,854,3,2,0.132,124.0895004272461
52,1176,0,2,0.132,112.55447387695312
59,1215,0,3,0.1,139.73147583007812
45,1715,3,3,0.05399999999999999,
26,1371,3,3,0.01200000000000001,129.1265869140625
74,590,0,3,0.01200000000000001,141.74819946289062
32,1511,3,3,0.1,129.948974609375
61,1807,0,3,0.01200000000000001,142.94508361816406
66,600,3,3,0.05881908578865469,128.44662475585938
52,92,3,2,0.132,114.4842758178711
115,1790,0,0,0.1534788646485754,124.03266143798828
8,162,0,3,0.012000000000005256,139.9624481201172
59,1410,2,1,0.088,150.5833282470703
16,1711,0,3,0.1,138.2382049560547
105,165,1,2,0.132,133.09605407714844
51,156,1,1,0.088,121.11630249023438
107,994,2,2,0.132,124.20215606689453
95,1131,2,3,0.01200000000000001,131.58824157714844
77,983,2,2,0.132,118.82787322998047
52,1675,2,2,0.132,109.58290100097656
83,670,1,1,0.088,121.12739562988281
3,1380,0,1,0.088,150.60272216796875
87,1932,1,1,0.088,138.92385864257812
0,1862,3,3,0.01200000000000001,124.38067626953125
4,748,3,1,0.088,123.77698516845703
23,1683,0,2,0.132,138.07028198242188
53,1313,2,3,0.07874747278189584,125.87103271484375
57,594,0,1,0.088,132.1491241455078
54,1599,1,3,0.01200000000000001,145.07931518554688
91,2003,3,3,0.1,122.52047729492188
52,399,0,3,0.1,118.01366424560547
88,1940,3,1,0.088,137.09828186035156
97,832,0,2,0.10686916757403464,136.13668823242188
112,363,3,3,0.1,120.81670379638672
16,1857,0,2,0.132,144.66485595703125
23,625,2,2,0.132,129.48361206054688
32,853,1,1,0.088,129.7819061279297
38,89,0,2,0.13029405920948725,145.59658813476562
74,1909,0,1,0.088,137.8917694091797
26,1619,0,0,0.015312249907613207,123.40469360351562
32,1031,1,2,0.132,131.99227905273438
33,1361,3,3,0.01200000000000001,129.86859130859375
17,1196,3,3,0.01200000000000001,136.3550567626953
70,1397,2,2,0.132,119.8997573852539
10,670,0,3,0.008860634561096092,122.95155334472656
52,686,0,3,0.1,113.4040756225586
31,584,0,2,0.132,140.65260314941406
18,737,2,2,0.132,130.35581970214844
52,916,0,2,0.132,125.81197357177734
112,135,3,1,0.088,126.07093811035156
115,154,0,2,0.132,128.27146911621094
3,1383,0,1,0.0035652703529646113,157.1544647216797
23,306,0,0,0.154,108.73906707763672
70,1266,3,1,0.088,119.1239242553711
52,586,3,1,0.088,115.30518341064453
24,588,0,3,0.1,128.02584838867188
36,1363,2,3,0.1,124.69154357910156
0,1382,1,2,0.132,119.41303253173828
33,1039,1,1,0.088,120.8282241821289
112,1414,0,2,0.09874875300172223,124.9582748413086
94,734,0,2,0.11053655807805618,130.95423889160156
23,1044,2,2,0.132,108.56903839111328
24,1044,2,1,0.06433985512894047,108.1099624633789
52,1243,0,2,0.132,114.40888977050781
0,1473,3,2,0.0938953738620239,120.7234115600586
110,430,0,1,0.088,113.60810852050781
0,1700,3,1,0.088,123.50120544433594
42,1770,2,3,0.01200000000000001,127.31449127197266
68,231,3,1,0.088,139.82000732421875
66,638,2,2,0.132,134.35658264160156
70,779,0,2,0.132,120.42570495605469
24,1170,2,2,0.132,132.68695068359375
49,258,3,2,0.132,119.26899719238281
23,1911,1,1,0.088,103.0909423828125
16,794,2,1,0.088,143.50582885742188
0,416,2,2,0.132,122.853515625
92,1750,1,3,0.1,128.55224609375
4,2020,2,2,0.132,122.33370208740234
92,336,2,3,0.1,128.5285186767578
61,11,2,3,0.1,135.0902099609375
59,574,3,3,0.1,149.710693359375
54,594,1,2,0.132,140.0352325439453
24,1876,1,2,0.08323146588904118,129.0657958984375
0,1316,0,3,0.06828685979922472,118.2163314819336
8,1028,0,3,0.01200000000000001,137.532958984375
82,1615,3,2,0.056762635403766304,142.1243438720703
58,1693,0,0,0.154,123.98524475097656
52,800,0,2,0.132,115.9950942993164
52,894,1,3,0.01200000000000001,119.27938079833984
57,131,3,2,0.132,129.62576293945312
19,1692,3,1,0.03661367525368106,133.19619750976562
4,166,0,2,0.132,120.56815338134766
24,139,3,3,0.154,103.18280792236328
38,1917,2,3,0.07649294671454068,130.6839141845703
77,1356,0,1,0.088,121.5615005493164
51,1745,2,3,0.1,120.2622299194336
11,1806,1,3,0.01200000000000001,140.4302978515625
28,593,3,1,0.088,128.86752319335938
52,1610,2,3,0.1,114.71519470214844
32,960,2,3,0.1,129.90234375
107,931,1,1,0.088,127.91968536376953
82,330,1,1,0.088,134.62782287597656
95,273,0,1,0.088,130.6475372314453
32,736,3,1,0.030205124659381577,150.5343475341797
16,1647,1,2,0.132,140.54019165039062
31,298,2,2,0.132,126.8250961303711
105,1152,3,2,0.09891758809551554,132.8730010986328
74,273,3,3,0.1,135.316162109375
95,728,3,2,0.132,134.49842834472656
15,1729,3,1,0.088,131.79469299316406
92,839,2,3,0.1,128.94259643554688
59,1915,0,1,0.088,119.300048828125
109,1704,1,2,0.132,108.84254455566406
52,651,1,1,0.088,110.28583526611328
16,443,0,1,0.088,151.23487854003906
71,898,2,1,0.088,136.22947692871094
52,702,0,3,0.1,119.75944519042969
38,42,3,3,0.00453107804310271,128.00514221191406
36,1001,2,1,0.088,126.90464782714844
31,824,0,2,0.132,146.99952697753906
51,1747,2,0,0.06385620663164579,115.52457427978516
89,1443,2,2,0.132,149.4813690185547
16,337,2,3,0.1,131.59617614746094
16,334,2,3,0.1,130.50479125976562
28,545,2,2,0.132,125.68897247314453
70,1899,0,2,0.132,121.26781463623047
102,163,1,1,0.088,142.00946044921875
82,1269,3,3,0.1,134.21908569335938
74,865,1,3,0.01200000000000001,141.00088500976562
107,1433,3,1,0.088,129.2367401123047
38,488,1,0,0.07508346360436532,122.9383544921875
16,1151,3,1,0.088,142.51524353027344
16,880,0,1,0.03878667770949684,153.81163024902344
6,1252,3,2,0.1003793218808623,121.41395568847656
8,290,1,3,0.1,126.33776092529297
16,438,1,1,0.088,139.11532592773438
62,1787,0,1,0.088,131.17129516601562
52,927,1,2,0.132,123.58746337890625
77,1953,1,1,0.088,120.82235717773438
46,1372,0,1,0.088,132.4490509033203
43,147,2,1,0.088,123.61209106445312
46,1057,1,3,0.01200000000000001,127.60257720947266
24,1510,3,3,0.1,125.95013427734375
107,771,2,2,0.132,124.8428726196289
79,247,0,2,0.132,150.68690490722656
52,1710,0,1,0.088,120.54310607910156
52,1937,0,0,0.154,113.63845825195312
97,534,3,1,0.088,129.44595336914062
52,833,0,1,0.088,111.75553131103516
110,661,0,1,0.088,115.03720092773438
15,5,2,2,0.132,130.68153381347656
92,4,2,2,0.132,128.8118133544922
99,1126,3,1,0.088,141.87603759765625
29,72,1,3,0.0051182726925206035,124.69908905029297
95,467,0,3,0.06779681927156764,129.6402587890625
107,1961,0,3,0.1,125.36363983154297
110,641,0,3,0.1,114.7852783203125
24,454,1,0,0.154,101.93009185791016
17,54,0,2,0.04288199422056649,134.31114196777344
3,1515,2,2,0.132,150.95675659179688
3,1283,0,2,0.132,151.802490234375
68,1301,3,3,0.003009920768539648,132.8715362548828
44,1623,1,3,0.1,137.6455078125
52,1021,3,2,0.132,113.99590301513672
91,1919,2,2,0.132,126.22821807861328
70,722,2,2,0.132,118.48468017578125
10,767,0,0,0.02709077424513346,120.51445770263672
62,19,1,1,0.088,127.2640380859375
102,1236,2,2,0.132,143.99102783203125
38,567,0,3,0.01200000000000001,135.260498046875
61,1553,2,3,0.064412350686094,134.24073791503906
48,366,1,2,0.132,134.43142700195312
25,1883,1,3,0.008216203401806926,140.6534423828125
89,1914,3,1,0.088,148.59617614746094
93,781,1,1,0.088,115.86947631835938
89,313,3,1,0.088,149.27333068847656
28,816,3,3,0.01200000000000001,129.8976287841797
62,1490,0,0,0.14791910221409757,118.7197265625
43,423,1,2,0.132,120.51534271240234
26,559,0,2,0.132,131.1924285888672
39,1397,0,0,0.005306688292051276,121.32972717285156
48,259,3,2,0.132,140.7625732421875
27,862,1,2,0.132,117.03849792480469
62,202,2,1,0.088,120.06063079833984
21,1184,3,1,0.012004029785446763,130.44580078125
105,1395,3,2,0.132,141.3287353515625
25,1551,2,3,0.01200000000000001,143.59536743164062
97,1692,3,1,0.051386324746318934,135.52798461914062
82,1031,0,2,0.132,131.68930053710938
74,1580,1,3,0.1,131.71449279785156
74,1213,0,0,0.154,132.210205078125
31,499,1,1,0.088,122.70281219482422
28,206,1,0,0.154,108.41876220703125
26,720,0,1,0.088,133.0412139892578
62,1246,0,3,0.1,121.61526489257812
112,93,1,1,0.088,121.39998626708984
68,1500,1,3,0.06757279126471688,131.91673278808594
0,53,3,1,0.06704518895014608,118.97344207763672
46,906,3,2,0.132,132.44541931152344
25,1537,3,1,0.088,142.23654174804688
23,625,0,1,0.088,129.48361206054688
38,1463,2,3,0.1,123.50113677978516
71,1237,3,1,0.088,142.54266357421875
32,1511,1,2,0.132,129.948974609375
59,757,0,1,0.02558981479866962,156.75119018554688
97,858,3,3,0.01200000000000001,138.6623077392578
24,1250,3,3,0.1,125.26699829101562
71,1173,0,2,0.132,148.02630615234375
16,270,3,2,0.132,139.48440551757812
58,790,3,1,0.088,127.84870910644531
88,1119,2,3,0.01200000000000001,134.42770385742188
54,131,0,3,0.1,137.56619262695312
70,511,0,1,0.020891745475378254,118.5927734375
103,854,3,3,0.1,134.9759063720703
0,1862,1,2,0.132,124.38067626953125
57,522,0,2,0.010845963569831252,134.8620147705078
67,232,2,1,0.088,124.9438247680664
24,1297,2,2,0.132,131.25131225585938
56,1416,3,1,0.088,122.70723724365234
94,1855,0,3,0.01200000000000001,130.75668334960938
0,730,0,0,0.14398805160062925,115.17493438720703
52,579,2,3,0.1,118.21285247802734
19,1318,0,2,0.132,136.9930877685547
13,629,3,2,0.132,122.93148803710938
33,1361,1,2,0.132,129.86859130859375
52,1579,0,1,0.088,125.20802307128906
58,1116,2,3,0.06032199858297049,131.0633087158203
18,737,0,1,0.088,130.35581970214844
46,45,3,3,0.06614723876631867,130.48768615722656
49,1546,3,2,0.132,120.74223327636719
82,1839,3,3,0.01200000000000001,138.54345703125
102,318,2,2,0.132,143.64947509765625
105,161,1,2,0.132,147.65940856933594
105,1052,3,3,0.1,130.897705078125
89,1836,1,2,0.013384334499574768,148.20179748535156
48,1356,0,3,0.1,131.75442504882812
10,1883,1,3,0.09178379659819308,127.12923431396484
3,1828,3,2,0.132,154.28904724121094
99,1500,2,2,0.05871080812933982,128.4144287109375
23,1044,0,1,0.088,108.56903839111328
92,1324,1,3,0.01200000000000001,132.34060668945312
15,600,3,3,0.041180914211345315,133.11282348632812
74,1429,3,2,0.132,135.6409149169922
67,1840,3,2,0.132,126.37908935546875
92,1992,2,2,0.132,133.90635681152344
59,687,2,0,0.154,129.9551239013672
3,966,3,2,0.132,151.40087890625
97,1277,3,3,0.01200000000000001,134.04920959472656
63,662,3,2,0.132,127.27979278564453
16,125,1,1,0.088,143.86204528808594
3,1253,3,1,0.088,154.95314025878906
16,1753,1,2,0.132,137.56866455078125
71,1825,0,1,0.04312486255712478,135.6825408935547
34,615,3,3,0.1,125.21662902832031
22,1841,3,3,0.01200000000000001,138.17916870117188
66,1397,3,0,0.040245490512051285,123.48927307128906
66,1399,0,3,0.01200000000000001,132.9351806640625
87,1634,0,2,0.132,130.53347778320312
22,239,0,1,0.088,147.78231811523438
88,14,2,1,0.004913118012603163,133.44287109375
0,560,0,1,0.06527631782872914,120.1516342163086
15,507,0,2,0.132,131.41943359375
53,920,2,2,0.132,135.38690185546875
59,518,3,1,0.006430720274304941,150.61422729492188
3,1534,2,3,0.01200000000000001,150.27642822265625
30,859,0,3,0.01200000000000001,117.45056915283203
16,696,0,2,0.132,153.19749450683594
16,1487,2,2,0.132,138.53506469726562
89,1886,0,1,0.088,154.31597900390625
23,86,2,2,0.132,109.1586685180664
17,132,2,3,0.07660953753628463,132.67324829101562
0,1084,1,0,0.15044827415090248,116.44277954101562
54,522,1,3,0.01200000000000001,142.7606964111328
115,1137,3,2,0.132,132.39999389648438
4,155,3,2,0.132,123.10820007324219
102,453,2,3,0.154,
89,1484,3,2,0.132,149.45065307617188
92,1846,3,1,0.088,137.86404418945312
105,1619,2,1,0.088,134.796142578125
92,839,0,2,0.132,128.94259643554688
52,1572,2,1,0.088,107.89373779296875
43,1254,2,2,0.132,121.11101531982422
62,929,3,3,0.08506155854259428,118.82085418701172
36,1078,1,3,0.1,123.63127899169922
36,1834,1,1,0.088,129.45639038085938
51,1745,0,2,0.09760288890914592,120.2622299194336
93,374,3,3,0.01200000000000001,120.01189422607422
103,559,0,3,0.01200000000000001,142.81356811523438
0,258,3,3,0.056185845965440545,117.33564758300781
89,1880,0,3,0.01200000000000001,149.5483856201172
31,298,0,1,0.088,126.8250961303711
34,703,0,3,0.01200000000000001,137.265380859375
112,543,0,1,0.088,125.04439544677734
89,1443,0,1,0.088,149.4813690185547
8,756,2,1,0.088,132.58050537109375
95,728,1,1,0.088,134.49842834472656
52,1280,3,1,0.088,115.96705627441406
94,610,2,2,0.019388879560845118,131.24545288085938
61,1854,3,3,0.1,136.08560180664062
18,1084,3,2,0.132,123.05037689208984
95,2022,2,3,0.035600344671557205,129.2834014892578
95,1481,3,3,0.1,132.76321411132812
26,1950,1,3,0.01200000000000001,130.5976104736328
17,43,0,0,0.008949948677735853,126.64978790283203
24,139,2,0,0.154,103.18280792236328
62,1790,3,0,0.023121343865522143,118.78894805908203
23,581,3,2,0.132,109.01860809326172
52,877,0,2,0.132,110.40229034423828
54,1727,0,2,0.132,152.208251953125
32,1542,2,1,0.088,131.0465850830078
39,119,0,3,0.012000000000005256,135.22193908691406
8,39,3,3,0.1,129.86111450195312
109,1130,0,2,0.132,111.07571411132812
52,2032,0,2,0.132,117.62117767333984
83,136,3,2,0.132,127.1736831665039
31,421,3,1,0.088,128.1971893310547
23,1885,2,3,0.1,108.67815399169922
3,51,3,2,0.132,149.92904663085938
56,545,0,2,0.132,124.99694061279297
42,1664,2,2,0.132,128.19168090820312
16,1293,2,2,0.132,138.1072540283203
74,1783,3,1,0.088,141.24212646484375
74,256,2,2,0.132,139.3878173828125
25,113,2,2,0.132,143.81182861328125
66,217,3,3,0.01200000000000001,134.20632934570312
74,311,0,1,0.088,145.46429443359375
21,1500,0,1,0.088,130.07064819335938
59,1452,1,3,0.1,145.51007080078125
93,1177,0,1,0.088,122.49671936035156
113,764,0,1,0.088,128.03704833984375
115,1938,1,1,0.088,131.960205078125
93,466,2,1,0.088,115.08451080322266
4,1573,2,2,0.132,122.0376205444336
3,946,2,3,0.1,149.28436279296875
95,1646,3,1,0.088,135.58953857421875
61,625,0,3,0.01200000000000001,140.25210571289062
62,860,2,2,0.132,120.24674987792969
62,1625,2,1,0.088,119.21498107910156
85,1052,3,2,0.132,115.4173812866211
0,495,0,2,0.132,120.92486572265625
24,1656,1,1,0.088,101.31900024414062
97,1340,2,3,0.1,127.10184478759766
89,36,2,2,0.132,147.8580780029297
9,152,0,0,0.019994845435678366,122.37383270263672
16,1620,2,2,0.132,124.46698760986328
74,1592,2,3,0.01200000000000001,139.51210021972656
24,1541,2,1,0.088,104.03678131103516
52,1391,3,0,0.154,111.52420806884766
97,1967,0,1,0.088,129.8330535888672
107,14,0,2,0.132,131.74769592285156
11,391,3,1,0.08393959619866073,135.02073669433594
23,1885,3,1,0.088,108.67815399169922
13,223,2,2,0.07600494410568809,124.33153533935547
9,994,0,2,0.034826232506964594,123.6054458618164
38,1473,1,3,0.01200000000000001,127.89766693115234
89,1911,1,0,0.0981359797478514,124.68939971923828
18,427,0,1,0.088,127.44562530517578
23,1428,3,1,0.088,126.58661651611328
71,1755,1,2,0.132,144.09130859375
8,1975,3,1,0.01231183006452069,127.71907043457031
89,560,1,3,0.01200000000000001,144.40081787109375
15,5,0,1,0.088,130.68153381347656
28,1390,1,1,0.088,132.60006713867188
52,1689,0,3,0.1,114.96037292480469
106,1568,1,2,0.00821773010554766,139.1671142578125
19,931,1,3,0.1,128.88540649414062
22,1732,0,3,0.01200000000000001,143.5516815185547
93,1582,0,3,0.01200000000000001,124.49070739746094
49,289,0,3,0.08582289803627335,118.84794616699219
74,380,3,2,0.132,136.81973266601562
68,194,1,3,0.04675386801664064,140.58995056152344
61,706,1,1,0.088,143.02725219726562
49,1607,3,1,0.06536204511265867,123.89335632324219
15,1481,1,1,0.088,134.75033569335938
63,722,3,0,0.11778254480987771,123.89710235595703
46,729,0,3,0.012000000000005256,133.9952850341797
89,951,1,1,0.088,144.8352508544922
24,74,1,2,0.132,128.78443908691406
16,1177,2,2,0.132,146.78517150878906
77,1981,3,2,0.132,120.03325653076172
32,1411,2,1,0.056677433614874984,135.1610565185547
105,253,3,1,0.088,139.690185546875
43,505,0,2,0.132,121.37511444091797
59,739,0,1,0.088,145.81541442871094
99,922,2,3,0.154,
61,1663,3,3,0.01200000000000001,138.9631805419922
11,378,0,3,0.1,138.10166931152344
66,1131,1,2,0.132,128.8333740234375
3,1793,2,2,0.132,152.04725646972656
107,1462,2,2,0.02823097435373617,130.9713134765625
89,981,0,2,0.132,154.34408569335938
32,1105,1,0,0.154,123.23688507080078
97,801,1,3,0.05460790214513944,132.0176544189453
74,1799,3,2,0.132,145.28298950195312
19,1119,0,1,0.088,133.7892608642578
97,1442,2,1,0.088,130.96649169921875
62,1141,2,2,0.132,123.12361145019531
58,1196,2,2,0.07470570347809291,133.50393676757812
34,654,1,3,0.01200000000000001,132.59103393554688
31,1756,2,2,0.02444432784137962,125.58521270751953
44,858,0,1,0.088,149.189453125
110,730,1,1,0.07514217974440723,115.80975341796875
85,659,2,1,0.0757362813082805,115.39497375488281
103,871,1,0,0.009847202116735732,122.09729766845703
95,638,2,3,0.012000000000005256,136.9403076171875
19,1433,3,3,0.03145143950859974,130.14935302734375
95,1696,0,3,0.01200000000000001,136.18577575683594
95,1375,0,3,0.01200000000000001,134.5364990234375
59,1103,2,2,0.132,148.15960693359375
46,1450,0,1,0.088,132.2222137451172
33,78,3,3,0.01200000000000001,127.87297821044922
3,500,3,1,0.088,145.1448974609375
77,30,0,1,0.088,118.33349609375
8,76,0,2,0.132,144.90286254882812
103,198,1,1,0.007274474511504203,143.4693603515625
82,392,0,1,0.088,134.10595703125
62,1272,1,1,0.015788901413377493,120.85572052001953
16,1091,3,2,0.132,141.53334045410156
52,1671,0,1,0.088,127.53141784667969
3,85,0,1,0.088,152.93594360351562
52,1543,1,2,0.132,114.68257904052734
54,694,3,1,0.088,139.09214782714844
14,537,1,3,0.01200000000000001,137.92333984375
95,738,0,3,0.01200000000000001,134.23291015625
93,184,3,2,0.132,118.14990997314453
58,1116,0,2,0.132,131.0633087158203
62,896,2,1,0.088,118.58523559570312
92,1762,0,2,0.132,138.27569580078125
92,1992,0,1,0.088,133.90635681152344
46,45,1,2,0.132,130.48768615722656
97,1277,1,2,0.132,134.04920959472656
68,1503,3,1,0.088,142.24984741210938
24,1147,2,3,0.1,122.84561157226562
113,1951,1,3,0.1,125.44709777832031
71,678,3,3,0.1,139.04981994628906
51,1315,3,2,0.12785167428479982,119.74657440185547
74,176,0,2,0.132,150.89559936523438
46,1470,3,0,0.03664442001308896,122.52423095703125
52,1099,3,2,0.132,125.83338165283203
52,710,0,1,0.088,116.77137756347656
0,293,1,2,0.132,123.59847259521484
3,260,2,1,0.088,144.91055297851562
71,238,3,1,0.088,136.8934326171875
92,989,3,3,0.1,128.71408081054688
8,836,1,1,0.029693503285540268,129.1002655029297
3,1550,1,3,0.01200000000000001,151.16221618652344
32,266,2,2,0.132,147.897705078125
11,1468,1,2,0.132,136.38858032226562
52,512,2,3,0.1,117.43138885498047
37,340,2,2,0.10245648541376862,129.10951232910156
66,123,1,1,0.088,130.14048767089844
3,1828,1,1,0.088,154.28904724121094
8,169,1,0,0.154,125.08203125
59,488,0,2,0.132,141.45706176757812
16,267,0,2,0.132,140.13809204101562
66,1069,1,1,0.088,133.51194763183594
31,490,2,1,0.08719420295738531,123.93736267089844
52,1240,3,2,0.132,124.59617614746094
43,1540,3,2,0.132,121.15424346923828
88,245,3,3,0.01200000000000001,134.83404541015625
103,419,3,3,0.1,140.38217163085938
32,57,3,1,0.088,128.3669891357422
67,1840,1,1,0.088,126.37908935546875
23,86,0,1,0.088,109.1586685180664
17,132,0,2,0.132,132.67324829101562
3,1367,0,3,0.1,148.56736755371094
25,817,1,3,0.01200000000000001,143.44607543945312
38,933,3,1,0.07480507441818085,124.18921661376953
58,790,0,1,0.088,127.84870910644531
53,836,0,1,0.088,133.88380432128906
52,188,1,2,0.132,126.22765350341797
33,1747,3,0,0.154,115.68480682373047
0,1088,2,3,0.01200000000000001,122.53172302246094
112,921,3,3,0.1,121.8759536743164
19,245,3,2,0.132,134.23924255371094
24,1566,2,3,0.1,125.20452880859375
54,1096,3,3,0.1,140.50599670410156
103,953,0,3,0.01200000000000001,144.8365478515625
32,823,2,1,0.00563195380919676,132.06939697265625
53,920,0,1,0.088,135.38690185546875
24,904,2,1,0.088,128.63856506347656
44,1157,3,1,0.088,137.33468627929688
63,467,0,1,0.088,128.60682678222656
82,710,0,3,0.008403862995136915,132.67506408691406
82,1676,0,2,0.132,134.11521911621094
70,179,0,2,0.132,118.63557434082031
44,786,3,2,0.132,138.05804443359375
11,159,3,1,0.088,140.83978271484375
112,629,2,2,0.05218157690869374,116.9473648071289
93,609,3,2,0.132,116.8697509765625
68,1836,3,1,0.088,142.36790466308594
105,490,3,1,0.06834726431833571,139.704345703125
85,1130,3,0,0.00013009875622435607,113.92046356201172
24,1518,3,1,0.088,133.46910095214844
52,94,0,1,0.088,113.03173828125
88,45,0,2,0.132,139.74209594726562
51,1018,3,1,0.088,
32,674,3,1,0.088,128.83421325683594
58,43,1,0,0.04458443003900775,123.50727844238281
52,980,3,2,0.132,112.97105407714844
6,1756,1,2,0.06353779779006063,127.26175689697266
52,1944,1,1,0.088,121.35118103027344
69,1761,3,1,0.02144128955886851,145.6074676513672
61,1428,3,3,0.1,137.78346252441406
52,1728,3,3,0.1,115.09016418457031
110,1427,3,2,0.132,114.03286743164062
3,1872,2,3,0.1,151.40892028808594
10,1344,1,3,0.005218436074760996,125.10677337646484
70,417,2,2,0.132,120.03707885742188
0,1421,0,2,0.132,120.96326446533203
68,2017,1,1,0.088,142.1496124267578
28,1936,2,0,0.12758310115655583,109.49082946777344
32,249,3,2,0.132,124.26079559326172
1,985,1,2,0.132,124.55547332763672
77,610,1,2,0.03580809271217189,125.98725128173828
89,254,0,0,0.154,140.8763427734375
61,1347,3,3,0.01646200917104218,135.0010223388672
48,1969,0,3,0.0792090415780925,132.56336975097656
25,1042,2,2,0.132,144.3134307861328
97,1164,1,2,0.017308656051375715,135.65614318847656
18,1084,1,1,0.088,123.05037689208984
54,1842,3,3,0.012000000000005256,147.94473266601562
113,1201,0,3,0.1,124.94883728027344
32,1715,3,1,0.088,131.49169921875
103,1061,0,2,0.132,146.58047485351562
74,934,2,1,0.088,134.19151306152344
17,1116,3,3,0.01200000000000001,133.69140625
28,1936,0,3,0.1,109.49082946777344
38,426,3,3,0.01200000000000001,132.5028533935547
59,1215,3,1,0.088,139.73147583007812
32,334,0,2,0.132,128.88758850097656
28,1823,2,2,0.132,129.92921447753906
105,1423,0,3,0.01200000000000001,141.85899353027344
82,1333,0,3,0.1,134.64002990722656
8,463,0,2,0.132,139.49061584472656
32,337,0,2,0.132,129.88119506835938
93,258,1,2,0.132,115.4438247680664
0,227,0,1,0.088,121.91638946533203
92,1267,3,1,0.088,128.75852966308594
102,1144,2,3,0.01200000000000001,138.52903747558594
58,63,2,2,0.132,127.18091583251953
71,1853,1,2,0.059099054087684566,144.66485595703125
31,762,0,2,0.11175569876455307,146.07687377929688
36,1598,2,2,0.132,126.35950469970703
16,914,1,1,0.088,138.77146911621094
92,1744,0,2,0.132,128.87255859375
16,1633,1,2,0.132,144.10589599609375
28,780,3,1,0.088,133.98544311523438
95,847,1,2,0.132,138.66896057128906
66,1696,2,2,0.132,133.54762268066406
33,910,1,3,0.04479473193005304,124.88729858398438
13,930,2,1,0.088,124.87963104248047
18,171,0,1,0.088,128.98101806640625
25,113,0,1,0.088,143.81182861328125
52,1162,2,2,0.132,118.1859130859375
44,871,1,0,0.14415279788326427,126.40484619140625
80,169,0,2,0.132,102.01465606689453
22,99,0,3,0.008995923612715812,136.46917724609375
30,1993,0,3,0.012000000000005256,124.31973266601562
33,474,2,3,0.1,121.36383056640625
74,590,3,1,0.088,141.74819946289062
33,299,0,3,0.1,124.50776672363281
0,679,3,2,0.132,121.99736022949219
23,306,0,3,0.1,108.73906707763672
3,946,0,2,0.132,149.28436279296875
52,686,3,1,0.088,113.4040756225586
97,1259,0,2,0.132,129.62991333007812
12,1252,0,1,0.088,118.01856994628906
24,1263,0,2,0.132,124.50358581542969
82,1411,1,1,0.01526431506319953,134.3938446044922
71,589,3,2,0.132,137.77935791015625
95,1481,0,3,0.1,132.76321411132812
16,1620,0,1,0.088,124.46698760986328
71,1183,1,3,0.1,135.33660888671875
102,1127,3,3,0.1,137.40521240234375
23,1885,1,0,0.018846969606528596,108.67815399169922
52,823,0,1,0.088,115.40406799316406
53,1352,0,2,0.132,155.02276611328125
62,90,3,2,0.132,118.29218292236328
66,659,1,0,0.01623827186089183,121.58262634277344
82,71,1,1,0.088,133.4863739013672
105,165,2,3,0.1,133.09605407714844
82,595,1,3,0.1,135.68536376953125
94,1078,0,3,0.010917893396852063,125.74641418457031
32,889,1,1,0.088,129.6898651123047
3,1406,3,3,0.01200000000000001,150.809814453125
36,1256,0,3,0.01200000000000001,127.87078857421875
52,1435,2,3,0.012000000000005256,123.98721313476562
52,868,1,2,0.132,115.0723876953125
52,1493,0,2,0.132,117.21272277832031
61,1663,1,2,0.132,138.9631805419922
52,1717,0,1,0.088,124.24391174316406
93,1552,2,2,0.132,116.08946990966797
77,704,1,3,0.1,115.55569458007812
52,383,0,3,0.1,119.4293212890625
82,642,0,2,0.132,136.5513153076172
3,1960,0,1,0.088,157.30140686035156
24,887,1,2,0.132,125.67606353759766
66,217,0,3,0.01200000000000001,134.20632934570312
0,1139,1,3,0.04522231916526065,123.39098358154297
59,1265,0,3,0.012000000000005034,157.78675842285156
61,1336,0,1,0.088,139.28233337402344
23,134,2,2,0.132,126.48271179199219
110,430,1,2,0.132,113.60810852050781
9,930,3,3,0.08252110664930726,123.63986206054688
94,1789,3,3,0.01200000000000001,129.7119598388672
16,1220,0,3,0.08014569300706278,140.44944763183594
29,1313,0,0,0.0689947903482161,116.83190155029297
46,2014,0,1,0.088,130.42791748046875
59,254,1,2,0.132,146.13462829589844
71,1207,1,2,0.132,143.63502502441406
18,1108,3,3,0.01200000000000001,129.92332458496094
15,1412,0,2,0.132,132.0360565185547
82,1536,2,3,0.1,133.4152374267578
25,580,2,3,0.05721606257252161,142.3682403564453
33,1039,2,2,0.132,120.8282241821289
33,1287,2,1,0.088,130.462158203125
24,475,1,3,0.1,124.61547088623047
89,919,2,3,0.01200000000000001,147.05455017089844
84,401,1,2,0.08598014795232692,110.9894027709961
88,1433,1,3,0.01200000000000001,131.51849365234375
38,508,0,3,0.01200000000000001,134.1150360107422
16,1982,3,2,0.132,147.0433807373047
4,1621,3,1,0.088,123.49068450927734
74,945,3,2,0.132,145.35337829589844
24,1782,0,3,0.06078753851644736,122.35279083251953
59,1103,0,1,0.088,148.15960693359375
24,2009,0,2,0.035503718634218195,133.79129028320312
95,123,3,3,0.01200000000000001,132.8091278076172
75,1500,1,2,0.00740377942971765,125.43285369873047
12,1704,1,3,0.06984570929623687,108.27947235107422
3,500,1,0,0.154,145.1448974609375
57,1540,0,0,0.030616886729455506,123.23077392578125
92,989,1,2,0.132,128.71408081054688
58,1754,1,3,0.01200000000000001,128.6319580078125
67,1422,0,1,0.088,130.15176391601562
57,1554,2,1,0.088,134.0956268310547
89,31,0,2,0.132,151.2565460205078
4,2020,3,3,0.07334599190486316,122.33370208740234
24,272,2,3,0.01200000000000001,127.48859405517578
102,128,3,3,0.012000000000005256,144.98818969726562
16,569,2,2,0.132,133.33192443847656
74,578,0,2,0.132,147.73146057128906
92,1485,0,1,0.088,128.9812774658203
33,993,0,1,0.088,126.28207397460938
20,254,1,3,0.1,140.82374572753906
26,1305,3,3,0.022972773613629566,128.8404083251953
24,998,1,1,0.088,128.33494567871094
46,190,0,3,0.01200000000000001,127.7659683227539
8,390,1,3,0.1,127.74393463134766
24,755,0,1,0.088,127.87487030029297
113,1656,0,2,0.132,101.03799438476562
34,1100,3,1,0.088,126.4251937866211
31,1782,3,0,0.07309203495540242,120.04502868652344
26,72,3,3,0.1,126.94015502929688
4,166,1,3,0.1,120.56815338134766
49,591,1,2,0.132,122.65939331054688
14,487,1,1,0.04793180376514106,137.53363037109375
52,1099,1,1,0.088,125.83338165283203
52,666,2,2,0.132,125.88329315185547
77,1356,1,2,0.132,121.5615005493164
85,1747,2,1,0.06903969973200226,113.83522033691406
1,1688,0,0,0.11117720578445603,123.262451171875
11,1272,1,1,0.0722110985866225,135.8681640625
52,1191,1,1,0.088,113.21483612060547
106,1062,0,3,0.1,141.06048583984375
16,753,0,2,0.132,144.25210571289062
8,763,3,2,0.132,137.986572265625
93,1525,2,1,0.088,115.00581359863281
31,1782,1,3,0.1,120.04502868652344
103,419,1,2,0.132,140.38217163085938
85,1567,1,1,0.088,114.00334930419922
52,1369,1,2,0.132,125.00878143310547
89,1885,3,0,0.13016196948132278,132.32723999023438
3,1199,2,1,0.088,149.8568115234375
10,169,2,1,0.013066215189171212,122.61397552490234
16,1026,0,3,0.1,138.2352752685547
110,661,2,1,0.088,115.03720092773438
87,1634,2,2,0.132,130.53347778320312
22,312,0,0,0.08875191045855435,135.8302001953125
52,274,2,1,0.088,115.54942321777344
24,1566,0,2,0.132,125.20452880859375
66,722,0,0,0.10589143315146737,122.31620788574219
87,1420,3,2,0.006137426023782089,132.5204315185547
92,1004,2,0,0.154,127.17374420166016
52,1741,2,3,0.1,114.22257232666016
52,1937,0,3,0.1,113.63845825195312
100,1573,2,3,0.015043519457969334,138.5316925048828
0,1261,3,3,0.01200000000000001,124.80725860595703
74,1993,0,2,0.132,146.5625
52,1561,1,3,0.1,116.0399169921875
32,249,1,1,0.088,124.26079559326172
70,659,3,1,0.04315722848015807,117.70347595214844
44,1889,3,1,0.088,138.0310516357422
97,231,0,2,0.132,135.95742797851562
24,454,1,3,0.154,101.93009185791016
36,759,2,3,0.01200000000000001,128.41152954101562
89,95,1,2,0.132,149.51170349121094
52,1905,2,2,0.132,125.9395751953125
16,1697,1,2,0.132,140.31817626953125
14,233,3,3,0.01200000000000001,139.0535430908203
17,1489,3,3,0.01200000000000001,133.46987915039062
109,401,1,3,0.049843158390377035,111.2332534790039
88,669,3,2,0.031928998120189345,139.72364807128906
58,1606,3,2,0.132,126.03926849365234
22,1597,0,2,0.132,151.8753204345703
62,1490,0,3,0.1,118.7197265625
63,650,2,1,0.08315106840953115,126.59700012207031
57,694,0,1,0.088,131.38327026367188
38,426,1,2,0.132,132.5028533935547
16,1106,3,1,0.088,136.03997802734375
89,990,0,3,0.1,145.06959533691406
16,438,2,2,0.132,139.11532592773438
93,661,2,0,0.154,112.53984832763672
48,1420,3,3,0.1,129.30145263671875
74,1213,0,3,0.1,132.210205078125
95,1866,0,3,0.1,132.84616088867188
28,206,1,3,0.154,108.41876220703125
52,1349,2,2,0.132,120.17220306396484
34,1110,3,2,0.132,127.6542739868164
24,1415,2,1,0.088,97.89253997802734
16,1904,2,1,0.088,144.78599548339844
63,1699,0,1,0.088,126.42735290527344
75,350,3,1,0.088,125.70026397705078
32,820,0,2,0.132,147.88986206054688
52,877,2,2,0.132,110.40229034423828
62,434,0,1,0.023643528527973023,133.77670288085938
94,1855,2,3,0.1,130.75668334960938
30,1756,2,1,0.025974429581269054,114.3449935913086
32,524,3,2,0.132,130.3231964111328
87,1654,0,1,0.088,144.1930694580078
32,1812,1,1,0.088,128.01446533203125
52,1402,1,1,0.088,118.49024200439453
28,1823,0,1,0.088,129.92921447753906
56,1344,3,2,0.132,125.71691131591797
107,479,0,2,0.132,129.77291870117188
3,1230,2,2,0.132,152.07374572753906
58,63,0,1,0.088,127.18091583251953
71,845,3,3,0.1,136.5570831298828
24,607,0,3,0.1,122.91295623779297
75,973,0,1,0.004135657941141846,131.6132049560547
71,674,0,0,0.1333758078893878,133.0519561767578
25,174,1,3,0.01200000000000001,144.17628479003906
71,589,1,1,0.088,137.77935791015625
33,1155,0,1,0.088,127.78056335449219
26,1371,2,3,0.026847088374087877,129.1265869140625
30,351,3,2,0.132,124.1833724975586
107,1470,0,3,0.1,125.55044555664062
32,1511,2,3,0.1,129.948974609375
48,1126,3,2,0.05507303496203586,141.1561279296875
44,91,3,1,0.088,146.93707275390625
43,1172,3,2,0.132,126.16073608398438
33,474,0,2,0.132,121.36383056640625
59,1410,1,1,0.088,150.5833282470703
61,178,2,2,0.132,142.87037658691406
52,1026,2,1,0.088,118.7978515625
107,994,1,2,0.132,124.20215606689453
52,1675,1,2,0.132,109.58290100097656
87,1932,0,1,0.088,138.92385864257812
28,290,2,1,0.007683554270763976,126.0156021118164
77,1855,2,2,0.132,125.44369506835938
53,1313,1,3,0.08284666578189584,125.87103271484375
88,1318,3,1,0.088,137.11888122558594
30,977,0,2,0.132,130.50144958496094
91,2003,2,3,0.1,122.52047729492188
46,1156,2,2,0.132,126.96083068847656
32,766,2,2,0.132,130.71188354492188
88,1940,2,1,0.088,137.09828186035156
52,1766,3,2,0.132,111.18428039550781
59,687,2,3,0.154,129.9551239013672
89,1332,1,1,0.088,148.42784118652344
61,1119,3,2,0.05869603319648553,140.2754364013672
112,224,0,1,0.088,122.56635284423828
28,390,0,1,0.08485895239769276,127.53240966796875
95,1131,1,3,0.01200000000000001,131.58824157714844
103,384,0,3,0.01200000000000001,148.4199981689453
46,994,2,0,0.154,121.6707534790039
82,1921,3,1,0.088,132.80160522460938
24,1297,3,3,0.01200000000000001,131.25131225585938
59,0,3,2,0.132,149.0017547607422
70,1266,2,1,0.088,119.1239242553711
83,593,3,3,0.047543418661542186,126.68685913085938
95,1549,3,3,0.01200000000000001,134.6069793701172
91,190,3,2,0.132,132.81614685058594
36,1363,1,3,0.09403764793389549,124.69154357910156
68,1184,3,3,0.1,132.22494506835938
33,1039,0,1,0.088,120.8282241821289
0,1339,3,1,0.088,120.36851501464844
16,367,2,1,0.088,140.95721435546875
52,1954,2,0,0.154,110.34359741210938
89,837,3,2,0.132,147.82432556152344
36,1977,1,3,0.01200000000000001,125.32139587402344
69,763,0,3,0.0073302086313312975,145.01319885253906
23,134,0,1,0.088,126.48271179199219
115,1490,1,0,0.08500959443447785,123.96829986572266
19,1692,1,3,0.01200000000000001,133.19619750976562
112,543,2,1,0.08587116405895248,125.04439544677734
42,1317,0,2,0.132,133.47714233398438
92,1804,0,2,0.132,140.0782470703125
94,1590,3,2,0.09954726506865019,138.20809936523438
62,240,0,1,0.088,118.71685791015625
52,586,2,1,0.088,115.30518341064453
68,231,2,1,0.008054292462697718,139.82000732421875
52,271,3,3,0.1,117.34913635253906
24,106,3,2,0.132,134.95428466796875
83,580,2,2,0.016010384380416742,127.33953857421875
52,1954,0,3,0.1,110.34359741210938
23,1911,0,1,0.088,103.0909423828125
103,1950,0,3,0.01200000000000001,142.43560791015625
34,654,3,3,0.01200000000000001,132.59103393554688
32,504,0,2,0.132,150.7215576171875
16,569,0,1,0.06738163929171742,133.33192443847656
92,336,1,3,0.1,128.5285186767578
115,1223,3,3,0.1,126.63390350341797
82,1972,3,2,0.132,132.08071899414062
61,11,1,3,0.1,135.0902099609375
46,135,0,3,0.01200000000000001,125.76868438720703
34,1004,0,2,0.132,125.96566009521484
14,769,2,2,0.002583885798946861,141.1082763671875
46,243,2,1,0.088,129.21240234375
52,894,0,3,0.1,119.27938079833984
34,703,3,1,0.088,137.265380859375
24,139,2,3,0.154,103.18280792236328
62,1790,3,3,0.008633634194968737,118.78894805908203
93,346,0,0,0.154,114.6578369140625
62,2017,3,2,0.132,129.9738006591797
51,232,0,2,0.132,120.64192199707031
93,1876,0,3,0.1,116.03050994873047
4,1968,3,3,0.1,121.70296478271484
58,810,1,1,0.088,126.07738494873047
4,68,1,1,0.088,118.3462905883789
39,1087,0,3,0.012000000000005256,134.91246032714844
4,2020,1,2,0.132,122.33370208740234
87,1759,3,2,0.132,132.3528594970703
28,593,2,1,0.088,128.86752319335938
102,128,1,2,0.132,144.98818969726562
82,330,0,1,0.088,134.62782287597656
97,1691,0,3,0.07812855115175937,133.75352478027344
105,198,0,1,0.088,145.25503540039062
42,866,1,2,0.132,127.86517333984375
6,1875,3,2,0.0010351493120357436,127.27973175048828
8,1785,0,2,0.132,143.83473205566406
0,609,2,1,0.088,118.59825897216797
92,1100,3,0,0.154,127.44430541992188
93,1159,2,1,0.088,115.12866973876953
105,1619,3,2,0.132,134.796142578125
74,273,2,3,0.1,135.316162109375
16,79,0,1,0.088,138.29283142089844
36,430,2,0,0.07409439393885067,120.25457763671875
92,839,1,3,0.1,128.94259643554688
16,1268,1,2,0.132,144.13331604003906
52,1572,3,2,0.132,107.89373779296875
28,315,3,0,0.11713544261116429,106.22738647460938
63,469,2,2,0.06217185091252497,129.8794403076172
51,1745,1,3,0.09575416519161925,120.2622299194336
24,1707,1,3,0.1,125.15516662597656
12,1704,0,0,0.059166653098587804,108.27947235107422
60,1970,0,2,0.132,133.41653442382812
71,898,1,1,0.088,136.22947692871094
52,1610,1,3,0.1,114.71519470214844
3,525,2,1,0.08632381447547713,151.595458984375
95,1635,1,3,0.012000000000005256,137.59506225585938
77,432,3,3,0.1,120.64698028564453
107,931,0,1,0.088,127.91968536376953
54,25,3,2,0.132,151.3863067626953
3,2009,2,1,0.088,151.9952850341797
36,1001,1,1,0.088,126.90464782714844
70,529,0,1,0.07024355874661514,121.2844009399414
10,169,0,0,0.04181528346628643,122.61397552490234
74,945,0,2,0.03288345451721164,145.35337829589844
28,319,0,0,0.154,106.76277923583984
33,492,3,2,0.132,128.03990173339844
28,315,1,3,0.154,106.22738647460938
82,748,2,1,0.088,136.9544677734375
36,759,0,2,0.132,128.41152954101562
87,1661,3,3,0.01200000000000001,137.1284942626953
115,1141,1,3,0.06389193548831662,128.27146911621094
3,1336,2,2,0.00779925494767042,151.4418182373047
49,730,1,1,0.012857820255592761,116.5448226928711
102,163,0,1,0.088,142.00946044921875
57,1117,3,3,0.1,125.15880584716797
82,1269,2,3,0.1,134.21908569335938
92,185,3,2,0.132,132.49490356445312
74,117,0,2,0.132,142.64468383789062
19,931,3,3,0.1,128.88540649414062
77,536,2,1,0.088,121.22920989990234
107,1433,2,1,0.088,129.2367401123047
89,1960,3,2,0.132,150.7388458251953
32,1542,3,2,0.132,131.0465850830078
56,18,3,0,0.07075356980991605,120.46205139160156
97,1936,1,0,0.006399999566708392,121.48738098144531
8,290,0,3,0.1,126.33776092529297
16,211,0,2,0.132,149.5159454345703
71,2001,3,2,0.132,137.4637451171875
25,409,3,1,0.08549974745759187,145.30503845214844
16,438,0,1,0.088,139.11532592773438
51,1747,1,0,0.06926283327627672,115.52457427978516
28,545,1,2,0.132,125.68897247314453
52,648,3,1,0.088,120.65818786621094
30,1079,3,3,0.028839490724225703,120.83686065673828
30,1900,0,2,0.0567457252485597,126.61361694335938
113,340,2,2,0.02954351458623139,124.7159194946289
46,1414,1,3,0.01200000000000001,125.1397476196289
74,598,3,3,0.012000000000005034,144.3267364501953
32,1572,2,3,0.037625217675193334,125.728271484375
66,1131,3,2,0.132,128.8333740234375
58,1606,1,1,0.088,126.03926849365234
82,1511,3,0,0.154,129.96023559570312
23,1843,2,3,0.1,110.45948028564453
89,1914,1,3,0.01200000000000001,148.59617614746094
92,351,0,2,0.132,140.53627014160156
24,547,3,1,0.088,134.69625854492188
52,746,1,2,0.132,117.75775909423828
102,187,3,2,0.132,146.73594665527344
103,1310,0,3,0.01200000000000001,147.650146484375
97,534,2,1,0.088,129.44595336914062
49,289,3,1,0.07690276227136697,118.84794616699219
62,860,3,3,0.1,120.24674987792969
92,4,1,2,0.132,128.8118133544922
112,230,2,1,0.088,116.66272735595703
1,699,1,3,0.006410530965878791,125.36372375488281
77,1953,0,1,0.088,120.82235717773438
24,1415,0,0,0.154,97.89253997802734
66,1134,2,2,0.132,130.98074340820312
32,1105,1,3,0.1,123.23688507080078
33,1781,2,1,0.04007144798923171,124.13660430908203
24,1513,1,3,0.01200000000000001,127.50452423095703
71,845,1,2,0.132,136.5570831298828
3,1515,1,2,0.132,150.95675659179688
24,81,0,2,0.132,131.71286010742188
44,1623,0,3,0.1,137.6455078125
66,1186,0,1,0.088,129.78236389160156
56,767,2,2,0.018978465544366108,120.9582290649414
97,1669,2,3,0.1,129.59967041015625
94,515,3,3,0.01200000000000001,133.31832885742188
3,328,3,1,0.088,153.79708862304688
52,681,2,1,0.088,117.31963348388672
61,134,0,3,0.1,137.667236328125
97,1721,0,2,0.132,127.05683898925781
88,1383,0,1,0.08443472964703538,139.4593048095703
102,1236,1,2,0.132,143.99102783203125
19,1653,0,1,0.088,131.9881591796875
48,366,0,2,0.132,134.43142700195312
28,347,0,0,0.034015380227503056,110.48572540283203
113,456,1,1,0.048461998595066974,123.70520782470703
28,816,2,3,0.01200000000000001,129.8976287841797
27,862,0,2,0.132,117.03849792480469
51,1627,2,3,0.1,121.17086029052734
66,469,1,3,0.1,128.07476806640625
74,1252,1,2,0.132,131.67596435546875
14,1027,3,0,0.0749386151778272,131.72434997558594
97,1692,2,1,0.007556986054913256,135.52798461914062
24,1417,0,3,0.1,123.20803833007812
92,1744,2,2,0.132,128.87255859375
95,424,2,2,0.132,138.8199462890625
28,206,0,0,0.154,108.41876220703125
105,744,3,3,0.01200000000000001,143.1735382080078
33,606,3,1,0.088,121.33790588378906
69,1242,3,3,0.01200000000000001,143.90509033203125
68,1500,0,3,0.014257083281357497,131.91673278808594
92,637,2,3,0.01200000000000001,131.02450561523438
0,293,3,2,0.132,123.59847259521484
91,437,3,1,0.088,131.21070861816406
68,1204,3,3,0.1,136.03033447265625
16,1373,1,3,0.012000000000005256,144.99191284179688
11,378,3,1,0.088,138.10166931152344
61,1553,1,3,0.002608505591107979,134.24073791503906
93,781,0,1,0.088,115.86947631835938
32,1511,0,2,0.132,129.948974609375
43,423,0,2,0.132,120.51534271240234
52,207,0,2,0.132,124.88583374023438
52,971,2,1,0.088,123.66323852539062
16,270,2,2,0.132,139.48440551757812
99,1164,3,3,0.01200000000000001,136.6811065673828
84,992,3,2,0.132,111.88735961914062
58,790,2,1,0.088,127.84870910644531
88,1119,1,3,0.01200000000000001,134.42770385742188
57,1328,3,3,0.1,133.41651916503906
46,14,2,1,0.08308688198739683,126.18848419189453
0,1862,0,2,0.132,124.38067626953125
0,53,2,1,0.04782037985746218,118.97344207763672
3,1793,3,3,0.014164040973802056,152.04725646972656
88,1645,1,0,0.10056187555379681,127.90763092041016
67,232,1,1,0.088,124.9438247680664
24,1297,1,2,0.132,131.25131225585938
54,1942,0,0,0.154,132.94432067871094
56,1416,2,1,0.03978910160114539,122.70723724365234
52,579,1,3,0.1,118.21285247802734
6,2004,2,2,0.0875187434174649,120.88168334960938
23,1301,2,1,0.088,118.76207733154297
94,976,0,1,0.088,128.10240173339844
24,1586,3,1,0.088,136.0094757080078
22,367,0,3,0.1,137.85069274902344
87,1117,0,0,0.11783861948057892,127.51499938964844
82,1169,0,1,0.088,139.19876098632812
16,1892,3,1,0.06288848569374925,141.1167449951172
18,693,3,3,0.02748901339780313,124.8909683227539
0,1473,0,1,0.05823900990303704,120.7234115600586
82,1839,2,3,0.01200000000000001,138.54345703125
3,1367,3,1,0.088,148.56736755371094
102,318,1,2,0.132,143.64947509765625
93,636,1,2,0.132,117.3006362915039
105,161,0,2,0.132,147.65940856933594
105,1052,2,3,0.1,130.897705078125
95,1549,1,2,0.005215833970229289,134.6069793701172
48,440,3,2,0.132,138.4678497314453
102,372,1,1,0.088,141.55303955078125
91,1039,0,0,0.154,122.50917053222656
46,1622,3,2,0.132,131.6309814453125
15,600,2,3,0.1,133.11282348632812
36,592,0,1,0.088,128.6049041748047
63,662,2,2,0.132,127.27979278564453
16,125,0,1,0.088,143.86204528808594
105,304,2,2,0.132,146.7697296142578
49,54,3,1,0.088,125.6742172241211
15,819,3,2,0.132,130.83843994140625
71,391,0,3,0.1,135.4088134765625
82,10,2,1,0.088,135.93405151367188
10,1883,0,3,0.1,127.12923431396484
88,14,1,1,0.088,133.44287109375
53,920,1,2,0.132,135.38690185546875
89,639,0,1,0.088,152.26266479492188
3,1828,2,2,0.132,154.28904724121094
16,1180,2,1,0.088,144.27061462402344
28,1936,2,3,0.154,109.49082946777344
97,1553,3,1,0.088,129.82797241210938
93,1284,3,1,0.088,116.84794616699219
62,1594,3,2,0.132,119.08078002929688
102,1279,2,1,0.088,141.78163146972656
17,132,1,3,0.1,132.67324829101562
0,1084,0,0,0.154,116.44277954101562
74,1808,0,1,0.088,144.19297790527344
71,356,2,2,0.132,134.4486083984375
3,1253,2,1,0.088,154.95314025878906
34,615,2,3,0.1,125.21662902832031
115,1137,2,2,0.132,132.39999389648438
38,1187,0,1,0.088,135.43179321289062
1,659,3,1,0.009213124948119267,123.2379379272461
4,569,0,0,0.01192226746379349,121.78309631347656
105,1619,1,1,0.088,134.796142578125
54,1775,0,1,0.088,150.43470764160156
0,900,0,3,0.01200000000000001,123.0335922241211
24,139,0,2,0.132,103.18280792236328
48,1969,3,1,0.088,132.56336975097656
52,1572,1,1,0.088,107.89373779296875
62,929,2,3,0.045801142574824455,118.82085418701172
16,1902,0,1,0.088,150.7144317626953
33,1059,3,2,0.132,127.3032455444336
36,1834,0,1,0.088,129.45639038085938
71,1378,1,1,0.088,146.09010314941406
16,481,0,1,0.088,144.2367401123047
8,520,3,1,0.088,136.38967895507812
48,801,0,3,0.06943503103832652,132.2356719970703
28,1936,3,1,0.088,109.49082946777344
59,386,3,3,0.012000000000005256,155.692138671875
66,156,1,3,0.1,125.5184326171875
105,1423,3,1,0.088,141.85899353027344
105,1152,0,1,0.088,132.8730010986328
8,756,1,1,0.021699102369873713,132.58050537109375
14,487,3,1,0.088,137.53363037109375
44,792,0,1,0.088,137.5310821533203
66,779,0,0,0.154,123.97967529296875
52,1280,2,1,0.088,115.96705627441406
52,936,1,2,0.132,114.86834716796875
25,1239,2,1,0.088,142.0098419189453
43,1254,1,2,0.132,121.11101531982422
27,18,3,2,0.132,115.63247680664062
36,1078,0,3,0.08908210660314794,123.63127899169922
102,772,2,3,0.01200000000000001,140.0235595703125
3,713,3,1,0.088,155.3379364013672
74,934,3,2,0.132,134.19151306152344
113,1201,3,1,0.088,124.94883728027344
68,1863,3,3,0.01200000000000001,142.23521423339844
53,359,2,2,0.132,
52,1027,3,2,0.132,116.20853424072266
69,1460,0,3,0.1,138.9309844970703
110,432,2,2,0.132,118.38339233398438
32,1542,1,1,0.088,131.0465850830078
93,693,3,3,0.07251098660219688,115.25421142578125
112,1211,0,0,0.154,117.7302017211914
59,1933,3,2,0.132,114.03936004638672
8,39,2,3,0.08878783282960276,129.86111450195312
24,47,1,0,0.154,106.25684356689453
95,1186,2,3,0.01200000000000001,132.47450256347656
93,1753,2,0,0.1466185911391538,113.9438705444336
94,610,1,2,0.09619190728782812,131.24545288085938
3,1380,3,2,0.132,150.60272216796875
61,966,0,2,0.132,139.58599853515625
92,799,2,1,0.088,132.8783416748047
61,1854,2,3,0.1,136.08560180664062
33,299,3,1,0.088,124.50776672363281
23,1885,1,3,0.1,108.67815399169922
52,1191,3,1,0.088,113.21483612060547
23,306,3,1,0.088,108.73906707763672
92,1647,2,3,0.01200000000000001,130.9890899658203
92,185,1,1,0.088,132.49490356445312
3,51,2,2,0.132,149.92904663085938
42,1664,1,2,0.132,128.19168090820312
32,724,3,1,0.088,147.12518310546875
74,1783,2,1,0.088,141.24212646484375
112,990,3,2,0.132,126.75997161865234
52,1229,1,2,0.132,111.8994140625
36,1095,3,1,0.047343233418883635,124.87346649169922
28,1725,3,1,0.088,135.03819274902344
66,217,2,3,0.006398280799407741,134.20632934570312
80,169,1,3,0.0509739734754501,102.01465606689453
32,1968,2,1,0.088,134.1779327392578
34,1495,1,2,0.132,135.0811004638672
14,1169,1,3,0.01200000000000001,137.57933044433594
115,154,3,3,0.0024544209883166357,128.27146911621094
61,1562,3,3,0.09077348681505182,134.90249633789062
115,1938,0,1,0.088,131.960205078125
93,466,1,1,0.088,115.08451080322266
61,1063,0,3,0.01200000000000001,141.1981964111328
31,421,2,1,0.088,128.1971893310547
62,630,1,3,0.1,119.26226806640625
62,860,1,2,0.132,120.24674987792969
107,1526,3,3,0.04634258657934001,128.36705017089844
85,1052,2,2,0.132,115.4173812866211
43,1942,3,3,0.08264497059291614,123.01112365722656
36,704,1,0,0.154,119.91889953613281
89,36,1,2,0.132,147.8580780029297
94,382,0,3,0.012000000000005256,137.2465057373047
92,1659,3,1,0.088,129.94183349609375
36,485,3,2,0.132,130.39788818359375
37,96,0,0,0.13030067822748703,
70,1747,1,0,0.06367471856835427,116.3930892944336
52,1161,2,1,0.088,125.23563385009766
52,1391,2,0,0.154,111.52420806884766
13,223,1,2,0.07392738981830171,124.33153533935547
52,1243,3,3,0.1,114.40888977050781
22,428,0,3,0.01200000000000001,144.96971130371094
23,1428,2,1,0.088,126.58661651611328
94,704,3,0,0.10065368664325641,121.43252563476562
3,946,1,3,0.04638878950799852,149.28436279296875
31,1174,0,0,0.154,116.35623931884766
8,1975,2,1,0.088,127.71907043457031
67,1436,0,2,0.132,140.26182556152344
28,1390,0,1,0.088,132.60006713867188
75,18,3,0,0.013158947670462814,122.32215118408203
74,1294,2,3,0.1,135.21688842773438
20,86,0,0,0.06114230219007888,131.47494506835938
74,1592,1,3,0.01200000000000001,139.51210021972656
24,1541,1,1,0.088,104.03678131103516
62,1166,2,3,0.01200000000000001,127.26758575439453
103,836,1,1,0.05830649671445973,138.1575164794922
36,1309,0,2,0.132,132.0387420654297
94,515,1,2,0.132,133.31832885742188
92,1624,3,3,0.1,129.1193389892578
93,1506,3,1,0.088,115.3077621459961
16,766,3,3,0.1,132.45579528808594
24,1748,1,2,0.132,129.021484375
38,1473,0,3,0.1,127.89766693115234
89,227,3,3,0.1,144.60948181152344
24,74,0,2,0.132,128.78443908691406
97,1408,0,2,0.03791187399075391,131.4175567626953
36,1643,3,2,0.132,128.31716918945312
46,190,2,3,0.1,127.7659683227539
3,500,1,3,0.1,145.1448974609375
105,1395,0,1,0.088,141.3287353515625
92,2018,3,1,0.088,132.23635864257812
77,1743,3,3,0.1,117.96814727783203
77,734,3,2,0.108300523401191,125.66342163085938
63,341,3,2,0.132,128.81863403320312
85,1149,0,0,0.010393853752524745,115.0046615600586
107,1462,1,2,0.04389497785100452,130.9713134765625
66,1375,2,1,0.019004963849172968,131.9874725341797
32,1105,0,0,0.154,123.23688507080078
33,519,3,3,0.01200000000000001,129.72862243652344
105,511,2,1,0.088,131.4611358642578
52,944,2,3,0.1,117.03491973876953
93,1816,3,3,0.1,115.24203491210938
97,1442,1,1,0.088,130.96649169921875
58,1196,1,2,0.132,133.50393676757812
89,1731,1,3,0.01200000000000001,148.8513641357422
91,2014,0,2,0.132,137.0418701171875
85,659,1,1,0.06148824779522413,115.39497375488281
103,871,0,0,0.154,122.09729766845703
71,1779,2,2,0.132,134.48866271972656
99,922,1,3,0.154,
7,11,0,1,0.088,135.13722229003906
52,1338,2,1,0.088,113.72921752929688
33,78,2,3,0.01200000000000001,127.87297821044922
59,1740,0,2,0.132,141.69007873535156
8,1831,0,2,0.132,138.52659606933594
71,1113,3,3,0.06288640131175594,135.96240234375
67,458,0,2,0.132,141.94337463378906
16,1091,2,2,0.132,141.53334045410156
114,916,0,3,0.1,135.7804718017578
84,401,2,3,0.010718938951883167,110.9894027709961
77,1848,0,1,0.088,120.97967529296875
54,694,2,1,0.088,139.09214782714844
14,537,0,3,0.01200000000000001,137.92333984375
16,1715,0,0,0.154,131.66139221191406
1,248,3,3,0.021835525165878805,126.77583312988281
15,600,0,2,0.132,133.11282348632812
22,1177,0,3,0.01200000000000001,142.64305114746094
42,764,0,3,0.1,129.01547241210938
93,184,2,2,0.132,118.14990997314453
51,1899,3,1,0.08188068109338492,120.21414947509766
59,1103,1,2,0.132,148.15960693359375
82,1839,0,2,0.132,138.54345703125
71,1117,2,0,0.154,133.00376892089844
3,260,1,1,0.088,144.91055297851562
71,238,2,1,0.088,136.8934326171875
32,833,2,3,0.1,129.30421447753906
112,1414,1,2,0.132,124.9582748413086
32,266,1,2,0.132,147.897705078125
28,1426,2,3,0.01200000000000001,128.86752319335938
11,1468,0,2,0.132,136.38858032226562
82,741,1,1,0.088,134.1942596435547
59,434,2,1,0.088,154.2296600341797
3,1828,0,1,0.088,154.28904724121094
8,169,0,0,0.006792668155268966,125.08203125
43,1117,0,2,0.132,123.52989959716797
92,1240,0,3,0.1,129.37274169921875
67,1315,1,2,0.132,123.85943603515625
52,916,1,2,0.132,125.81197357177734
52,1240,2,2,0.03578000205809273,124.59617614746094
56,369,3,1,0.088,124.55613708496094
52,1710,3,2,0.132,120.54310607910156
89,961,0,2,0.132,155.46148681640625
9,629,3,0,0.011301538747748634,121.86211395263672
103,419,2,3,0.08469803968850104,140.38217163085938
62,1787,3,2,0.132,131.17129516601562
67,1840,0,1,0.088,126.37908935546875
16,1701,0,2,0.132,144.1066131591797
57,16,3,3,0.1,127.61872863769531
38,933,2,1,0.088,124.18921661376953
71,678,2,3,0.09601329360212249,139.04981994628906
16,177,3,2,0.12318160714798548,153.56138610839844
0,1088,1,3,0.01200000000000001,122.53172302246094
112,921,2,3,0.1,121.8759536743164
46,709,0,1,0.088,133.33204650878906
16,1494,3,2,0.132,138.017578125
62,888,2,1,0.088,119.53306579589844
52,1099,2,2,0.132,125.83338165283203
54,1096,2,3,0.01200000000000001,140.50599670410156
32,441,3,2,0.132,151.7372589111328
63,182,1,3,0.1,127.56768798828125
13,152,1,1,0.088,123.4758071899414
66,123,0,1,0.088,130.14048767089844
33,1567,1,0,0.154,115.87422943115234
75,1184,3,2,0.0763487419590575,125.80225372314453
79,247,3,3,0.1,150.68690490722656
66,1069,0,1,0.088,133.51194763183594
62,1594,1,1,0.088,119.08078002929688
68,1455,3,3,0.01200000000000001,139.15538024902344
44,786,2,2,0.132,138.05804443359375
49,395,0,2,0.132,130.09490966796875
11,159,2,1,0.088,140.83978271484375
52,831,2,3,0.01200000000000001,119.42169952392578
31,705,3,3,0.1,123.20901489257812
105,490,2,1,0.0008057970426146865,139.704345703125
85,1130,2,0,0.10421539162533222,113.92046356201172
58,1046,0,1,0.088,126.0677719116211
105,179,2,0,0.154,131.32786560058594
52,1465,3,1,0.088,110.89873504638672
1,659,1,0,0.0577042194172816,123.2379379272461
89,1354,0,3,0.012000000000005256,153.74661254882812
43,1249,0,2,0.132,154.54904174804688
1,1704,2,0,0.0655855060871744,120.22327423095703
16,346,0,2,0.10067314237359415,137.50404357910156
91,1422,1,1,0.088,125.73275756835938
89,50,1,2,0.132,149.9736785888672
15,1682,2,1,0.046172226790308496,137.72415161132812
24,493,1,3,0.1,125.33390045166016
4,68,3,1,0.088,118.3462905883789
61,1428,2,3,0.01200000000000001,137.78346252441406
63,650,3,2,0.132,126.59700012207031
68,1863,1,2,0.132,142.23521423339844
3,1872,1,3,0.01200000000000001,151.40892028808594
59,755,2,3,0.02962530484224829,145.277587890625
103,1175,0,2,0.132,147.96473693847656
89,1546,2,1,0.088,142.28213500976562
31,1900,0,2,0.07525427475144031,138.63465881347656
70,417,1,2,0.132,120.03707885742188
28,1936,1,0,0.1476000004332916,109.49082946777344
28,871,3,3,0.154,105.81856536865234
1,985,0,2,0.132,124.55547332763672
52,1349,3,3,0.01200000000000001,120.17220306396484
105,1962,0,1,0.088,146.55372619628906
61,1347,2,3,0.1,135.0010223388672
4,1396,2,1,0.088,123.6348648071289
32,674,2,1,0.088,128.83421325683594
52,980,2,2,0.132,112.97105407714844
18,1084,0,1,0.088,123.05037689208984
74,1943,1,2,0.132,139.63780212402344
23,1683,1,2,0.06038510753229076,138.07028198242188
23,938,1,1,0.088,113.87184143066406
97,930,0,0,0.09618920554852611,127.9162368774414
27,767,0,3,0.0618879045013532,116.48890686035156
74,934,1,1,0.088,134.19151306152344
21,862,2,3,0.059449668706983816,127.78551483154297
24,607,3,1,0.088,122.91295623779297
105,179,0,3,0.1,131.32786560058594
48,1568,3,2,0.132,131.47488403320312
52,1027,1,1,0.088,116.20853424072266
110,432,0,1,0.050118823121134415,118.38339233398438
18,737,3,2,0.132,130.35581970214844
16,334,3,3,0.1,130.50479125976562
8,39,0,2,0.132,129.86111450195312
102,1144,1,3,0.01200000000000001,138.52903747558594
70,511,3,2,0.0949716595008912,118.5927734375
4,866,2,1,0.088,126.92025756835938
57,1930,1,2,0.045081520930399854,126.3050308227539
85,348,3,1,0.088,113.74468994140625
16,1633,0,2,0.132,144.10589599609375
58,1095,0,3,0.039262452934683056,125.83617401123047
87,1599,3,3,0.01200000000000001,139.17190551757812
33,910,0,3,0.1,124.88729858398438
110,43,0,0,0.0199148255757981,115.72345733642578
62,191,0,2,0.132,129.4374237060547
107,1470,3,1,0.088,125.55044555664062
77,1420,2,1,0.088,119.05506896972656
16,337,3,3,0.1,131.59617614746094
33,474,1,3,0.1,121.36383056640625
24,1889,3,3,0.035003410715781016,125.06623840332031
112,1526,2,1,0.088,122.87189483642578
58,63,1,2,0.132,127.18091583251953
0,679,2,2,0.132,121.99736022949219
22,1857,0,3,0.01200000000000001,140.77255249023438
28,780,2,1,0.088,133.98544311523438
71,589,2,2,0.132,137.77935791015625
0,941,0,2,0.132,123.33490753173828
52,541,1,3,0.1,114.38414001464844
110,1753,0,2,0.132,116.4758071899414
110,641,3,0,0.154,114.7852783203125
24,1170,3,2,0.132,132.68695068359375
62,1166,0,2,0.132,127.26758575439453
52,1954,2,3,0.1,110.34359741210938
95,988,3,2,0.132,135.39410400390625
52,1162,1,2,0.132,118.1859130859375
36,1855,0,2,0.132,129.09707641601562
71,409,1,2,0.132,144.40811157226562
92,336,3,3,0.009046634559426753,128.5285186767578
82,71,0,1,0.088,133.4863739013672
24,1876,2,2,0.058648960227737135,129.0657958984375
14,1833,2,2,0.132,141.6969451904297
3,1406,2,3,0.01200000000000001,150.809814453125
52,1435,1,3,0.01200000000000001,123.98721313476562
23,34,3,2,0.132,108.23191833496094
85,2003,3,1,0.088,121.20520782470703
20,1082,0,1,0.03200806676436471,146.6829833984375
93,1552,1,2,0.132,116.08946990966797
66,278,1,2,0.132,133.26498413085938
24,887,0,2,0.132,125.67606353759766
20,445,3,3,0.07479018823164502,141.5078125
49,1463,3,1,0.088,118.07513427734375
52,1074,2,3,0.1,113.91722106933594
48,447,0,1,0.088,140.9131622314453
24,1014,1,1,0.088,123.14542388916016
52,1954,3,1,0.088,110.34359741210938
38,1214,3,3,0.012000000000005256,133.30722045898438
97,1662,0,2,0.132,135.3811492919922
32,889,0,1,0.088,129.6898651123047
58,1070,2,3,0.1,125.97569274902344
28,1048,3,2,0.132,128.924560546875
77,1743,1,2,0.132,117.96814727783203
56,854,2,1,0.088,124.0895004272461
92,42,1,3,0.01200000000000001,131.1463623046875
16,1012,1,2,0.132,146.7617645263672
59,919,1,1,0.00950687443430534,152.40866088867188
70,722,3,2,0.132,118.48468017578125
71,1207,0,2,0.132,143.63502502441406
18,1108,2,3,0.01200000000000001,129.92332458496094
25,580,1,3,0.1,142.3682403564453
61,1330,3,1,0.088,141.5262451171875
107,1645,3,2,0.06392863121040587,124.55036163330078
110,1926,3,2,0.132,116.31251525878906
33,519,1,2,0.132,129.72862243652344
24,475,0,3,0.1,124.61547088623047
0,1815,3,3,0.1,119.75321197509766
77,1693,3,1,0.088,118.93521881103516
4,1694,3,1,0.088,134.3686065673828
16,221,3,3,0.1,138.18772888183594
16,1982,2,2,0.132,147.0433807373047
4,1080,2,1,0.088,125.83866882324219
112,543,3,2,0.132,125.04439544677734
77,983,1,1,0.088,118.82787322998047
0,1862,2,2,0.132,124.38067626953125
95,123,2,3,0.01200000000000001,132.8091278076172
1,1942,1,3,0.1,123.48729705810547
12,1704,0,3,0.1,108.27947235107422
112,363,2,2,0.132,120.81670379638672
56,545,3,3,0.1,124.99694061279297
58,1754,0,3,0.04804637361718109,128.6319580078125
89,919,1,3,0.01200000000000001,147.05455017089844
24,272,1,3,0.01200000000000001,127.48859405517578
24,1154,3,3,0.012000000000005256,134.06068420410156
84,401,0,2,0.132,110.9894027709961
16,569,1,2,0.132,133.33192443847656
0,1504,3,2,0.132,122.84294891357422
52,92,2,1,0.088,114.4842758178711
42,1396,2,3,0.1,124.87837982177734
28,319,0,3,0.1,106.76277923583984
70,1397,1,1,0.088,119.8997573852539
20,254,0,3,0.1,140.82374572753906
82,571,3,1,0.04540453131919281,132.27288818359375
52,1240,0,1,0.088,124.59617614746094
93,1815,0,2,0.132,117.9394760131836
26,1305,2,3,0.01200000000000001,128.8404083251953
97,1691,3,1,0.088,133.75352478027344
34,1100,2,1,0.033378404436333775,126.4251937866211
31,1782,2,0,0.020534166515402408,120.04502868652344
52,574,1,2,0.132,125.93468475341797
92,368,0,3,0.01200000000000001,133.63473510742188
52,1099,0,1,0.088,125.83338165283203
48,292,3,3,0.01200000000000001,138.28550720214844
4,789,0,1,0.088,137.33551025390625
97,616,1,3,0.01200000000000001,134.181396484375
89,2013,3,2,0.132,149.66943359375
74,1617,0,1,0.088,146.28355407714844
24,1044,1,0,0.154,108.1099624633789
33,1361,2,2,0.132,129.86859130859375
49,439,1,1,0.0796899345130759,123.97711944580078
44,1889,1,3,0.05483257593719654,138.0310516357422
31,1782,0,3,0.039212461483552646,120.04502868652344
103,419,0,2,0.132,140.38217163085938
85,1567,0,1,0.088,114.00334930419922
52,1369,0,2,0.132,125.00878143310547
32,57,0,0,0.154,128.3669891357422
18,427,3,2,0.132,127.44562530517578
0,1895,1,3,0.01200000000000001,123.22514343261719
42,1621,3,2,0.009401117476323773,124.77506256103516
38,933,0,0,0.04177178093111941,124.18921661376953
87,1634,1,2,0.132,130.53347778320312
0,1284,0,3,0.1,118.5784912109375
19,245,0,1,0.07553826274508685,134.23924255371094
8,1235,0,3,0.1,128.80894470214844
66,638,1,1,0.088,134.35658264160156
52,666,1,2,0.132,125.88329315185547
87,1420,2,2,0.014112943430194647,132.5204315185547
52,1901,3,2,0.013783048827978484,112.04922485351562
92,1004,1,0,0.154,127.17374420166016
89,2009,2,2,0.132,146.02102661132812
3,525,3,2,0.07077991703785808,151.595458984375
16,1487,3,2,0.132,138.53506469726562
44,1157,0,0,0.154,137.33468627929688
110,1427,0,1,0.088,114.03286743164062
0,1084,2,0,0.12011059772062929,116.44277954101562
19,562,3,3,0.1,129.32229614257812
52,1561,0,3,0.1,116.0399169921875
32,249,0,1,0.088,124.26079559326172
70,659,2,1,0.012263718691719494,117.70347595214844
32,392,2,1,0.088,134.85279846191406
95,1682,1,3,0.01200000000000001,135.42185974121094
36,759,1,3,0.04054396007814598,128.41152954101562
87,1145,3,1,0.088,125.43084716796875
52,274,1,1,0.088,115.54942321777344
63,80,3,2,0.132,126.91487884521484
52,1905,1,2,0.132,125.9395751953125
52,1560,2,3,0.1,116.91202545166016
14,233,2,3,0.1,139.0535430908203
57,131,2,1,0.088,129.62576293945312
75,350,1,3,0.1,125.70026397705078
38,1917,1,2,0.132,130.6839141845703
92,1701,2,3,0.012000000000005256,134.7012176513672
58,1606,2,2,0.132,126.03926849365234
49,445,0,1,0.088,120.73532104492188
28,347,0,3,0.1,110.48572540283203
63,650,1,1,0.088,126.59700012207031
32,960,1,2,0.132,129.90234375
19,1119,3,2,0.07330396680351448,133.7892608642578
16,1106,2,1,0.088,136.03997802734375
82,1093,3,2,0.132,134.21722412109375
67,722,2,0,0.07286476079974374,122.40005493164062
93,661,1,0,0.154,112.53984832763672
48,1420,2,3,0.1,129.30145263671875
44,858,3,2,0.132,149.189453125
28,206,0,3,0.1,108.41876220703125
83,958,3,2,0.132,
62,1825,3,1,0.088,120.16182708740234
52,1349,1,2,0.132,120.17220306396484
22,724,3,3,0.012000000000005256,143.16934204101562
95,728,2,1,0.088,134.49842834472656
88,1119,3,3,0.01200000000000001,134.42770385742188
77,1759,2,1,0.088,118.9220199584961
113,1182,3,3,0.0629668322757636,125.72270202636719
24,1417,3,1,0.088,123.20803833007812
52,651,0,0,0.154,110.28583526611328
20,755,0,3,0.1,140.11990356445312
75,350,2,1,0.088,125.70026397705078
32,1530,2,3,0.1,131.4494171142578
32,524,2,2,0.132,130.3231964111328
28,1684,3,3,0.1,128.9779815673828
28,1295,0,2,0.132,143.57008361816406
32,1812,0,1,0.088,128.01446533203125
56,1344,2,2,0.132,125.71691131591797
3,1600,3,1,0.088,155.62001037597656
25,1853,0,3,0.01200000000000001,145.38912963867188
61,1723,2,1,0.0854367051076004,133.6435089111328
14,1567,3,0,0.06254911086711361,128.52069091796875
32,571,1,1,0.088,132.678955078125
59,1896,0,3,0.01200000000000001,156.6049041748047
59,557,3,2,0.132,144.07534790039062
18,972,3,1,0.08002357129201015,135.48638916015625
71,845,2,3,0.1,136.5570831298828
88,862,1,0,0.0907229975037391,127.34458923339844
22,1762,3,3,0.012000000000005256,143.79910278320312
30,1756,1,1,0.034447190045053144,114.3449935913086
52,637,0,2,0.132,121.20697021484375
51,456,2,3,0.07220118913319892,121.81966400146484
0,1876,3,3,0.07264664653681371,118.05304718017578
89,778,0,2,0.132,151.3206787109375
21,862,1,0,5.500455108951863e-05,127.78551483154297
52,971,3,2,0.132,123.66323852539062
69,1725,0,3,0.01200000000000001,142.64390563964844
52,927,0,1,0.088,123.58746337890625
25,1407,0,3,0.01200000000000001,143.69317626953125
43,505,2,1,0.088,121.37511444091797
52,1026,1,1,0.088,118.7978515625
11,1113,1,3,0.009954512949818084,135.55572509765625
18,1299,3,1,0.088,125.17724609375
53,836,3,2,0.10464851169152278,133.88380432128906
89,36,3,2,0.132,147.8580780029297
38,289,1,3,0.05238527059186146,124.53182220458984
77,1855,1,2,0.132,125.44369506835938
25,174,0,3,0.010568457035677145,144.17628479003906
16,428,3,2,0.132,149.44650268554688
57,860,2,3,0.0112794705979474,128.44082641601562
53,1313,0,3,0.1,125.87103271484375
24,1510,2,2,0.132,125.95013427734375
71,589,0,1,0.088,137.77935791015625
32,1901,3,1,0.088,127.85045623779297
107,771,1,1,0.088,124.8428726196289
46,1156,1,2,0.132,126.96083068847656
8,1979,1,3,0.01200000000000001,130.64840698242188
74,256,3,2,0.132,139.3878173828125
88,1940,1,1,0.088,137.09828186035156
31,1875,3,2,0.13096485068796426,125.63028717041016
24,829,0,2,0.12469571123084433,145.81158447265625
52,1766,2,2,0.132,111.18428039550781
16,267,3,3,0.01200000000000001,140.13809204101562
59,1452,2,3,0.1,145.51007080078125
74,1412,3,3,0.028373587288184954,135.564453125
52,207,1,3,0.012000000000005256,124.88583374023438
29,72,0,2,0.017825553521654436,124.69908905029297
102,1615,0,1,0.0035351697289606188,138.79168701171875
58,1070,0,2,0.132,125.97569274902344
44,1667,3,3,0.1,137.72528076171875
15,1370,0,3,0.1,133.263671875
52,1021,2,1,0.088,113.99590301513672
70,722,1,1,0.088,118.48468017578125
68,1184,2,3,0.1,132.22494506835938
36,1834,2,1,0.029897596354404532,129.45639038085938
83,169,3,3,0.00033927289848223463,120.76686096191406
87,522,3,3,0.01200000000000001,136.78665161132812
16,481,2,1,0.088,144.2367401123047
0,184,1,1,0.088,119.88111877441406
52,1954,1,0,0.154,110.34359741210938
95,738,2,2,0.132,134.23291015625
34,2006,2,3,0.09330707484056802,127.85880279541016
89,837,2,2,0.132,147.82432556152344
15,5,1,1,0.088,130.68153381347656
105,348,3,3,0.1,130.13131713867188
105,1395,2,1,0.088,141.3287353515625
115,1490,0,0,0.006080897785902428,123.96829986572266
112,543,1,1,0.088,125.04439544677734
97,1032,3,2,0.132,133.97203063964844
9,930,0,2,0.132,123.63986206054688
113,1951,3,2,0.132,125.44709777832031
46,994,1,0,0.12077657695047452,121.6707534790039
82,1921,2,1,0.088,132.80160522460938
93,1926,2,2,0.132,113.26107788085938
91,1919,1,1,0.088,126.22821807861328
52,936,3,2,0.132,114.86834716796875
95,1549,2,3,0.01200000000000001,134.6069793701172
23,47,3,1,0.088,102.72364807128906
18,1108,0,2,0.132,129.92332458496094
24,106,2,2,0.132,134.95428466796875
24,448,2,2,0.132,124.11146545410156
71,391,3,1,0.004060403801339263,135.4088134765625
83,580,1,2,0.010478557164121605,127.33953857421875
56,116,3,3,0.1,121.9650650024414
31,1748,1,1,0.088,124.78679656982422
38,1463,1,2,0.06311365139238279,123.50113677978516
88,437,2,2,0.132,134.7291717529297
16,312,3,2,0.132,138.6106719970703
24,1864,3,2,0.132,131.89720153808594
34,654,2,3,0.01200000000000001,132.59103393554688
92,1892,3,3,0.1,130.66262817382812
16,1031,3,3,0.1,133.281005859375
92,434,0,1,0.06435647147202697,137.32569885253906
83,1551,3,2,0.132,128.54823303222656
16,367,1,1,0.088,140.95721435546875
102,1279,3,2,0.132,141.78163146972656
24,1250,2,2,0.132,125.26699829101562
25,817,3,2,0.04118242205173406,143.44607543945312
15,1729,0,3,0.1,131.79469299316406
14,769,1,2,0.10017409123894683,141.1082763671875
32,822,3,2,0.132,125.60336303710938
82,10,3,2,0.132,135.93405151367188
97,801,2,3,0.1,132.0176544189453
38,277,0,1,0.0413176520887118,132.56512451171875
89,445,2,1,0.03407859868569496,141.5133819580078
62,2017,2,2,0.132,129.9738006591797
105,2012,3,1,0.088,147.9235382080078
48,292,1,2,0.132,138.28550720214844
58,810,0,1,0.088,126.07738494873047
89,172,0,3,0.01200000000000001,148.48468017578125
112,1211,0,3,0.1,117.7302017211914
102,128,0,2,0.132,144.98818969726562
89,1731,3,3,0.01200000000000001,148.8513641357422
91,243,0,1,0.088,135.31114196777344
39,1315,0,0,0.003726264779004035,122.150146484375
33,1361,0,1,0.088,129.86859130859375
42,1396,0,2,0.132,124.87837982177734
42,866,0,2,0.132,127.86517333984375
85,659,3,1,0.035629646571722656,115.39497375488281
69,281,3,2,0.132,144.65896606445312
77,1363,2,2,0.132,120.9373779296875
5,973,0,2,0.0033651819585778647,138.18096923828125
46,243,1,1,0.088,129.21240234375
92,1100,2,0,0.154,127.44430541992188
93,1159,1,1,0.088,115.12866973876953
36,430,1,0,0.06476056229885066,120.25457763671875
25,1239,3,2,0.132,142.0098419189453
24,139,1,3,0.154,103.18280792236328
3,260,3,1,0.088,144.91055297851562
28,315,2,0,0.03711571615421155,106.22738647460938
63,469,1,2,0.09775572641958774,129.8794403076172
24,1707,0,3,0.1,125.15516662597656
87,1759,2,2,0.132,132.3528594970703
68,973,3,1,0.088,135.23977661132812
92,1324,0,2,0.132,132.34060668945312
95,1635,0,3,0.01200000000000001,137.59506225585938
74,1429,2,1,0.088,135.6409149169922
69,611,3,2,0.04347201326788108,148.835205078125
92,1992,1,1,0.088,133.90635681152344
3,966,2,1,0.088,151.40087890625
39,165,3,0,0.01570632040819772,121.86800384521484
63,985,3,0,0.002610774288522244,124.26631927490234
70,659,0,0,0.154,117.70347595214844
33,492,2,2,0.132,128.03990173339844
28,315,0,3,0.1,106.22738647460938
82,748,1,1,0.088,136.9544677734375
30,652,3,2,0.014323638273517736,126.59564208984375
115,1852,3,1,0.088,126.32865142822266
37,96,0,3,0.14379354514046983,
16,1268,0,2,0.132,144.13331604003906
24,1189,0,1,0.088,134.48272705078125
61,1063,3,1,0.088,141.1981964111328
102,1467,0,3,0.07607160954047446,137.88986206054688
92,185,2,2,0.132,132.49490356445312
61,1408,3,1,0.007565775267600411,135.23831176757812
107,1433,1,1,0.088,129.2367401123047
53,359,3,3,0.154,
3,525,1,1,0.088,151.595458984375
16,1487,1,1,0.088,138.53506469726562
38,679,0,3,0.01200000000000001,129.56637573242188
31,1174,0,3,0.1,116.35623931884766
106,444,3,1,0.088,140.1685028076172
61,1336,3,2,0.132,139.28233337402344
19,994,3,0,0.14018995767579556,125.3751449584961
4,155,2,1,0.088,123.10820007324219
48,1759,2,3,0.003295016060049172,129.187744140625
52,648,2,1,0.088,120.65818786621094
102,453,1,2,0.132,
113,340,1,2,0.021098208346231412,124.7159194946289
115,1141,0,3,0.026566855488316665,128.27146911621094
61,1534,3,2,0.132,137.87881469726562
14,233,0,2,0.132,139.0535430908203
52,1176,3,2,0.132,112.55447387695312
59,1952,1,3,0.010031040242253375,150.32684326171875
92,611,0,1,0.03415301165860682,140.79153442382812
32,1572,1,3,0.05213851387519297,125.728271484375
58,1606,0,1,0.088,126.03926849365234
77,536,1,1,0.088,121.22920989990234
15,1412,3,3,0.07162641271181505,132.0360565185547
23,1843,1,3,0.1,110.45948028564453
93,374,2,2,0.132,120.01189422607422
89,1914,0,3,0.01200000000000001,148.59617614746094
16,284,0,2,0.132,140.48529052734375
52,746,0,2,0.132,117.75775909423828
61,1807,3,3,0.01200000000000001,142.94508361816406
14,83,3,1,0.088,138.9224853515625
31,1756,3,2,0.132,125.58521270751953
89,1189,3,1,0.0045666244432243375,146.95565795898438
89,1484,2,1,0.088,149.45065307617188
112,230,1,1,0.088,116.66272735595703
1,699,0,3,0.1,125.36372375488281
46,1645,1,0,0.05343812444620319,121.91461181640625
66,1134,1,2,0.132,130.98074340820312
32,1105,0,3,0.1,123.23688507080078
33,1781,1,1,0.06310858958629154,124.13660430908203
57,594,3,1,0.061049723434742104,132.1491241455078
51,165,0,1,0.088,119.36011505126953
62,1058,2,3,0.1,122.56578063964844
56,767,1,2,0.09332001301299048,120.9582290649414
97,1669,1,3,0.1,129.59967041015625
71,1237,0,3,0.01200000000000001,142.54266357421875
16,1857,3,2,0.132,144.66485595703125
46,917,3,2,0.132,131.14027404785156
23,581,2,1,0.088,109.01860809326172
48,976,2,2,0.03860737245338597,132.54937744140625
74,1909,3,1,0.088,137.8917694091797
30,351,0,1,0.013468767870244813,124.1833724975586
38,609,2,2,0.132,126.13394165039062
70,80,2,1,0.088,121.926025390625
10,670,3,3,0.07285840562579407,122.95155334472656
51,1627,1,3,0.1,121.17086029052734
66,469,0,3,0.1,128.07476806640625
71,1853,2,2,0.08171824767138941,144.66485595703125
32,486,0,3,0.1,130.81932067871094
83,136,2,1,0.088,127.1736831665039
36,1256,2,2,0.132,127.87078857421875
92,1744,1,2,0.132,128.87255859375
59,557,1,1,0.088,144.07534790039062
95,424,1,2,0.132,138.8199462890625
105,744,2,3,0.01200000000000001,143.1735382080078
71,845,0,2,0.132,136.5570831298828
3,1515,0,2,0.132,150.95675659179688
52,399,3,3,0.1,118.01366424560547
92,637,1,3,0.01200000000000001,131.02450561523438
0,293,2,2,0.132,123.59847259521484
97,832,3,2,0.12970065989403456,136.13668823242188
24,588,3,3,0.01200000000000001,128.02584838867188
16,1293,1,1,0.088,138.1072540283203
52,484,0,3,0.1,116.0594253540039
68,1204,2,3,0.1,136.03033447265625
52,681,1,1,0.088,117.31963348388672
1,1688,3,1,0.088,123.262451171875
16,1715,0,3,0.1,131.66139221191406
112,1414,3,2,0.132,124.9582748413086
74,256,1,1,0.088,139.3878173828125
94,734,3,2,0.023699476598809,130.95423889160156
82,741,3,1,0.088,134.1942596435547
42,1080,0,2,0.132,126.8885726928711
59,1740,3,0,0.0057906376976018525,141.69007873535156
33,993,3,2,0.132,126.28207397460938
28,816,1,3,0.01200000000000001,129.8976287841797
52,916,3,2,0.132,125.81197357177734
59,1452,0,2,0.132,145.51007080078125
59,1449,0,2,0.132,156.38046264648438
52,971,1,1,0.088,123.66323852539062
4,1573,1,1,0.088,122.0376205444336
84,992,2,2,0.132,111.88735961914062
49,1753,1,1,0.05067187469535683,116.86788940429688
57,1328,2,3,0.01200000000000001,133.41651916503906
24,1656,0,0,0.08630602881568135,101.31900024414062
97,1340,1,2,0.132,127.10184478759766
92,99,1,3,0.01200000000000001,129.5775909423828
70,779,3,2,0.132,120.42570495605469
16,1620,1,1,0.088,124.46698760986328
66,1375,3,2,0.132,131.9874725341797
91,1662,3,1,0.088,130.1173858642578
88,1645,0,0,0.03029003893601756,127.90763092041016
24,1510,0,1,0.088,125.95013427734375
71,1183,2,3,0.1,135.33660888671875
52,1766,0,1,0.088,111.18428039550781
23,1301,1,1,0.088,118.76207733154297
92,2006,2,2,0.132,128.3962860107422
92,1240,3,1,0.06910142668919628,129.37274169921875
52,1338,3,2,0.132,113.72921752929688
105,1313,3,0,0.015976229692386767,133.01795959472656
102,318,0,2,0.132,143.64947509765625
33,1567,1,3,0.1,115.87422943115234
74,380,2,1,0.088,136.81973266601562
95,1549,0,2,0.132,134.6069793701172
68,194,0,2,0.132,140.58995056152344
91,190,0,1,0.088,132.81614685058594
15,988,1,1,0.010028175910308551,137.69839477539062
114,185,0,3,0.1,136.13844299316406
46,1197,0,3,0.06168276347869067,130.36343383789062
102,372,0,1,0.088,141.55303955078125
52,482,1,3,0.1,114.0463638305664
15,600,1,3,0.1,133.11282348632812
95,273,3,1,0.088,130.6475372314453
71,1930,2,1,0.02456914657395623,133.72776794433594
71,1755,0,1,0.088,144.09130859375
83,1975,0,1,0.088,124.6607437133789
58,478,1,3,0.04224997314297052,126.62586975097656
105,304,1,2,0.132,146.7697296142578
52,800,3,2,0.132,115.9950942993164
15,819,2,2,0.132,130.83843994140625
48,1969,1,3,0.1,132.56336975097656
107,223,3,0,0.14357512663576563,123.76400756835938
16,1220,1,3,0.01200000000000001,140.44944763183594
4,166,3,2,0.132,120.56815338134766
32,835,2,2,0.132,145.14834594726562
24,106,0,1,0.088,134.95428466796875
62,1141,1,1,0.088,123.12361145019531
16,1180,1,1,0.088,144.27061462402344
28,1936,1,3,0.1,109.49082946777344
34,654,0,2,0.132,132.59103393554688
52,702,3,3,0.01200000000000001,119.75944519042969
92,1892,1,2,0.008406857923743849,130.66262817382812
102,1279,1,1,0.088,141.78163146972656
70,248,0,2,0.132,121.21420288085938
82,1972,0,1,0.088,132.08071899414062
71,356,1,2,0.11378361911627255,134.4486083984375
34,615,1,3,0.1,125.21662902832031
49,54,2,1,0.088,125.6742172241211
70,1899,3,2,0.132,121.26781463623047
59,1915,3,1,0.088,119.300048828125
82,10,1,1,0.088,135.93405151367188
61,1683,0,3,0.012000000000005256,145.40798950195312
52,1572,0,1,0.088,107.89373779296875
62,434,3,2,0.132,133.77670288085938
97,21,0,3,0.1,129.90463256835938
3,535,0,1,0.028713686105321726,160.21112060546875
38,395,3,2,0.132,134.2997283935547
115,1137,1,2,0.132,132.39999389648438
105,179,3,1,0.088,131.32786560058594
77,1363,0,1,0.088,120.9373779296875
17,1607,3,1,0.022637954887341327,132.5178680419922
24,1147,1,2,0.132,122.84561157226562
16,1851,0,3,0.1,138.11293029785156
105,1619,0,1,0.088,134.796142578125
15,1682,3,2,0.10377034976218169,137.72415161132812
25,1239,1,1,0.088,142.0098419189453
110,43,0,3,0.1,115.72345733642578
92,1985,2,2,0.132,128.9812774658203
102,772,1,3,0.01200000000000001,140.0235595703125
52,512,1,2,0.132,117.43138885498047
53,359,1,2,0.132,
88,562,2,3,0.02236504382318026,130.7597198486328
43,1540,2,1,0.088,121.15424346923828
54,1554,2,3,0.01200000000000001,142.08485412597656
51,401,2,0,0.002899030084630938,115.64785766601562
52,1937,3,0,0.0849756873274739,113.63845825195312
32,57,2,0,0.1508821056603924,128.3669891357422
62,896,1,0,0.154,118.58523559570312
32,1542,0,1,0.088,131.0465850830078
16,1972,3,1,0.088,131.34901428222656
93,289,3,1,0.011097237728633025,115.07907104492188
97,1277,0,1,0.088,134.04920959472656
99,616,0,3,0.01200000000000001,135.37937927246094
93,693,2,3,0.1,115.25421142578125
52,833,3,1,0.088,111.75553131103516
59,1933,2,2,0.132,114.03936004638672
33,492,0,1,0.088,128.03990173339844
8,756,0,1,0.088,132.58050537109375
24,47,0,0,0.154,106.25684356689453
52,1280,1,1,0.088,115.96705627441406
24,1566,1,2,0.132,125.20452880859375
94,610,0,2,0.132,131.24545288085938
107,1961,3,3,0.1,125.36363983154297
92,799,1,1,0.088,132.8783416748047
92,1659,1,3,0.01200000000000001,129.94183349609375
110,641,3,3,0.1,114.7852783203125
17,439,0,3,0.01200000000000001,132.58995056152344
34,503,2,1,0.088,134.35693359375
3,1283,3,2,0.132,151.802490234375
3,1550,0,2,0.132,151.16221618652344
110,466,1,3,0.04926061727087214,118.08856201171875
92,185,0,1,0.088,132.49490356445312
93,1552,3,2,0.132,116.08946990966797
77,704,2,3,0.1,115.55569458007812
11,1779,0,0,0.02841573226230988,134.13778686523438
32,724,2,1,0.08386342087611695,147.12518310546875
15,141,3,1,0.05623445722885223,132.33380126953125
93,374,0,1,0.088,120.01189422607422
52,1229,0,2,0.132,111.8994140625
112,224,3,2,0.132,122.56635284423828
102,866,3,3,0.050286211600895386,137.46920776367188
26,559,3,2,0.132,131.1924285888672
71,2001,0,1,0.088,137.4637451171875
14,1169,0,3,0.01200000000000001,137.57933044433594
113,1770,0,3,0.04677441212183561,126.32394409179688
11,1825,0,2,0.07547920006477626,135.27769470214844
95,1186,1,3,0.01200000000000001,132.47450256347656
51,1018,2,0,0.154,
62,630,0,3,0.1,119.26226806640625
62,1246,3,3,0.1,121.61526489257812
62,240,3,2,0.132,118.71685791015625
10,767,3,0,0.03775879889932453,120.51445770263672
92,1659,2,1,0.088,129.94183349609375
36,485,2,2,0.132,130.39788818359375
52,1728,2,2,0.132,115.09016418457031
52,1161,1,1,0.088,125.23563385009766
62,191,1,3,0.012000000000005256,129.4374237060547
110,1427,2,1,0.088,114.03286743164062
88,1197,0,1,0.029256282899162628,139.86961364746094
99,462,2,2,0.132,139.01760864257812
11,16,0,0,0.154,134.7198486328125
62,1490,3,0,0.154,118.7197265625
34,1495,0,2,0.132,135.0811004638672
43,659,1,1,0.017058534296376937,122.7167739868164
19,1057,3,2,0.027124034974122968,134.70057678222656
15,985,3,0,0.15138922571147775,127.58248901367188
34,833,0,0,0.154,123.13153839111328
74,1213,3,0,0.0745286140414419,132.210205078125
25,1042,1,1,0.088,144.3134307861328
75,18,2,0,0.04741282316559339,122.32215118408203
57,522,3,2,0.016542455763208452,134.8620147705078
74,1592,0,3,0.01200000000000001,139.51210021972656
62,1166,1,3,0.01200000000000001,127.26758575439453
57,1540,1,0,0.050406210380556565,123.23077392578125
32,820,1,2,0.132,147.88986206054688
88,1057,3,3,0.01200000000000001,135.211669921875
94,515,0,2,0.132,133.31832885742188
92,1624,2,3,0.1,129.1193389892578
23,625,3,1,0.088,129.48361206054688
24,1748,0,2,0.132,129.021484375
23,581,0,0,0.154,109.01860809326172
89,227,2,3,0.1,144.60948181152344
51,156,0,3,0.1,121.11630249023438
36,1643,2,2,0.132,128.31716918945312
102,1630,3,3,0.01200000000000001,139.0435791015625
52,1579,3,1,0.088,125.20802307128906
3,1311,3,2,0.132,156.0355987548828
63,997,2,3,0.1,126.32982635498047
92,284,2,3,0.01200000000000001,130.3267364501953
77,1743,2,3,0.1,117.96814727783203
24,1398,3,3,0.01200000000000001,127.61131286621094
95,847,0,1,0.088,138.66896057128906
77,734,2,2,0.132,125.66342163085938
38,1522,0,2,0.132,142.28970336914062
77,1257,0,2,0.132,119.83209991455078
63,341,2,2,0.132,128.81863403320312
24,588,1,2,0.132,128.02584838867188
48,1356,3,3,0.1,131.75442504882812
66,1696,1,1,0.088,133.54762268066406
66,1375,1,1,0.031407334249173,131.9874725341797
63,963,1,2,0.132,127.71814727783203
59,495,3,2,0.04885182012818179,149.02171325683594
59,1215,2,0,0.040075492917601874,139.73147583007812
105,511,1,1,0.088,131.4611358642578
94,704,0,3,0.1,121.43252563476562
93,1816,2,3,0.1,115.24203491210938
23,1044,3,1,0.030288481730314343,108.56903839111328
46,245,2,3,0.01200000000000001,127.2701187133789
24,1044,3,0,0.154,108.1099624633789
0,680,0,1,0.088,127.68682098388672
102,706,0,2,0.10774925406770908,145.36660766601562
107,1752,0,2,0.08453990942236267,132.05838012695312
61,178,3,2,0.132,142.87037658691406
52,2016,3,1,0.088,115.55853271484375
84,992,0,1,0.088,111.88735961914062
58,1282,2,3,0.010581746441489515,125.79914093017578
52,686,2,0,0.154,113.4040756225586
66,1399,3,3,0.01200000000000001,132.9351806640625
16,79,3,2,0.132,138.29283142089844
99,922,0,3,0.154,
66,638,3,1,0.088,134.35658264160156
42,772,3,1,0.03883112359485885,131.67237854003906
24,1044,1,3,0.1,108.1099624633789
71,1183,0,2,0.132,135.33660888671875
15,507,3,2,0.132,131.41943359375
48,1981,2,3,0.1,130.1066131591797
71,1113,2,3,0.018253964011755913,135.96240234375
33,519,2,3,0.012000000000005256,129.72862243652344
52,944,1,3,0.1,117.03491973876953
59,687,3,3,0.1,129.9551239013672
30,859,3,3,0.01200000000000001,117.45056915283203
97,1442,0,1,0.088,130.96649169921875
0,1700,2,3,0.012000000000005256,123.50120544433594
54,694,1,1,0.088,139.09214782714844
38,415,0,1,0.088,139.0328369140625
93,184,1,2,0.132,118.14990997314453
82,595,0,2,0.132,135.68536376953125
28,319,3,1,0.088,106.76277923583984
51,1899,2,1,0.088,120.21414947509766
71,1779,1,2,0.09208599873126666,134.48866271972656
95,1682,3,3,0.01200000000000001,135.42185974121094
52,868,0,1,0.088,115.0723876953125
52,1338,1,1,0.088,113.72921752929688
71,1117,1,0,0.154,133.00376892089844
0,560,3,1,0.088,120.1516342163086
44,1157,0,3,0.09281304535297755,137.33468627929688
92,368,3,1,0.088,133.63473510742188
71,238,1,1,0.088,136.8934326171875
32,266,0,2,0.132,147.897705078125
28,1426,1,3,0.01200000000000001,128.86752319335938
16,696,3,2,0.132,153.19749450683594
62,90,2,1,0.088,118.29218292236328
82,741,0,1,0.088,134.1942596435547
85,511,0,2,0.10949313838618008,116.2116470336914
0,1139,0,2,0.132,123.39098358154297
59,434,1,1,0.088,154.2296600341797
103,559,3,3,0.01200000000000001,142.81356811523438
46,1894,2,2,0.132,129.56178283691406
52,1240,1,2,0.132,124.59617614746094
89,1880,3,3,0.01200000000000001,149.5483856201172
67,1415,2,0,0.00743260166906623,102.67819213867188
40,762,0,2,0.020244301235446932,161.7726593017578
89,1443,3,1,0.088,149.4813690185547
15,819,0,1,0.088,130.83843994140625
61,1663,0,1,0.088,138.9631805419922
16,1494,2,2,0.132,138.017578125
62,888,1,1,0.088,119.53306579589844
92,839,3,2,0.132,128.94259643554688
69,1761,0,3,0.01200000000000001,145.6074676513672
32,835,0,1,0.088,145.14834594726562
82,1536,1,2,0.132,133.4152374267578
32,833,1,3,0.1,129.30421447753906
10,9,3,3,0.1,126.60453796386719
62,154,3,1,0.036927496568907814,123.12361145019531
66,1186,3,2,0.132,129.78236389160156
74,1079,1,2,0.132,143.3138885498047
63,182,0,3,0.1,127.56768798828125
24,1911,1,0,0.055864020252148594,105.58892822265625
0,1887,0,3,0.012000000000005034,128.200439453125
13,152,0,1,0.088,123.4758071899414
33,1567,0,0,0.14132166514664105,115.87422943115234
75,1184,2,2,0.132,125.80225372314453
24,1097,0,2,0.132,144.34193420410156
19,1653,3,2,0.132,131.9881591796875
62,1594,0,1,0.088,119.08078002929688
52,702,1,2,0.132,119.75944519042969
52,831,1,3,0.01200000000000001,119.42169952392578
109,1130,3,2,0.132,111.07571411132812
46,1049,0,3,0.026809851246318628,132.51116943359375
0,1088,0,3,0.01200000000000001,122.53172302246094
112,921,1,3,0.1,121.8759536743164
66,340,3,3,0.06360655404915261,127.21582794189453
52,651,0,3,0.1,110.28583526611328
36,1282,2,1,0.088,124.82917785644531
7,1562,3,2,0.132,134.93003845214844
89,50,0,2,0.132,149.9736785888672
4,68,2,1,0.088,118.3462905883789
89,88,3,1,0.088,144.98692321777344
42,1182,1,1,0.088,126.7245101928711
68,1863,0,2,0.132,142.23521423339844
74,311,3,1,0.088,145.46429443359375
46,135,1,3,0.01200000000000001,125.76868438720703
28,347,3,1,0.088,110.48572540283203
89,1546,1,1,0.088,142.28213500976562
21,1500,3,1,0.088,130.07064819335938
82,1715,0,2,0.132,131.2465362548828
28,871,2,3,0.154,105.81856536865234
93,1177,3,1,0.088,122.49671936035156
113,764,3,1,0.088,128.03704833984375
105,179,1,0,0.154,131.32786560058594
52,2032,3,2,0.132,117.62117767333984
59,386,0,2,0.132,155.692138671875
52,1465,2,1,0.088,110.89873504638672
52,1026,3,1,0.088,118.7978515625
25,1853,3,1,0.088,145.38912963867188
61,625,3,3,0.01200000000000001,140.25210571289062
32,674,1,1,0.088,128.83421325683594
15,1682,1,1,0.088,137.72415161132812
92,989,0,1,0.088,128.71408081054688
27,18,0,1,0.088,115.63247680664062
23,938,0,1,0.088,113.87184143066406
107,771,3,1,0.088,124.8428726196289
16,1151,2,3,0.01200000000000001,142.51524353027344
32,766,3,2,0.132,130.71188354492188
74,934,0,1,0.088,134.19151306152344
21,862,1,3,0.06723335590698382,127.78551483154297
59,755,1,3,0.1,145.277587890625
52,1027,0,1,0.088,116.20853424072266
19,189,1,3,0.01200000000000001,134.4525146484375
83,817,0,1,0.010914385342408156,128.6211700439453
82,1169,3,2,0.132,139.19876098632812
43,147,1,3,0.060909751492916164,123.61209106445312
0,495,3,2,0.012405236465572456,120.92486572265625
77,1095,3,1,0.04065676658111636,121.2557373046875
107,1961,1,2,0.132,125.36363983154297
82,1127,2,1,0.088,136.31854248046875
74,1943,0,2,0.132,139.63780212402344
1,1699,0,3,0.00434129694211749,127.01477813720703
85,348,2,1,0.088,113.74468994140625
0,971,2,3,0.1,117.81072235107422
52,1191,0,0,0.154,113.21483612060547
97,1967,3,1,0.088,129.8330535888672
52,1741,1,2,0.132,114.22257232666016
93,1582,3,3,0.012000000000005256,124.49070739746094
112,990,0,1,0.08533475442897387,126.75997161865234
0,1261,2,2,0.132,124.80725860595703
77,1420,1,1,0.088,119.05506896972656
24,454,0,2,0.132,101.93009185791016
95,1134,1,3,0.01200000000000001,133.59463500976562
44,1104,1,2,0.09778543722596555,149.82472229003906
43,505,3,2,0.132,121.37511444091797
0,679,1,2,0.132,121.99736022949219
43,704,1,2,0.132,125.88973236083984
32,571,2,2,0.132,132.678955078125
16,1697,0,1,0.088,140.31817626953125
59,739,3,1,0.088,145.81541442871094
52,1689,3,3,0.1,114.96037292480469
62,1246,1,2,0.132,121.61526489257812
28,780,1,1,0.088,133.98544311523438
89,313,2,3,0.1,149.27333068847656
110,641,2,0,0.03831294688881054,114.7852783203125
52,1728,0,1,0.088,115.09016418457031
15,1370,3,1,0.088,133.263671875
52,1954,1,3,0.1,110.34359741210938
89,639,3,2,0.132,152.26266479492188
31,1748,3,1,0.0482524557632629,124.78679656982422
4,1094,0,1,0.088,136.7510986328125
95,988,2,2,0.10756980968780794,135.39410400390625
62,202,1,3,0.1,120.06063079833984
93,1944,1,0,0.154,114.08553314208984
36,592,3,2,0.132,128.6049041748047
112,1526,1,1,0.088,122.87189483642578
112,93,0,3,0.1,121.39998626708984
25,1537,2,3,0.01200000000000001,142.23654174804688
95,1375,3,3,0.01200000000000001,134.5364990234375
24,1415,1,0,0.154,97.89253997802734
14,1833,1,2,0.132,141.6969451904297
24,81,1,2,0.132,131.71286010742188
24,1398,1,2,0.132,127.61131286621094
52,541,0,3,0.1,114.38414001464844
71,1237,2,3,0.01200000000000001,142.54266357421875
77,30,3,1,0.088,118.33349609375
93,1552,0,2,0.132,116.08946990966797
63,341,0,1,0.088,128.81863403320312
93,932,3,2,0.132,118.2464370727539
52,1671,3,1,0.088,127.53141784667969
66,278,0,2,0.132,133.26498413085938
51,997,2,2,0.006987035469146141,120.31407928466797
52,1074,1,3,0.1,113.91722106933594
31,499,0,3,0.1,122.70281219482422
24,1014,0,1,0.088,123.14542388916016
36,1643,0,1,0.088,128.31716918945312
58,1116,3,2,0.132,131.0633087158203
3,1230,1,1,0.088,152.07374572753906
58,1070,1,3,0.1,125.97569274902344
11,860,0,2,0.132,135.3519287109375
28,1048,2,2,0.132,128.924560546875
77,1743,0,2,0.132,117.96814727783203
16,79,1,1,0.088,138.29283142089844
56,854,1,1,0.088,124.0895004272461
52,710,3,1,0.088,116.77137756347656
92,42,0,3,0.1,131.1463623046875
74,1580,3,0,0.154,131.71449279785156
16,1012,0,2,0.132,146.7617645263672
59,919,0,1,0.088,152.40866088867188
70,1688,2,1,0.02010881313667931,117.73856353759766
82,392,3,1,0.088,134.10595703125
61,1330,2,1,0.088,141.5262451171875
110,1159,0,3,0.1,118.14562225341797
26,1371,1,2,0.12001698513566714,129.1265869140625
33,519,0,2,0.132,129.72862243652344
16,481,3,2,0.132,144.2367401123047
0,1815,2,3,0.061356423598700416,119.75321197509766
95,738,3,3,0.01200000000000001,134.23291015625
89,172,3,1,0.07931539789513167,148.48468017578125
92,1992,3,1,0.088,133.90635681152344
66,469,2,3,0.1,128.07476806640625
16,221,2,3,0.1,138.18772888183594
34,1100,0,3,0.1,126.4251937866211
12,1213,0,1,0.088,119.07230377197266
112,1211,3,1,0.088,117.7302017211914
61,178,1,1,0.088,142.87037658691406
22,1560,0,3,0.1,136.2048797607422
4,1080,1,1,0.088,125.83866882324219
107,994,0,1,0.020185220959328384,124.20215606689453
77,983,0,1,0.088,118.82787322998047
52,1675,0,1,0.088,109.58290100097656
91,2003,1,2,0.132,122.52047729492188
103,953,3,3,0.01200000000000001,144.8365478515625
53,920,3,1,0.088,135.38690185546875
107,1645,2,2,0.132,124.55036163330078
112,363,1,2,0.132,120.81670379638672
16,1409,3,1,0.088,139.1002655029297
74,117,1,2,0.132,142.64468383789062
59,488,3,2,0.132,141.45706176757812
88,437,3,3,0.01200000000000001,134.7291717529297
59,687,1,2,0.132,129.9551239013672
82,1676,3,2,0.132,134.11521911621094
89,919,0,3,0.01200000000000001,147.05455017089844
92,481,2,3,0.012000000000005256,134.7783203125
0,1504,2,2,0.132,122.84294891357422
52,92,1,1,0.088,114.4842758178711
23,86,3,1,0.088,109.1586685180664
70,1397,0,1,0.088,119.8997573852539
52,94,3,1,0.088,113.03173828125
7,1723,3,3,0.1,133.57383728027344
52,574,0,2,0.132,125.93468475341797
95,123,1,3,0.01200000000000001,132.8091278076172
93,636,2,2,0.132,117.3006362915039
46,1414,2,3,0.01200000000000001,125.1397476196289
46,669,2,2,0.132,130.17532348632812
59,0,2,1,0.088,149.0017547607422
97,1723,0,2,0.132,129.4945068359375
63,467,3,1,0.088,128.60682678222656
37,96,3,1,0.088,
10,9,1,2,0.132,126.60453796386719
103,559,1,2,0.08451324751312972,142.81356811523438
24,1044,0,0,0.154,108.1099624633789
44,1889,0,3,0.07683360258421895,138.0310516357422
22,1982,0,3,0.01200000000000001,142.8037567138672
88,45,3,2,0.132,139.74209594726562
70,1149,0,0,0.14360614624747525,117.41465759277344
16,177,0,1,0.088,153.56138610839844
66,638,0,1,0.088,134.35658264160156
52,271,2,2,0.132,117.34913635253906
110,1953,2,1,0.00360800719033208,118.5645523071289
24,1513,2,3,0.01200000000000001,127.50452423095703
99,862,2,1,0.088,125.85360717773438
89,2009,1,2,0.132,146.02102661132812
32,334,3,2,0.132,128.88758850097656
61,134,1,3,0.01200000000000001,137.667236328125
115,1223,2,2,0.132,126.63390350341797
89,495,2,1,0.088,143.6575927734375
70,997,0,3,0.056065695128881876,121.35444641113281
0,1421,3,2,0.132,120.96326446533203
77,1282,3,1,0.088,121.17851257324219
8,463,3,2,0.132,139.49061584472656
32,337,3,2,0.132,129.88119506835938
95,728,0,3,0.01200000000000001,134.49842834472656
19,462,3,3,0.01200000000000001,135.62139892578125
93,1316,2,2,0.132,116.23680877685547
70,659,1,1,0.009453217908398925,117.70347595214844
32,392,1,1,0.088,134.85279846191406
95,1682,0,3,0.01200000000000001,135.42185974121094
74,1252,2,2,0.132,131.67596435546875
87,1145,2,1,0.088,125.43084716796875
60,1058,0,2,0.002293466940194916,131.06814575195312
52,1560,1,3,0.1,116.91202545166016
92,1744,3,2,0.132,128.87255859375
57,131,1,1,0.088,129.62576293945312
97,1645,0,0,0.12370996106398244,128.14723205566406
75,350,0,3,0.1,125.70026397705078
38,1917,0,2,0.132,130.6839141845703
49,488,1,0,0.07891653639563467,117.05455017089844
85,1688,2,3,0.1,115.43688201904297
7,1562,1,1,0.026304975372399564,134.93003845214844
92,1701,1,3,0.01200000000000001,134.7012176513672
66,1820,0,2,0.132,144.58807373046875
0,1279,0,3,0.01200000000000001,122.82337188720703
0,416,0,1,0.088,122.853515625
4,68,0,0,0.154,118.3462905883789
4,2020,0,1,0.088,122.33370208740234
18,171,3,1,0.088,128.98101806640625
63,650,0,1,0.088,126.59700012207031
32,960,0,2,0.132,129.90234375
82,1333,3,3,0.1,134.64002990722656
105,908,3,1,0.088,144.9883575439453
82,1093,2,2,0.132,134.21722412109375
61,347,2,0,0.154,126.43035888671875
28,871,0,2,0.132,105.81856536865234
6,1875,2,1,0.004023266875418596,127.27973175048828
42,83,1,2,0.132,131.97927856445312
83,958,2,2,0.132,
97,1259,3,2,0.132,129.62991333007812
8,1618,3,2,0.08962392811999265,128.6868896484375
48,294,0,3,0.1,133.60263061523438
7,11,3,2,0.132,135.13722229003906
24,1656,2,0,0.007925240679603734,101.31900024414062
32,486,3,1,0.088,130.81932067871094
59,1740,3,3,0.1,141.69007873535156
32,1530,1,3,0.1,131.4494171142578
87,1599,0,2,0.132,139.17190551757812
52,1610,0,2,0.132,114.71519470214844
48,1568,0,1,0.088,131.47488403320312
32,524,1,2,0.132,130.3231964111328
28,1684,2,3,0.01200000000000001,128.9779815673828
38,609,3,3,0.1,126.13394165039062
77,1848,3,2,0.132,120.97967529296875
16,1485,3,2,0.08494252180218886,139.8401336669922
93,661,0,0,0.154,112.53984832763672
95,1646,2,3,0.01200000000000001,135.58953857421875
56,1344,1,2,0.132,125.71691131591797
62,1625,1,3,0.1,119.21498107910156
62,1825,2,1,0.088,120.16182708740234
24,1656,0,3,0.06539444804607197,101.31900024414062
94,1078,3,3,0.022940955479671093,125.74641418457031
36,1256,3,3,0.01200000000000001,127.87078857421875
24,1263,3,2,0.132,124.50358581542969
82,1269,1,2,0.132,134.21908569335938
52,1717,3,1,0.088,124.24391174316406
113,1182,2,3,0.028600084475763676,125.72270202636719
85,348,0,0,0.154,113.74468994140625
16,2019,0,2,0.132,156.2156982421875
52,383,3,3,0.01665351022479683,119.4293212890625
82,642,3,2,0.132,136.5513153076172
69,1460,1,3,0.01200000000000001,138.9309844970703
51,456,1,3,0.1,121.81966400146484
0,1876,2,3,0.1,118.05304718017578
58,58,1,2,0.132,128.08712768554688
36,592,1,1,0.088,128.6049041748047
20,951,0,2,0.132,145.0845184326172
43,505,1,1,0.088,121.37511444091797
93,1753,3,0,0.04517645957915378,113.9438705444336
18,1299,2,1,0.088,125.17724609375
105,304,3,2,0.132,146.7697296142578
52,1493,3,2,0.132,117.21272277832031
61,706,0,3,0.01200000000000001,143.02725219726562
49,1607,2,3,0.0698899515695337,123.89335632324219
16,1220,3,3,0.01200000000000001,140.44944763183594
69,1390,0,3,0.01200000000000001,140.39895629882812
66,1131,2,1,0.088,128.8333740234375
84,1567,0,3,0.02611755973964383,111.13727569580078
24,1510,1,2,0.132,125.95013427734375
107,771,0,1,0.088,124.8428726196289
8,1979,0,3,0.1,130.64840698242188
82,501,3,1,0.088,139.3131561279297
24,1720,1,3,0.1,121.43627166748047
48,259,0,3,0.01200000000000001,140.7625732421875
95,988,0,1,0.088,135.39410400390625
71,2001,2,1,0.088,137.4637451171875
21,862,0,0,0.04749602055108952,127.78551483154297
38,508,3,3,0.012000000000005256,134.1150360107422
24,585,0,1,0.088,142.5700225830078
46,1197,3,1,0.088,130.36343383789062
0,1579,0,3,0.1,120.5157470703125
107,223,3,3,0.1,123.76400756835938
62,1204,3,1,0.06218589805885816,124.80762481689453
92,4,0,1,0.088,128.8118133544922
24,1782,3,3,0.0396437560850684,122.35279083251953
59,1103,3,1,0.088,148.15960693359375
24,2009,3,2,0.024830557677407106,133.79129028320312
44,1667,2,3,0.1,137.72528076171875
52,1021,1,1,0.088,113.99590301513672
32,1901,2,1,0.088,127.85045623779297
70,722,0,1,0.088,118.48468017578125
67,1422,3,1,0.088,130.15176391601562
102,1236,0,1,0.088,143.99102783203125
89,31,3,2,0.132,151.2565460205078
52,1543,2,1,0.088,114.68257904052734
83,169,2,3,0.1,120.76686096191406
67,953,0,2,0.012915719265790215,138.48406982421875
92,1485,3,1,0.088,128.9812774658203
16,481,1,1,0.088,144.2367401123047
91,890,0,2,0.132,137.5145721435547
95,738,1,2,0.132,134.23291015625
46,190,3,3,0.01200000000000001,127.7659683227539
34,2006,1,3,0.013706189712348632,127.85880279541016
58,1046,3,2,0.132,126.0677719116211
3,500,2,3,0.1,145.1448974609375
25,1551,0,2,0.07232421274819378,143.59536743164062
105,1962,3,2,0.132,146.55372619628906
52,188,2,1,0.088,126.22765350341797
28,1048,0,1,0.088,128.924560546875
97,1032,2,2,0.132,133.97203063964844
3,328,0,3,0.01200000000000001,153.79708862304688
113,1951,2,2,0.132,125.44709777832031
32,1464,0,2,0.132,152.0000457763672
30,298,1,3,0.08376865954330706,115.61144256591797
52,936,2,2,0.132,114.86834716796875
89,1103,3,3,0.003729219457757088,143.0882568359375
11,1468,2,1,0.088,136.38858032226562
106,1062,3,3,0.0859831900733023,141.06048583984375
16,753,3,2,0.132,144.25210571289062
24,448,1,2,0.132,124.11146545410156
56,116,2,3,0.07008245702948351,121.9650650024414
59,488,1,1,0.088,141.45706176757812
16,312,2,2,0.132,138.6106719970703
24,1864,2,2,0.132,131.89720153808594
61,1160,3,1,0.044971187024983456,144.10780334472656
16,1031,2,3,0.1,133.281005859375
83,1551,2,2,0.132,128.54823303222656
70,248,1,3,0.00252601031974925,121.21420288085938
110,432,3,2,0.10522662907444713,118.38339233398438
97,21,3,1,0.088,129.90463256835938
24,1250,1,2,0.132,125.26699829101562
16,270,1,1,0.088,139.48440551757812
113,1656,3,2,0.132,101.03799438476562
105,1395,1,1,0.088,141.3287353515625
42,537,3,1,0.088,130.4552001953125
52,94,1,0,0.154,113.03173828125
14,769,0,2,0.132,141.1082763671875
69,1242,2,2,0.132,143.90509033203125
92,1758,3,2,0.132,138.0644073486328
24,1566,3,2,0.132,125.20452880859375
24,1297,0,1,0.088,131.25131225585938
68,973,1,3,0.1,135.23977661132812
31,490,1,3,0.01200000000000001,123.93736267089844
52,1937,3,3,0.1,113.63845825195312
32,57,2,3,0.1,128.3669891357422
62,896,1,3,0.1,118.58523559570312
6,2004,1,1,0.088,120.88168334960938
24,1154,0,2,0.132,134.06068420410156
89,1731,2,3,0.1,148.8513641357422
82,46,1,1,0.06492932516919625,132.77247619628906
77,1363,1,2,0.132,120.9373779296875
16,1026,3,3,0.1,138.2352752685547
0,1939,1,3,0.1,124.44583129882812
12,1580,0,1,0.026827662682993886,118.500732421875
92,1100,1,0,0.154,127.44430541992188
24,904,1,3,0.01200000000000001,128.63856506347656
93,636,0,1,0.088,117.3006362915039
32,822,2,2,0.132,125.60336303710938
44,1157,2,3,0.1,137.33468627929688
48,292,0,2,0.132,138.28550720214844
52,579,0,2,0.132,118.21285247802734
24,547,0,3,0.01200000000000001,134.69625854492188
89,2013,0,1,0.088,149.66943359375
110,43,3,1,0.088,115.72345733642578
17,439,3,1,0.088,132.58995056152344
68,973,2,1,0.088,135.23977661132812
74,1993,3,2,0.132,146.5625
0,1421,1,1,0.088,120.96326446533203
3,966,1,1,0.088,151.40087890625
51,1018,2,3,0.154,
1,985,2,1,0.088,124.55547332763672
92,1846,0,2,0.132,137.86404418945312
33,492,1,2,0.132,128.03990173339844
56,631,3,1,0.06732395095329755,123.60497283935547
115,1852,2,1,0.0029097998310922135,126.32865142822266
113,1770,3,1,0.088,126.32394409179688
0,941,3,3,0.01200000000000001,123.33490753173828
62,1490,3,3,0.1,118.7197265625
68,2017,0,3,0.01200000000000001,142.1496124267578
3,525,0,1,0.07655000825768282,151.595458984375
62,1594,2,1,0.088,119.08078002929688
24,1748,2,2,0.132,129.021484375
16,1487,0,1,0.088,138.53506469726562
87,1654,3,1,0.088,144.1930694580078
74,1429,1,1,0.088,135.6409149169922
89,990,3,3,0.01200000000000001,145.06959533691406
89,1189,1,3,0.01200000000000001,146.95565795898438
16,1701,1,2,0.132,144.1066131591797
74,1213,3,3,0.1,132.210205078125
63,662,1,1,0.088,127.27979278564453
106,444,2,1,0.036952763215016504,140.1685028076172
32,337,1,1,0.088,129.88119506835938
99,189,3,2,0.132,137.8892364501953
4,155,1,1,0.088,123.10820007324219
102,453,0,2,0.132,
61,1534,2,2,0.132,137.87881469726562
79,441,0,2,0.132,150.81576538085938
91,1422,2,1,0.088,125.73275756835938
8,1618,1,1,0.088,128.6868896484375
62,503,0,2,0.132,131.2190704345703
16,1633,2,1,0.088,144.10589599609375
52,1176,2,2,0.132,112.55447387695312
61,1408,2,1,0.088,135.23831176757812
8,720,0,3,0.01200000000000001,135.72727966308594
59,1952,0,3,0.1,150.32684326171875
62,929,1,2,0.132,118.82085418701172
63,1699,3,1,0.06285685664479856,126.42735290527344
74,1909,1,3,0.01200000000000001,137.8917694091797
63,963,3,2,0.132,127.71814727783203
33,1155,3,1,0.088,127.78056335449219
93,374,1,2,0.132,120.01189422607422
63,126,0,3,0.05067736673074674,128.8238067626953
92,1267,2,3,0.1,128.75852966308594
82,1093,0,1,0.088,134.21722412109375
54,1055,0,2,0.132,155.0149688720703
89,1189,2,1,0.088,146.95565795898438
16,914,0,3,0.1,138.77146911621094
69,737,2,1,0.0016250094850166485,141.67652893066406
51,156,3,1,0.088,121.11630249023438
4,1396,3,1,0.088,123.6348648071289
83,670,3,1,0.02341534439830731,121.12739562988281
97,1259,1,1,0.088,129.62991333007812
87,1932,3,1,0.07129835691942982,138.92385864257812
59,1215,2,3,0.1,139.73147583007812
24,493,2,3,0.1,125.33390045166016
43,1254,0,1,0.088,121.11101531982422
33,1781,0,1,0.088,124.13660430908203
23,1683,2,2,0.05053225025229091,138.07028198242188
27,18,2,1,0.0843908567047362,115.63247680664062
33,1059,2,1,0.088,127.3032455444336
62,1058,1,3,0.1,122.56578063964844
59,1740,1,2,0.132,141.69007873535156
68,1863,2,2,0.132,142.23521423339844
48,976,1,2,0.05723162386036895,132.54937744140625
77,432,0,1,0.03788117687886558,120.64698028564453
74,590,2,3,0.012000000000005256,141.74819946289062
70,80,1,1,0.088,121.926025390625
52,686,2,3,0.1,113.4040756225586
16,1711,2,3,0.1,138.2382049560547
68,525,3,1,0.06745928028117523,139.92832946777344
8,39,1,2,0.132,129.86111450195312
82,1411,0,3,0.1,134.3938446044922
52,741,0,2,0.045509290500410415,118.51795959472656
83,136,1,1,0.088,127.1736831665039
112,230,0,1,0.088,116.66272735595703
3,1380,2,1,0.088,150.60272216796875
87,1661,0,1,0.03608669520541219,137.1284942626953
61,1854,1,2,0.132,136.08560180664062
36,1256,1,2,0.132,127.87078857421875
68,1867,0,2,0.0876103073234979,162.6781463623047
59,557,0,1,0.088,144.07534790039062
95,424,0,2,0.132,138.8199462890625
23,1885,0,2,0.132,108.67815399169922
23,306,2,0,0.154,108.73906707763672
52,399,2,3,0.1,118.01366424560547
3,51,1,1,0.088,149.92904663085938
97,832,2,2,0.132,136.13668823242188
24,588,2,3,0.01200000000000001,128.02584838867188
42,1664,0,1,0.088,128.19168090820312
0,932,2,1,0.088,120.03890991210938
23,581,1,1,0.088,109.01860809326172
93,445,3,2,0.11827806869347557,116.80384826660156
0,1382,3,2,0.08218686147673948,119.41303253173828
33,1039,3,1,0.088,120.8282241821289
112,1414,2,2,0.132,124.9582748413086
74,256,0,1,0.088,139.3878173828125
24,887,2,1,0.088,125.67606353759766
82,741,2,1,0.088,134.1942596435547
66,217,1,2,0.132,134.20632934570312
93,730,1,0,0.013759676950273136,113.01606750488281
24,1586,0,3,0.012000000000005256,136.0094757080078
52,916,2,2,0.132,125.81197357177734
102,282,2,3,0.1,137.45289611816406
61,1562,2,2,0.028893102656301517,134.90249633789062
52,971,0,1,0.088,123.66323852539062
30,119,0,2,0.132,125.607421875
110,430,2,1,0.088,113.60810852050781
4,1573,0,1,0.088,122.0376205444336
99,1164,1,3,0.01200000000000001,136.6811065673828
84,992,1,2,0.132,111.88735961914062
42,1317,3,2,0.07671741073449334,133.47714233398438
49,1753,0,1,0.04491396841080211,116.86788940429688
97,1340,0,2,0.132,127.10184478759766
16,1293,0,1,0.088,138.1072540283203
59,254,2,1,0.088,146.13462829589844
4,789,3,2,0.132,137.33551025390625
89,757,0,1,0.062410185201330376,151.10458374023438
23,1911,3,1,0.088,103.0909423828125
31,1875,0,1,0.02615611782926891,125.63028717041016
10,901,1,3,0.03628082626452547,122.79722595214844
32,504,3,2,0.132,150.7215576171875
52,1243,2,2,0.132,114.40888977050781
34,1105,3,0,0.07747773793672993,117.4980697631836
69,763,3,3,0.012000000000005256,145.01319885253906
34,1004,3,2,0.132,125.96566009521484
92,1804,3,2,0.132,140.0782470703125
92,2006,1,2,0.132,128.3962860107422
52,894,3,3,0.1,119.27938079833984
24,1911,1,3,0.154,105.58892822265625
33,1287,1,3,0.012000000000005256,130.462158203125
24,1541,0,0,0.154,104.03678131103516
44,1667,0,2,0.132,137.72528076171875
33,1567,0,3,0.04803035406641684,115.87422943115234
29,1619,0,3,0.05159550288402112,120.2435531616211
93,1876,3,3,0.027353353463186292,116.03050994873047
13,223,0,1,0.088,124.33153533935547
103,1950,3,3,0.01200000000000001,142.43560791015625
54,1683,3,1,0.04263894093925494,149.62973022460938
49,445,3,2,0.013721931306524437,120.73532104492188
11,1806,3,3,0.1,140.4302978515625
52,482,0,3,0.1,114.0463638305664
112,223,2,1,0.03881701357661152,118.350830078125
82,330,3,1,0.088,134.62782287597656
46,135,3,3,0.01200000000000001,125.76868438720703
46,190,1,2,0.132,127.7659683227539
8,1785,3,2,0.132,143.83473205566406
3,500,0,2,0.132,145.1448974609375
105,304,0,2,0.132,146.7697296142578
52,800,2,2,0.132,115.9950942993164
97,1032,0,1,0.088,133.97203063964844
3,972,3,1,0.007976428707989841,157.04759216308594
66,80,2,3,0.1,125.27195739746094
4,166,2,2,0.132,120.56815338134766
107,1462,0,1,0.088,130.9713134765625
51,232,3,2,0.132,120.64192199707031
46,1146,3,2,0.132,131.56016540527344
74,380,1,1,0.088,136.81973266601562
97,1568,1,1,0.088,131.9300079345703
60,1970,3,2,0.04121122902019492,133.41653442382812
62,1141,0,1,0.05197378496890781,123.12361145019531
24,998,0,3,0.01200000000000001,128.33494567871094
58,1196,0,1,0.088,133.50393676757812
107,931,3,1,0.088,127.91968536376953
24,1864,0,1,0.088,131.89720153808594
105,179,1,3,0.1,131.32786560058594
105,198,3,1,0.014048279650869994,145.25503540039062
52,702,2,3,0.01200000000000001,119.75944519042969
92,1892,0,2,0.08402383830269,130.66262817382812
89,1731,0,2,0.132,148.8513641357422
102,1279,0,1,0.088,141.78163146972656
14,487,0,3,0.04900311598913537,137.53363037109375
48,610,2,3,0.0013598662567944897,135.87619018554688
93,53,3,2,0.132,117.27527618408203
11,1272,0,3,0.07234921738824412,135.8681640625
32,835,1,2,0.132,145.14834594726562
1,1942,2,3,0.1,123.48729705810547
59,1915,2,1,0.088,119.300048828125
32,22,2,1,0.088,129.44215393066406
33,78,1,2,0.132,127.87297821044922
66,2022,1,3,0.0685526287284429,126.51837158203125
82,10,0,1,0.088,135.93405151367188
109,1704,3,2,0.132,108.84254455566406
74,117,3,2,0.132,142.64468383789062
52,651,3,1,0.088,110.28583526611328
93,1525,1,3,0.1,115.00581359863281
52,1741,3,2,0.132,114.22257232666016
59,95,0,2,0.132,155.03369140625
3,1199,1,3,0.01200000000000001,149.8568115234375
110,661,1,3,0.1,115.03720092773438
8,290,3,3,0.1,126.33776092529297
16,211,3,2,0.132,149.5159454345703
93,1815,1,2,0.132,117.9394760131836
16,438,3,1,0.088,139.11532592773438
69,427,2,1,0.088,138.5226593017578
24,1147,0,2,0.132,122.84561157226562
52,1191,0,3,0.1,113.21483612060547
82,282,2,2,0.132,139.83892822265625
102,163,3,1,0.088,142.00946044921875
25,1239,0,1,0.088,142.0098419189453
3,260,0,0,0.154,144.91055297851562
16,1091,1,1,0.088,141.53334045410156
52,512,0,2,0.132,117.43138885498047
37,340,0,1,0.088,129.10951232910156
62,2031,1,2,0.132,119.36746978759766
102,1609,0,1,0.088,146.04917907714844
43,1540,1,1,0.088,121.15424346923828
52,1710,2,1,0.088,120.54310607910156
52,1937,2,0,0.006138884667473643,113.63845825195312
32,718,3,2,0.132,150.60809326171875
62,896,0,0,0.154,118.58523559570312
16,1972,2,1,0.088,131.34901428222656
89,1923,0,3,0.012000000000005256,154.0394287109375
93,289,2,1,0.088,115.07907104492188
69,611,0,1,0.053846988341393176,148.835205078125
105,705,0,1,0.088,140.12930297851562
57,16,2,2,0.132,127.61872863769531
52,927,3,2,0.132,123.58746337890625
71,678,1,2,0.132,139.04981994628906
70,699,1,3,0.09358946903412121,119.8263168334961
91,492,1,1,0.011343478077059793,129.30715942382812
77,1953,3,1,0.088,120.82235717773438
54,1096,1,2,0.132,140.50599670410156
107,1961,2,3,0.1,125.36363983154297
30,652,0,1,0.088,126.59564208984375
92,1659,0,3,0.1,129.94183349609375
110,641,2,3,0.1,114.7852783203125
24,454,3,0,0.154,101.93009185791016
34,503,1,1,0.088,134.35693359375
24,81,3,2,0.132,131.71286010742188
3,1283,2,2,0.132,151.802490234375
110,466,0,3,0.1,118.08856201171875
92,1463,3,0,0.04237747516972687,128.35452270507812
59,663,0,1,0.088,156.52516174316406
93,1944,1,3,0.1,114.08553314208984
97,1721,3,2,0.132,127.05683898925781
103,1310,3,3,0.012000000000005256,147.650146484375
44,786,1,1,0.088,138.05804443359375
28,1725,1,1,0.054786283434983346,135.03819274902344
32,57,1,0,0.154,128.3669891357422
48,366,3,2,0.132,134.43142700195312
82,486,0,0,0.154,130.70108032226562
37,662,2,1,0.043024707004597956,127.5316390991211
31,705,2,2,0.132,123.20901489257812
14,1630,0,1,0.088,137.5718994140625
24,1415,1,3,0.154,97.89253997802734
27,862,3,2,0.132,117.03849792480469
8,1235,1,3,0.1,128.80894470214844
51,1018,1,0,0.154,
95,467,2,3,0.1,129.6402587890625
28,206,3,0,0.154,108.41876220703125
62,1246,2,3,0.1,121.61526489257812
82,1127,3,2,0.132,136.31854248046875
44,1623,3,3,0.1,137.6455078125
68,1500,3,3,0.03272181859501591,131.91673278808594
52,1176,0,1,0.088,112.55447387695312
85,722,1,3,0.1,116.1856918334961
10,767,2,0,0.05314291026419396,120.51445770263672
62,19,3,1,0.088,127.2640380859375
52,1728,1,2,0.132,115.09016418457031
110,1427,1,1,0.088,114.03286743164062
99,462,1,2,0.132,139.01760864257812
93,781,3,1,0.088,115.86947631835938
70,417,0,1,0.088,120.03707885742188
32,1511,3,2,0.132,129.948974609375
43,423,3,2,0.132,120.51534271240234
70,1704,1,0,0.037224335327653596,114.57958984375
77,1078,0,2,0.02906249996870114,119.92849731445312
15,985,2,0,0.06520406976158136,127.58248901367188
16,1904,1,3,0.012000000000005256,144.78599548339844
74,1580,3,3,0.1,131.71449279785156
107,994,2,1,0.088,124.20215606689453
31,499,3,1,0.088,122.70281219482422
25,1042,0,1,0.088,144.3134307861328
52,1675,2,1,0.088,109.58290100097656
52,980,1,1,0.088,112.97105407714844
88,1414,3,3,0.043820188566371904,132.7938690185547
0,1862,3,2,0.132,124.38067626953125
24,493,0,2,0.132,125.33390045166016
52,1402,0,3,0.1,118.49024200439453
23,1683,0,1,0.015504594311059355,138.07028198242188
22,732,0,2,0.132,150.77285766601562
0,1717,0,3,0.1,118.86351776123047
38,277,3,2,0.132,132.56512451171875
97,832,0,1,0.088,136.13668823242188
0,730,2,0,0.154,115.17493438720703
112,363,3,2,0.132,120.81670379638672
23,625,2,1,0.088,129.48361206054688
16,666,2,3,0.012000000000005256,143.5006866455078
29,836,1,2,0.06252730504153481,124.64337158203125
102,1630,2,3,0.01200000000000001,139.0435791015625
52,1579,2,1,0.088,125.20802307128906
10,670,0,2,0.132,122.95155334472656
18,737,2,1,0.08637499051498335,130.35581970214844
87,1117,3,0,0.154,127.51499938964844
115,154,0,1,0.088,128.27146911621094
89,1381,0,1,0.088,154.47206115722656
54,131,2,3,0.1,137.56619262695312
88,1318,2,3,0.012000000000005256,137.11888122558594
36,1598,0,1,0.088,126.35950469970703
63,997,1,3,0.1,126.32982635498047
92,284,1,3,0.01200000000000001,130.3267364501953
68,1032,0,3,0.1,138.9541473388672
97,1104,2,2,0.04031395061403442,139.1619415283203
24,1398,2,3,0.01200000000000001,127.61131286621094
63,341,1,2,0.132,128.81863403320312
24,588,0,2,0.132,128.02584838867188
36,1070,3,1,0.010062037062970458,125.04009246826172
48,1356,2,3,0.03850098844487454,131.75442504882812
66,1696,0,1,0.088,133.54762268066406
63,963,0,2,0.132,127.71814727783203
59,495,2,2,0.132,149.02171325683594
51,529,1,2,0.132,120.22915649414062
59,1215,1,0,0.05721073607760191,139.73147583007812
0,1382,1,1,0.088,119.41303253173828
59,1410,0,3,0.03819495224224845,150.5833282470703
23,1044,2,1,0.023660144871059524,108.56903839111328
24,1044,2,0,0.154,108.1099624633789
94,976,3,1,0.08468171276562031,128.10240173339844
91,243,3,2,0.132,135.31114196777344
22,367,3,3,0.01200000000000001,137.85069274902344
52,2016,2,1,0.088,115.55853271484375
66,1399,2,3,0.01200000000000001,132.9351806640625
110,1816,0,2,0.132,118.36295318603516
107,1526,0,1,0.056802127353409795,128.36705017089844
42,1770,2,2,0.00956470369450213,127.31449127197266
105,161,3,2,0.132,147.65940856933594
66,638,2,1,0.088,134.35658264160156
70,779,0,1,0.088,120.42570495605469
10,1883,3,3,0.04822008604440847,127.12923431396484
24,1044,0,3,0.1,108.1099624633789
24,1170,2,1,0.088,132.68695068359375
48,1981,1,3,0.1,130.1066131591797
52,944,0,3,0.1,117.03491973876953
87,1148,0,1,0.088,145.10589599609375
52,1162,0,1,0.088,118.1859130859375
46,245,1,3,0.01200000000000001,127.2701187133789
92,1324,3,3,0.01200000000000001,132.34060668945312
92,1750,1,2,0.132,128.55224609375
0,1700,1,3,0.01200000000000001,123.50120544433594
92,336,2,2,0.132,128.5285186767578
0,1084,3,0,0.154,116.44277954101562
74,1808,3,1,0.088,144.19297790527344
16,125,3,1,0.088,143.86204528808594
54,594,1,1,0.0321616112250829,140.0352325439453
68,525,0,1,0.011449991742317173,139.92832946777344
52,586,1,3,0.1,115.30518341064453
52,686,1,0,0.154,113.4040756225586
87,1930,0,3,0.08871582994398458,128.5451202392578
3,1406,1,2,0.132,150.809814453125
75,1204,0,2,0.0718672357827064,130.02505493164062
95,1682,2,3,0.01200000000000001,135.42185974121094
52,1435,0,2,0.132,123.98721313476562
54,1775,3,1,0.088,150.43470764160156
0,900,3,3,0.01200000000000001,123.0335922241211
57,131,3,1,0.088,129.62576293945312
15,507,2,2,0.132,131.41943359375
20,688,3,2,0.132,151.7023162841797
22,374,0,3,0.01200000000000001,140.7098388671875
36,1834,3,1,0.088,129.45639038085938
51,1745,2,2,0.132,120.2622299194336
28,1426,0,3,0.1,128.86752319335938
62,90,1,1,0.088,118.29218292236328
11,1806,1,2,0.132,140.4302978515625
16,1841,0,2,0.132,141.8436279296875
51,413,1,2,0.132,125.22708892822266
42,722,2,0,0.06309714243438477,120.94834899902344
88,1450,3,2,0.06234907099261411,141.92491149902344
68,231,1,3,0.01200000000000001,139.82000732421875
46,890,3,2,0.132,130.72946166992188
42,1144,1,2,0.132,129.45460510253906
23,34,2,1,0.088,108.23191833496094
105,1152,3,1,0.088,132.8730010986328
92,839,2,2,0.132,128.94259643554688
4,68,0,3,0.1,118.3462905883789
18,1108,1,2,0.132,129.92332458496094
36,1078,3,3,0.07705904452032891,123.63127899169922
82,1536,0,2,0.132,133.4152374267578
32,833,0,3,0.1,129.30421447753906
10,9,2,3,0.1,126.60453796386719
109,1704,1,1,0.07670934432939752,108.84254455566406
24,1911,0,0,0.04681902087147334,105.58892822265625
75,1184,1,2,0.132,125.80225372314453
103,559,2,3,0.1,142.81356811523438
0,289,0,0,0.154,117.00543212890625
52,702,0,2,0.132,119.75944519042969
38,1546,3,1,0.00779610888749388,125.9140625
15,1729,1,3,0.1,131.79469299316406
38,395,0,1,0.088,134.2997283935547
44,792,3,1,0.088,137.5310821533203
31,660,0,2,0.132,145.96090698242188
66,340,2,3,0.1,127.21582794189453
1,1942,0,2,0.132,123.48729705810547
28,593,1,3,0.07438841533845791,128.86752319335938
82,1269,3,2,0.132,134.21908569335938
71,898,0,3,0.1,136.22947692871094
74,1079,0,2,0.132,143.3138885498047
32,1732,0,2,0.132,148.04331970214844
3,2009,1,3,0.0357379484165192,151.9952850341797
102,2020,3,0,0.06278403652207894,134.759521484375
24,272,0,2,0.132,127.48859405517578
69,1460,3,3,0.08887779506614288,138.9309844970703
61,1199,1,2,0.1063717652123296,137.73202514648438
67,933,3,2,0.132,130.91607666015625
95,1397,1,0,0.1410492340797438,126.43560791015625
32,1675,0,3,0.1,127.32746887207031
82,1630,2,2,0.132,141.8007354736328
33,1459,0,3,0.1,123.2021255493164
59,1449,3,3,0.012000000000005256,156.38046264648438
49,730,0,3,0.1,116.5448226928711
109,1130,2,2,0.132,111.07571411132812
52,2032,2,2,0.132,117.62117767333984
115,1938,3,1,0.088,131.960205078125
92,1521,3,1,0.088,138.62620544433594
61,625,2,3,0.01200000000000001,140.25210571289062
15,1682,0,1,0.07443537575948145,137.72415161132812
48,294,3,1,0.088,133.60263061523438
89,925,0,2,0.132,154.13101196289062
107,771,2,1,0.088,124.8428726196289
16,1151,1,3,0.01200000000000001,142.51524353027344
36,1001,0,3,0.1,126.90464782714844
89,88,2,1,0.088,144.98692321777344
25,409,2,3,0.07504138374240821,145.30503845214844
12,1130,0,3,0.1,110.87495422363281
87,1172,2,3,0.1,129.39439392089844
93,1525,0,0,0.06332414281978305,115.00581359863281
59,1452,3,3,0.1,145.51007080078125
28,871,1,3,0.154,105.81856536865234
0,1579,2,3,0.01200000000000001,120.5157470703125
31,1174,3,0,0.154,116.35623931884766
46,1644,2,1,0.06510006932628432,125.55789947509766
52,666,0,1,0.088,125.88329315185547
107,1961,0,2,0.132,125.36363983154297
110,641,0,2,0.132,114.7852783203125
15,1370,1,3,0.1,133.263671875
0,971,1,3,0.06233891019013865,117.81072235107422
97,1967,2,1,0.088,129.8330535888672
52,1741,0,2,0.132,114.22257232666016
97,534,1,3,0.1,129.44595336914062
21,862,0,3,0.08196912525657771,127.78551483154297
68,194,3,3,0.01200000000000001,140.58995056152344
15,1481,3,1,0.088,134.75033569335938
110,704,0,2,0.004559612594447149,113.29430389404297
38,1473,3,3,0.01200000000000001,127.89766693115234
19,562,2,2,0.132,129.32229614257812
0,1261,1,2,0.132,124.80725860595703
24,74,3,2,0.132,128.78443908691406
97,1408,3,2,0.10217894521445631,131.4175567626953
43,423,1,1,0.088,120.51534271240234
26,559,0,1,0.088,131.1924285888672
48,259,3,1,0.088,140.7625732421875
48,1759,3,3,0.057976590186442994,129.187744140625
71,1755,3,2,0.07423432770354021,144.09130859375
95,1134,0,3,0.01200000000000001,133.59463500976562
44,1104,0,2,0.132,149.82472229003906
89,560,3,3,0.1,144.40081787109375
52,1905,0,1,0.088,125.9395751953125
28,1390,3,1,0.088,132.60006713867188
82,1031,0,1,0.088,131.68930053710938
59,739,2,1,0.088,145.81541442871094
3,328,2,3,0.01200000000000001,153.79708862304688
52,1689,2,3,0.1,114.96037292480469
62,1246,0,2,0.132,121.61526489257812
82,1127,1,1,0.088,136.31854248046875
30,992,0,0,0.154,107.15977478027344
89,313,1,3,0.01200000000000001,149.27333068847656
32,1105,3,0,0.07652226206327006,123.23688507080078
70,1745,0,3,0.06263694973425837,121.31935119628906
24,448,3,2,0.05563105407033203,124.11146545410156
31,1748,2,1,0.088,124.78679656982422
62,202,0,3,0.1,120.06063079833984
58,58,2,3,0.030830245526440758,128.08712768554688
93,1944,0,0,0.154,114.08553314208984
52,1349,0,1,0.088,120.17220306396484
33,606,2,3,0.1,121.33790588378906
38,1753,2,1,0.051315312758785425,122.6750259399414
103,871,3,0,0.1524582848567357,122.09729766845703
25,1537,1,3,0.01200000000000001,142.23654174804688
88,1119,2,2,0.132,134.42770385742188
95,1696,2,3,0.012000000000005256,136.18577575683594
11,378,2,3,0.1,138.10166931152344
56,670,2,1,0.07634664174077611,123.61488342285156
71,1237,1,3,0.01200000000000001,142.54266357421875
77,30,2,1,0.088,118.33349609375
52,1543,3,2,0.132,114.68257904052734
77,801,0,1,0.088,122.3548812866211
3,535,3,2,0.08641182230721903,160.21112060546875
52,1074,0,3,0.1,113.91722106933594
14,537,3,3,0.01200000000000001,137.92333984375
16,1715,3,0,0.154,131.66139221191406
44,858,2,1,0.088,149.189453125
110,730,3,1,0.088,115.80975341796875
58,790,1,3,0.01200000000000001,127.84870910644531
19,223,1,0,0.05545995212423438,125.00798797607422
61,1553,3,0,0.009992090987381186,134.24073791503906
58,1116,2,2,0.132,131.0633087158203
3,1230,0,1,0.088,152.07374572753906
77,1363,3,2,0.132,120.9373779296875
0,53,1,3,0.01200000000000001,118.97344207763672
59,557,2,1,0.088,144.07534790039062
28,1048,1,2,0.132,128.924560546875
56,1416,1,3,0.08892572266704671,122.70723724365234
82,1839,3,2,0.132,138.54345703125
24,1398,0,2,0.132,127.61131286621094
52,1671,2,1,0.088,127.53141784667969
41,1543,0,3,0.00406426647483258,120.962646484375
3,85,2,1,0.088,152.93594360351562
87,1825,1,3,0.04236885329496873,130.60597229003906
20,445,1,3,0.08504476743164499,141.5078125
3,1828,3,1,0.088,154.28904724121094
8,169,3,0,0.12853479538946,125.08203125
99,1500,2,1,0.0025545821603806113,128.4144287109375
15,600,3,2,0.132,133.11282348632812
42,764,3,3,0.01200000000000001,129.01547241210938
67,1840,3,1,0.088,126.37908935546875
92,1992,2,1,0.088,133.90635681152344
97,1277,3,2,0.132,134.04920959472656
61,178,0,1,0.088,142.87037658691406
52,188,3,2,0.132,126.22765350341797
56,901,1,1,0.04089246718192144,123.44461059570312
66,1399,0,2,0.132,132.9351806640625
8,836,3,1,0.014890275457475344,129.1002655029297
11,1468,3,2,0.132,136.38858032226562
91,1462,1,2,0.08810502214899549,129.17820739746094
15,507,0,1,0.088,131.41943359375
53,920,2,1,0.088,135.38690185546875
15,650,2,1,0.004848931590468841,129.66458129882812
26,1371,0,2,0.006762363401915328,129.1265869140625
112,363,0,2,0.132,120.81670379638672
66,123,3,1,0.088,130.14048767089844
59,488,2,2,0.132,141.45706176757812
52,1766,1,1,0.088,111.18428039550781
59,687,0,2,0.132,129.9551239013672
16,267,2,2,0.132,140.13809204101562
66,1069,3,1,0.088,133.51194763183594
92,481,1,3,0.01200000000000001,134.7783203125
6,1580,3,2,0.132,121.7342529296875
22,285,0,2,0.132,149.83026123046875
23,86,2,1,0.088,109.1586685180664
3,1367,2,3,0.1,148.56736755371094
52,94,2,1,0.088,113.03173828125
4,155,3,1,0.088,123.10820007324219
88,14,0,3,0.01200000000000001,133.44287109375
7,1723,2,3,0.1,133.57383728027344
63,467,2,1,0.088,128.60682678222656
93,374,3,2,0.132,120.01189422607422
3,1253,1,3,0.01200000000000001,154.95314025878906
103,1175,3,2,0.132,147.96473693847656
8,1436,3,2,0.132,138.03077697753906
91,669,0,2,0.132,136.36849975585938
32,1509,1,2,0.132,148.8996124267578
57,1661,0,2,0.132,135.1951446533203
1,985,3,2,0.132,124.55547332763672
89,1880,0,2,0.132,149.5483856201172
34,703,0,2,0.132,137.265380859375
48,1969,2,3,0.01200000000000001,132.56336975097656
93,1926,1,1,0.088,113.26107788085938
59,0,1,1,0.088,149.0017547607422
58,43,3,0,0.01509137045019715,123.50727844238281
97,1553,2,3,0.00739741319126605,129.82797241210938
18,1084,3,1,0.088,123.05037689208984
52,1944,3,1,0.088,121.35118103027344
71,1378,0,3,0.01200000000000001,146.09010314941406
52,271,1,2,0.132,117.34913635253906
49,258,0,1,0.088,119.26899719238281
83,580,0,1,0.05313213841359185,127.33953857421875
10,9,0,2,0.132,126.60453796386719
22,220,0,1,0.088,146.40240478515625
8,720,3,1,0.088,135.72727966308594
57,1790,0,3,0.0936728406490159,126.96075439453125
54,1727,0,1,0.088,152.208251953125
115,1223,1,2,0.132,126.63390350341797
0,1421,2,2,0.132,120.96326446533203
69,1654,0,3,0.01200000000000001,146.17868041992188
109,1567,0,3,0.025852086193939333,111.4194107055664
105,1423,2,3,0.01200000000000001,141.85899353027344
19,462,2,3,0.012000000000005201,135.62139892578125
93,1316,1,2,0.132,116.23680877685547
92,1841,2,3,0.01200000000000001,131.88723754882812
113,1201,2,3,0.1,124.94883728027344
30,611,0,3,0.012000000000005256,124.78455352783203
49,488,0,0,0.154,117.05455017089844
85,1688,1,3,0.1,115.43688201904297
56,545,0,1,0.088,124.99694061279297
33,910,3,3,0.1,124.88729858398438
32,334,2,2,0.132,128.88758850097656
19,1526,0,3,0.013751893070572827,129.40786743164062
18,171,2,1,0.05464236813702664,128.98101806640625
44,871,3,0,0.0015417151432642884,126.40484619140625
82,1333,2,3,0.1,134.64002990722656
105,908,2,1,0.088,144.9883575439453
82,1093,1,2,0.132,134.21722412109375
32,337,2,2,0.132,129.88119506835938
61,347,1,0,0.154,126.43035888671875
14,772,0,1,0.088,138.68609619140625
33,299,2,3,0.1,124.50776672363281
14,1664,0,3,0.1,136.20751953125
16,914,3,1,0.088,138.77146911621094
97,1259,2,2,0.132,129.62991333007812
8,1618,2,2,0.132,128.6868896484375
74,1783,1,3,0.01200000000000001,141.24212646484375
0,495,0,1,0.0775461739029728,120.92486572265625
16,1633,3,2,0.132,144.10589599609375
24,1656,1,0,0.002074182039603717,101.31900024414062
63,469,0,1,0.012343672341307094,129.8794403076172
71,1183,3,3,0.1,135.33660888671875
11,929,3,0,0.154,134.25250244140625
23,1885,3,0,0.023838030518677222,108.67815399169922
9,994,0,1,0.024110187148688747,123.6054458618164
32,1530,0,3,0.1,131.4494171142578
0,680,3,2,0.132,127.68682098388672
82,71,3,1,0.088,133.4863739013672
62,1625,0,3,0.1,119.21498107910156
24,1263,2,2,0.132,124.50358581542969
92,1985,3,2,0.132,128.9812774658203
103,1371,0,3,0.07831825527039155,141.50657653808594
82,1269,0,2,0.132,134.21908569335938
63,699,0,0,0.1280503737062826,124.97227478027344
52,1689,0,2,0.132,114.96037292480469
62,2031,3,2,0.132,119.36746978759766
102,2020,0,0,0.154,134.759521484375
52,823,2,1,0.08236804619080323,115.40406799316406
49,289,0,2,0.132,118.84794616699219
46,502,0,3,0.1,131.33058166503906
25,1755,3,3,0.01200000000000001,145.55091857910156
95,1646,1,3,0.01200000000000001,135.58953857421875
24,74,1,1,0.088,128.78443908691406
97,1662,3,2,0.132,135.3811492919922
6,1688,3,3,0.0442942169310481,118.22944641113281
32,889,3,1,0.088,129.6898651123047
24,1541,0,3,0.1,104.03678131103516
43,505,0,1,0.088,121.37511444091797
52,1391,1,2,0.132,111.52420806884766
93,1506,2,3,0.1,115.3077621459961
61,1663,3,2,0.132,138.9631805419922
49,1607,1,3,0.01200000000000001,123.89335632324219
16,1220,2,3,0.01200000000000001,140.44944763183594
66,1131,1,1,0.088,128.8333740234375
71,1207,3,2,0.132,143.63502502441406
15,1412,2,2,0.132,132.0360565185547
23,1843,0,2,0.132,110.45948028564453
82,642,2,2,0.132,136.5513153076172
24,887,3,2,0.132,125.67606353759766
105,1459,2,2,0.052889610254493125,137.90550231933594
48,447,3,1,0.088,140.9131622314453
24,475,3,3,0.1,124.61547088623047
8,1975,1,3,0.1,127.71907043457031
71,2001,1,1,0.088,137.4637451171875
58,58,0,2,0.132,128.08712768554688
92,2018,2,3,0.01200000000000001,132.23635864257812
110,430,3,2,0.132,113.60810852050781
39,1900,3,2,0.132,135.61058044433594
59,1103,2,1,0.088,148.15960693359375
67,365,0,3,0.013089226925877578,123.66497802734375
74,598,1,2,0.132,144.3267364501953
29,1313,2,0,0.024151734748216094,116.83190155029297
44,1667,1,3,0.1,137.72528076171875
56,767,0,1,0.034577393695263775,120.9582290649414
3,500,3,0,0.154,145.1448974609375
57,1540,2,0,0.10048417190682482,123.23077392578125
77,30,0,0,0.154,118.33349609375
8,76,0,1,0.088,144.90286254882812
52,1543,1,1,0.088,114.68257904052734
83,169,1,3,0.049026026524549904,120.76686096191406
84,401,3,2,0.132,110.9894027709961
66,1549,3,1,0.07530626079948144,132.06277465820312
93,1162,3,3,0.1,116.06572723388672
16,1892,0,2,0.047976161697310005,141.1167449951172
20,254,3,3,0.1,140.82374572753906
95,738,0,2,0.132,134.23291015625
93,184,3,1,0.088,118.14990997314453
51,1627,0,2,0.132,121.17086029052734
8,390,3,3,0.1,127.74393463134766
63,997,3,3,0.1,126.32982635498047
66,1134,0,1,0.088,130.98074340820312
24,1147,2,2,0.132,122.84561157226562
97,1032,1,2,0.132,133.97203063964844
113,1951,1,2,0.132,125.44709777832031
105,744,1,2,0.132,143.1735382080078
12,1704,3,3,0.1,108.27947235107422
49,591,3,2,0.132,122.65939331054688
52,1099,3,1,0.088,125.83338165283203
0,293,1,1,0.088,123.59847259521484
97,1669,0,2,0.132,129.59967041015625
22,1762,0,1,0.021633155856230407,143.79910278320312
30,298,0,3,0.1,115.61144256591797
16,1857,2,1,0.088,144.66485595703125
99,922,3,0,0.154,
92,989,3,2,0.132,128.71408081054688
58,1754,3,3,0.01200000000000001,128.6319580078125
11,1468,1,1,0.088,136.38858032226562
106,1062,2,3,0.01200000000000001,141.06048583984375
46,1622,0,3,0.01200000000000001,131.6309814453125
80,854,0,2,0.049745064329667965,103.67593383789062
16,753,2,2,0.132,144.25210571289062
66,985,1,0,0.06762067039841863,122.71105194091797
59,488,0,1,0.088,141.45706176757812
92,1485,2,1,0.088,128.9812774658203
33,993,2,1,0.088,126.28207397460938
28,816,0,2,0.132,129.8976287841797
52,1240,3,1,0.018898573310803718,124.59617614746094
83,1551,1,2,0.132,128.54823303222656
68,1503,1,3,0.01200000000000001,142.24984741210938
52,1369,3,2,0.132,125.00878143310547
105,1539,0,2,0.132,160.7727508544922
8,349,0,2,0.132,139.82237243652344
16,270,0,1,0.088,139.48440551757812
3,1367,0,2,0.132,148.56736755371094
107,562,3,1,0.0822665532289738,128.44171142578125
58,1282,3,3,0.05044140351621762,125.79914093017578
19,1136,3,1,0.088,131.67410278320312
52,188,1,1,0.088,126.22765350341797
3,260,0,3,0.1,144.91055297851562
57,1328,1,2,0.132,133.41651916503906
69,1242,1,2,0.132,143.90509033203125
92,1758,2,2,0.003772357144614491,138.0644073486328
70,779,2,1,0.088,120.42570495605469
24,1566,2,2,0.132,125.20452880859375
48,440,0,3,0.01200000000000001,138.4678497314453
11,1272,3,1,0.06663469188421442,135.8681640625
68,973,0,3,0.1,135.23977661132812
93,1819,0,2,0.132,131.0235595703125
52,1937,2,3,0.1,113.63845825195312
62,896,0,3,0.1,118.58523559570312
92,1750,3,2,0.05254891232814707,128.55224609375
44,1157,3,0,0.154,137.33468627929688
13,629,0,1,0.088,122.93148803710938
31,1782,3,3,0.06035624391493161,120.04502868652344
82,46,0,1,0.050930676647003736,132.77247619628906
85,1567,3,1,0.088,114.00334930419922
112,629,2,1,0.088,116.9473648071289
61,1793,3,2,0.132,140.0447998046875
42,537,2,1,0.088,130.4552001953125
52,94,0,0,0.154,113.03173828125
99,1692,0,1,0.04621907329449895,136.67633056640625
24,454,3,3,0.154,101.93009185791016
16,1026,2,3,0.1,138.2352752685547
92,277,2,2,0.132,136.6290740966797
32,22,3,2,0.132,129.44215393066406
8,1235,3,3,0.1,128.80894470214844
66,722,2,0,0.01803809676587148,122.31620788574219
44,1157,1,3,0.1,137.33468627929688
83,836,0,2,0.10348220267847896,126.36161041259766
31,490,0,3,0.094977360436754,123.93736267089844
52,1373,0,2,0.132,125.73682403564453
32,57,1,3,0.1,128.3669891357422
110,1427,3,1,0.088,114.03286743164062
16,853,0,0,0.154,131.5590057373047
38,933,1,3,0.1,124.18921661376953
22,312,0,3,0.1,135.8302001953125
0,1421,0,1,0.088,120.96326446533203
52,1561,3,3,0.1,116.0399169921875
32,249,3,1,0.088,124.26079559326172
51,1018,1,3,0.154,
1,985,1,1,0.088,124.55547332763672
28,206,3,3,0.154,108.41876220703125
32,823,0,3,0.1,132.06939697265625
91,1422,0,3,0.1,125.73275756835938
15,819,1,1,0.088,130.83843994140625
48,1969,0,2,0.132,132.56336975097656
24,904,0,3,0.01200000000000001,128.63856506347656
11,159,1,3,0.01200000000000001,140.83978271484375
20,755,3,3,0.1,140.11990356445312
62,1490,2,3,0.1,118.7197265625
32,820,2,2,0.132,147.88986206054688
28,1936,0,2,0.132,109.49082946777344
38,426,3,2,0.131830993171011,132.5028533935547
28,1295,3,2,0.132,143.57008361816406
74,1429,0,1,0.088,135.6409149169922
32,1812,3,1,0.088,128.01446533203125
89,990,2,3,0.01200000000000001,145.06959533691406
89,1189,0,3,0.01200000000000001,146.95565795898438
102,622,1,2,0.132,146.0201416015625
71,356,0,1,0.088,134.4486083984375
63,662,0,1,0.088,127.27979278564453
95,1866,2,3,0.01200000000000001,132.84616088867188
34,615,0,2,0.132,125.21662902832031
32,337,0,1,0.088,129.88119506835938
22,979,0,2,0.132,147.4192657470703
19,994,1,0,0.03322342304952548,125.3751449584961
36,1598,2,1,0.088,126.35950469970703
61,1534,1,2,0.132,137.87881469726562
71,674,2,0,0.154,133.0519561767578
16,1633,1,1,0.088,144.10589599609375
42,1339,0,2,0.012305579129258115,132.12648010253906
63,1699,2,1,0.088,126.42735290527344
74,1909,0,3,0.1,137.8917694091797
63,963,2,2,0.132,127.71814727783203
33,1155,2,1,0.088,127.78056335449219
52,1402,3,1,0.088,118.49024200439453
89,778,3,2,0.132,151.3206787109375
92,1267,1,3,0.1,128.75852966308594
74,1966,0,2,0.132,149.75341796875
107,479,2,2,0.132,129.77291870117188
67,198,0,2,0.132,136.54891967773438
115,1137,0,1,0.088,132.39999389648438
77,1634,2,0,0.154,117.50836181640625
30,1130,0,0,0.006902214626625297,106.7188491821289
33,299,0,2,0.132,124.50776672363281
26,720,3,2,0.132,133.0412139892578
52,1675,3,2,0.132,109.58290100097656
97,1259,0,1,0.088,129.62991333007812
24,607,2,3,0.057670023279693367,122.91295623779297
8,1618,0,1,0.025048399726928988,128.6868896484375
59,1215,1,3,0.1,139.73147583007812
25,174,3,3,0.01200000000000001,144.17628479003906
62,929,0,2,0.132,118.82085418701172
27,18,1,1,0.088,115.63247680664062
53,1313,3,3,0.1,125.87103271484375
71,589,3,1,0.088,137.77935791015625
33,1059,1,1,0.088,127.3032455444336
107,1470,2,3,0.1,125.55044555664062
89,1332,3,1,0.088,148.42784118652344
74,590,1,3,0.01200000000000001,141.74819946289062
61,1807,1,3,0.012000000000005256,142.94508361816406
63,2022,1,2,0.132,128.19065856933594
39,1804,0,3,0.01200000000000001,133.60902404785156
59,1933,1,1,0.088,114.03936004638672
105,165,2,2,0.09419003748479982,133.09605407714844
107,994,3,2,0.0705498858930354,124.20215606689453
91,917,0,2,0.132,138.0647430419922
61,1854,0,2,0.132,136.08560180664062
16,1542,0,0,0.154,132.64990234375
36,1256,0,2,0.132,127.87078857421875
92,1985,1,1,0.088,128.9812774658203
39,652,0,3,0.01200000000000001,136.02430725097656
93,1552,2,1,0.088,116.08946990966797
3,51,0,1,0.088,149.92904663085938
53,359,0,1,0.088,
24,887,1,1,0.088,125.67606353759766
66,217,0,2,0.132,134.20632934570312
0,1139,1,2,0.132,123.39098358154297
59,1265,0,2,0.132,157.78675842285156
112,224,2,1,0.088,122.56635284423828
32,1031,2,2,0.132,131.99227905273438
92,1832,3,3,0.1,128.66969299316406
52,833,2,0,0.154,111.75553131103516
52,686,1,3,0.1,113.4040756225586
95,1134,2,3,0.01200000000000001,133.59463500976562
102,282,1,3,0.021507345293203445,137.45289611816406
23,134,2,1,0.088,126.48271179199219
110,430,1,1,0.088,113.60810852050781
19,1692,3,3,0.01200000000000001,133.19619750976562
11,860,2,1,0.004056478892666443,135.3519287109375
42,1317,2,2,0.132,133.47714233398438
9,930,3,2,0.12045756530997026,123.63986206054688
97,1104,3,3,0.012000000000005256,139.1619415283203
23,306,1,0,0.154,108.73906707763672
62,1722,0,2,0.132,136.0716552734375
0,932,1,1,0.088,120.03890991210938
59,254,1,1,0.088,146.13462829589844
71,1207,1,1,0.088,143.63502502441406
36,485,1,1,0.088,130.39788818359375
51,529,2,3,0.017931225658420313,120.22915649414062
15,1412,0,1,0.088,132.0360565185547
33,1039,2,1,0.088,120.8282241821289
10,901,0,3,0.1,122.79722595214844
52,1243,1,2,0.132,114.40888977050781
36,1977,3,3,0.1,125.32139587402344
44,1104,2,2,0.09168604938596558,149.82472229003906
62,1247,0,2,0.132,136.20602416992188
34,1004,2,2,0.132,125.96566009521484
15,1729,3,3,0.1,131.79469299316406
85,1052,0,1,0.088,115.4173812866211
24,1782,0,2,0.132,122.35279083251953
62,240,2,1,0.088,118.71685791015625
24,2009,0,1,0.016790111023197968,133.79129028320312
8,314,0,2,0.132,148.48538208007812
57,522,2,1,0.0304676196996706,134.8620147705078
82,57,2,0,0.003117894339607602,128.61880493164062
24,1911,0,3,0.03980335486853956,105.58892822265625
33,1287,0,3,0.01200000000000001,130.462158203125
88,930,2,0,0.007690114227210401,127.75398254394531
77,1693,2,3,0.1,118.93521881103516
23,1911,2,1,0.088,103.0909423828125
32,1732,2,2,0.132,148.04331970214844
92,1624,1,2,0.132,129.1193389892578
58,810,3,1,0.088,126.07738494873047
3,2009,3,3,0.05970816034789231,151.9952850341797
7,1408,1,2,0.00254220390369847,135.2822265625
89,31,0,1,0.088,151.2565460205078
4,2020,3,2,0.132,122.33370208740234
24,272,2,2,0.132,127.48859405517578
89,227,1,2,0.03666568163769279,144.60948181152344
102,128,3,2,0.132,144.98818969726562
112,223,1,1,0.044129599875564,118.350830078125
16,569,2,1,0.088,133.33192443847656
39,1315,3,0,0.019370504579004022,122.150146484375
61,11,3,3,0.1,135.0902099609375
62,367,0,2,0.132,126.21637725830078
42,1396,3,2,0.132,124.87837982177734
74,578,0,1,0.088,147.73146057128906
36,1643,1,1,0.088,128.31716918945312
28,1975,3,2,0.11273640255382911,127.50471496582031
46,135,2,3,0.1,125.76868438720703
54,594,2,2,0.132,140.0352325439453
8,390,1,2,0.132,127.74393463134766
49,730,2,3,0.1,116.5448226928711
40,239,0,3,0.012000000000005256,153.7590789794922
66,80,1,3,0.09528418716318915,125.27195739746094
4,166,1,2,0.132,120.56815338134766
77,1356,1,1,0.088,121.5615005493164
51,1745,3,3,0.02940869799161927,120.2622299194336
24,1707,3,3,0.1,125.15516662597656
93,1816,1,2,0.132,115.24203491210938
52,1610,3,3,0.1,114.71519470214844
107,931,2,1,0.088,127.91968536376953
82,330,2,1,0.088,134.62782287597656
97,1691,2,3,0.01200000000000001,133.75352478027344
17,1607,0,3,0.01200000000000001,132.5178680419922
42,866,3,2,0.132,127.86517333984375
16,1647,2,2,0.132,140.54019165039062
34,1100,1,3,0.1,126.4251937866211
93,346,0,3,0.1,114.6578369140625
19,189,2,3,0.01200000000000001,134.4525146484375
16,79,2,1,0.088,138.29283142089844
87,1634,2,1,0.05229088567305651,130.53347778320312
16,1268,3,2,0.132,144.13331604003906
24,1189,3,1,0.08343337555677566,134.48272705078125
18,147,1,3,0.03909024850708384,119.28112030029297
92,1758,0,1,0.088,138.0644073486328
33,78,0,2,0.132,127.87297821044922
66,2022,0,3,0.1,126.51837158203125
87,1420,3,1,0.088,132.5204315185547
109,1704,2,2,0.132,108.84254455566406
74,117,2,2,0.132,142.64468383789062
74,1799,0,1,0.088,145.28298950195312
93,1525,0,3,0.1,115.00581359863281
52,1741,2,2,0.132,114.22257232666016
38,679,3,3,0.01200000000000001,129.56637573242188
3,1199,0,3,0.1,149.8568115234375
31,1489,2,1,0.020371560470967637,129.515625
0,1261,3,2,0.132,124.80725860595703
36,1001,3,1,0.088,126.90464782714844
31,1174,3,3,0.1,116.35623931884766
110,661,0,3,0.1,115.03720092773438
8,290,2,3,0.1,126.33776092529297
93,184,0,1,0.088,118.14990997314453
28,319,2,0,0.154,106.76277923583984
52,1561,1,2,0.132,116.0399169921875
69,427,1,1,0.055312040198868456,138.5226593017578
70,659,3,0,0.05429523673554397,117.70347595214844
51,511,3,0,0.08427452619627673,117.60852813720703
28,315,3,3,0.154,106.22738647460938
71,1779,0,1,0.088,134.48866271972656
33,1459,3,1,0.0337690701492315,123.2021255493164
36,759,2,2,0.132,128.41152954101562
52,1338,0,0,0.12766616153418414,113.72921752929688
115,1141,3,3,0.1,128.27146911621094
52,1905,2,1,0.088,125.9395751953125
82,282,1,2,0.132,139.83892822265625
102,163,2,1,0.088,142.00946044921875
32,22,1,1,0.088,129.44215393066406
16,1697,1,1,0.088,140.31817626953125
14,233,3,2,0.132,139.0535430908203
89,518,2,1,0.088,145.2440948486328
74,865,2,3,0.01200000000000001,141.00088500976562
58,1606,3,1,0.088,126.03926849365234
16,1091,0,1,0.088,141.53334045410156
54,1930,0,0,0.022165698948661716,134.63890075683594
46,1894,1,1,0.088,129.56178283691406
16,284,3,2,0.132,140.48529052734375
43,1540,0,1,0.088,121.15424346923828
52,1710,1,1,0.088,120.54310607910156
52,1937,1,0,0.01742306918747366,113.63845825195312
16,438,2,1,0.088,139.11532592773438
52,274,0,3,0.1,115.54942321777344
62,1787,1,1,0.088,131.17129516601562
14,1968,0,0,0.09961591374919251,132.48391723632812
24,585,3,2,0.132,142.5700225830078
83,290,3,2,0.132,122.69511413574219
46,1414,3,3,0.0530561472344912,125.1397476196289
71,678,0,2,0.132,139.04981994628906
3,333,3,1,0.088,155.59324645996094
34,1110,3,1,0.088,127.6542739868164
16,1494,1,1,0.088,138.017578125
20,990,0,1,0.002665245571026126,145.32720947265625
77,1953,2,1,0.08439199280966792,120.82235717773438
24,1415,2,0,0.14656739833093377,97.89253997802734
32,1105,3,3,0.1,123.23688507080078
24,81,2,2,0.132,131.71286010742188
66,1186,2,1,0.088,129.78236389160156
92,1463,2,0,0.05273324917211478,128.35452270507812
16,1106,1,3,0.1,136.03997802734375
93,1944,0,3,0.1,114.08553314208984
52,877,2,1,0.088,110.40229034423828
97,1721,2,2,0.132,127.05683898925781
52,746,3,2,0.132,117.75775909423828
42,1615,3,2,0.0752373645962337,130.52052307128906
32,1812,1,0,0.154,128.01446533203125
44,786,0,1,0.088,138.05804443359375
19,1752,3,1,0.050104589602940175,132.84588623046875
52,831,0,2,0.132,119.42169952392578
89,1880,2,2,0.132,149.5483856201172
56,1344,3,1,0.088,125.71691131591797
57,16,1,2,0.12269545912685798,127.61872863769531
31,705,1,2,0.132,123.20901489257812
32,40,0,2,0.132,159.84280395507812
112,921,0,2,0.132,121.8759536743164
99,189,0,1,0.088,137.8892364501953
61,1723,3,0,0.154,133.6435089111328
77,1759,1,3,0.060221182602974266,118.9220199584961
1,699,3,3,0.1,125.36372375488281
8,370,0,3,0.012000000000005256,139.80104064941406
28,251,1,2,0.132,136.01771545410156
95,467,1,3,0.1,129.6402587890625
16,829,0,2,0.007304288769155676,156.593994140625
26,720,1,1,0.05240945152593751,133.0412139892578
24,1513,3,3,0.1,127.50452423095703
71,845,3,2,0.132,136.5570831298828
3,1515,3,2,0.132,150.95675659179688
77,82,0,3,0.01200000000000001,132.40875244140625
44,1623,2,3,0.1,137.6455078125
68,1500,2,3,0.1,131.91673278808594
85,722,0,3,0.09277867238776066,116.1856918334961
10,767,1,0,0.06150156546419398,120.51445770263672
62,19,2,1,0.088,127.2640380859375
61,134,2,3,0.01200000000000001,137.667236328125
16,1715,3,3,0.1,131.66139221191406
102,1236,3,2,0.132,143.99102783203125
68,1455,1,2,0.132,139.15538024902344
107,1470,0,2,0.009108666654371905,125.55044555664062
48,366,2,2,0.132,134.43142700195312
93,781,2,1,0.088,115.86947631835938
32,1511,2,2,0.132,129.948974609375
43,423,2,2,0.132,120.51534271240234
93,609,0,1,0.044569079259435096,116.8697509765625
24,1415,0,3,0.154,97.89253997802734
27,862,2,2,0.05062069733137564,117.03849792480469
52,207,2,2,0.132,124.88583374023438
66,469,3,3,0.1,128.07476806640625
71,1173,1,2,0.132,148.02630615234375
52,1465,1,0,0.154,110.89873504638672
16,1904,0,3,0.01200000000000001,144.78599548339844
24,1417,2,3,0.1,123.20803833007812
107,994,1,1,0.088,124.20215606689453
32,674,0,0,0.0206241921106122,128.83421325683594
28,206,2,0,0.154,108.41876220703125
52,1675,1,1,0.088,109.58290100097656
22,481,3,3,0.01200000000000001,140.291015625
52,980,0,1,0.088,112.97105407714844
52,484,3,3,0.1,116.0594253540039
54,1942,2,0,0.07601620810866169,132.94432067871094
91,2003,2,2,0.132,122.52047729492188
46,1156,2,1,0.088,126.96083068847656
32,766,2,1,0.088,130.71188354492188
0,730,1,0,0.14024032304972686,115.17493438720703
70,365,1,2,0.052628513679898486,120.0744400024414
52,1766,3,1,0.088,111.18428039550781
16,666,1,3,0.01200000000000001,143.5006866455078
52,2016,0,3,0.1,115.55853271484375
91,1155,0,3,0.01200000000000001,129.05206298828125
82,1169,2,1,0.088,139.19876098632812
54,131,1,3,0.1,137.56619262695312
88,1318,1,3,0.05871201465380205,137.11888122558594
103,384,0,2,0.08604916517891964,148.4199981689453
89,1082,2,1,0.088,146.34326171875
88,1645,3,0,0.13197759763601752,127.90763092041016
67,232,3,1,0.088,124.9438247680664
46,2005,0,3,0.1,132.1813201904297
93,636,3,2,0.132,117.3006362915039
24,1297,3,2,0.132,131.25131225585938
97,1723,1,2,0.132,129.4945068359375
52,579,3,3,0.1,118.21285247802734
3,85,3,2,0.132,152.93594360351562
102,372,3,1,0.088,141.55303955078125
46,1529,0,2,0.132,133.77536010742188
92,1832,1,2,0.132,128.66969299316406
18,737,1,1,0.088,130.35581970214844
36,1977,1,2,0.132,125.32139587402344
0,679,0,1,0.088,121.99736022949219
16,1753,2,2,0.132,137.56866455078125
42,1317,0,1,0.088,133.47714233398438
92,1804,0,1,0.088,140.0782470703125
102,318,3,2,0.132,143.64947509765625
97,1104,1,2,0.03421456277403445,139.1619415283203
36,1834,1,3,0.01200000000000001,129.45639038085938
68,1430,3,2,0.11637957949828343,149.11256408691406
10,1883,2,3,0.0295728863593384,127.12923431396484
24,106,3,1,0.088,134.95428466796875
52,1954,0,2,0.132,110.34359741210938
95,988,1,1,0.07797182408969144,135.39410400390625
34,654,3,2,0.132,132.59103393554688
36,592,2,1,0.088,128.6049041748047
32,504,0,1,0.088,150.7215576171875
92,336,1,2,0.132,128.5285186767578
16,125,2,1,0.088,143.86204528808594
34,1004,0,1,0.088,125.96566009521484
82,1921,1,3,0.1,132.80160522460938
100,535,0,2,0.06490061001232961,155.7674560546875
52,586,0,3,0.1,115.30518341064453
14,1833,0,1,0.088,141.6969451904297
66,1399,1,3,0.01200000000000001,132.9351806640625
3,1406,0,2,0.132,150.809814453125
23,47,2,3,0.154,102.72364807128906
71,391,2,3,0.1,135.4088134765625
0,900,2,3,0.01200000000000001,123.0335922241211
24,1170,1,1,0.088,132.68695068359375
51,232,0,1,0.088,120.64192199707031
24,1720,2,3,0.1,121.43627166748047
93,1876,0,2,0.132,116.03050994873047
51,997,1,1,0.0041587022484518565,120.31407928466797
113,600,2,1,0.08334983263462278,125.9200668334961
17,132,3,3,0.01200000000000001,132.67324829101562
89,254,2,3,0.000321262126106725,140.8763427734375
38,1214,1,2,0.132,133.30722045898438
51,413,0,2,0.132,125.22708892822266
54,522,2,3,0.01200000000000001,142.7606964111328
61,347,3,0,0.154,126.43035888671875
42,722,1,0,0.06853026831438477,120.94834899902344
68,231,0,3,0.01200000000000001,139.82000732421875
42,1144,0,2,0.08239155758360661,129.45460510253906
8,1785,0,1,0.088,143.83473205566406
23,34,1,1,0.088,108.23191833496094
105,1149,2,1,0.088,130.47317504882812
105,1619,3,1,0.088,134.796142578125
93,1382,3,2,0.049813138523260525,117.79256439208984
92,839,1,2,0.132,128.94259643554688
23,1842,1,2,0.132,134.1986083984375
52,1572,3,1,0.088,107.89373779296875
43,1254,3,2,0.132,121.11101531982422
46,1146,0,1,0.088,131.56016540527344
36,1078,2,3,0.1,123.63127899169922
51,1745,1,2,0.132,120.2622299194336
24,1707,1,2,0.132,125.15516662597656
59,1892,2,3,0.01200000000000001,149.81495666503906
60,1970,0,1,0.06858564434325211,133.41653442382812
46,1462,2,1,0.088,125.52714538574219
18,1759,1,3,0.03977881739702574,123.26264190673828
46,243,0,3,0.01200000000000001,129.21240234375
16,221,1,2,0.132,138.18772888183594
99,616,3,3,0.011733956430916792,135.37937927246094
112,1211,2,0,0.154,117.7302017211914
34,1750,0,1,0.088,128.08155822753906
62,1625,2,3,0.1,119.21498107910156
74,945,0,1,0.088,145.35337829589844
16,1851,3,3,0.1,138.11293029785156
33,492,3,1,0.088,128.03990173339844
105,1152,2,1,0.088,132.8730010986328
8,756,3,1,0.088,132.58050537109375
28,315,1,2,0.132,106.22738647460938
24,47,3,0,0.154,106.25684356689453
44,792,2,1,0.088,137.5310821533203
94,610,3,2,0.132,131.24545288085938
28,593,0,3,0.018761055338457983,128.86752319335938
23,1885,3,3,0.1,108.67815399169922
3,1550,3,2,0.132,151.16221618652344
52,693,2,2,0.132,122.83924102783203
82,1269,2,2,0.132,134.21908569335938
107,1645,1,1,0.088,124.55036163330078
92,185,3,1,0.088,132.49490356445312
109,1704,0,1,0.088,108.84254455566406
42,1664,3,2,0.132,128.19168090820312
74,117,0,1,0.088,142.64468383789062
0,1504,1,1,0.088,122.84294891357422
8,631,0,0,0.154,125.21142578125
69,1460,2,3,0.1,138.9309844970703
61,1199,0,2,0.132,137.73202514648438
18,427,0,3,0.0010790842651779153,127.44562530517578
95,1397,0,0,0.14869331170794872,126.43560791015625
32,1542,3,1,0.088,131.0465850830078
42,1052,1,0,0.154,120.08419036865234
82,1630,1,2,0.132,141.8007354736328
16,1982,0,1,0.088,147.0433807373047
93,1177,1,1,0.088,122.49671936035156
109,1130,1,2,0.132,111.07571411132812
115,1938,2,1,0.088,131.960205078125
28,545,1,1,0.088,125.68897247314453
61,1063,2,3,0.01200000000000001,141.1981964111328
62,630,3,3,0.1,119.26226806640625
61,706,1,3,0.012000000000005256,143.02725219726562
37,96,2,0,0.09439484486748703,
82,1676,2,1,0.088,134.11521911621094
23,1843,2,2,0.132,110.45948028564453
66,1182,1,3,0.04889175282741756,128.2998504638672
52,1229,3,2,0.132,111.8994140625
10,631,0,1,0.04197871026198696,122.96407318115234
8,763,0,1,0.088,137.986572265625
34,1495,3,2,0.132,135.0811004638672
103,1310,0,2,0.132,147.650146484375
32,718,0,1,0.027870599565580217,150.60809326171875
88,1462,1,1,0.088,132.93008422851562
0,1579,1,3,0.01200000000000001,120.5157470703125
3,946,3,3,0.1,149.28436279296875
69,251,2,2,0.024718823920938715,143.07058715820312
31,1174,2,0,0.154,116.35623931884766
77,536,0,3,0.1,121.22920989990234
112,230,2,0,0.154,116.66272735595703
36,704,3,0,0.053346313356743585,119.91889953613281
24,1513,1,2,0.132,127.50452423095703
74,1592,3,3,0.01200000000000001,139.51210021972656
24,1541,3,1,0.088,104.03678131103516
18,147,0,0,0.154,119.28112030029297
97,1967,1,1,0.088,129.8330535888672
52,823,3,2,0.132,115.40406799316406
13,223,3,2,0.132,124.33153533935547
94,515,3,2,0.132,133.31832885742188
97,534,0,3,0.1,129.44595336914062
25,409,1,3,0.1,145.30503845214844
97,1721,0,1,0.088,127.05683898925781
38,1473,2,3,0.023699133933110822,127.89766693115234
92,1679,3,2,0.132,140.5133514404297
19,562,1,2,0.12440563906465499,129.32229614257812
0,1261,0,2,0.132,124.80725860595703
89,1911,2,0,0.12553110807878512,124.68939971923828
99,1126,0,3,0.01200000000000001,141.87603759765625
29,1313,2,3,0.021252527218104167,116.83190155029297
46,1450,0,3,0.01200000000000001,132.2222137451172
74,1252,1,1,0.05212522658286525,131.67596435546875
87,1145,1,0,0.05273662687273231,125.43084716796875
24,1417,0,2,0.132,123.20803833007812
92,1744,2,1,0.088,128.87255859375
3,328,1,3,0.1,153.79708862304688
95,847,3,1,0.088,138.66896057128906
30,865,3,3,0.01200000000000001,119.48737335205078
37,182,0,2,0.0016231450505889145,127.81034088134766
74,1909,2,3,0.01200000000000001,137.8917694091797
30,298,2,3,0.1,115.61144256591797
24,1748,3,2,0.132,129.021484375
32,1105,2,0,0.154,123.23688507080078
94,704,3,3,0.1,121.43252563476562
29,253,1,3,0.1,124.59071350097656
71,1557,3,3,0.012000000000005256,146.90306091308594
43,423,0,1,0.088,120.51534271240234
3,617,3,2,0.132,148.67442321777344
97,629,1,0,0.06356952661207023,126.4849853515625
33,606,1,3,0.1,121.33790588378906
83,290,0,2,0.132,122.69511413574219
54,1932,3,1,0.016701643080570178,144.8857421875
84,992,3,1,0.088,111.88735961914062
34,1110,0,1,0.088,127.6542739868164
88,1119,1,2,0.132,134.42770385742188
95,1696,1,3,0.01200000000000001,136.18577575683594
99,922,3,3,0.154,
52,681,0,3,0.1,117.31963348388672
57,1328,3,2,0.132,133.41651916503906
11,378,1,3,0.1,138.10166931152344
89,755,0,0,0.154,140.21807861328125
107,1462,3,2,0.132,130.9713134765625
59,1740,2,2,0.132,141.69007873535156
54,823,3,3,0.02123920680960273,136.1747283935547
89,313,0,3,0.01200000000000001,149.27333068847656
25,116,2,0,0.14439092504722592,136.343017578125
97,1442,3,1,0.088,130.96649169921875
32,524,0,1,0.088,130.3231964111328
28,1684,1,2,0.132,128.9779815673828
58,1196,3,2,0.132,133.50393676757812
77,1848,2,1,0.088,120.97967529296875
56,1344,0,1,0.088,125.71691131591797
44,858,1,1,0.088,149.189453125
58,790,0,3,0.1,127.84870910644531
92,1110,2,1,0.088,128.255615234375
16,1711,3,3,0.1,138.2382049560547
83,958,1,1,0.088,
85,1266,1,3,0.1,116.88200378417969
22,1373,0,3,0.01200000000000001,142.89852905273438
92,1762,1,2,0.132,138.27569580078125
39,570,3,2,0.132,134.47657775878906
82,595,3,2,0.132,135.68536376953125
0,53,0,3,0.1,118.97344207763672
61,1723,0,0,0.154,133.6435089111328
97,1470,0,2,0.1228913333456281,129.20159912109375
25,1537,0,3,0.1,142.23654174804688
52,868,3,1,0.088,115.0723876953125
56,1416,0,3,0.1,122.70723724365234
82,1839,2,2,0.132,138.54345703125
113,1182,1,2,0.132,125.72270202636719
105,161,0,1,0.088,147.65940856933594
52,383,2,2,0.132,119.4293212890625
3,85,1,1,0.088,152.93594360351562
48,440,3,1,0.088,138.4678497314453
8,169,2,0,0.154,125.08203125
16,1715,2,0,0.154,131.66139221191406
92,1240,2,3,0.1,129.37274169921875
67,1315,3,2,0.004148325715200185,123.85943603515625
52,94,0,3,0.1,113.03173828125
46,1622,3,1,0.088,131.6309814453125
15,600,2,2,0.132,133.11282348632812
48,1590,3,2,0.032452734931349814,142.637939453125
52,1493,2,1,0.088,117.21272277832031
23,1301,0,3,0.1,118.76207733154297
16,853,0,3,0.1,131.5590057373047
10,1883,0,2,0.132,127.12923431396484
32,266,3,2,0.132,147.897705078125
63,182,3,3,0.1,127.56768798828125
53,920,1,1,0.0868631017425246,135.38690185546875
0,1139,3,2,0.132,123.39098358154297
66,123,2,1,0.088,130.14048767089844
3,1828,2,1,0.088,154.28904724121094
19,479,0,3,0.05696589276698484,130.68067932128906
43,1117,2,2,0.132,123.52989959716797
16,267,1,2,0.132,140.13809204101562
66,1069,2,1,0.088,133.51194763183594
43,1172,0,1,0.088,126.16073608398438
17,132,1,2,0.01812743422056662,132.67324829101562
3,1367,1,3,0.1,148.56736755371094
107,223,2,2,0.05599505589431192,123.76400756835938
34,615,2,2,0.132,125.21662902832031
57,1254,0,0,0.13076092608292345,123.23664093017578
0,1088,3,3,0.01200000000000001,122.53172302246094
1,659,3,0,0.09970476326445603,123.2379379272461
23,1858,0,2,0.132,132.25367736816406
32,1901,1,0,0.154,127.85045623779297
89,1455,2,1,0.088,145.4037322998047
16,1180,0,3,0.01200000000000001,144.27061462402344
0,900,0,2,0.132,123.0335922241211
112,1644,3,1,0.088,125.69442749023438
89,50,3,2,0.132,149.9736785888672
13,152,3,1,0.088,123.4758071899414
33,1567,3,0,0.09145088913288639,115.87422943115234
20,688,0,1,0.088,151.7023162841797
24,1720,0,2,0.132,121.43627166748047
102,1080,2,3,0.1,136.82261657714844
63,467,1,1,0.088,128.60682678222656
3,1253,0,3,0.01200000000000001,154.95314025878906
49,54,1,3,0.1,125.6742172241211
70,417,3,2,0.132,120.03707885742188
34,2006,0,2,0.132,127.85880279541016
28,1936,3,0,0.10596100629960303,109.49082946777344
58,1046,2,1,0.088,126.0677719116211
89,489,2,2,0.132,143.8390350341797
59,386,3,2,0.132,155.692138671875
44,792,0,0,0.13631627460578846,137.5310821533203
59,0,0,1,0.088,149.0017547607422
18,90,0,3,0.1,120.5414047241211
97,1553,1,3,0.061354231686252036,129.82797241210938
18,1084,2,1,0.088,123.05037689208984
52,936,1,1,0.088,114.86834716796875
77,1356,3,1,0.088,121.5615005493164
24,493,3,3,0.1,125.33390045166016
23,1683,3,2,0.11936910449229099,138.07028198242188
27,18,3,1,0.088,115.63247680664062
23,938,3,1,0.088,113.87184143066406
102,772,2,2,0.132,140.0235595703125
14,866,0,3,0.1,135.775390625
56,116,1,2,0.132,121.9650650024414
74,934,3,1,0.088,134.19151306152344
68,1863,3,2,0.132,142.23521423339844
105,908,0,3,0.01200000000000001,144.9883575439453
16,312,1,1,0.088,138.6106719970703
3,1872,3,3,0.1,151.40892028808594
87,522,1,2,0.052663339771154005,136.78665161132812
24,1864,1,1,0.088,131.89720153808594
105,179,2,3,0.1,131.32786560058594
77,1634,2,3,0.1,117.50836181640625
52,1027,3,1,0.088,116.20853424072266
110,432,2,1,0.088,118.38339233398438
24,1250,0,1,0.088,125.26699829101562
105,1423,1,3,0.01200000000000001,141.85899353027344
93,1316,0,2,0.132,116.23680877685547
113,126,1,2,0.132,124.65348815917969
102,1144,3,3,0.1,138.52903747558594
3,713,1,3,0.01200000000000001,155.3379364013672
22,1679,0,3,0.01200000000000001,145.97640991210938
113,1201,1,3,0.1,124.94883728027344
74,1943,3,2,0.132,139.63780212402344
52,271,0,2,0.132,117.34913635253906
97,1568,2,1,0.088,131.9300079345703
58,1095,2,3,0.1,125.83617401123047
52,1191,3,0,0.154,113.21483612060547
97,930,2,0,0.10247602023699406,127.9162368774414
27,767,2,3,0.1,116.48890686035156
103,1061,1,2,0.132,146.58047485351562
61,2009,0,2,0.09649628136578181,140.44198608398438
62,191,2,2,0.132,129.4374237060547
32,334,1,2,0.132,128.88758850097656
67,933,0,1,0.088,130.91607666015625
80,169,1,2,0.03984324032966796,102.01465606689453
105,908,1,1,0.088,144.9883575439453
52,1280,0,3,0.1,115.96705627441406
61,347,0,0,0.08153940759065809,126.43035888671875
92,799,0,3,0.01200000000000001,132.8783416748047
58,63,3,2,0.132,127.18091583251953
33,299,1,3,0.1,124.50776672363281
89,95,3,1,0.088,149.51170349121094
61,1063,0,2,0.132,141.1981964111328
92,1841,1,3,0.01200000000000001,131.88723754882812
32,822,1,1,0.088,125.60336303710938
107,1526,3,2,0.12675656690460668,128.36705017089844
74,1783,0,3,0.01200000000000001,141.24212646484375
62,1790,0,2,0.132,118.78894805908203
15,141,2,3,0.06597193862841222,132.33380126953125
62,2017,0,1,0.088,129.9738006591797
85,1688,0,3,0.046060809268951924,115.43688201904297
33,910,2,3,0.04725648873802503,124.88729858398438
27,767,3,1,0.03352613950473621,116.48890686035156
95,764,1,3,0.01200000000000001,133.3287353515625
33,474,3,3,0.1,121.36383056640625
112,93,3,3,0.1,121.39998626708984
23,306,1,3,0.1,108.73906707763672
3,946,1,2,0.132,149.28436279296875
70,699,2,3,0.0961661046341212,119.8263168334961
52,1161,0,3,0.01200000000000001,125.23563385009766
74,1294,2,2,0.132,135.21688842773438
22,491,0,2,0.132,152.28292846679688
0,941,2,2,0.132,123.33490753173828
52,541,3,3,0.1,114.38414001464844
74,1592,1,2,0.132,139.51210021972656
24,1541,1,0,0.154,104.03678131103516
62,2031,2,2,0.132,119.36746978759766
62,1166,2,2,0.132,127.26758575439453
52,823,1,1,0.088,115.40406799316406
88,1653,1,1,0.088,132.91854858398438
66,278,3,2,0.132,133.26498413085938
54,25,0,1,0.088,151.3863067626953
25,1755,2,3,0.01200000000000001,145.55091857910156
74,1213,2,2,0.132,132.210205078125
95,1646,0,3,0.01200000000000001,135.58953857421875
24,74,0,1,0.088,128.78443908691406
82,71,2,1,0.088,133.4863739013672
63,248,2,3,0.1,126.2093505859375
4,710,0,3,0.09159613700486309,122.12718200683594
36,1643,3,1,0.088,128.31716918945312
8,1028,3,3,0.012000000000005256,137.532958984375
11,860,3,2,0.132,135.3519287109375
58,1693,3,0,0.154,123.98524475097656
42,648,1,3,0.1,124.9762191772461
52,1391,0,2,0.132,111.52420806884766
93,1506,1,3,0.1,115.3077621459961
92,42,3,3,0.007468921956897301,131.1463623046875
52,1176,1,1,0.088,112.55447387695312
16,1012,3,2,0.132,146.7617645263672
59,919,3,1,0.088,152.40866088867188
63,341,3,1,0.088,128.81863403320312
71,1207,2,2,0.132,143.63502502441406
89,34,1,0,0.154,131.45555114746094
15,1412,1,2,0.132,132.0360565185547
33,519,3,2,0.132,129.72862243652344
42,365,0,0,0.01283893402392236,122.30636596679688
105,511,2,0,0.128866682847814,131.4611358642578
24,475,2,3,0.1,124.61547088623047
24,1014,3,1,0.088,123.14542388916016
102,187,0,1,0.088,146.73594665527344
8,1975,0,3,0.1,127.71907043457031
71,1557,1,2,0.132,146.90306091308594
3,617,1,1,0.088,148.67442321777344
92,2018,1,3,0.01200000000000001,132.23635864257812
23,134,3,2,0.132,126.48271179199219
80,448,0,3,0.1,104.89043426513672
46,925,0,1,0.088,133.4461212158203
99,922,1,2,0.132,
74,598,0,2,0.132,144.3267364501953
29,1313,1,0,0.028331062348216106,116.83190155029297
75,1500,2,2,0.00036602422971765414,125.43285369873047
62,1058,0,2,0.055325120655848076,122.56578063964844
59,1740,0,1,0.088,141.69007873535156
62,1852,2,2,0.02329069051974242,121.1866455078125
93,971,1,3,0.03766108980986135,115.72610473632812
25,580,3,3,0.1,142.3682403564453
110,1159,3,3,0.08560251812639397,118.14562225341797
89,919,3,3,0.01200000000000001,147.05455017089844
63,1866,0,2,0.132,132.07614135742188
84,401,2,2,0.07753484171232694,110.9894027709961
16,71,0,3,0.05769029837285937,135.73399353027344
88,1433,2,3,0.1,131.51849365234375
10,670,1,2,0.03925182083864104,122.95155334472656
92,1110,0,0,0.154,128.255615234375
16,1711,1,2,0.132,138.2382049560547
77,983,3,1,0.088,118.82787322998047
59,1103,1,1,0.088,148.15960693359375
105,744,0,2,0.132,143.1735382080078
71,1509,0,3,0.01200000000000001,148.2989959716797
54,1599,2,2,0.132,145.07931518554688
12,1704,2,3,0.055322854096236856,108.27947235107422
52,399,1,2,0.132,118.01366424560547
97,832,1,1,0.088,136.13668823242188
97,1723,3,2,0.132,129.4945068359375
16,1857,1,1,0.088,144.66485595703125
91,1197,0,1,0.009060953622146706,136.5703887939453
54,694,0,3,0.1,139.09214782714844
58,1754,2,3,0.01200000000000001,128.6319580078125
0,1382,2,1,0.07673451581404939,119.41303253173828
112,1414,1,1,0.088,124.9582748413086
97,616,3,3,0.0002660435690832186,134.181396484375
28,1426,2,2,0.132,128.86752319335938
11,1468,0,1,0.088,136.38858032226562
28,319,2,3,0.154,106.76277923583984
33,993,1,1,0.088,126.28207397460938
70,1397,3,1,0.088,119.8997573852539
67,1315,1,1,0.088,123.85943603515625
52,916,1,1,0.088,125.81197357177734
52,1338,0,3,0.1,113.72921752929688
52,1369,2,2,0.132,125.00878143310547
99,1164,0,2,0.132,136.6811065673828
22,1982,3,3,0.01200000000000001,142.8037567138672
52,574,3,2,0.132,125.93468475341797
92,368,2,3,0.01200000000000001,133.63473510742188
57,1328,0,2,0.132,133.41651916503906
0,1284,2,3,0.1,118.5784912109375
52,1099,2,1,0.088,125.83338165283203
0,293,0,1,0.088,123.59847259521484
70,779,1,1,0.088,120.42570495605469
52,666,3,2,0.132,125.88329315185547
94,734,1,1,0.08269741968443012,130.95423889160156
43,1930,2,2,0.132,124.98405456542969
63,182,1,2,0.132,127.56768798828125
92,1004,3,0,0.154,127.17374420166016
40,1521,3,3,0.006767589333237359,151.979736328125
52,1937,1,3,0.1,113.63845825195312
31,1782,2,3,0.1,120.04502868652344
68,1503,0,3,0.01200000000000001,142.24984741210938
85,1567,2,1,0.088,114.00334930419922
6,1580,0,1,0.06117233731700611,121.7342529296875
62,888,0,3,0.1,119.53306579589844
92,277,1,2,0.132,136.6290740966797
36,759,3,3,0.01200000000000001,128.41152954101562
71,238,0,3,0.1,136.8934326171875
28,369,1,2,0.07259531015246073,125.4077377319336
52,274,3,1,0.088,115.54942321777344
52,894,2,2,0.132,119.27938079833984
83,116,1,0,0.0012504197527740402,120.08336639404297
8,1235,2,3,0.1,128.80894470214844
38,1917,3,2,0.132,130.6839141845703
89,50,1,1,0.033132711134826215,149.9736785888672
0,416,3,1,0.088,122.853515625
32,57,0,3,0.1,128.3669891357422
92,1750,2,2,0.132,128.55224609375
4,68,3,0,0.154,118.3462905883789
11,1806,2,2,0.132,140.4302978515625
92,1581,0,2,0.132,142.49874877929688
63,650,3,1,0.088,126.59700012207031
24,912,3,1,0.088,137.96328735351562
105,490,0,3,0.005022639563246001,139.704345703125
38,933,0,3,0.1,124.18921661376953
59,755,2,2,0.132,145.277587890625
70,417,1,1,0.088,120.03707885742188
8,1436,0,1,0.088,138.03077697753906
52,1561,2,3,0.1,116.0399169921875
1,985,0,1,0.088,124.55547332763672
36,1282,1,3,0.1,124.82917785644531
52,1349,3,2,0.132,120.17220306396484
32,1958,1,2,0.132,149.61074829101562
52,800,1,1,0.088,115.9950942993164
62,154,2,3,0.1,123.12361145019531
23,938,1,0,0.1344166942762833,113.87184143066406
11,159,0,3,0.1,140.83978271484375
28,347,2,3,0.154,110.48572540283203
89,1546,0,3,0.06909360056835501,142.28213500976562
32,960,3,2,0.132,129.90234375
38,426,2,2,0.132,132.5028533935547
32,1812,2,1,0.088,128.01446533203125
71,1930,0,0,0.13183430105133828,133.72776794433594
52,1465,1,3,0.1,110.89873504638672
6,1704,1,1,0.011290655670602473,114.21353149414062
93,661,3,0,0.154,112.53984832763672
95,1866,1,3,0.01200000000000001,132.84616088867188
32,674,0,3,0.1,128.83421325683594
28,206,2,3,0.154,108.41876220703125
83,670,0,3,0.03747871923337712,121.12739562988281
32,1109,3,1,0.088,149.10964965820312
59,1915,1,0,0.154,119.300048828125
22,735,0,1,0.088,145.22488403320312
88,1049,0,2,0.132,142.6682891845703
1,1699,1,2,0.040006657384321964,127.01477813720703
38,1339,1,3,0.1,127.73104858398438
17,591,3,3,0.01200000000000001,131.45623779296875
71,674,1,0,0.1228143283426773,133.0519561767578
16,1633,0,1,0.088,144.10589599609375
58,1095,0,2,0.132,125.83617401123047
52,651,2,0,0.154,110.28583526611328
89,1332,1,3,0.01200000000000001,148.42784118652344
20,755,2,3,0.07037469515775172,140.11990356445312
87,1599,3,2,0.132,139.17190551757812
52,877,3,2,0.132,110.40229034423828
30,1756,3,1,0.088,114.3449935913086
25,1416,0,0,0.154,136.8102264404297
92,1267,0,3,0.1,128.75852966308594
25,1853,2,3,0.01200000000000001,145.38912963867188
107,479,1,2,0.132,129.77291870117188
77,1634,1,0,0.154,117.50836181640625
112,190,0,2,0.132,129.47476196289062
32,571,3,1,0.042595468680807186,132.678955078125
24,607,1,3,0.051345554079693406,122.91295623779297
61,706,3,3,0.01200000000000001,143.02725219726562
88,862,3,0,0.002855108175887716,127.34458923339844
38,289,3,3,0.025070008401305105,124.53182220458984
25,174,2,3,0.1,144.17628479003906
71,589,2,1,0.088,137.77935791015625
0,941,0,1,0.088,123.33490753173828
33,1059,0,1,0.088,127.3032455444336
110,1753,0,1,0.04308603158919788,116.4758071899414
52,637,2,2,0.132,121.20697021484375
16,338,0,2,0.132,160.01666259765625
107,1470,1,3,0.1,125.55044555664062
95,988,3,1,0.088,135.39410400390625
89,1332,2,1,0.088,148.42784118652344
21,862,3,0,0.02924440745108952,127.78551483154297
16,1972,1,0,0.154,131.34901428222656
36,1855,0,1,0.04500977916119009,129.09707641601562
52,207,3,3,0.012000000000005256,124.88583374023438
69,1725,2,3,0.07005464976615342,142.64390563964844
52,927,2,1,0.088,123.58746337890625
25,1407,2,3,0.01200000000000001,143.69317626953125
28,780,0,3,0.01200000000000001,133.98544311523438
11,1113,3,3,0.03711359868824407,135.55572509765625
92,4,3,1,0.088,128.8118133544922
70,699,0,2,0.1298343408489051,119.8263168334961
3,710,0,0,0.15180898750786934,148.2637481689453
77,1855,3,2,0.05111366252616145,125.44369506835938
46,1057,2,2,0.132,127.60257720947266
15,1370,2,3,0.1,133.263671875
3,1283,1,1,0.088,151.802490234375
92,1985,0,1,0.088,128.9812774658203
8,1979,3,3,0.1,130.64840698242188
93,1552,1,1,0.088,116.08946990966797
62,2031,0,1,0.088,119.36746978759766
77,704,0,2,0.12744038740555286,115.55569458007812
66,278,1,1,0.088,133.26498413085938
24,887,0,1,0.088,125.67606353759766
52,1074,2,2,0.132,113.91722106933594
112,224,1,1,0.088,122.56635284423828
63,2022,0,2,0.132,128.19065856933594
92,1832,2,3,0.1,128.66969299316406
52,833,1,0,0.154,111.75553131103516
52,1954,3,0,0.154,110.34359741210938
31,607,2,3,0.04232997672030664,120.7025375366211
59,1933,0,1,0.088,114.03936004638672
15,5,3,1,0.088,130.68153381347656
115,1490,2,0,0.07734749383447785,123.96829986572266
102,1615,2,1,0.088,138.79168701171875
58,1070,2,2,0.132,125.97569274902344
28,1048,3,1,0.088,128.924560546875
110,641,1,2,0.132,114.7852783203125
32,1464,3,2,0.132,152.0000457763672
92,42,1,2,0.132,131.1463623046875
16,1012,1,1,0.088,146.7617645263672
91,1919,3,1,0.088,126.22821807861328
70,722,3,1,0.088,118.48468017578125
71,1207,0,1,0.088,143.63502502441406
36,485,0,1,0.088,130.39788818359375
83,580,3,2,0.132,127.33953857421875
24,475,0,2,0.132,124.61547088623047
105,72,0,2,0.11417444647834557,139.81045532226562
16,367,3,1,0.04153806122746481,140.95721435546875
0,609,2,3,0.1,118.59825897216797
36,1977,2,3,0.01200000000000001,125.32139587402344
23,134,1,1,0.088,126.48271179199219
34,1004,1,2,0.132,125.96566009521484
93,1159,2,3,0.1,115.12866973876953
93,1360,0,1,0.0006651135305933142,130.80239868164062
39,1900,0,1,0.088,135.61058044433594
15,1729,2,3,0.1,131.79469299316406
3,972,0,3,0.01200000000000001,157.04759216308594
19,1692,2,3,0.005192076359869444,133.19619750976562
74,1580,2,2,0.132,131.71449279785156
112,543,3,1,0.088,125.04439544677734
42,1317,1,2,0.132,133.47714233398438
52,438,0,2,0.132,125.11537170410156
61,1330,1,3,0.01200000000000001,141.5262451171875
62,240,1,1,0.088,118.71685791015625
9,223,0,2,0.03266342160300567,123.11300659179688
88,1057,1,2,0.0679901999526139,135.211669921875
88,1793,1,2,0.132,134.443359375
99,462,0,1,0.088,139.01760864257812
112,363,2,1,0.088,120.81670379638672
32,1732,1,2,0.132,148.04331970214844
37,126,0,2,0.0594491938031797,129.0552215576172
89,172,2,3,0.1,148.48468017578125
3,2009,2,3,0.01200000000000001,151.9952850341797
7,1408,0,2,0.044399240703698495,135.2822265625
112,1211,2,3,0.1,117.7302017211914
24,272,1,2,0.132,127.48859405517578
24,1154,3,2,0.132,134.06068420410156
34,336,0,3,0.1,128.04794311523438
54,1727,3,2,0.132,152.208251953125
16,569,1,1,0.088,133.33192443847656
59,445,2,2,0.132,146.79074096679688
49,730,1,3,0.1,116.5448226928711
14,772,3,2,0.132,138.68609619140625
14,769,3,2,0.132,141.1082763671875
46,243,3,1,0.088,129.21240234375
63,997,0,2,0.132,126.32982635498047
42,126,1,1,0.088,125.64785766601562
19,1347,1,1,0.021191864487261958,128.46119689941406
77,1693,1,3,0.1,118.93521881103516
48,292,3,2,0.132,138.28550720214844
8,631,0,3,0.1,125.21142578125
52,92,0,3,0.1,114.4842758178711
58,810,2,1,0.088,126.07738494873047
24,1707,2,3,0.1,125.15516662597656
97,616,1,2,0.132,134.181396484375
89,2013,3,1,0.088,149.66943359375
102,128,2,2,0.132,144.98818969726562
77,591,0,2,0.132,124.76825714111328
33,1361,2,1,0.088,129.86859130859375
97,1691,1,3,0.01200000000000001,133.75352478027344
42,866,2,2,0.11101742611632381,127.86517333984375
18,427,3,1,0.088,127.44562530517578
58,1282,0,2,0.03073384651686395,125.79914093017578
0,1895,1,2,0.132,123.22514343261719
16,1409,2,3,0.01200000000000001,139.1002655029297
36,430,3,0,0.06883933475158302,120.25457763671875
42,1770,1,1,0.088,127.31449127197266
89,1836,2,1,0.088,148.20179748535156
37,96,2,3,0.154,
16,1268,2,2,0.132,144.13331604003906
52,666,1,1,0.088,125.88329315185547
91,1462,2,2,0.09025511683389686,129.17820739746094
94,1969,0,3,0.020790958421907507,128.18894958496094
68,2017,3,3,0.01200000000000001,142.1496124267578
82,674,1,0,0.00490896187693024,129.00064086914062
92,1324,2,2,0.132,132.34060668945312
3,525,3,1,0.020540719718824763,151.595458984375
16,1487,3,1,0.088,138.53506469726562
0,1700,0,2,0.132,123.50120544433594
70,997,1,2,0.1165676582908538,121.35444641113281
31,1489,1,1,0.03870084918835284,129.515625
84,722,0,3,0.007221327612239342,113.59101104736328
31,1174,2,3,0.1,116.35623931884766
26,1313,0,0,0.0850052096517839,121.36239624023438
3,333,1,3,0.012000000000005256,155.59324645996094
16,501,0,3,0.01200000000000001,140.8092041015625
28,319,1,0,0.154,106.76277923583984
52,1561,0,2,0.132,116.0399169921875
61,1793,0,1,0.088,140.0447998046875
28,315,2,3,0.154,106.22738647460938
36,759,1,2,0.132,128.41152954101562
102,453,3,2,0.132,
102,1027,0,0,0.007661458424251699,133.94491577148438
115,1141,2,3,0.05745034648831665,128.27146911621094
52,1905,1,1,0.088,125.9395751953125
18,147,0,3,0.1,119.28112030029297
32,22,0,1,0.088,129.44215393066406
52,1560,2,2,0.132,116.91202545166016
99,862,1,3,0.03276664409301619,125.85360717773438
15,507,1,1,0.088,131.41943359375
102,1467,2,3,0.01200000000000001,137.88986206054688
38,1917,1,1,0.013725060547437856,130.6839141845703
58,1606,2,1,0.088,126.03926849365234
89,495,1,3,0.01200000000000001,143.6575927734375
77,536,3,1,0.088,121.22920989990234
62,90,0,0,0.154,118.29218292236328
23,1843,3,3,0.1,110.45948028564453
89,1914,2,3,0.1,148.59617614746094
11,1806,0,1,0.088,140.4302978515625
16,284,2,2,0.132,140.48529052734375
32,960,1,1,0.088,129.90234375
97,1936,2,0,0.02641689884344417,121.48738098144531
87,1145,1,3,0.1,125.43084716796875
83,290,2,2,0.008691611062329185,122.69511413574219
7,1562,0,3,0.0753911747139061,134.93003845214844
18,1420,0,3,0.01591300876908025,123.37781524658203
62,19,0,3,0.01200000000000001,127.2640380859375
32,1105,2,3,0.1,123.23688507080078
32,1572,3,3,0.1,125.728271484375
66,1186,1,1,0.088,129.78236389160156
92,1463,1,0,0.09177241090184168,128.35452270507812
93,781,0,3,0.1,115.86947631835938
75,1184,0,1,0.02957088101455324,125.80225372314453
46,1894,0,1,0.088,129.56178283691406
32,1530,2,2,0.132,131.4494171142578
97,1721,1,2,0.132,127.05683898925781
52,746,2,2,0.132,117.75775909423828
28,1684,3,2,0.132,128.9779815673828
28,1295,0,1,0.088,143.57008361816406
32,1812,0,0,0.154,128.01446533203125
89,1880,1,2,0.132,149.5483856201172
83,390,0,2,0.132,124.71281433105469
56,1344,2,1,0.088,125.71691131591797
25,1853,0,2,0.132,145.38912963867188
39,2027,0,3,0.01200000000000001,134.5929718017578
82,1411,3,3,0.1,134.3938446044922
32,486,2,3,0.1,130.81932067871094
61,1723,2,0,0.09878140236738117,133.6435089111328
112,230,3,1,0.088,116.66272735595703
16,1494,0,1,0.088,138.017578125
1,699,2,3,0.0038338953658788033,125.36372375488281
59,1896,0,2,0.132,156.6049041748047
28,251,0,2,0.132,136.01771545410156
59,557,3,1,0.088,144.07534790039062
66,1134,3,2,0.132,130.98074340820312
33,1781,3,1,0.088,124.13660430908203
71,845,2,2,0.132,136.5570831298828
26,1950,2,2,0.132,130.5976104736328
103,1061,3,2,0.132,146.58047485351562
56,767,3,2,0.06561765265917097,120.9582290649414
97,1669,3,3,0.1,129.59967041015625
16,1106,0,3,0.1,136.03997802734375
8,369,1,3,0.1,125.75128936767578
79,718,0,3,0.07212940043441979,150.7630615234375
36,1309,3,3,0.01200000000000001,132.0387420654297
52,681,3,1,0.088,117.31963348388672
52,877,1,1,0.088,110.40229034423828
68,1455,0,2,0.132,139.15538024902344
51,456,2,2,0.132,121.81966400146484
113,456,2,1,0.088,123.70520782470703
89,778,0,1,0.088,151.3206787109375
52,741,3,2,0.132,118.51795959472656
51,1627,3,3,0.1,121.17086029052734
52,971,3,1,0.088,123.66323852539062
52,2032,1,1,0.088,117.62117767333984
52,1465,0,0,0.154,110.89873504638672
68,1843,0,0,0.154,124.66500854492188
77,1759,0,3,0.08577119193995095,118.9220199584961
58,1743,0,0,0.154,123.26072692871094
24,1417,1,3,0.1,123.20803833007812
11,1113,1,2,0.132,135.55572509765625
95,424,3,2,0.132,138.8199462890625
49,1753,3,1,0.088,116.86788940429688
56,901,2,1,0.088,123.44461059570312
92,99,3,3,0.1,129.5775909423828
16,1293,3,1,0.088,138.1072540283203
52,484,2,3,0.1,116.0594253540039
24,1510,2,1,0.088,125.95013427734375
16,1715,2,3,0.1,131.66139221191406
3,1600,1,3,0.1,155.62001037597656
74,256,3,1,0.088,139.3878173828125
89,757,3,1,0.088,151.10458374023438
63,156,3,2,0.017923464813953294,127.1639633178711
25,113,3,1,0.088,143.81182861328125
70,365,0,2,0.132,120.0744400024414
80,169,3,2,0.132,102.01465606689453
52,1766,2,1,0.088,111.18428039550781
87,1172,1,2,0.132,129.39439392089844
59,1452,2,2,0.132,145.51007080078125
11,1930,2,0,0.021839419721583708,133.40000915527344
18,1299,1,3,0.1,125.17724609375
52,207,1,2,0.132,124.88583374023438
4,1573,3,1,0.088,122.0376205444336
103,1831,0,3,0.01200000000000001,147.28817749023438
89,1082,1,1,0.088,146.34326171875
97,1340,3,2,0.132,127.10184478759766
16,1620,3,1,0.088,124.46698760986328
61,1872,0,2,0.132,139.4178466796875
17,591,0,3,0.1,131.45623779296875
44,1667,3,2,0.132,137.72528076171875
88,1645,2,0,0.027936054829432552,127.90763092041016
15,1370,0,2,0.132,133.263671875
89,639,0,3,0.012000000000005256,152.26266479492188
16,1151,0,2,0.132,142.51524353027344
54,1942,1,0,0.0853500397486617,132.94432067871094
32,766,1,1,0.088,130.71188354492188
102,372,2,1,0.088,141.55303955078125
52,482,3,3,0.1,114.0463638305664
23,1301,3,1,0.088,118.76207733154297
114,1324,0,3,0.014289399348760307,136.18942260742188
71,16,0,2,0.132,135.10696411132812
24,74,2,1,0.088,128.78443908691406
68,1662,1,1,0.049050612930204046,139.4690704345703
62,147,3,0,0.052201648085215935,117.26025390625
38,1187,0,3,0.012000000000005256,135.43179321289062
71,1755,2,1,0.088,144.09130859375
82,1169,1,1,0.088,139.19876098632812
32,1509,2,2,0.132,148.8996124267578
32,1901,1,3,0.1,127.85045623779297
52,1689,1,2,0.132,114.96037292480469
48,1969,3,3,0.02159468326089578,132.56336975097656
33,1567,3,3,0.009888866766416898,115.87422943115234
36,1834,0,3,0.01200000000000001,129.45639038085938
93,1582,1,2,0.08165230831300307,124.49070739746094
95,1549,2,2,0.036373981722421345,134.6069793701172
68,194,2,2,0.132,140.58995056152344
24,448,2,1,0.088,124.11146545410156
28,1936,3,3,0.1,109.49082946777344
16,312,3,1,0.088,138.6106719970703
34,654,2,2,0.132,132.59103393554688
24,1720,3,0,0.13656998020222758,121.43627166748047
102,1279,3,1,0.088,141.78163146972656
70,248,2,2,0.132,121.21420288085938
36,1977,0,2,0.132,125.32139587402344
39,1875,2,3,0.01862654441908665,125.42082977294922
48,1789,2,3,0.01200000000000001,134.11978149414062
71,356,3,2,0.132,134.4486083984375
105,62,0,2,0.132,159.7332763671875
82,1921,0,3,0.1,132.80160522460938
14,487,3,3,0.01200000000000001,137.53363037109375
52,1021,0,3,0.1,113.99590301513672
106,1160,0,2,0.132,147.53765869140625
17,1489,0,1,0.088,133.46987915039062
23,47,1,3,0.13626622113146042,102.72364807128906
46,2014,3,1,0.088,130.42791748046875
71,391,1,3,0.1,135.4088134765625
0,900,1,3,0.01200000000000001,123.0335922241211
82,10,3,1,0.088,135.93405151367188
97,801,2,2,0.132,132.0176544189453
24,1170,0,1,0.088,132.68695068359375
62,1141,3,1,0.088,123.12361145019531
24,998,3,3,0.01200000000000001,128.33494567871094
8,721,3,2,0.132,142.13084411621094
16,1180,3,1,0.088,144.27061462402344
13,629,2,0,0.08252070273608039,122.93148803710938
113,600,1,1,0.07457541931955597,125.9200668334961
89,1731,3,2,0.132,148.8513641357422
58,1116,1,1,0.088,131.0633087158203
38,1753,1,0,0.01361829613111934,122.6750259399414
69,281,3,1,0.088,144.65896606445312
77,1363,2,1,0.088,120.9373779296875
33,299,3,3,0.1,124.50776672363281
24,1147,3,2,0.132,122.84561157226562
52,1191,3,3,0.1,113.21483612060547
23,34,0,1,0.088,108.23191833496094
105,1149,1,1,0.088,130.47317504882812
25,1239,3,1,0.088,142.0098419189453
74,1783,2,3,0.01200000000000001,141.24212646484375
24,139,1,2,0.132,103.18280792236328
3,260,3,0,0.154,144.91055297851562
23,1842,0,2,0.132,134.1986083984375
52,512,3,2,0.132,117.43138885498047
97,21,2,3,0.1,129.90463256835938
24,1707,0,2,0.132,125.15516662597656
44,105,1,2,0.132,147.8617706298828
102,1609,3,1,0.088,146.04917907714844
92,1324,0,1,0.088,132.34060668945312
62,896,3,0,0.154,118.58523559570312
16,221,0,2,0.132,138.18772888183594
97,1277,2,1,0.088,134.04920959472656
66,156,2,3,0.1,125.5184326171875
16,1851,2,3,0.1,138.11293029785156
33,492,2,1,0.088,128.03990173339844
105,1152,1,1,0.088,132.8730010986328
28,315,0,2,0.132,106.22738647460938
24,47,2,0,0.154,106.25684356689453
44,792,1,1,0.088,137.5310821533203
16,1268,0,1,0.088,144.13331604003906
110,43,2,3,0.1,115.72345733642578
3,1550,2,2,0.132,151.16221618652344
110,466,3,3,0.1,118.08856201171875
52,693,1,2,0.132,122.83924102783203
102,772,3,3,0.01200000000000001,140.0235595703125
107,1645,0,1,0.088,124.55036163330078
110,1926,0,1,0.088,116.31251525878906
92,185,2,1,0.088,132.49490356445312
37,340,3,1,0.08758704636459794,129.10951232910156
3,1534,1,1,0.088,150.27642822265625
53,359,3,2,0.132,
0,1504,0,1,0.088,122.84294891357422
18,1759,0,3,0.014228808060049059,123.26264190673828
82,486,3,0,0.154,130.70108032226562
42,1052,0,0,0.154,120.08419036865234
112,1211,1,0,0.154,117.7302017211914
17,1095,0,3,0.06073754706531695,128.83815002441406
85,1397,0,3,0.1,117.72674560546875
115,1852,1,3,0.1,126.32865142822266
61,1336,3,1,0.088,139.28233337402344
61,1063,1,3,0.01200000000000001,141.1981964111328
95,1186,3,3,0.1,132.47450256347656
102,453,1,1,0.088,
92,799,3,1,0.088,132.8783416748047
115,1141,0,2,0.12159108388025752,128.27146911621094
3,1734,0,2,0.132,155.87757873535156
103,953,1,2,0.132,144.8365478515625
59,663,3,1,0.088,156.52516174316406
3,966,0,3,0.01200000000000001,151.40087890625
82,1676,1,1,0.088,134.11521911621094
23,1843,1,2,0.132,110.45948028564453
52,1161,3,1,0.088,125.23563385009766
62,191,3,3,0.01200000000000001,129.4374237060547
93,374,2,1,0.088,120.01189422607422
106,444,1,3,0.0495818060649835,140.1685028076172
52,1229,2,2,0.132,111.8994140625
112,629,3,1,0.0006775735555639983,116.9473648071289
52,746,0,1,0.088,117.75775909423828
34,1495,2,2,0.132,135.0811004638672
14,1169,2,3,0.01200000000000001,137.57933044433594
77,1078,3,2,0.132,119.92849731445312
61,1408,1,3,0.1,135.23831176757812
62,630,2,3,0.1,119.26226806640625
85,1149,0,2,0.132,115.0046615600586
112,230,1,0,0.154,116.66272735595703
1,699,0,2,0.002165659151094901,125.36372375488281
36,704,2,0,0.154,119.91889953613281
74,1294,3,3,0.1,135.21688842773438
105,511,2,3,0.1,131.4611358642578
109,1747,0,2,0.13132127371435814,111.18113708496094
62,1058,2,2,0.132,122.56578063964844
37,96,1,0,0.07890244142748704,
70,1747,2,0,0.09014379336835421,116.3930892944336
62,1166,3,3,0.01200000000000001,127.26758575439453
103,836,2,1,0.07768457267446485,138.1575164794922
94,515,2,2,0.132,133.31832885742188
25,409,0,3,0.01200000000000001,145.30503845214844
23,581,2,0,0.154,109.01860809326172
14,83,1,3,0.01200000000000001,138.9224853515625
22,1109,3,3,0.011060592287537224,144.06895446777344
115,1223,0,1,0.088,126.63390350341797
42,1615,0,1,0.02339828090589824,130.52052307128906
89,1484,0,3,0.01200000000000001,149.45065307617188
97,1408,1,2,0.014466135051239393,131.4175567626953
103,1733,0,2,0.132,149.34915161132812
31,1174,1,0,0.154,116.35623931884766
29,1313,1,3,0.017153334218104166,116.83190155029297
25,1042,3,1,0.088,144.3134307861328
97,1164,2,1,0.088,135.65614318847656
32,486,0,2,0.132,130.81932067871094
36,1598,3,1,0.088,126.35950469970703
92,1744,1,1,0.088,128.87255859375
24,1513,0,2,0.132,127.50452423095703
36,1848,0,3,0.1,124.71561431884766
52,399,3,2,0.132,118.01366424560547
32,820,3,2,0.132,147.88986206054688
97,832,3,1,0.088,136.13668823242188
24,588,3,2,0.132,128.02584838867188
36,1309,1,2,0.132,132.0387420654297
52,484,0,2,0.132,116.0594253540039
68,1204,2,2,0.008850831034290019,136.03033447265625
16,398,0,2,0.132,153.67747497558594
70,80,0,3,0.1,121.926025390625
105,511,3,1,0.07209931808410694,131.4611358642578
59,1410,3,3,0.01200000000000001,150.5833282470703
28,1823,3,1,0.088,129.92921447753906
66,985,2,0,0.08879593023841864,122.71105194091797
29,253,0,3,0.1,124.59071350097656
82,1333,1,2,0.132,134.64002990722656
74,578,3,2,0.132,147.73146057128906
93,258,2,1,0.088,115.4438247680664
3,617,2,2,0.132,148.67442321777344
99,1164,2,2,0.132,136.6811065673828
33,606,0,3,0.1,121.33790588378906
84,992,2,1,0.088,111.88735961914062
110,1816,3,2,0.132,118.36295318603516
57,1328,2,2,0.132,133.41651916503906
23,581,0,3,0.1,109.01860809326172
77,1257,2,2,0.132,119.83209991455078
97,1340,1,1,0.088,127.10184478759766
82,741,1,3,0.1,134.1942596435547
70,779,3,1,0.088,120.42570495605469
16,1620,1,0,0.154,124.46698760986328
66,1696,3,1,0.088,133.54762268066406
66,1375,3,1,0.088,131.9874725341797
88,1863,2,3,0.01200000000000001,136.87339782714844
71,1183,2,2,0.132,135.33660888671875
71,1509,3,1,0.088,148.2989959716797
52,944,3,3,0.1,117.03491973876953
25,116,1,0,0.15274958024722596,136.343017578125
52,1162,3,1,0.088,118.1859130859375
28,1684,0,2,0.132,128.9779815673828
83,136,0,3,0.1,127.1736831665039
92,1110,1,1,0.088,128.255615234375
83,958,0,1,0.088,
85,1266,0,3,0.1,116.88200378417969
49,1214,0,2,0.132,128.86093139648438
71,1779,3,2,0.132,134.48866271972656
75,1204,3,2,0.11961552991684066,130.02505493164062
24,1263,1,1,0.088,124.50358581542969
52,868,2,1,0.088,115.0723876953125
52,1338,3,1,0.088,113.72921752929688
82,501,0,2,0.132,139.3131561279297
102,318,0,1,0.088,143.64947509765625
113,1182,0,2,0.132,125.72270202636719
24,1044,3,3,0.1,108.1099624633789
68,194,0,1,0.088,140.58995056152344
77,1848,1,1,0.088,120.97967529296875
68,862,1,0,0.04174415309093371,130.04806518554688
16,1715,1,0,0.154,131.66139221191406
92,1240,1,3,0.1,129.37274169921875
15,600,1,2,0.132,133.11282348632812
82,595,2,2,0.132,135.68536376953125
48,1789,0,2,0.03351250505059711,134.11978149414062
20,1546,2,2,0.047165927086245785,142.33384704589844
52,1435,3,2,0.132,123.98721313476562
105,304,1,1,0.0745775184296143,146.7697296142578
82,1839,1,2,0.132,138.54345703125
52,1493,1,1,0.088,117.21272277832031
61,1663,2,1,0.088,138.9631805419922
16,1220,1,2,0.132,140.44944763183594
16,428,0,1,0.088,149.44650268554688
68,1430,0,1,0.088,149.11256408691406
52,383,1,2,0.132,119.4293212890625
82,642,1,1,0.088,136.5513153076172
32,833,3,3,0.1,129.30421447753906
74,1617,3,2,0.132,146.28355407714844
0,1139,2,2,0.132,123.39098358154297
59,434,3,1,0.088,154.2296600341797
43,1117,1,2,0.132,123.52989959716797
105,72,2,2,0.132,139.81045532226562
67,1315,2,2,0.132,123.85943603515625
52,702,3,2,0.132,119.75944519042969
71,356,1,1,0.088,134.4486083984375
34,615,1,2,0.132,125.21662902832031
92,1857,1,3,0.011342514586730634,135.59527587890625
74,380,0,3,0.1,136.81973266601562
62,888,3,1,0.088,119.53306579589844
15,699,1,0,0.154,128.24664306640625
1,1942,3,2,0.132,123.48729705810547
32,1901,0,0,0.154,127.85045623779297
82,1536,3,2,0.132,133.4152374267578
63,182,2,3,0.0943427759170617,127.56768798828125
24,1911,3,0,0.09483667360952475,105.58892822265625
13,152,2,1,0.088,123.4758071899414
105,1459,1,1,0.088,137.90550231933594
33,1567,2,0,0.154,115.87422943115234
102,1080,1,3,0.1,136.82261657714844
105,253,0,2,0.132,139.690185546875
52,831,3,3,0.1,119.42169952392578
107,223,1,2,0.05807261018169829,123.76400756835938
8,390,2,2,0.132,127.74393463134766
66,341,3,3,0.049576510028442766,127.13237762451172
38,395,3,1,0.088,134.2997283935547
59,1915,1,3,0.154,119.300048828125
58,1046,1,1,0.088,126.0677719116211
63,278,3,1,0.01365309587300595,135.07261657714844
105,179,3,0,0.154,131.32786560058594
89,489,1,2,0.132,143.8390350341797
1,659,2,0,0.012706792257281635,123.2379379272461
24,1147,1,1,0.088,122.84561157226562
113,1951,0,1,0.088,125.44709777832031
16,1851,0,2,0.132,138.11293029785156
52,651,2,3,0.1,110.28583526611328
71,898,3,3,0.1,136.22947692871094
16,346,1,2,0.132,137.50404357910156
97,1553,0,3,0.06300446399126614,129.82797241210938
77,1356,2,1,0.088,121.5615005493164
15,1682,3,1,0.088,137.72415161132812
92,989,2,1,0.088,128.71408081054688
102,772,1,2,0.132,140.0235595703125
89,925,3,2,0.132,154.13101196289062
52,512,1,1,0.088,117.43138885498047
24,272,3,2,0.132,127.48859405517578
56,116,0,2,0.132,121.9650650024414
88,1568,2,3,0.020157770911681222,130.91050720214844
16,312,0,1,0.088,138.6106719970703
87,522,0,2,0.12115403643016875,136.78665161132812
107,1470,3,3,0.1,125.55044555664062
77,1634,1,3,0.1,117.50836181640625
12,1130,3,3,0.056786585696236874,110.87495422363281
83,1551,0,1,0.088,128.54823303222656
16,1647,3,2,0.10848946612988469,140.54019165039062
56,631,0,2,0.132,123.60497283935547
19,189,3,3,0.01200000000000001,134.4525146484375
105,1962,1,1,0.088,146.55372619628906
113,126,0,2,0.0725508061968203,124.65348815917969
28,780,2,3,0.012000000000005256,133.98544311523438
49,591,2,1,0.088,122.65939331054688
69,1242,0,1,0.088,143.90509033203125
24,1566,1,1,0.088,125.20452880859375
94,610,0,1,0.088,131.24545288085938
107,1961,3,2,0.132,125.36363983154297
52,936,0,1,0.088,114.86834716796875
74,1943,2,2,0.132,139.63780212402344
23,938,2,1,0.088,113.87184143066406
8,520,0,3,0.01200000000000001,136.38967895507812
3,1550,0,1,0.088,151.16221618652344
110,466,1,2,0.10801178539444745,118.08856201171875
58,1095,1,3,0.06545712720793026,125.83617401123047
52,1191,2,0,0.154,113.21483612060547
106,1062,1,2,0.132,141.06048583984375
97,930,1,0,0.12959777643372994,127.9162368774414
16,753,1,1,0.088,144.25210571289062
27,767,1,3,0.1,116.48890686035156
89,668,0,2,0.132,153.34910583496094
21,862,3,3,0.0537264127379006,127.78551483154297
8,721,0,2,0.132,142.13084411621094
16,1972,1,3,0.1,131.34901428222656
93,1036,0,2,0.132,131.84986877441406
52,1027,2,1,0.088,116.20853424072266
110,432,1,1,0.088,118.38339233398438
91,492,0,3,0.01200000000000001,129.30715942382812
26,559,3,1,0.088,131.1924285888672
25,817,0,1,0.07708561465759184,143.44607543945312
10,545,0,3,0.013381224906361039,124.37067413330078
69,281,0,1,0.088,144.65896606445312
22,438,0,3,0.1,136.02891540527344
52,1905,3,1,0.088,125.9395751953125
3,713,0,3,0.01200000000000001,155.3379364013672
16,1697,2,1,0.088,140.31817626953125
109,401,2,2,0.020568563954358188,111.2332534790039
62,630,0,2,0.132,119.26226806640625
32,822,0,1,0.088,125.60336303710938
15,141,1,3,0.03373556116115217,132.33380126953125
88,1752,0,3,0.01200000000000001,133.68714904785156
30,992,3,0,0.027520582406770716,107.15977478027344
0,489,0,2,0.132,120.92341613769531
62,191,1,2,0.132,129.4374237060547
110,1427,2,0,0.15058840632698756,114.03286743164062
52,1954,3,3,0.1,110.34359741210938
112,629,1,0,0.00582010685184936,116.9473648071289
93,1944,3,0,0.154,114.08553314208984
34,1495,0,1,0.088,135.0811004638672
32,249,2,0,0.154,124.26079559326172
24,454,2,2,0.132,101.93009185791016
112,1526,3,1,0.088,122.87189483642578
44,1104,3,2,0.132,149.82472229003906
112,93,2,3,0.1,121.39998626708984
74,1294,1,2,0.132,135.21688842773438
0,941,1,2,0.132,123.33490753173828
52,541,2,3,0.1,114.38414001464844
74,1592,0,2,0.132,139.51210021972656
62,1490,1,2,0.132,118.7197265625
62,1166,1,2,0.132,127.26758575439453
32,820,1,1,0.012722338243388281,147.88986206054688
68,1836,0,2,0.132,142.36790466308594
66,278,2,2,0.132,133.26498413085938
24,1518,0,2,0.132,133.46910095214844
24,1748,0,1,0.088,129.021484375
89,990,1,2,0.132,145.06959533691406
62,202,3,3,0.1,120.06063079833984
52,1074,3,3,0.1,113.91722106933594
71,409,2,2,0.132,144.40811157226562
51,1018,0,2,0.132,
74,1213,1,2,0.132,132.210205078125
31,499,2,3,0.1,122.70281219482422
29,836,2,1,0.010315427325535143,124.64337158203125
63,248,1,3,0.09747398968025076,126.2093505859375
36,1643,2,1,0.088,128.31716918945312
3,1230,3,1,0.088,152.07374572753906
24,1415,3,0,0.154,97.89253997802734
58,1070,3,3,0.1,125.97569274902344
14,1833,3,2,0.132,141.6969451904297
89,416,2,3,0.03959752852436435,147.90667724609375
93,1506,0,3,0.1,115.3077621459961
24,1398,3,2,0.132,127.61131286621094
92,42,2,3,0.01200000000000001,131.1463623046875
16,1012,2,2,0.132,146.7617645263672
63,341,2,1,0.088,128.81863403320312
89,34,0,0,0.154,131.45555114746094
63,963,1,1,0.088,127.71814727783203
59,495,3,1,0.088,149.02171325683594
52,92,2,3,0.1,114.4842758178711
105,511,1,0,0.04438999277900402,131.4611358642578
102,622,0,1,0.088,146.0201416015625
24,1014,2,1,0.088,123.14542388916016
71,1557,0,2,0.132,146.90306091308594
3,617,0,1,0.088,148.67442321777344
31,1756,0,1,0.088,125.58521270751953
61,178,3,1,0.088,142.87037658691406
34,1750,3,2,0.07945108767185294,128.08155822753906
61,1534,0,1,0.088,137.87881469726562
93,346,1,3,0.1,114.6578369140625
42,648,0,3,0.1,124.9762191772461
66,1399,3,2,0.132,132.9351806640625
16,79,3,1,0.088,138.29283142089844
99,922,0,2,0.132,
56,854,3,1,0.07599912614864465,124.0895004272461
59,1215,0,2,0.132,139.73147583007812
0,1382,0,3,0.1,119.41303253173828
22,1477,0,3,0.01200000000000001,145.39231872558594
32,853,0,2,0.132,129.7819061279297
93,971,0,3,0.1,115.72610473632812
22,1581,0,1,0.088,147.78231811523438
33,519,2,2,0.132,129.72862243652344
52,944,1,2,0.132,117.03491973876953
59,687,3,2,0.132,129.9551239013672
74,590,0,2,0.055518829760210275,141.74819946289062
61,1807,0,2,0.132,142.94508361816406
0,1700,2,2,0.132,123.50120544433594
52,92,3,1,0.088,114.4842758178711
52,2016,1,3,0.1,115.55853271484375
38,1798,0,2,0.132,142.52561950683594
8,162,0,2,0.132,139.9624481201172
28,809,0,2,0.132,151.22744750976562
92,2018,0,3,0.1,132.23635864257812
16,1711,0,2,0.132,138.2382049560547
105,165,1,1,0.088,133.09605407714844
20,495,3,2,0.07074294340624576,143.80772399902344
39,570,0,1,0.088,134.47657775878906
82,595,0,1,0.088,135.68536376953125
77,983,2,1,0.088,118.82787322998047
74,5,1,3,0.03354868403799191,134.21156311035156
71,1779,1,1,0.088,134.48866271972656
53,1313,2,2,0.132,125.87103271484375
54,1599,1,2,0.132,145.07931518554688
52,399,0,2,0.132,118.01366424560547
97,1723,2,2,0.132,129.4945068359375
16,1857,0,1,0.088,144.66485595703125
46,917,0,1,0.088,131.14027404785156
87,356,0,3,0.08295511441897435,129.4069061279297
97,616,2,3,0.01200000000000001,134.181396484375
28,1426,1,2,0.132,128.86752319335938
0,1139,0,1,0.088,123.39098358154297
20,172,0,2,0.132,149.0245361328125
32,1031,1,1,0.088,131.99227905273438
33,1361,3,2,0.132,129.86859130859375
28,319,1,3,0.154,106.76277923583984
70,1397,2,1,0.088,119.8997573852539
52,686,0,2,0.132,113.4040756225586
67,1315,0,1,0.088,123.85943603515625
52,916,0,1,0.088,125.81197357177734
52,274,1,3,0.1,115.54942321777344
0,1895,2,3,0.01200000000000001,123.22514343261719
52,574,2,2,0.132,125.93468475341797
92,368,1,3,0.01200000000000001,133.63473510742188
0,416,1,3,0.1,122.853515625
4,933,1,2,0.132,126.45576477050781
71,1378,3,3,0.01200000000000001,146.09010314941406
112,1414,0,1,0.088,124.9582748413086
10,9,3,2,0.132,126.60453796386719
94,734,0,1,0.088,130.95423889160156
43,1930,1,2,0.08691847906960015,124.98405456542969
63,182,0,2,0.1303768549494111,127.56768798828125
22,125,0,3,0.01200000000000001,139.9590301513672
52,1243,0,1,0.088,114.40888977050781
44,1889,2,3,0.05331001853719647,138.0310516357422
88,245,1,2,0.132,134.83404541015625
46,771,1,0,0.01640154739078055,122.0935287475586
43,929,3,2,0.04199009362960027,125.62284851074219
89,1738,0,3,0.012000000000005256,153.34376525878906
0,1088,0,2,0.132,122.53172302246094
112,921,1,2,0.132,121.8759536743164
0,1284,1,3,0.01200000000000001,118.5784912109375
49,488,3,0,0.154,117.05455017089844
7,1562,3,1,0.088,134.93003845214844
89,50,0,1,0.088,149.9736785888672
4,68,2,0,0.154,118.3462905883789
4,2020,2,1,0.088,122.33370208740234
57,1790,3,3,0.09136636580503127,126.96075439453125
61,11,2,2,0.132,135.0902099609375
109,1567,3,3,0.02205473828661389,111.4194107055664
89,1443,1,3,0.1,149.4813690185547
82,1615,3,1,0.07516498107320269,142.1243438720703
92,277,0,2,0.132,136.6290740966797
36,1282,0,3,0.07348498220096333,124.82917785644531
32,1958,0,2,0.132,149.61074829101562
14,1664,3,3,0.1,136.20751953125
52,800,0,1,0.088,115.9950942993164
52,894,1,2,0.132,119.27938079833984
62,154,1,3,0.1,123.12361145019531
52,1560,3,3,0.1,116.91202545166016
32,674,1,0,0.026276709780392454,128.83421325683594
4,166,0,1,0.088,120.56815338134766
24,139,3,2,0.132,103.18280792236328
38,1917,2,2,0.132,130.6839141845703
26,198,2,2,0.0033420164995450474,131.77601623535156
0,1279,2,3,0.01200000000000001,122.82337188720703
23,938,0,0,0.09684249941421352,113.87184143066406
28,347,1,3,0.1,110.48572540283203
52,1610,2,2,0.132,114.71519470214844
32,960,2,2,0.132,129.90234375
59,755,1,2,0.132,145.277587890625
52,1465,0,3,0.1,110.89873504638672
16,1647,1,1,0.088,140.54019165039062
62,1625,3,3,0.1,119.21498107910156
66,779,3,0,0.154,123.97967529296875
95,728,3,1,0.088,134.49842834472656
48,294,2,3,0.1,133.60263061523438
59,1915,0,0,0.154,119.300048828125
107,771,1,3,0.1,124.8428726196289
89,88,1,3,0.01200000000000001,144.98692321777344
89,1082,3,1,0.088,146.34326171875
14,372,0,2,0.07609197202255336,141.16204833984375
74,1943,0,1,0.088,139.63780212402344
38,1339,0,3,0.1,127.73104858398438
15,182,2,3,0.005657224082938311,130.62559509277344
52,651,1,0,0.154,110.28583526611328
89,1332,0,3,0.01200000000000001,148.42784118652344
21,1500,1,3,0.0007528687647666565,130.07064819335938
52,1741,1,1,0.088,114.22257232666016
32,1530,3,3,0.1,131.4494171142578
110,704,1,1,0.049420697365924915,113.29430389404297
30,1087,3,2,0.08864477561504208,125.76468658447266
46,502,3,3,0.1,131.33058166503906
42,1899,0,0,0.10855418069046241,123.24591827392578
25,1853,1,3,0.01200000000000001,145.38912963867188
88,771,0,0,0.154,128.14703369140625
77,1634,0,0,0.154,117.50836181640625
28,545,2,1,0.088,125.68897247314453
24,454,0,1,0.088,101.93009185791016
43,505,3,1,0.088,121.37511444091797
32,571,2,1,0.088,132.678955078125
70,1899,0,1,0.088,121.26781463623047
103,1831,3,1,0.036730904462362435,147.28817749023438
52,1689,3,2,0.132,114.96037292480469
88,862,2,0,0.15273317468089295,127.34458923339844
74,865,1,2,0.132,141.00088500976562
69,1390,2,3,0.01200000000000001,140.39895629882812
52,637,1,2,0.132,121.20697021484375
51,456,3,3,0.1,121.81966400146484
95,988,2,1,0.088,135.39410400390625
6,1252,3,1,0.088,121.41395568847656
15,5,1,3,0.0664513159620081,130.68153381347656
62,202,1,2,0.132,120.06063079833984
58,58,3,2,0.132,128.08712768554688
16,1972,0,0,0.154,131.34901428222656
36,592,3,1,0.088,128.6049041748047
69,1725,1,3,0.04521371656501666,142.64390563964844
52,927,1,1,0.088,123.58746337890625
25,1407,1,3,0.01200000000000001,143.69317626953125
82,1127,0,3,0.1,136.31854248046875
11,1113,2,3,0.08174603598824409,135.55572509765625
91,1919,1,3,0.054765547878618814,126.22821807861328
46,1057,1,2,0.0640098000473861,127.60257720947266
24,81,1,1,0.088,131.71286010742188
24,1510,3,2,0.132,125.95013427734375
31,1748,1,3,0.01200000000000001,124.78679656982422
89,951,2,3,0.01200000000000001,144.8352508544922
71,1237,2,2,0.132,142.54266357421875
8,1979,2,3,0.01200000000000001,130.64840698242188
93,1552,0,1,0.088,116.08946990966797
79,247,0,1,0.06605269974896052,150.68690490722656
93,932,3,1,0.088,118.2464370727539
24,1720,3,3,0.1,121.43627166748047
66,278,0,1,0.088,133.26498413085938
51,997,2,1,0.0373183417333848,120.31407928466797
52,1074,1,2,0.132,113.91722106933594
29,1305,1,2,0.132,127.0638198852539
59,739,1,3,0.1,145.81541442871094
31,607,1,3,0.0486544459203066,120.7025375366211
34,2006,3,3,0.1,127.85880279541016
15,5,2,1,0.088,130.68153381347656
92,4,2,1,0.088,128.8118133544922
102,1615,1,1,0.088,138.79168701171875
58,1070,1,2,0.09863407115809275,125.97569274902344
77,30,1,3,0.1,118.33349609375
11,860,0,1,0.088,135.3519287109375
28,1048,2,1,0.088,128.924560546875
17,54,0,1,0.04560262288734132,134.31114196777344
3,1515,2,1,0.088,150.95675659179688
3,1283,0,1,0.088,151.802490234375
44,1623,1,2,0.132,137.6455078125
52,1021,3,1,0.088,113.99590301513672
92,42,0,2,0.132,131.1463623046875
16,1012,0,1,0.088,146.7617645263672
91,1919,2,1,0.08020839231705978,126.22821807861328
70,722,2,1,0.088,118.48468017578125
38,567,0,2,0.132,135.260498046875
48,366,1,1,0.088,134.43142700195312
16,481,3,1,0.088,144.2367401123047
28,816,3,2,0.132,129.8976287841797
0,184,2,1,0.088,119.88111877441406
95,738,3,2,0.132,134.23291015625
25,1207,1,3,0.01200000000000001,145.3628692626953
27,862,1,1,0.001706158304736194,117.03849792480469
46,243,1,3,0.01200000000000001,129.21240234375
66,469,2,2,0.06982814908747503,128.07476806640625
8,349,3,2,0.132,139.82237243652344
93,1159,1,3,0.1,115.12866973876953
105,1395,3,1,0.088,141.3287353515625
74,1580,1,2,0.132,131.71449279785156
107,994,0,0,0.03772960371144396,124.20215606689453
52,1675,0,0,0.154,109.58290100097656
48,1257,1,1,0.07123797650491329,129.98362731933594
30,298,3,3,0.1,115.61144256591797
91,2003,1,1,0.088,122.52047729492188
97,801,3,3,0.1,132.0176544189453
68,973,3,3,0.1,135.23977661132812
112,363,1,1,0.088,120.81670379638672
62,896,3,3,0.1,118.58523559570312
67,1840,2,3,0.1,126.37908935546875
59,488,3,1,0.088,141.45706176757812
92,1992,1,3,0.01200000000000001,133.90635681152344
32,1511,1,1,0.088,129.948974609375
24,1154,2,2,0.132,134.06068420410156
59,445,1,2,0.132,146.79074096679688
70,248,3,3,0.0781644748341212,121.21420288085938
0,609,1,3,0.01200000000000001,118.59825897216797
24,1250,3,2,0.132,125.26699829101562
71,1173,0,1,0.088,148.02630615234375
16,270,3,1,0.088,139.48440551757812
52,94,3,0,0.154,113.03173828125
91,992,2,0,0.07392154915322927,118.83440399169922
52,46,1,2,0.132,117.04924774169922
61,1330,0,3,0.01200000000000001,141.5262451171875
16,936,0,3,0.019771183400349307,135.40988159179688
93,636,2,1,0.088,117.3006362915039
24,1297,2,1,0.088,131.25131225585938
67,458,3,2,0.132,141.94337463378906
97,1723,0,1,0.088,129.4945068359375
62,1272,3,1,0.021365308115785575,120.85572052001953
31,490,3,3,0.05015955140537509,123.93736267089844
77,1693,0,3,0.1,118.93521881103516
48,292,2,2,0.132,138.28550720214844
52,579,2,2,0.132,118.21285247802734
97,91,1,3,0.01200000000000001,136.28135681152344
4,1694,0,3,0.01200000000000001,134.3686065673828
89,172,1,3,0.09552920669919018,148.48468017578125
23,86,1,3,0.1,109.1586685180664
59,916,1,3,0.01200000000000001,150.90350341796875
13,629,3,1,0.087322426444436,122.93148803710938
97,616,0,2,0.132,134.181396484375
112,1211,1,3,0.1,117.7302017211914
52,94,1,3,0.1,113.03173828125
33,1361,1,1,0.088,129.86859130859375
22,312,3,3,0.1,135.8302001953125
46,890,0,3,0.1,130.72946166992188
4,155,2,3,0.01688633480486304,123.10820007324219
92,1846,2,2,0.132,137.86404418945312
3,1311,0,1,0.088,156.0355987548828
0,1939,3,3,0.01200000000000001,124.44583129882812
0,1895,0,2,0.132,123.22514343261719
16,1409,1,3,0.01200000000000001,139.1002655029297
89,1836,1,1,0.088,148.20179748535156
10,1883,1,2,0.132,127.12923431396484
60,929,0,0,0.01851512100984233,127.4666976928711
68,2017,2,3,0.012000000000005256,142.1496124267578
16,853,3,0,0.154,131.5590057373047
92,1324,1,2,0.132,132.34060668945312
74,1429,3,1,0.088,135.6409149169922
16,1701,3,2,0.132,144.1066131591797
0,1421,3,1,0.088,120.96326446533203
3,966,3,1,0.088,151.40087890625
89,1484,2,3,0.012000000000005256,149.45065307617188
63,662,3,1,0.088,127.27979278564453
94,1590,0,3,0.012000000000005256,138.20809936523438
34,615,3,2,0.132,125.21662902832031
32,337,3,1,0.088,129.88119506835938
3,333,0,3,0.01200000000000001,155.59324645996094
93,1316,2,1,0.088,116.23680877685547
38,247,3,2,0.015569116461371824,136.90753173828125
87,1634,0,1,0.06810329392574327,130.53347778320312
37,96,1,3,0.154,
52,1560,1,2,0.132,116.91202545166016
99,862,0,3,0.018030874743422298,125.85360717773438
102,1467,1,3,0.01200000000000001,137.88986206054688
38,1917,0,1,0.088,130.6839141845703
89,495,0,3,0.1,143.6575927734375
30,859,0,2,0.132,117.45056915283203
79,395,0,3,0.01200000000000001,151.81991577148438
16,696,0,1,0.088,153.19749450683594
16,1487,2,1,0.088,138.53506469726562
16,284,1,2,0.132,140.48529052734375
32,960,0,1,0.088,129.90234375
31,1174,1,3,0.1,116.35623931884766
82,1093,2,1,0.088,134.21722412109375
115,1137,3,1,0.088,132.39999389648438
92,1087,0,2,0.132,143.92359924316406
30,1130,3,0,0.06871877437985455,106.7188491821289
102,453,2,2,0.132,
29,1371,0,2,0.12523763659808468,127.41815185546875
83,290,1,2,0.08600854131862418,122.69511413574219
74,273,1,1,0.088,135.316162109375
16,346,3,2,0.132,137.50404357910156
92,839,0,1,0.088,128.94259643554688
8,1618,3,1,0.088,128.6868896484375
48,294,0,2,0.132,133.60263061523438
46,1645,2,0,0.023242400467458235,121.91461181640625
13,930,3,3,0.017478893350692748,124.87963104248047
52,1572,2,0,0.154,107.89373779296875
43,1254,2,1,0.088,121.11101531982422
62,929,3,2,0.09000990637039974,118.82085418701172
31,1665,1,2,0.132,132.44775390625
62,1058,3,3,0.1,122.56578063964844
51,1745,0,1,0.088,120.2622299194336
59,1740,3,2,0.132,141.69007873535156
8,237,0,2,0.132,144.8137969970703
94,1946,0,3,0.012000000000005256,136.81393432617188
32,1530,1,2,0.132,131.4494171142578
52,1610,0,1,0.088,114.71519470214844
28,1684,2,2,0.132,128.9779815673828
103,769,0,3,0.01200000000000001,145.1158447265625
87,1145,0,3,0.1,125.43084716796875
92,1521,0,2,0.132,138.62620544433594
70,80,3,1,0.088,121.926025390625
85,401,1,2,0.0151292471333149,113.93543243408203
56,1344,1,1,0.088,125.71691131591797
16,914,2,3,0.01200000000000001,138.77146911621094
62,1625,1,2,0.132,119.21498107910156
32,486,1,3,0.1,130.81932067871094
61,1723,1,0,0.10811523400738118,133.6435089111328
94,610,2,1,0.03875759312443017,131.24545288085938
61,1854,3,2,0.132,136.08560180664062
16,1542,3,0,0.03019691921342249,132.64990234375
18,171,1,3,0.01792565926798992,128.98101806640625
82,1269,1,1,0.088,134.21908569335938
25,113,1,3,0.1,143.81182861328125
26,1950,1,2,0.132,130.5976104736328
113,1182,2,2,0.132,125.72270202636719
8,369,0,3,0.1,125.75128936767578
23,581,3,1,0.088,109.01860809326172
52,877,0,1,0.088,110.40229034423828
69,1460,1,2,0.132,138.9309844970703
42,1080,1,2,0.005831243198640812,126.8885726928711
51,456,1,2,0.132,121.81966400146484
62,1825,0,3,0.1,120.16182708740234
59,1265,3,2,0.132,157.78675842285156
22,284,0,3,0.1,137.0123291015625
39,1804,3,3,0.1,133.60902404785156
16,1542,1,3,0.1,132.64990234375
8,39,3,2,0.132,129.86111450195312
109,1130,0,1,0.088,111.07571411132812
82,1411,2,3,0.1,134.3938446044922
52,741,2,2,0.132,118.51795959472656
20,951,0,1,0.088,145.0845184326172
52,2032,0,1,0.088,117.62117767333984
83,136,3,1,0.088,127.1736831665039
11,1113,0,2,0.132,135.55572509765625
23,1885,2,2,0.132,108.67815399169922
99,973,0,2,0.007502157953468397,132.8307647705078
3,51,3,1,0.088,149.92904663085938
42,1664,2,1,0.06355132553818088,128.19168090820312
16,1293,2,1,0.088,138.1072540283203
52,484,1,3,0.1,116.0594253540039
24,1510,1,1,0.088,125.95013427734375
102,372,0,3,0.01200000000000001,141.55303955078125
16,1715,1,3,0.1,131.66139221191406
3,1600,0,3,0.01200000000000001,155.62001037597656
74,256,2,1,0.088,139.3878173828125
25,113,2,1,0.088,143.81182861328125
66,217,3,2,0.132,134.20632934570312
10,901,3,3,0.06626476097537878,122.79722595214844
80,169,2,2,0.01169221952966798,102.01465606689453
59,36,0,2,0.132,153.398681640625
87,1172,0,2,0.035565578530399655,129.39439392089844
32,889,2,3,0.1,129.6898651123047
59,1452,1,2,0.132,145.51007080078125
62,1247,3,2,0.132,136.20602416992188
22,1857,3,3,0.01200000000000001,140.77255249023438
23,306,2,3,0.1,108.73906707763672
4,1573,2,1,0.088,122.0376205444336
3,946,2,2,0.132,149.28436279296875
83,1407,1,2,0.132,128.44703674316406
62,860,2,1,0.08394352110733355,120.24674987792969
85,1052,3,1,0.088,115.4173812866211
24,1782,3,2,0.132,122.35279083251953
97,1340,2,2,0.132,127.10184478759766
107,152,0,0,0.13400515456432163,123.06675720214844
92,99,2,3,0.01792517511493441,129.5775909423828
89,36,2,1,0.088,147.8580780029297
16,1620,2,1,0.088,124.46698760986328
74,1592,2,2,0.132,139.51210021972656
24,1541,2,0,0.154,104.03678131103516
44,1667,2,2,0.132,137.72528076171875
29,1619,2,3,0.02577780402143752,120.2435531616211
32,766,0,1,0.088,130.71188354492188
13,223,2,1,0.049182986423388475,124.33153533935547
38,1473,1,2,0.132,127.89766693115234
89,31,3,1,0.088,151.2565460205078
83,169,2,2,0.12030778047033203,120.76686096191406
52,482,2,3,0.1,114.0463638305664
89,86,1,0,0.154,132.24154663085938
62,367,3,2,0.132,126.21637725830078
18,1299,0,3,0.1,125.17724609375
62,147,2,0,0.154,117.26025390625
71,1755,1,1,0.088,144.09130859375
66,1131,0,3,0.1,128.8333740234375
58,478,2,3,0.01200000000000001,126.62586975097656
32,1901,0,3,0.1,127.85045623779297
3,500,2,2,0.132,145.1448974609375
3,328,0,2,0.132,153.79708862304688
24,1911,3,3,0.09668122198219808,105.58892822265625
33,1287,3,3,0.01200000000000001,130.462158203125
33,1567,2,3,0.08898849779201744,115.87422943115234
32,1464,0,1,0.088,152.0000457763672
52,1543,0,3,0.09593573352516743,114.68257904052734
93,1582,0,2,0.132,124.49070739746094
30,298,1,2,0.08221975343862042,115.61144256591797
74,380,3,1,0.088,136.81973266601562
68,194,1,2,0.132,140.58995056152344
46,1197,1,3,0.012000000000005256,130.36343383789062
103,920,0,3,0.07726929421810416,140.20042419433594
24,448,1,1,0.088,124.11146545410156
16,312,2,1,0.088,138.6106719970703
77,1981,3,1,0.088,120.03325653076172
17,1607,3,3,0.01200000000000001,132.5178680419922
92,1892,2,2,0.132,130.66262817382812
70,248,1,2,0.132,121.21420288085938
48,1789,1,3,0.013274135350533789,134.11978149414062
14,487,2,3,0.1,137.53363037109375
99,922,2,2,0.132,
14,769,0,1,0.088,141.1082763671875
11,378,0,2,0.132,138.10166931152344
32,835,3,2,0.132,145.14834594726562
92,1758,3,1,0.088,138.0644073486328
89,981,0,1,0.088,154.34408569335938
66,2022,3,3,0.1,126.51837158203125
92,1485,1,3,0.1,128.9812774658203
97,801,1,2,0.132,132.0176544189453
74,1799,3,1,0.088,145.28298950195312
31,490,1,2,0.132,123.93736267089844
62,1141,2,1,0.088,123.12361145019531
24,998,2,3,0.01200000000000001,128.33494567871094
16,71,1,3,0.0775199233777224,135.73399353027344
88,1433,3,3,0.06854856049140026,131.51849365234375
13,629,1,0,0.08461036653608041,122.93148803710938
34,654,1,2,0.132,132.59103393554688
89,1731,2,2,0.132,148.8513641357422
52,188,0,3,0.01200000000000001,126.22765350341797
39,1875,1,3,0.02987004521908665,125.42082977294922
38,1753,0,0,0.06100672120436529,122.6750259399414
77,1363,1,1,0.088,120.9373779296875
95,1375,0,2,0.007628431159864668,134.5364990234375
23,47,0,3,0.1,102.72364807128906
11,1272,2,3,0.1,135.8681640625
52,1191,2,3,0.1,113.21483612060547
33,78,3,2,0.132,127.87297821044922
24,904,1,2,0.132,128.63856506347656
44,1157,2,2,0.132,137.33468627929688
93,1525,3,3,0.1,115.00581359863281
52,579,0,1,0.088,118.21285247802734
16,1091,3,1,0.088,141.53334045410156
32,776,0,2,0.132,150.38034057617188
97,21,1,3,0.1,129.90463256835938
3,1199,3,3,0.1,149.8568115234375
10,169,3,3,0.00859413282187585,122.61397552490234
44,105,0,2,0.132,147.8617706298828
42,764,1,2,0.05969102978743923,129.01547241210938
110,661,3,3,0.1,115.03720092773438
95,764,2,3,0.01200000000000001,133.3287353515625
93,1815,3,2,0.132,117.9394760131836
58,1116,0,1,0.088,131.0633087158203
62,896,2,0,0.154,118.58523559570312
92,1762,0,1,0.06636684414376959,138.27569580078125
46,45,1,1,0.006204881553681291,130.48768615722656
97,1277,1,1,0.088,134.04920959472656
63,659,1,0,0.08005750872182657,123.11795806884766
33,1317,3,2,0.055282589265506665,132.72242736816406
71,678,3,2,0.132,139.04981994628906
16,1851,1,3,0.1,138.11293029785156
33,492,1,1,0.0766565219229402,128.03990173339844
105,2012,0,3,0.01200000000000001,147.9235382080078
92,1659,2,3,0.01200000000000001,129.94183349609375
105,1052,1,1,0.088,130.897705078125
3,260,2,0,0.154,144.91055297851562
110,43,1,3,0.1,115.72345733642578
110,1427,2,3,0.1,114.03286743164062
0,941,3,2,0.132,123.33490753173828
3,1550,1,2,0.132,151.16221618652344
52,693,0,2,0.132,122.83924102783203
52,512,2,2,0.132,117.43138885498047
112,629,1,3,0.0031111283992200645,116.9473648071289
93,1944,3,3,0.1,114.08553314208984
16,267,0,1,0.088,140.13809204101562
32,249,2,3,0.1,124.26079559326172
43,1540,3,1,0.088,121.15424346923828
103,419,3,2,0.132,140.38217163085938
32,57,3,0,0.154,128.3669891357422
16,1701,1,1,0.088,144.1066131591797
17,132,0,1,0.088,132.67324829101562
115,1852,0,3,0.1,126.32865142822266
82,1530,0,2,0.132,131.20611572265625
0,1088,2,2,0.132,122.53172302246094
112,921,3,2,0.132,121.8759536743164
99,189,3,1,0.018364019774499002,137.8892364501953
102,453,0,1,0.088,
17,439,1,3,0.012506796253669822,132.58995056152344
34,503,3,1,0.088,134.35693359375
103,953,0,2,0.11908428073420979,144.8365478515625
85,722,3,3,0.1,116.1856918334961
82,1676,0,1,0.088,134.11521911621094
70,179,0,1,0.088,118.63557434082031
93,374,1,1,0.088,120.01189422607422
44,786,3,1,0.088,138.05804443359375
93,609,3,1,0.088,116.8697509765625
24,1415,3,3,0.154,97.89253997802734
39,1318,0,3,0.01200000000000001,131.2050323486328
16,914,0,2,0.132,138.77146911621094
88,45,0,1,0.088,139.74209594726562
16,1904,3,3,0.012000000000005256,144.78599548339844
51,1018,3,0,0.154,
61,1408,0,3,0.1,135.23831176757812
32,674,3,0,0.06577912662390034,128.83421325683594
63,1699,1,3,0.1,126.42735290527344
52,980,3,1,0.088,112.97105407714844
13,930,1,2,0.132,124.87963104248047
24,493,2,2,0.132,125.33390045166016
43,1254,0,0,0.023239073917076553,121.11101531982422
52,1402,2,3,0.1,118.49024200439453
27,18,2,0,0.055488074619621124,115.63247680664062
105,511,1,3,0.1,131.4611358642578
62,1058,1,2,0.132,122.56578063964844
28,1823,1,3,0.01200000000000001,129.92921447753906
52,1728,3,2,0.132,115.09016418457031
68,1863,2,1,0.088,142.23521423339844
99,462,3,2,0.132,139.01760864257812
3,1872,2,2,0.132,151.40892028808594
106,444,0,3,0.1,140.1685028076172
4,1094,3,2,0.132,136.7510986328125
14,83,0,3,0.01200000000000001,138.9224853515625
70,417,2,1,0.088,120.03707885742188
61,1807,2,2,0.132,142.94508361816406
77,1078,2,2,0.132,119.92849731445312
52,2016,3,3,0.1,115.55853271484375
29,836,3,2,0.027351488308477223,124.64337158203125
91,1155,3,3,0.004626897278618841,129.05206298828125
8,39,1,1,0.088,129.86111450195312
82,1411,0,2,0.132,134.3938446044922
25,1042,2,1,0.088,144.3134307861328
97,1164,1,1,0.008115735972011123,135.65614318847656
103,384,3,2,0.03681150847312964,148.4199981689453
112,230,0,0,0.154,116.66272735595703
113,1201,0,2,0.132,124.94883728027344
95,424,0,1,0.088,138.8199462890625
57,1117,0,0,0.03616138051942108,125.15880584716797
0,1717,2,3,0.01200000000000001,118.86351776123047
103,1061,0,1,0.088,146.58047485351562
52,399,2,2,0.132,118.01366424560547
97,1442,0,3,0.0973573097266977,130.96649169921875
39,859,2,3,0.1,128.1324462890625
97,832,2,1,0.08541850616032076,136.13668823242188
24,588,2,2,0.132,128.02584838867188
23,581,1,0,0.154,109.01860809326172
59,1215,3,0,0.154,139.73147583007812
32,334,0,1,0.088,128.88758850097656
0,1382,3,1,0.088,119.41303253173828
59,1410,2,3,0.01200000000000001,150.5833282470703
16,99,2,2,0.132,139.86102294921875
28,1823,2,1,0.088,129.92921447753906
105,1423,0,2,0.06888201736364591,141.85899353027344
82,1333,0,2,0.132,134.64002990722656
8,463,0,1,0.088,139.49061584472656
83,670,1,3,0.1,121.12739562988281
93,258,1,1,0.088,115.4438247680664
3,1380,0,3,0.1,150.60272216796875
58,63,2,1,0.088,127.18091583251953
99,1164,1,2,0.11469134394862429,136.6811065673828
92,284,3,3,0.1,130.3267364501953
88,1940,3,3,0.01200000000000001,137.09828186035156
84,992,1,1,0.088,111.88735961914062
92,1744,0,1,0.088,128.87255859375
49,1753,0,0,0.09299327879563471,116.86788940429688
95,847,1,1,0.088,138.66896057128906
77,1257,1,2,0.132,119.83209991455078
97,1340,0,1,0.088,127.10184478759766
82,741,0,3,0.1,134.1942596435547
66,1696,2,1,0.088,133.54762268066406
33,910,1,2,0.132,124.88729858398438
25,116,0,0,0.08007703624722592,136.343017578125
22,1335,0,2,0.132,152.1549530029297
52,1162,2,1,0.088,118.1859130859375
80,169,0,1,0.088,102.01465606689453
102,706,1,2,0.07520216552760281,145.36660766601562
33,474,2,2,0.132,121.36383056640625
0,679,3,1,0.088,121.99736022949219
34,1004,3,1,0.088,125.96566009521484
23,306,0,2,0.132,108.73906707763672
3,946,0,1,0.088,149.28436279296875
100,535,3,2,0.04558817769278098,155.7674560546875
52,586,3,3,0.1,115.30518341064453
52,686,3,0,0.154,113.4040756225586
0,932,0,3,0.1,120.03890991210938
105,1747,2,1,0.018960300267997734,130.10084533691406
87,1930,2,3,0.1,128.5451202392578
24,1263,0,1,0.088,124.50358581542969
33,1039,1,3,0.1,120.8282241821289
16,1620,0,0,0.154,124.46698760986328
24,1044,2,3,0.154,108.1099624633789
71,1183,1,2,0.132,135.33660888671875
48,1981,3,3,0.1,130.1066131591797
62,90,3,1,0.088,118.29218292236328
39,1087,3,2,0.043355224384957924,134.91246032714844
11,1806,3,2,0.132,140.4302978515625
110,430,0,3,0.1,113.60810852050781
0,1700,3,3,0.01200000000000001,123.50120544433594
68,862,0,0,0.032634567828863925,130.04806518554688
54,594,3,1,0.02695027656525789,140.0352325439453
82,595,1,2,0.132,135.68536376953125
68,231,3,3,0.01200000000000001,139.82000732421875
20,1546,1,2,0.10722143812624574,142.33384704589844
42,1144,3,2,0.132,129.45460510253906
3,1406,3,2,0.132,150.809814453125
52,1435,2,2,0.132,123.98721313476562
36,1282,2,3,0.08941825355851049,124.82917785644531
52,868,1,1,0.088,115.0723876953125
105,304,0,1,0.088,146.7697296142578
17,421,0,3,0.01200000000000001,132.8511199951172
52,1493,0,1,0.088,117.21272277832031
61,1663,1,1,0.04234912830502455,138.9631805419922
52,383,0,2,0.132,119.4293212890625
82,642,0,1,0.088,136.5513153076172
16,1841,2,2,0.132,141.8436279296875
24,998,0,2,0.132,128.33494567871094
105,72,1,2,0.132,139.81045532226562
51,413,3,2,0.132,125.22708892822266
52,702,2,2,0.132,119.75944519042969
93,53,3,1,0.020954811049853916,117.27527618408203
16,1220,0,2,0.132,140.44944763183594
32,835,1,1,0.088,145.14834594726562
1,1942,2,2,0.132,123.48729705810547
28,593,3,3,0.05245658133845782,128.86752319335938
33,78,1,1,0.088,127.87297821044922
18,1108,3,2,0.132,129.92332458496094
62,1852,1,1,0.06560076096890777,121.1866455078125
75,862,1,0,0.021477844854237677,123.18672943115234
82,1536,2,2,0.132,133.4152374267578
25,580,2,2,0.11598961561958326,142.3682403564453
74,1079,2,2,0.132,143.3138885498047
82,330,1,3,0.1,134.62782287597656
109,1704,3,1,0.049649796197006074,108.84254455566406
24,1911,2,0,0.02846889192121488,105.58892822265625
74,117,3,1,0.088,142.64468383789062
105,1459,0,1,0.010458702890768418,137.90550231933594
52,651,3,0,0.154,110.28583526611328
24,475,1,2,0.132,124.61547088623047
84,401,1,1,0.03369282640985691,110.9894027709961
3,1199,1,2,0.0256282347876704,149.8568115234375
61,1199,3,2,0.132,137.73202514648438
95,1397,3,0,0.11375450948794871,126.43560791015625
38,508,0,2,0.132,134.1150360107422
33,1422,0,2,0.11323945438550653,125.82379913330078
32,1675,2,3,0.1,127.32746887207031
16,1982,3,1,0.088,147.0433807373047
93,1815,1,1,0.05777866216129948,117.9394760131836
74,945,3,1,0.088,145.35337829589844
59,1915,0,3,0.154,119.300048828125
24,1147,0,1,0.088,122.84561157226562
15,699,0,0,0.009484293344288797,128.24664306640625
52,651,1,3,0.1,110.28583526611328
71,898,2,3,0.1,136.22947692871094
38,783,0,2,0.132,140.804931640625
92,989,1,1,0.088,128.71408081054688
58,1754,1,2,0.132,128.6319580078125
52,512,0,1,0.088,117.43138885498047
36,1001,2,3,0.01200000000000001,126.90464782714844
70,529,1,3,0.1,121.2844009399414
42,1182,2,1,0.088,126.7245101928711
77,1634,0,3,0.1,117.50836181640625
69,427,0,3,0.09892091573482209,138.5226593017578
33,1459,2,3,0.1,123.2021255493164
89,1923,0,2,0.132,154.0394287109375
102,163,1,3,0.01200000000000001,142.00946044921875
89,518,1,3,0.1,145.2440948486328
113,1656,0,1,0.088,101.03799438476562
28,780,1,3,0.01200000000000001,133.98544311523438
71,678,1,1,0.088,139.04981994628906
49,591,1,1,0.088,122.65939331054688
54,1096,1,1,0.088,140.50599670410156
52,666,2,1,0.088,125.88329315185547
107,1961,2,2,0.132,125.36363983154297
110,466,0,2,0.132,118.08856201171875
52,1191,1,0,0.154,113.21483612060547
106,1062,0,2,0.132,141.06048583984375
18,147,3,0,0.10179835191478406,119.28112030029297
16,1151,3,3,0.01200000000000001,142.51524353027344
16,753,0,1,0.088,144.25210571289062
62,1787,0,3,0.01200000000000001,131.17129516601562
16,1972,0,3,0.1,131.34901428222656
88,1568,1,3,0.0022417877916812157,130.91050720214844
8,763,3,1,0.088,137.986572265625
103,419,1,1,0.088,140.38217163085938
103,1310,3,2,0.132,147.650146484375
52,1369,1,1,0.088,125.00878143310547
77,1953,1,3,0.1,120.82235717773438
24,1415,1,2,0.132,97.89253997802734
46,1372,0,3,0.01200000000000001,132.4490509033203
83,901,1,1,0.0011267529696834533,121.00437927246094
8,1235,1,2,0.132,128.80894470214844
24,1566,0,1,0.088,125.20452880859375
8,670,0,0,0.154,125.25389862060547
62,1246,2,2,0.132,121.61526489257812
82,1127,3,1,0.088,136.31854248046875
52,1937,0,2,0.132,113.63845825195312
97,534,3,3,0.1,129.44595336914062
110,704,2,2,0.059626215010399886,113.29430389404297
52,1728,1,1,0.088,115.09016418457031
110,1427,1,0,0.12983107924698753,114.03286743164062
112,629,0,0,0.03428471645184933,116.9473648071289
74,1993,0,1,0.08788963534334232,146.5625
43,423,3,1,0.088,120.51534271240234
93,1944,2,0,0.154,114.08553314208984
32,249,1,0,0.154,124.26079559326172
24,454,1,2,0.132,101.93009185791016
43,704,2,2,0.07237378498960012,125.88973236083984
17,1489,3,2,0.132,133.46987915039062
109,401,1,2,0.03089060491435819,111.2332534790039
62,19,1,3,0.01200000000000001,127.2640380859375
52,980,1,0,0.154,112.97105407714844
52,1402,0,2,0.132,118.49024200439453
89,1914,3,3,0.01200000000000001,148.59617614746094
93,781,1,3,0.1,115.86947631835938
89,313,3,3,0.01200000000000001,149.27333068847656
62,1490,0,2,0.132,118.7197265625
70,365,2,1,0.023277042360032474,120.0744400024414
38,426,1,1,0.032502819533593574,132.5028533935547
62,202,2,3,0.1,120.06063079833984
107,994,0,3,0.1,124.20215606689453
31,499,1,3,0.1,122.70281219482422
28,206,1,2,0.132,108.41876220703125
52,1349,2,1,0.088,120.17220306396484
112,93,1,3,0.1,121.39998626708984
48,515,1,3,0.04289718449679972,137.80747985839844
0,53,3,3,0.1,118.97344207763672
25,1537,3,3,0.1,142.23654174804688
88,231,2,1,0.07994570753730228,134.2027587890625
88,1318,2,2,0.132,137.11888122558594
24,1398,2,2,0.132,127.61131286621094
71,1237,3,3,0.01200000000000001,142.54266357421875
63,341,1,1,0.088,128.81863403320312
32,820,0,1,0.088,147.88986206054688
44,91,2,2,0.132,146.93707275390625
63,963,0,1,0.088,127.71814727783203
87,1825,3,3,0.04813553972729276,130.60597229003906
52,92,1,3,0.1,114.4842758178711
32,524,3,1,0.088,130.3231964111328
105,511,0,0,0.06033892992372325,131.4611358642578
63,340,3,1,0.000412953635402058,128.87940979003906
59,1410,0,2,0.132,150.5833282470703
58,790,3,3,0.1,127.84870910644531
107,479,0,1,0.088,129.77291870117188
19,223,3,0,0.010424873364234366,125.00798797607422
3,1230,2,1,0.088,152.07374572753906
4,748,1,2,0.041358511162317035,123.77698516845703
67,232,2,3,0.07538931292587764,124.9438247680664
56,1416,3,3,0.07521294716766447,122.70723724365234
24,607,0,2,0.132,122.91295623779297
66,1399,2,2,0.132,132.9351806640625
25,174,1,2,0.132,144.17628479003906
105,161,3,1,0.088,147.65940856933594
26,1371,2,2,0.07156519049413232,129.1265869140625
91,993,0,3,0.01630092387861884,127.6521224975586
18,737,0,3,0.01200000000000001,130.35581970214844
52,944,0,2,0.132,117.03491973876953
112,135,1,2,0.132,126.07093811035156
43,1172,3,1,0.05995854618827437,126.16073608398438
0,1700,1,2,0.132,123.50120544433594
33,474,0,1,0.088,121.36383056640625
57,1096,0,2,0.132,132.67799377441406
61,178,2,1,0.042538817097762804,142.87037658691406
70,1266,1,2,0.132,119.1239242553711
52,586,1,2,0.132,115.30518341064453
70,1152,0,2,0.132,120.51910400390625
3,1406,1,1,0.088,150.809814453125
52,1435,0,1,0.088,123.98721313476562
53,1313,1,2,0.132,125.87103271484375
23,1858,3,2,0.132,132.25367736816406
16,853,3,3,0.1,131.5590057373047
15,507,2,1,0.088,131.41943359375
59,687,2,2,0.132,129.9551239013672
28,1426,0,2,0.132,128.86752319335938
62,90,1,0,0.154,118.29218292236328
3,1253,3,3,0.01200000000000001,154.95314025878906
46,890,3,1,0.088,130.72946166992188
59,0,3,1,0.088,149.0017547607422
16,794,0,2,0.132,143.50582885742188
52,1624,0,2,0.132,124.48733520507812
0,416,0,3,0.01200000000000001,122.853515625
4,933,0,2,0.11035128713124703,126.45576477050781
95,1549,3,2,0.11581774223494612,134.6069793701172
18,1108,1,1,0.088,129.92332458496094
10,9,2,2,0.132,126.60453796386719
105,908,3,3,0.01200000000000001,144.9883575439453
75,1184,1,1,0.06999009095569506,125.80225372314453
103,559,2,2,0.132,142.81356811523438
89,837,3,1,0.088,147.82432556152344
57,1661,2,2,0.132,135.1951446533203
105,1619,2,3,0.07422219597856249,134.796142578125
15,1729,1,2,0.132,131.79469299316406
52,1572,2,3,0.06237478232480667,107.89373779296875
105,1919,3,2,0.132,140.46762084960938
44,792,3,0,0.09113083149368847,137.5310821533203
62,240,0,0,0.154,118.71685791015625
18,90,3,3,0.1,120.5414047241211
52,271,3,2,0.132,117.34913635253906
28,593,1,2,0.132,128.86752319335938
88,1057,0,1,0.088,135.211669921875
49,488,2,0,0.06164198231563467,117.05455017089844
14,866,3,3,0.04971378839910462,135.775390625
83,580,2,1,0.042783937427478394,127.33953857421875
32,1732,0,1,0.088,148.04331970214844
57,1790,2,3,0.1,126.96075439453125
24,272,0,1,0.088,127.48859405517578
115,1223,3,2,0.132,126.63390350341797
88,1136,1,3,0.1,132.74337768554688
61,11,1,2,0.132,135.0902099609375
48,865,0,2,0.132,138.8970489501953
89,1443,0,3,0.01200000000000001,149.4813690185547
8,756,2,3,0.01200000000000001,132.58050537109375
33,1459,0,2,0.132,123.2021255493164
95,728,1,3,0.01200000000000001,134.49842834472656
52,1280,3,3,0.1,115.96705627441406
93,1316,3,2,0.132,116.23680877685547
109,1130,2,1,0.088,111.07571411132812
14,1664,2,3,0.01200000000000001,136.20751953125
52,894,0,2,0.132,119.27938079833984
24,139,2,2,0.132,103.18280792236328
62,1790,3,2,0.132,118.78894805908203
62,2017,3,1,0.088,129.9738006591797
26,198,1,2,0.0190691852111399,131.77601623535156
85,1688,3,3,0.05570578306895191,115.43688201904297
30,1756,0,3,0.1,114.3449935913086
4,68,1,0,0.154,118.3462905883789
36,1001,0,2,0.132,126.90464782714844
4,2020,1,1,0.088,122.33370208740234
87,1759,3,1,0.088,132.3528594970703
19,1526,2,3,0.05304047345017043,129.40786743164062
66,1919,0,2,0.132,132.25457763671875
97,1691,0,2,0.132,133.75352478027344
20,88,0,2,0.0075505792144272554,145.25726318359375
87,1172,2,2,0.132,129.39439392089844
16,1647,0,1,0.088,140.54019165039062
26,1305,1,1,0.054279061043983334,128.8404083251953
83,1426,3,3,0.1,126.68685913085938
3,1336,1,3,0.1,151.4418182373047
28,871,1,2,0.132,105.81856536865234
6,1875,3,1,0.004853485151079445,127.27973175048828
42,83,2,2,0.132,131.97927856445312
42,282,0,2,0.132,127.84058380126953
48,294,1,3,0.1,133.60263061523438
74,1783,3,3,0.01200000000000001,141.24212646484375
16,1268,1,1,0.088,144.13331604003906
107,771,0,3,0.1,124.8428726196289
89,88,0,3,0.1,144.98692321777344
24,547,2,2,0.132,134.69625854492188
74,311,0,3,0.01200000000000001,145.46429443359375
21,1500,0,3,0.036975416748126044,130.07064819335938
93,461,0,2,0.132,127.88858032226562
52,1741,0,1,0.088,114.22257232666016
71,2001,2,3,0.1,137.4637451171875
52,1610,1,2,0.132,114.71519470214844
95,1635,1,2,0.132,137.59506225585938
77,432,3,2,0.026773370925552875,120.64698028564453
59,1082,0,2,0.0917175172558563,151.8050537109375
115,1938,1,3,0.01200000000000001,131.960205078125
93,466,2,3,0.1,115.08451080322266
19,562,2,1,0.088,129.32229614257812
95,1646,3,3,0.01200000000000001,135.58953857421875
24,74,3,1,0.088,128.78443908691406
46,1644,0,3,0.0007979296758005849,125.55789947509766
39,1734,0,3,0.01200000000000001,131.90794372558594
66,141,2,3,0.03402806137158779,127.63810729980469
36,759,0,1,0.088,128.41152954101562
24,1541,2,3,0.154,104.03678131103516
115,1141,1,2,0.0025144118802575832,128.27146911621094
52,1391,3,2,0.132,111.52420806884766
97,1967,0,3,0.1,129.8330535888672
52,1689,2,2,0.132,114.96037292480469
69,1390,1,3,0.01200000000000001,140.39895629882812
11,1779,3,0,0.04192972289768346,134.13778686523438
19,1752,0,2,0.04746009057763734,132.84588623046875
88,1462,0,3,0.1,132.93008422851562
42,365,3,0,0.10105560297438479,122.30636596679688
89,1960,3,1,0.088,150.7388458251953
42,1621,0,3,0.1,124.77506256103516
8,1975,3,3,0.1,127.71907043457031
16,211,0,1,0.088,149.5159454345703
15,5,0,3,0.1,130.68153381347656
71,2001,3,1,0.088,137.4637451171875
62,202,0,2,0.132,120.06063079833984
58,58,2,2,0.132,128.08712768554688
14,1169,3,3,0.01200000000000001,137.57933044433594
97,1692,1,2,0.132,135.52798461914062
38,560,2,2,0.004934875072382772,127.69242858886719
113,340,2,1,0.088,124.7159194946289
33,606,2,2,0.132,121.33790588378906
80,448,3,3,0.1,104.89043426513672
91,1919,0,3,0.1,126.22821807861328
74,598,3,2,0.132,144.3267364501953
66,1131,3,1,0.088,128.8333740234375
89,951,1,3,0.01200000000000001,144.8352508544922
89,1914,1,2,0.132,148.59617614746094
71,1237,1,2,0.132,142.54266357421875
92,351,0,1,0.07453123212975518,140.53627014160156
52,746,1,1,0.088,117.75775909423828
52,1543,3,1,0.088,114.68257904052734
102,187,3,1,0.0813490267927291,146.73594665527344
52,1074,0,2,0.132,113.91722106933594
105,1395,1,3,0.01200000000000001,141.3287353515625
59,739,0,3,0.1,145.81541442871094
92,4,1,1,0.088,128.8118133544922
66,1134,2,1,0.088,130.98074340820312
32,1105,1,2,0.132,123.23688507080078
28,1048,1,1,0.088,128.924560546875
71,845,1,1,0.088,136.5570831298828
24,81,0,1,0.088,131.71286010742188
44,1623,0,2,0.132,137.6455078125
31,1748,0,3,0.1,124.78679656982422
97,1442,2,3,0.1,130.96649169921875
97,1669,2,2,0.132,129.59967041015625
36,1309,2,2,0.132,132.0387420654297
17,478,0,3,0.1,129.60791015625
102,1236,1,1,0.00073840775272907,143.99102783203125
85,659,2,3,0.018384558772715054,115.39497375488281
48,366,0,1,0.088,134.43142700195312
54,1932,2,3,0.012000000000005256,144.8857421875
29,1305,0,2,0.132,127.0638198852539
28,816,2,2,0.132,129.8976287841797
27,862,0,1,0.088,117.03849792480469
51,1627,2,2,0.132,121.17086029052734
66,469,1,2,0.034244273580412266,128.07476806640625
3,500,3,3,0.1,145.1448974609375
77,30,0,3,0.1,118.33349609375
52,188,3,1,0.088,126.22765350341797
103,198,1,3,0.0927255254884958,143.4693603515625
105,744,3,2,0.132,143.1735382080078
69,1242,3,2,0.132,143.90509033203125
3,85,0,3,0.01200000000000001,152.93594360351562
0,293,3,1,0.088,123.59847259521484
54,694,3,3,0.1,139.09214782714844
68,973,2,3,0.1,135.23977661132812
11,1468,3,1,0.088,136.38858032226562
112,363,0,1,0.088,120.81670379638672
62,896,2,3,0.1,118.58523559570312
59,488,2,1,0.088,141.45706176757812
52,1766,1,0,0.154,111.18428039550781
92,1992,0,3,0.01200000000000001,133.90635681152344
16,267,2,1,0.088,140.13809204101562
32,1511,0,1,0.088,129.948974609375
113,141,2,2,0.10513500394509112,125.1288833618164
25,1207,0,3,0.01200000000000001,145.3628692626953
68,1503,3,3,0.01200000000000001,142.24984741210938
82,46,2,1,0.088,132.77247619628906
6,1580,3,1,0.088,121.7342529296875
52,207,0,1,0.088,124.88583374023438
24,1773,0,2,0.132,140.64222717285156
16,270,2,1,0.088,139.48440551757812
3,1367,2,2,0.132,148.56736755371094
99,1164,3,2,0.132,136.6811065673828
52,94,2,0,0.154,113.03173828125
3,260,2,3,0.1,144.91055297851562
71,238,3,3,0.1,136.8934326171875
52,46,0,2,0.132,117.04924774169922
18,536,1,2,0.02044203742814321,125.71058654785156
0,1862,0,1,0.088,124.38067626953125
3,1828,1,3,0.01200000000000001,154.28904724121094
24,1297,1,1,0.088,131.25131225585938
103,953,2,2,0.132,144.8365478515625
66,1069,1,3,0.01200000000000001,133.51194763183594
31,490,2,3,0.01200000000000001,123.93736267089844
52,579,1,2,0.132,118.21285247802734
97,91,0,3,0.01200000000000001,136.28135681152344
32,57,3,3,0.1,128.3669891357422
67,1840,1,3,0.1,126.37908935546875
68,1184,1,1,0.00861456168761185,132.22494506835938
23,86,0,3,0.1,109.1586685180664
6,2004,2,1,0.07885217953665746,120.88168334960938
92,1581,3,2,0.132,142.49874877929688
3,1253,1,2,0.132,154.95314025878906
24,1154,1,2,0.132,134.06068420410156
38,933,3,3,0.1,124.18921661376953
4,155,1,3,0.02496760100486306,123.10820007324219
8,1436,3,1,0.088,138.03077697753906
91,669,0,1,0.088,136.36849975585938
57,1661,0,1,0.051913304794587806,135.1951446533203
1,985,3,1,0.088,124.55547332763672
91,992,1,0,0.08144433883322927,118.83440399169922
32,823,2,3,0.1,132.06939697265625
91,1422,2,3,0.1,125.73275756835938
53,920,0,3,0.022730705781895844,135.38690185546875
61,1408,2,3,0.1,135.23831176757812
48,1969,2,2,0.132,132.56336975097656
102,318,1,1,0.088,143.64947509765625
24,904,2,3,0.01200000000000001,128.63856506347656
66,126,1,3,0.1,127.15756225585938
93,636,1,1,0.088,117.3006362915039
44,1157,3,3,0.09895075595297755,137.33468627929688
63,467,0,3,0.03220318072843237,128.60682678222656
97,1553,2,2,0.132,129.82797241210938
95,1549,1,1,0.088,134.6069793701172
52,1373,2,2,0.132,125.73682403564453
11,159,3,3,0.01200000000000001,140.83978271484375
88,534,0,0,0.03545944372151835,128.97813415527344
16,853,2,0,0.154,131.5590057373047
105,490,3,3,0.049840448594624914,139.704345703125
24,1518,3,3,0.012000000000005256,133.46910095214844
71,1930,3,0,0.154,133.72776794433594
16,1701,2,2,0.132,144.1066131591797
0,1421,2,1,0.088,120.96326446533203
51,1018,3,3,0.154,
89,1484,1,3,0.1,149.45065307617188
43,929,0,1,0.049467177020640185,125.62284851074219
63,662,2,1,0.04497529299540204,127.27979278564453
32,674,3,3,0.1,128.83421325683594
92,1846,1,2,0.132,137.86404418945312
89,1455,1,3,0.1,145.4037322998047
93,1316,1,1,0.088,116.23680877685547
15,819,3,1,0.088,130.83843994140625
27,18,2,3,0.04303794750135323,115.63247680664062
71,391,0,2,0.132,135.4088134765625
52,1560,0,2,0.132,116.91202545166016
36,1848,1,3,0.1,124.71561431884766
8,720,1,3,0.04759054847406774,135.72727966308594
84,1747,0,2,0.0006787262856418619,110.95344543457031
68,2017,1,3,0.01200000000000001,142.1496124267578
28,1936,2,2,0.132,109.49082946777344
62,1594,3,1,0.088,119.08078002929688
102,622,3,2,0.132,146.0201416015625
92,794,2,3,0.01200000000000001,133.89671325683594
71,356,2,1,0.088,134.4486083984375
82,1333,2,2,0.132,134.64002990722656
82,1093,1,1,0.088,134.21722412109375
32,337,2,1,0.088,129.88119506835938
115,1137,2,1,0.088,132.39999389648438
112,230,0,3,0.1,116.66272735595703
18,1084,1,3,0.1,123.05037689208984
33,299,2,2,0.132,124.50776672363281
74,934,2,3,0.1,134.19151306152344
97,1259,2,1,0.088,129.62991333007812
16,346,2,2,0.132,137.50404357910156
8,1618,2,1,0.088,128.6868896484375
74,1783,1,2,0.132,141.24212646484375
24,139,0,1,0.088,103.18280792236328
16,1633,3,1,0.088,144.10589599609375
23,581,1,3,0.1,109.01860809326172
59,1215,3,3,0.1,139.73147583007812
52,1572,1,0,0.154,107.89373779296875
62,929,2,2,0.132,118.82085418701172
33,1059,3,1,0.088,127.3032455444336
25,1416,3,0,0.154,136.8102264404297
92,1267,3,3,0.1,128.75852966308594
31,421,1,2,0.132,128.1971893310547
115,1790,3,0,0.13087865613447786,124.03266143798828
16,914,1,3,0.01200000000000001,138.77146911621094
62,1625,0,2,0.132,119.21498107910156
28,780,3,3,0.01200000000000001,133.98544311523438
105,1152,0,0,0.154,132.8730010986328
70,699,3,2,0.132,119.8263168334961
87,1661,1,1,0.03884656513115539,137.1284942626953
43,1254,1,1,0.088,121.11101531982422
18,171,0,3,0.01200000000000001,128.98101806640625
92,1985,3,1,0.088,128.9812774658203
95,2004,0,2,0.132,127.45075225830078
36,1078,0,2,0.10293750003129887,123.63127899169922
82,1269,0,1,0.088,134.21908569335938
25,113,0,3,0.01200000000000001,143.81182861328125
26,1950,0,2,0.132,130.5976104736328
62,2031,3,1,0.088,119.36746978759766
77,704,3,2,0.132,115.55569458007812
54,611,3,2,0.018039455818703587,153.13380432128906
53,359,2,1,0.088,
74,590,3,3,0.01200000000000001,141.74819946289062
69,1460,0,2,0.132,138.9309844970703
63,2022,3,2,0.132,128.19065856933594
25,1755,3,2,0.05776567229645979,145.55091857910156
52,686,3,3,0.1,113.4040756225586
59,1933,3,1,0.088,114.03936004638672
8,39,2,2,0.132,129.86111450195312
82,1411,1,3,0.1,134.3938446044922
52,741,1,2,0.07378388013809278,118.51795959472656
82,524,0,0,0.08477254716706231,130.2764129638672
16,1620,0,3,0.1,124.46698760986328
24,1541,0,2,0.132,104.03678131103516
3,1380,3,1,0.088,150.60272216796875
61,966,0,1,0.06874630166462739,139.58599853515625
61,1854,2,2,0.1263108353494805,136.08560180664062
11,391,1,2,0.132,135.02073669433594
7,247,3,2,0.028908187038154787,147.2647247314453
23,1885,1,2,0.132,108.67815399169922
13,223,0,3,0.013982031600779932,124.33153533935547
23,306,3,0,0.154,108.73906707763672
93,1506,2,2,0.132,115.3077621459961
3,51,2,1,0.041821965296524405,149.92904663085938
88,1752,1,3,0.1,133.68714904785156
42,1664,1,1,0.05256636889818089,128.19168090820312
71,1207,3,1,0.088,143.63502502441406
23,1843,0,1,0.088,110.45948028564453
82,642,2,1,0.088,136.5513153076172
82,71,1,3,0.022480076622277606,133.4863739013672
24,887,3,1,0.088,125.67606353759766
52,1229,1,1,0.088,111.8994140625
66,217,2,2,0.132,134.20632934570312
34,1495,1,1,0.004705061671780558,135.0811004638672
32,889,1,3,0.1,129.6898651123047
16,1542,0,3,0.1,132.64990234375
115,154,3,2,0.024996308680257595,128.27146911621094
110,430,3,1,0.088,113.60810852050781
3,972,3,3,0.012000000000005256,157.04759216308594
83,1407,0,2,0.132,128.44703674316406
22,820,0,3,0.01200000000000001,143.48916625976562
62,630,1,2,0.132,119.26226806640625
62,860,1,1,0.088,120.24674987792969
24,1782,2,2,0.132,122.35279083251953
89,36,1,1,0.088,147.8580780029297
44,1667,1,2,0.132,137.72528076171875
36,485,3,1,0.088,130.39788818359375
56,767,0,0,0.12690922575486654,120.9582290649414
13,223,1,1,0.04387040012443599,124.33153533935547
37,126,3,2,0.132,129.0552215576172
10,901,2,3,0.09111975313997556,122.79722595214844
83,169,1,2,0.09215675967033204,120.76686096191406
34,336,3,3,0.09095336544057325,128.04794311523438
52,1243,3,2,0.132,114.40888977050781
0,1546,3,1,0.028859936040088102,118.58158111572266
97,994,3,0,0.013810042324204436,127.89369201660156
97,444,2,2,0.009611249734452376,133.2305145263672
51,1627,0,1,0.088,121.17086029052734
29,1313,0,2,0.03988024446460753,116.83190155029297
46,2014,0,3,0.01200000000000001,130.42791748046875
63,997,3,2,0.132,126.32982635498047
24,1911,2,3,0.14773884047545577,105.58892822265625
33,1287,2,3,0.012000000000005256,130.462158203125
97,1669,0,1,0.088,129.59967041015625
36,1309,0,1,0.088,132.0387420654297
0,289,2,3,0.1,117.00543212890625
68,1204,1,1,0.088,136.03033447265625
7,1408,3,2,0.0298210547855437,135.2822265625
89,86,0,0,0.09285769780992112,132.24154663085938
97,1408,0,1,0.04674546940081764,131.4175567626953
28,816,0,1,0.088,129.8976287841797
22,1521,0,3,0.01200000000000001,145.39291381835938
62,147,1,0,0.154,117.26025390625
59,1103,0,3,0.1,148.15960693359375
46,190,2,2,0.132,127.7659683227539
93,346,2,3,0.1,114.6578369140625
3,500,1,2,0.132,145.1448974609375
77,1743,3,2,0.132,117.96814727783203
57,1328,1,1,0.088,133.41651916503906
77,734,3,1,0.002939115161190109,125.66342163085938
16,1091,1,3,0.01200000000000001,141.53334045410156
3,1793,1,1,0.088,152.04725646972656
66,2022,2,3,0.0643996553284428,126.51837158203125
92,1485,0,3,0.1,128.9812774658203
33,993,0,3,0.08369907612138117,126.28207397460938
61,1160,0,3,0.01200000000000001,144.10780334472656
52,944,2,2,0.132,117.03491973876953
24,998,1,3,0.01200000000000001,128.33494567871094
92,1750,3,1,0.088,128.55224609375
13,629,0,0,0.1049422305360804,122.93148803710938
34,1100,3,3,0.1,126.4251937866211
89,1731,1,2,0.132,148.8513641357422
16,501,3,3,0.01200000000000001,140.8092041015625
14,487,1,3,0.05206819623485895,137.53363037109375
71,1779,2,1,0.088,134.48866271972656
1,1688,0,2,0.132,123.262451171875
102,1027,3,0,0.0790613848221728,133.94491577148438
11,1272,1,3,0.1,135.8681640625
52,1191,1,3,0.1,113.21483612060547
112,1644,0,2,0.132,125.69442749023438
18,147,3,3,0.1,119.28112030029297
32,22,3,1,0.088,129.44215393066406
59,663,0,3,0.01200000000000001,156.52516174316406
33,78,2,2,0.132,127.87297821044922
8,1831,0,1,0.04885152157403594,138.52659606933594
43,354,0,2,0.132,154.54904174804688
44,1157,1,2,0.132,137.33468627929688
49,439,2,3,0.1,123.97711944580078
67,458,0,1,0.088,141.94337463378906
93,1525,2,3,0.1,115.00581359863281
16,1091,2,1,0.088,141.53334045410156
52,1373,0,1,0.088,125.73682403564453
32,57,1,2,0.132,128.3669891357422
3,1199,2,3,0.1,149.8568115234375
14,537,0,2,0.132,137.92333984375
107,1414,0,2,0.03325124699827778,130.6517333984375
15,600,0,1,0.088,133.11282348632812
110,661,2,3,0.1,115.03720092773438
52,274,2,3,0.1,115.54942321777344
52,1561,3,2,0.132,116.0399169921875
8,670,0,3,0.053660646205526796,125.25389862060547
82,1839,0,1,0.088,138.54345703125
24,904,0,2,0.132,128.63856506347656
62,19,3,3,0.01200000000000001,127.2640380859375
3,260,1,0,0.154,144.91055297851562
110,1427,1,3,0.1,114.03286743164062
114,735,0,3,0.01200000000000001,141.57594299316406
39,351,3,1,0.06447118716011664,133.5061492919922
16,735,0,2,0.132,150.06192016601562
46,1894,3,1,0.088,129.56178283691406
70,417,0,3,0.1,120.03707885742188
93,1944,2,3,0.1,114.08553314208984
43,1117,0,1,0.088,123.52989959716797
32,249,1,3,0.1,124.26079559326172
68,1836,1,2,0.11861566550042524,142.36790466308594
44,1889,3,3,0.06499658928421899,138.0310516357422
52,1710,3,1,0.088,120.54310607910156
32,1812,3,0,0.154,128.01446533203125
77,430,0,0,0.02605509690114932,115.88983917236328
103,419,2,2,0.132,140.38217163085938
62,1787,3,1,0.088,131.17129516601562
16,1701,0,1,0.088,144.1066131591797
100,1912,0,2,0.047425776000451364,158.28720092773438
71,356,0,0,0.154,134.4486083984375
82,1968,0,2,0.132,133.43017578125
34,615,0,1,0.088,125.21662902832031
71,678,2,2,0.132,139.04981994628906
0,1088,1,2,0.132,122.53172302246094
112,921,2,2,0.132,121.8759536743164
16,1494,3,1,0.088,138.017578125
28,251,3,2,0.132,136.01771545410156
54,1096,2,2,0.132,140.50599670410156
95,467,3,3,0.1,129.6402587890625
63,650,2,3,0.1,126.59700012207031
16,1106,3,3,0.1,136.03997802734375
85,722,2,3,0.1,116.1856918334961
75,1184,3,1,0.07599597021455323,125.80225372314453
79,247,3,2,0.0875226965004734,150.68690490722656
68,1455,3,2,0.132,139.15538024902344
15,2028,0,2,0.132,135.84884643554688
44,786,2,1,0.088,138.05804443359375
52,831,2,2,0.132,119.42169952392578
89,778,3,1,0.07361586454297453,151.3206787109375
70,1704,2,0,0.0014214288876536474,114.57958984375
24,1415,2,3,0.154,97.89253997802734
36,1598,0,3,0.1,126.35950469970703
52,1465,3,0,0.154,110.89873504638672
89,1354,0,2,0.132,153.74661254882812
77,1759,3,3,0.04202340981355701,118.9220199584961
59,1896,3,2,0.132,156.6049041748047
97,1645,3,0,0.022022402363982466,128.14723205566406
63,1699,0,3,0.09565870305788252,126.42735290527344
75,350,3,3,0.1,125.70026397705078
112,243,0,2,0.040183152819585316,132.0986785888672
24,607,2,2,0.132,122.91295623779297
16,346,0,1,0.088,137.50404357910156
32,302,0,2,0.132,156.76995849609375
30,1756,2,3,0.07402557041873095,114.3449935913086
79,718,3,3,0.02415252898545933,150.7630615234375
24,493,1,2,0.132,125.33390045166016
32,1812,1,3,0.1,128.01446533203125
52,1402,1,3,0.1,118.49024200439453
62,929,0,1,0.03853282297935981,118.82085418701172
27,18,1,0,0.05757773841962113,115.63247680664062
105,511,0,3,0.1,131.4611358642578
28,1823,0,3,0.1,129.92921447753906
68,1863,1,1,0.088,142.23521423339844
70,365,3,2,0.132,120.0744400024414
3,1872,1,2,0.132,151.40892028808594
107,1470,2,2,0.132,125.55044555664062
103,1175,0,1,0.088,147.96473693847656
61,1807,1,2,0.132,142.94508361816406
58,63,0,3,0.1,127.18091583251953
16,392,0,3,0.1,135.11073303222656
28,871,3,2,0.132,105.81856536865234
77,1078,1,2,0.132,119.92849731445312
52,2016,2,3,0.1,115.55853271484375
71,1173,3,2,0.132,148.02630615234375
91,1155,2,3,0.01200000000000001,129.05206298828125
82,1031,3,2,0.132,131.68930053710938
107,994,3,1,0.088,124.20215606689453
71,589,1,3,0.1,137.77935791015625
54,131,3,3,0.1,137.56619262695312
52,980,2,1,0.088,112.97105407714844
61,1854,0,1,0.047949420826782774,136.08560180664062
61,1872,3,2,0.132,139.4178466796875
74,1943,1,1,0.088,139.63780212402344
0,1717,1,3,0.01200000000000001,118.86351776123047
27,767,0,2,0.10715544298700952,116.48890686035156
0,730,3,0,0.154,115.17493438720703
53,359,0,0,0.1293742460787135,
48,1568,3,1,0.088,131.47488403320312
59,1410,1,3,0.01200000000000001,150.5833282470703
16,99,1,2,0.132,139.86102294921875
16,666,3,3,0.01200000000000001,143.5006866455078
92,1832,3,2,0.132,128.66969299316406
18,737,3,1,0.088,130.35581970214844
87,1932,0,3,0.01200000000000001,138.92385864257812
8,39,0,1,0.088,129.86111450195312
88,1318,3,3,0.010349702020812493,137.11888122558594
57,1930,1,1,0.03517432004478205,126.3050308227539
88,1940,2,3,0.012000000000005256,137.09828186035156
42,1317,2,1,0.088,133.47714233398438
85,348,3,0,0.14511397635427983,113.74468994140625
15,141,0,2,0.132,132.33380126953125
39,859,1,3,0.1,128.1324462890625
112,224,0,3,0.1,122.56635284423828
51,529,2,2,0.132,120.22915649414062
33,910,0,2,0.132,124.88729858398438
62,191,0,1,0.088,129.4374237060547
10,901,0,2,0.05403369542279268,122.79722595214844
88,313,0,2,0.132,137.68992614746094
33,474,1,2,0.132,121.36383056640625
49,609,0,1,0.0434309207405649,120.8330307006836
36,1977,3,2,0.132,125.32139587402344
74,2004,2,1,0.009147820463342532,131.59996032714844
62,1247,0,1,0.088,136.20602416992188
34,1004,2,1,0.088,125.96566009521484
82,1921,3,3,0.1,132.80160522460938
106,1160,3,2,0.11495067698554762,147.53765869140625
70,1149,3,0,0.154,117.41465759277344
87,1930,1,3,0.1,128.5451202392578
84,1567,3,3,0.02544754515188316,111.13727569580078
33,1039,0,3,0.1,120.8282241821289
33,1287,0,2,0.132,130.462158203125
52,541,1,2,0.132,114.38414001464844
24,1170,3,1,0.088,132.68695068359375
62,1166,0,1,0.088,127.26758575439453
16,367,2,3,0.01200000000000001,140.95721435546875
52,1954,2,2,0.132,110.34359741210938
92,1624,1,1,0.088,129.1193389892578
52,1162,1,1,0.088,118.1859130859375
89,227,1,1,0.088,144.60948181152344
4,1621,1,2,0.132,123.49068450927734
54,594,2,1,0.008419930745082932,140.0352325439453
62,240,0,3,0.1,118.71685791015625
8,1028,1,2,0.132,137.532958984375
52,586,2,3,0.1,115.30518341064453
42,1144,2,2,0.132,129.45460510253906
3,1406,2,2,0.132,150.809814453125
52,1435,1,2,0.132,123.98721313476562
23,34,3,1,0.088,108.23191833496094
23,1911,0,3,0.06019664513146045,103.0909423828125
23,1842,3,2,0.132,134.1986083984375
16,569,0,3,0.1,133.33192443847656
93,1876,2,2,0.07335103977226287,116.03050994873047
51,1745,3,2,0.132,120.2622299194336
24,1707,3,2,0.132,125.15516662597656
39,1383,0,3,0.01200000000000001,133.1881103515625
93,1816,1,1,0.088,115.24203491210938
16,1841,1,2,0.132,141.8436279296875
38,1214,3,2,0.132,133.30722045898438
51,413,2,2,0.132,125.22708892822266
97,1662,0,1,0.088,135.3811492919922
46,243,2,3,0.01200000000000001,129.21240234375
34,1100,1,2,0.09907701183185302,126.4251937866211
77,1743,1,1,0.088,117.96814727783203
58,810,1,3,0.1,126.07738494873047
48,294,3,3,0.1,133.60263061523438
16,1268,3,1,0.088,144.13331604003906
4,68,1,3,0.1,118.3462905883789
28,593,2,3,0.01200000000000001,128.86752319335938
33,78,0,1,0.088,127.87297821044922
42,1201,2,1,0.06756308170347519,125.9603271484375
18,1108,2,2,0.132,129.92332458496094
75,862,0,0,0.07110117628470045,123.18672943115234
25,580,1,2,0.1215214428358784,142.3682403564453
107,1645,3,1,0.088,124.55036163330078
17,43,3,0,0.045925723558218556,126.64978790283203
82,330,0,3,0.1,134.62782287597656
33,519,1,1,0.088,129.72862243652344
109,1704,2,1,0.04350579300433885,108.84254455566406
95,2028,0,3,0.01200000000000001,133.58998107910156
74,117,2,1,0.088,142.64468383789062
16,221,3,2,0.132,138.18772888183594
42,1052,3,0,0.154,120.08419036865234
17,1095,3,3,0.07097636206531685,128.83815002441406
16,79,0,3,0.008918763085049852,138.29283142089844
88,1662,2,1,0.088,133.81422424316406
28,315,3,2,0.132,106.22738647460938
28,545,3,1,0.08053651553528449,125.68897247314453
71,1779,0,0,0.1255842677376901,134.48866271972656
1,1942,1,2,0.132,123.48729705810547
71,898,1,3,0.1,136.22947692871094
3,525,2,3,0.013676185524522877,151.595458984375
71,1113,1,1,0.034067410743747334,135.96240234375
56,545,3,2,0.132,124.99694061279297
58,1754,0,2,0.132,128.6319580078125
26,769,1,2,0.03182590876105318,133.3014373779297
36,1001,1,3,0.01200000000000001,126.90464782714844
70,529,0,3,0.1,121.2844009399414
84,401,0,1,0.088,110.9894027709961
0,1504,3,1,0.088,122.84294891357422
95,1397,2,0,0.154,126.43560791015625
28,319,0,2,0.132,106.76277923583984
32,1675,1,3,0.1,127.32746887207031
33,1459,1,3,0.1,123.2021255493164
93,1815,0,1,0.088,117.9394760131836
52,274,0,2,0.132,115.54942321777344
52,1905,0,3,0.01200000000000001,125.9395751953125
102,163,0,3,0.01200000000000001,142.00946044921875
89,518,0,3,0.1,145.2440948486328
20,951,3,2,0.132,145.0845184326172
92,368,0,2,0.132,133.63473510742188
46,669,3,1,0.088,130.17532348632812
71,678,0,1,0.088,139.04981994628906
77,536,2,3,0.1,121.22920989990234
49,591,0,1,0.088,122.65939331054688
24,912,0,2,0.132,137.96328735351562
66,1182,3,3,0.03153062119165262,128.2998504638672
25,409,3,3,0.01200000000000001,145.30503845214844
31,1055,0,1,0.03710523158353732,138.0621337890625
97,1721,2,1,0.06251014413140563,127.05683898925781
44,1889,1,2,0.132,138.0310516357422
52,746,3,1,0.088,117.75775909423828
42,1615,3,1,0.01283501892679731,130.52052307128906
103,419,0,1,0.088,140.38217163085938
22,1217,0,2,0.132,151.31349182128906
85,1567,0,0,0.012678334853358952,114.00334930419922
52,1369,0,1,0.088,125.00878143310547
52,831,0,1,0.088,119.42169952392578
103,1733,3,2,0.132,149.34915161132812
57,16,1,1,0.0688665019060439,127.61872863769531
92,615,0,0,0.154,126.69939422607422
58,1606,1,3,0.1,126.03926849365234
112,921,0,1,0.088,121.8759536743164
109,1747,3,2,0.0926833636343582,111.18113708496094
24,1513,3,2,0.132,127.50452423095703
77,82,0,2,0.132,132.40875244140625
43,1930,0,1,0.03171402781337748,124.98405456542969
22,1732,3,3,0.012000000000005256,143.5516815185547
97,534,2,3,0.1,129.44595336914062
49,289,3,3,0.0749299915986949,118.84794616699219
44,832,0,2,0.025130832425965366,146.79989624023438
102,1236,3,1,0.088,143.99102783203125
70,1745,1,3,0.004245834808380755,121.31935119628906
110,1427,0,0,0.154,114.03286743164062
59,574,2,1,0.088,149.710693359375
92,1409,0,3,0.1,130.68064880371094
48,366,2,1,0.088,134.43142700195312
43,423,2,1,0.088,120.51534271240234
112,230,2,3,0.1,116.66272735595703
97,629,3,0,0.022244602024321616,126.4849853515625
32,249,0,0,0.154,124.26079559326172
32,1109,0,2,0.132,149.10964965820312
77,1953,0,3,0.1,120.82235717773438
24,1415,0,2,0.132,97.89253997802734
59,557,2,3,0.1,144.07534790039062
33,1781,2,3,0.1,124.13660430908203
24,1417,2,2,0.132,123.20803833007812
3,328,3,3,0.01200000000000001,153.79708862304688
75,350,1,2,0.132,125.70026397705078
52,681,2,3,0.1,117.31963348388672
52,980,0,0,0.154,112.97105407714844
30,2027,3,2,0.132,125.35150909423828
52,484,3,2,0.132,116.0594253540039
28,347,0,2,0.132,110.48572540283203
70,365,1,1,0.012646439160032469,120.0744400024414
38,426,0,1,0.088,132.5028533935547
29,253,3,3,0.04330568991062475,124.59071350097656
82,1093,3,1,0.088,134.21722412109375
44,858,3,1,0.088,149.189453125
97,1692,2,3,0.006807923640130567,135.52798461914062
28,206,0,2,0.132,108.41876220703125
83,958,3,1,0.088,
85,1266,3,3,0.1,116.88200378417969
52,1349,1,1,0.088,120.17220306396484
33,606,3,3,0.1,121.33790588378906
18,929,0,3,0.01254263734070879,121.12177276611328
88,1318,1,2,0.132,137.11888122558594
46,1156,0,3,0.01200000000000001,126.96083068847656
11,378,3,3,0.1,138.10166931152344
42,2020,3,3,0.02665400809513685,123.73694610595703
99,18,2,1,0.0036091432952637947,124.87741088867188
113,1182,3,2,0.132,125.72270202636719
52,1766,1,3,0.1,111.18428039550781
44,91,1,2,0.132,146.93707275390625
3,85,3,1,0.088,152.93594360351562
32,524,2,1,0.088,130.3231964111328
8,975,0,2,0.132,145.4848175048828
52,1026,0,2,0.132,118.7978515625
58,790,2,3,0.01200000000000001,127.84870910644531
46,1529,0,1,0.088,133.77536010742188
15,997,0,0,0.151291476247189,129.52139282226562
19,223,2,0,0.06298274180423438,125.00798797607422
92,1762,3,2,0.132,138.27569580078125
46,14,2,3,0.01200000000000001,126.18848419189453
0,53,2,3,0.052179620142537825,118.97344207763672
48,1789,3,2,0.132,134.11978149414062
4,748,0,2,0.132,123.77698516845703
16,1753,2,1,0.03668468724121457,137.56866455078125
67,232,1,3,0.07890290692587759,124.9438247680664
56,1416,2,3,0.07507567041401171,122.70723724365234
102,318,3,1,0.088,143.64947509765625
23,1301,2,3,0.07980670533146034,118.76207733154297
94,976,0,3,0.1,128.10240173339844
68,1662,0,3,0.01200000000000001,139.4690704345703
52,637,0,1,0.088,121.20697021484375
112,135,0,2,0.132,126.07093811035156
43,1172,2,1,0.007781441642230463,126.16073608398438
109,348,0,3,0.04906104019643767,111.1416244506836
3,1367,3,3,0.1,148.56736755371094
83,1407,2,2,0.132,128.44703674316406
82,1921,1,2,0.132,132.80160522460938
59,0,1,3,0.01200000000000001,149.0017547607422
53,836,3,1,0.07310972454252465,133.88380432128906
100,535,0,1,0.05928631389467827,155.7674560546875
70,1266,0,2,0.132,119.1239242553711
52,586,0,2,0.132,115.30518341064453
67,365,2,2,0.132,123.66497802734375
66,1399,1,2,0.132,132.9351806640625
3,1406,0,1,0.088,150.809814453125
25,174,0,2,0.132,144.17628479003906
16,428,3,1,0.088,149.44650268554688
53,1313,0,2,0.09211975553539248,125.87103271484375
102,372,1,3,0.01200000000000001,141.55303955078125
32,1901,3,0,0.154,127.85045623779297
16,853,2,3,0.1,131.5590057373047
8,1979,1,2,0.132,130.64840698242188
31,1875,3,1,0.08314651484892055,125.63028717041016
48,1172,3,0,0.09404437056726767,127.2508544921875
36,592,0,3,0.01200000000000001,128.6049041748047
24,1720,2,2,0.132,121.43627166748047
16,267,3,2,0.132,140.13809204101562
89,837,1,3,0.1,147.82432556152344
70,179,3,2,0.132,118.63557434082031
17,132,3,2,0.132,132.67324829101562
49,1284,0,2,0.09910854549551318,120.80792999267578
57,1254,2,0,0.0507171973049752,123.23664093017578
34,703,1,2,0.132,137.265380859375
58,1070,0,1,0.088,125.97569274902344
82,10,2,3,0.1,135.93405151367188
88,14,1,3,0.01200000000000001,133.44287109375
105,1149,2,0,0.154,130.47317504882812
23,1858,2,2,0.132,132.25367736816406
97,1553,3,3,0.026213131762308245,129.82797241210938
23,1842,1,1,0.088,134.1986083984375
74,1808,0,3,0.01200000000000001,144.19297790527344
82,22,0,0,0.016796955476930386,129.50833129882812
3,1253,2,3,0.012000000000005256,154.95314025878906
105,908,2,3,0.012000000000005145,144.9883575439453
87,522,3,2,0.11545754423679155,136.78665161132812
95,738,2,1,0.088,134.23291015625
32,1679,0,2,0.132,152.9193878173828
89,837,2,1,0.088,147.82432556152344
4,569,0,2,0.132,121.78309631347656
16,221,1,1,0.088,138.18772888183594
57,1661,1,2,0.132,135.1951446533203
105,1619,1,3,0.1,134.796142578125
54,1775,0,3,0.012000000000005256,150.43470764160156
25,1551,1,1,0.04621982265759175,143.59536743164062
16,914,3,3,0.1,138.77146911621094
16,889,2,0,0.154,131.5250244140625
97,1032,3,1,0.088,133.97203063964844
9,930,0,1,0.088,123.63986206054688
113,1951,3,1,0.088,125.44709777832031
52,1572,1,3,0.047861486124807034,107.89373779296875
16,1851,3,2,0.132,138.11293029785156
105,1152,2,0,0.0036862198354769282,132.8730010986328
93,1926,2,1,0.088,113.26107788085938
18,90,2,3,0.054970167966601535,120.5414047241211
52,936,3,1,0.088,114.86834716796875
28,593,0,2,0.132,128.86752319335938
8,520,3,3,0.01200000000000001,136.38967895507812
3,1550,3,1,0.088,151.16221618652344
18,1108,0,1,0.088,129.92332458496094
56,116,3,2,0.132,121.9650650024414
38,1463,1,1,0.088,123.50113677978516
88,437,2,1,0.03698773755629252,134.7291717529297
24,1864,3,1,0.088,131.89720153808594
57,1790,1,3,0.1,126.96075439453125
83,1551,3,1,0.088,128.54823303222656
88,1136,0,3,0.1,132.74337768554688
61,1199,0,1,0.088,137.73202514648438
24,1250,2,1,0.088,125.26699829101562
105,1423,3,3,0.01200000000000001,141.85899353027344
105,1152,0,3,0.1,132.8730010986328
105,1149,0,3,0.1,130.47317504882812
8,756,1,3,0.07830089763012629,132.58050537109375
44,792,0,3,0.1,137.5310821533203
52,1280,2,3,0.1,115.96705627441406
22,438,3,3,0.09689175194194172,136.02891540527344
15,1729,0,2,0.132,131.79469299316406
25,1239,2,3,0.01200000000000001,142.0098419189453
109,1130,1,1,0.088,111.07571411132812
3,713,3,3,0.01200000000000001,155.3379364013672
61,1063,2,2,0.132,141.1981964111328
113,1201,3,3,0.1,124.94883728027344
32,822,3,1,0.088,125.60336303710938
10,116,0,0,0.07392296375277407,121.49310302734375
62,1790,2,2,0.132,118.78894805908203
62,1989,0,2,0.132,141.60137939453125
48,292,1,1,0.088,138.28550720214844
89,668,3,2,0.132,153.34910583496094
0,489,3,2,0.132,120.92341613769531
112,1211,0,2,0.132,117.7302017211914
19,1526,1,3,0.042499691450170296,129.40786743164062
102,128,0,1,0.088,144.98818969726562
52,1229,3,1,0.088,111.8994140625
95,341,2,3,0.1,129.8577117919922
42,1396,0,1,0.088,124.87837982177734
42,866,0,1,0.088,127.86517333984375
91,492,3,3,0.01200000000000001,129.30715942382812
34,1495,3,1,0.088,135.0811004638672
92,799,2,3,0.01200000000000001,132.8783416748047
3,1336,0,3,0.01200000000000001,151.4418182373047
0,1939,2,2,0.132,124.44583129882812
23,306,3,3,0.1,108.73906707763672
3,946,3,2,0.132,149.28436279296875
92,185,1,3,0.01200000000000001,132.49490356445312
16,1409,0,2,0.132,139.1002655029297
107,1433,0,2,0.132,129.2367401123047
24,547,1,2,0.132,134.69625854492188
74,1592,3,2,0.132,139.51210021972656
24,1541,3,0,0.154,104.03678131103516
52,823,3,1,0.088,115.40406799316406
13,223,3,1,0.07690648539623565,124.33153533935547
71,2001,1,3,0.1,137.4637451171875
95,1635,0,2,0.132,137.59506225585938
38,1473,2,2,0.132,127.89766693115234
115,1938,0,3,0.01200000000000001,131.960205078125
93,466,1,3,0.05073938272912787,115.08451080322266
19,562,1,1,0.088,129.32229614257812
0,1261,0,1,0.088,124.80725860595703
66,141,1,3,0.06626443883884783,127.63810729980469
92,1659,3,3,0.1,129.94183349609375
37,96,0,2,0.132,
52,1391,2,2,0.132,111.52420806884766
107,1347,1,2,0.132,127.5682601928711
74,1909,2,2,0.132,137.8917694091797
24,1748,3,1,0.0397475442367371,129.021484375
92,220,0,2,0.132,140.92523193359375
31,1174,0,2,0.132,116.35623931884766
8,1975,2,3,0.1,127.71907043457031
71,1557,3,2,0.132,146.90306091308594
3,617,3,1,0.088,148.67442321777344
24,1541,1,3,0.154,104.03678131103516
113,340,1,1,0.088,124.7159194946289
33,606,1,2,0.132,121.33790588378906
83,290,0,1,0.088,122.69511413574219
80,448,2,3,0.08096768363489472,104.89043426513672
61,1534,3,1,0.088,137.87881469726562
42,648,3,3,0.1,124.9762191772461
14,233,0,1,0.088,139.0535430908203
103,836,1,3,0.1,138.1575164794922
99,922,3,2,0.132,
93,1506,3,3,0.1,115.3077621459961
52,681,0,2,0.132,117.31963348388672
52,1176,3,1,0.088,112.55447387695312
59,1952,1,2,0.132,150.32684326171875
74,598,2,2,0.1031060907853728,144.3267364501953
32,853,3,2,0.132,129.7819061279297
59,1740,2,1,0.088,141.69007873535156
89,34,3,0,0.154,131.45555114746094
15,1412,3,2,0.132,132.0360565185547
89,951,0,3,0.1,144.8352508544922
93,971,3,3,0.1,115.72610473632812
89,1914,0,2,0.132,148.59617614746094
92,1485,2,3,0.1,128.9812774658203
82,823,3,3,0.005995958822277464,131.686279296875
16,284,0,1,0.088,140.48529052734375
61,1807,3,2,0.132,142.94508361816406
28,1684,1,1,0.088,128.9779815673828
6,1252,1,1,0.03587477341713474,121.41395568847656
63,1866,2,2,0.132,132.07614135742188
16,71,2,3,0.08946614297772237,135.73399353027344
105,1395,0,3,0.1,141.3287353515625
8,162,3,2,0.132,139.9624481201172
92,2018,3,3,0.01200000000000001,132.23635864257812
97,1692,0,2,0.02569355147550431,135.52798461914062
92,1110,2,0,0.154,128.255615234375
16,1711,3,2,0.132,138.2382049560547
83,958,1,0,0.154,
82,595,3,1,0.088,135.68536376953125
46,906,0,3,0.1,132.44541931152344
70,779,2,3,0.1,120.42570495605469
25,1537,0,2,0.132,142.23654174804688
91,437,1,2,0.132,131.21070861816406
66,1134,1,1,0.088,130.98074340820312
32,1105,0,2,0.132,123.23688507080078
29,1313,3,0,0.0533505505482161,116.83190155029297
97,1442,1,3,0.1,130.96649169921875
57,1540,3,0,0.04388756429409249,123.23077392578125
97,1669,1,2,0.132,129.59967041015625
71,1237,0,2,0.132,142.54266357421875
16,1857,3,1,0.088,144.66485595703125
46,917,3,1,0.088,131.14027404785156
52,383,2,1,0.088,119.4293212890625
30,1875,0,3,0.1,114.59889221191406
48,976,2,1,0.007597635714379464,132.54937744140625
38,1475,0,2,0.132,142.72044372558594
51,456,0,1,0.088,121.81966400146484
85,659,1,3,0.01195217678616467,115.39497375488281
54,1932,1,3,0.01200000000000001,144.8857421875
24,1586,1,2,0.132,136.0094757080078
16,1892,1,2,0.12359314207625616,141.1167449951172
10,670,3,2,0.132,122.95155334472656
67,1315,3,1,0.088,123.85943603515625
42,764,2,2,0.132,129.01547241210938
52,1338,2,3,0.1,113.72921752929688
51,1627,1,2,0.132,121.17086029052734
66,469,0,2,0.02216210868856411,128.07476806640625
24,254,0,2,0.132,128.34596252441406
36,1256,2,1,0.088,127.87078857421875
103,198,0,3,0.01200000000000001,143.4693603515625
105,744,2,2,0.132,143.1735382080078
71,845,0,1,0.088,136.5570831298828
3,1515,0,1,0.088,150.95675659179688
15,988,0,2,0.009911039807100508,137.69839477539062
0,293,2,1,0.088,123.59847259521484
42,1467,1,2,0.132,128.49769592285156
23,1301,0,2,0.132,118.76207733154297
54,694,2,3,0.1,139.09214782714844
112,1414,3,1,0.088,124.9582748413086
32,266,3,1,0.088,147.897705078125
94,734,3,1,0.08506088483880989,130.95423889160156
42,1080,0,1,0.088,126.8885726928711
0,1139,3,1,0.088,123.39098358154297
16,267,1,1,0.088,140.13809204101562
22,125,3,3,0.01200000000000001,139.9590301513672
33,993,3,1,0.088,126.28207397460938
28,816,1,2,0.132,129.8976287841797
18,920,1,3,0.01313689825747541,126.92398834228516
52,916,3,1,0.088,125.81197357177734
113,141,1,2,0.05141235083802809,125.1288833618164
13,994,3,2,0.061450114106964604,124.84413146972656
59,1452,0,1,0.088,145.51007080078125
59,1449,0,1,0.088,156.38046264648438
3,1367,1,2,0.132,148.56736755371094
0,1926,0,0,0.154,115.41632843017578
3,260,1,3,0.1,144.91055297851562
71,238,2,3,0.1,136.8934326171875
46,1049,3,2,0.132,132.51116943359375
0,1088,3,2,0.132,122.53172302246094
59,434,2,3,0.012000000000005034,154.2296600341797
23,1858,0,1,0.088,132.25367736816406
3,1828,0,3,0.01200000000000001,154.28904724121094
16,1180,0,2,0.132,144.27061462402344
89,50,3,1,0.088,149.9736785888672
67,1840,0,3,0.1,126.37908935546875
52,1766,0,0,0.154,111.18428039550781
114,574,0,3,0.1,135.1868896484375
3,1253,0,2,0.132,154.95314025878906
38,933,2,3,0.1,124.18921661376953
15,2028,2,2,0.132,135.84884643554688
49,54,1,2,0.132,125.6742172241211
46,709,0,3,0.012000000000005256,133.33204650878906
62,888,2,3,0.1,119.53306579589844
34,2006,0,1,0.088,127.85880279541016
92,2006,2,1,0.088,128.3962860107422
89,489,2,1,0.088,143.8390350341797
36,1282,3,3,0.049558596483782386,124.82917785644531
39,1940,0,3,0.01200000000000001,131.1873321533203
83,116,3,0,0.0314297003879046,120.08336639404297
17,421,1,3,0.01200000000000001,132.8511199951172
13,152,1,3,0.1,123.4758071899414
66,126,0,3,0.04932263326925326,127.15756225585938
0,1369,1,3,0.01200000000000001,120.30306243896484
97,1553,1,2,0.132,129.82797241210938
66,1069,0,3,0.01200000000000001,133.51194763183594
62,1594,1,3,0.1,119.08078002929688
95,1549,0,1,0.088,134.6069793701172
33,1130,1,0,0.040450776734667765,115.8238754272461
52,1373,1,2,0.132,125.73682403564453
60,1790,0,0,0.0005211353514245898,127.51258850097656
11,159,2,3,0.01200000000000001,140.83978271484375
52,482,1,2,0.132,114.0463638305664
56,116,1,1,0.088,121.9650650024414
16,1841,3,2,0.132,141.8436279296875
92,1780,0,2,0.132,140.3279266357422
16,853,1,0,0.154,131.5590057373047
58,1046,0,3,0.1,126.0677719116211
105,179,2,2,0.132,131.32786560058594
71,1930,2,0,0.1321605802784163,133.72776794433594
52,1465,3,3,0.1,110.89873504638672
95,1866,3,3,0.01200000000000001,132.84616088867188
58,478,1,2,0.132,126.62586975097656
89,1455,0,3,0.04513403404041777,145.4037322998047
52,800,3,1,0.088,115.9950942993164
94,430,0,0,0.011316544483256447,121.84188842773438
93,1316,0,1,0.088,116.23680877685547
32,823,1,3,0.1,132.06939697265625
91,1422,1,3,0.1,125.73275756835938
19,1854,2,2,0.005689164650519496,129.85150146484375
15,819,2,1,0.088,130.83843994140625
48,1969,1,2,0.132,132.56336975097656
27,18,1,3,0.044794744501353206,115.63247680664062
4,166,3,1,0.088,120.56815338134766
105,1919,0,1,0.088,140.46762084960938
32,835,2,1,0.088,145.14834594726562
4,68,3,3,0.1,118.3462905883789
52,271,0,1,0.088,117.34913635253906
46,317,0,2,0.132,134.21731567382812
89,1546,2,3,0.1,142.28213500976562
89,1332,3,3,0.01200000000000001,148.42784118652344
4,648,0,1,0.006731154026435454,123.71459197998047
28,1936,1,2,0.132,109.49082946777344
34,654,0,1,0.088,132.59103393554688
92,1892,1,1,0.088,130.66262817382812
105,1962,0,3,0.01200000000000001,146.55372619628906
16,99,3,2,0.132,139.86102294921875
70,248,0,1,0.088,121.21420288085938
92,794,1,3,0.01200000000000001,133.89671325683594
32,674,2,3,0.1,128.83421325683594
88,771,3,0,0.07396580898563068,128.14703369140625
77,1634,3,0,0.154,117.50836181640625
83,670,2,3,0.1,121.12739562988281
18,1084,0,3,0.1,123.05037689208984
58,63,3,1,0.088,127.18091583251953
33,299,1,2,0.132,124.50776672363281
23,938,1,3,0.1,113.87184143066406
70,1899,3,1,0.006119318906615073,121.26781463623047
59,1915,3,0,0.154,119.300048828125
74,934,1,3,0.1,134.19151306152344
32,822,1,0,0.034275976023270066,125.60336303710938
24,607,3,3,0.1,122.91295623779297
93,1382,0,1,0.088,117.79256439208984
38,1339,3,3,0.1,127.73104858398438
71,674,3,0,0.08822087337609966,133.0519561767578
32,724,1,2,0.132,147.12518310546875
74,1783,0,2,0.132,141.24212646484375
62,1790,0,1,0.088,118.78894805908203
52,1572,0,0,0.154,107.89373779296875
110,432,0,3,0.004766765785652632,118.38339233398438
97,21,0,2,0.132,129.90463256835938
33,910,2,2,0.132,124.88729858398438
88,1734,1,2,0.09428590457504216,137.91201782226562
7,1553,0,3,0.03699553600873387,134.2121124267578
107,479,3,2,0.132,129.77291870117188
115,1137,1,1,0.088,132.39999389648438
33,474,3,2,0.132,121.36383056640625
70,699,2,2,0.132,119.8263168334961
105,510,0,2,0.132,158.93655395507812
110,43,0,2,0.132,115.72345733642578
52,1161,0,2,0.132,125.23563385009766
0,941,2,1,0.088,123.33490753173828
92,1985,2,1,0.088,128.9812774658203
59,227,1,2,0.09533431836230721,149.98387145996094
62,2031,2,1,0.088,119.36746978759766
53,359,1,1,0.088,
112,1526,2,3,0.0448027585704896,122.87189483642578
16,1972,3,0,0.154,131.34901428222656
71,409,3,1,0.0025002525424081268,144.40811157226562
63,2022,2,2,0.132,128.19065856933594
49,1926,3,1,0.088,116.87115478515625
52,833,3,0,0.154,111.75553131103516
59,1933,2,1,0.088,114.03936004638672
92,1659,1,2,0.132,129.94183349609375
110,641,3,2,0.132,114.7852783203125
17,439,0,2,0.132,132.58995056152344
3,1283,3,1,0.088,151.802490234375
19,1940,0,2,0.132,136.96839904785156
93,1506,1,2,0.132,115.3077621459961
92,42,3,2,0.132,131.1463623046875
52,1176,1,0,0.154,112.55447387695312
16,1012,3,1,0.088,146.7617645263672
93,1552,3,1,0.088,116.08946990966797
14,1615,0,2,0.132,138.03611755371094
71,1207,2,1,0.088,143.63502502441406
15,1412,1,1,0.088,132.0360565185547
82,71,0,3,0.042309701627140636,133.4863739013672
36,1643,1,3,0.01200000000000001,128.31716918945312
52,1229,0,1,0.088,111.8994140625
112,224,3,1,0.088,122.56635284423828
95,1134,3,3,0.01200000000000001,133.59463500976562
113,1770,0,2,0.132,126.32394409179688
23,134,3,1,0.088,126.48271179199219
31,1185,0,2,0.132,138.8131561279297
11,1825,0,1,0.04487513744287522,135.27769470214844
62,1246,3,2,0.132,121.61526489257812
62,240,3,1,0.088,118.71685791015625
74,598,0,1,0.088,144.3267364501953
48,447,0,3,0.01200000000000001,140.9131622314453
95,413,3,3,0.1,132.2041778564453
75,1500,2,1,0.06467478935569507,125.43285369873047
62,1058,0,1,0.088,122.56578063964844
52,1728,2,1,0.088,115.09016418457031
24,1014,1,3,0.1,123.14542388916016
110,1159,3,2,0.132,118.14562225341797
22,1758,0,3,0.01200000000000001,144.47140502929688
32,889,0,3,0.1,129.6898651123047
63,1866,0,1,0.088,132.07614135742188
16,569,3,1,0.088,133.33192443847656
39,1383,3,1,0.07911806866532171,133.1881103515625
16,79,2,3,0.1,138.29283142089844
56,854,2,3,0.1,124.0895004272461
61,1330,3,3,0.01200000000000001,141.5262451171875
24,1782,1,2,0.132,122.35279083251953
57,522,3,1,0.088,134.8620147705078
54,1599,2,1,0.088,145.07931518554688
52,399,1,1,0.088,118.01366424560547
93,346,3,0,0.154,114.6578369140625
88,1057,3,2,0.10487596502587704,135.211669921875
97,1723,3,1,0.088,129.4945068359375
77,1693,3,3,0.1,118.93521881103516
0,289,1,3,0.047614729408138545,117.00543212890625
94,515,0,1,0.088,133.31832885742188
32,1732,3,2,0.132,148.04331970214844
92,1624,2,2,0.132,129.1193389892578
97,616,3,2,0.132,134.181396484375
89,227,2,2,0.1202785780247066,144.60948181152344
51,156,0,2,0.132,121.11630249023438
77,591,2,2,0.04001599464505312,124.76825714111328
77,983,1,3,0.1,118.82787322998047
71,1779,0,3,0.1,134.48866271972656
49,730,3,3,0.1,116.5448226928711
102,163,2,3,0.012000000000005256,142.00946044921875
3,1311,3,1,0.088,156.0355987548828
99,1164,0,1,0.088,136.6811065673828
7,347,0,0,0.038445212181838856,125.94222259521484
0,1895,3,2,0.132,123.22514343261719
77,1743,2,2,0.132,117.96814727783203
52,574,3,1,0.088,125.93468475341797
57,1328,0,1,0.088,133.41651916503906
77,1257,0,1,0.088,119.83209991455078
16,1091,0,3,0.01200000000000001,141.53334045410156
24,588,1,1,0.088,128.02584838867188
8,631,2,3,0.09215653434461368,125.21142578125
70,1397,1,3,0.1,119.8997573852539
93,1816,2,2,0.132,115.24203491210938
46,245,2,2,0.132,127.2701187133789
102,706,0,1,0.0402182396237685,145.36660766601562
97,1691,3,3,0.01200000000000001,133.75352478027344
51,1899,1,2,0.132,120.21414947509766
34,1100,2,3,0.1,126.4251937866211
68,1503,0,2,0.132,142.24984741210938
26,1313,2,0,0.05547440395939711,121.36239624023438
3,333,3,3,0.01200000000000001,155.59324645996094
16,501,2,3,0.01200000000000001,140.8092041015625
52,1099,0,3,0.01200000000000001,125.83338165283203
87,1634,3,1,0.088,130.53347778320312
36,759,3,2,0.132,128.41152954101562
102,1027,2,0,0.10486025466425172,133.94491577148438
74,1617,0,3,0.012000000000005034,146.28355407714844
18,147,2,3,0.1,119.28112030029297
71,1183,0,1,0.088,135.33660888671875
15,507,3,1,0.088,131.41943359375
38,1917,3,1,0.088,130.6839141845703
49,439,1,3,0.007803269233254279,123.97711944580078
89,495,3,3,0.1,143.6575927734375
30,859,3,2,0.132,117.45056915283203
56,369,1,2,0.05940468984753927,124.55613708496094
32,57,0,2,0.132,128.3669891357422
92,1750,2,1,0.088,128.55224609375
11,1806,2,1,0.088,140.4302978515625
31,1489,3,1,0.088,129.515625
105,490,0,2,0.132,139.704345703125
28,319,3,0,0.154,106.76277923583984
52,1561,2,2,0.132,116.0399169921875
48,1590,0,1,0.06077016435437968,142.637939453125
95,1682,3,2,0.028229650237818316,135.42185974121094
29,1371,3,2,0.132,127.41815185546875
62,154,2,2,0.132,123.12361145019531
99,862,3,3,0.0462735872620994,125.85360717773438
44,1157,0,2,0.132,137.33468627929688
62,19,2,3,0.01200000000000001,127.2640380859375
67,1028,0,2,0.132,139.7113037109375
110,1427,0,3,0.1,114.03286743164062
32,266,0,1,0.088,147.897705078125
62,90,2,0,0.154,118.29218292236328
85,511,0,1,0.06710825452462174,116.2116470336914
10,631,3,2,0.07577752643864111,122.96407318115234
32,960,3,1,0.088,129.90234375
32,249,0,3,0.1,124.26079559326172
32,1812,2,0,0.154,128.01446533203125
6,1704,1,0,0.04111948674367902,114.21353149414062
87,1145,3,3,0.1,125.43084716796875
89,1880,3,2,0.132,149.5483856201172
5,1157,0,3,0.007186954647022464,136.30523681640625
16,1494,2,1,0.088,138.017578125
92,839,3,1,0.088,128.94259643554688
69,1761,0,2,0.132,145.6074676513672
28,251,2,2,0.10728117607906129,136.01771545410156
82,1536,1,1,0.088,133.4152374267578
63,650,1,3,0.1,126.59700012207031
66,1186,3,1,0.088,129.78236389160156
74,1079,1,1,0.06876427436047708,143.3138885498047
16,1106,2,3,0.1,136.03997802734375
8,369,3,3,0.1,125.75128936767578
0,1887,0,2,0.132,128.200439453125
52,877,3,1,0.088,110.40229034423828
61,134,3,3,0.1,137.667236328125
19,1653,3,1,0.088,131.9881591796875
62,1594,0,0,0.154,119.08078002929688
52,702,1,1,0.088,119.75944519042969
62,1825,3,3,0.05186446027270725,120.16182708740234
52,831,1,2,0.132,119.42169952392578
95,728,2,3,0.01200000000000001,134.49842834472656
25,1853,2,2,0.050281752328610596,145.38912963867188
109,1130,3,1,0.088,111.07571411132812
89,729,0,2,0.132,154.61573791503906
89,1082,2,3,0.01200000000000001,146.34326171875
68,1843,2,0,0.154,124.66500854492188
77,1759,2,3,0.09670498393995083,118.9220199584961
24,1417,3,3,0.1,123.20803833007812
52,651,0,2,0.132,110.28583526611328
75,350,2,3,0.1,125.70026397705078
48,382,0,2,0.132,141.63641357421875
24,607,1,2,0.132,122.91295623779297
61,706,3,2,0.03508092627484416,143.02725219726562
32,1812,0,3,0.1,128.01446533203125
3,1600,3,3,0.01200000000000001,155.62001037597656
68,1863,0,1,0.088,142.23521423339844
68,1455,2,2,0.132,139.15538024902344
107,1470,1,2,0.132,125.55044555664062
82,1630,3,1,0.088,141.8007354736328
82,1715,0,1,0.088,131.2465362548828
28,871,2,2,0.132,105.81856536865234
31,611,3,2,0.07048853091341534,136.22976684570312
52,207,3,2,0.132,124.88583374023438
52,2032,3,1,0.088,117.62117767333984
59,386,0,1,0.088,155.692138671875
52,1465,2,0,0.154,110.89873504638672
85,348,1,2,0.132,113.74468994140625
58,1743,2,0,0.154,123.26072692871094
28,780,0,2,0.132,133.98544311523438
11,1113,3,2,0.132,135.55572509765625
34,1832,0,2,0.132,128.24658203125
29,72,2,1,0.0044029815402073375,124.69908905029297
30,1756,1,3,0.1,114.3449935913086
15,1370,2,2,0.132,133.263671875
27,18,0,0,0.07514136708427502,115.63247680664062
16,1151,2,2,0.132,142.51524353027344
54,1942,3,0,0.1412268967286617,132.94432067871094
95,988,1,3,0.01200000000000001,135.39410400390625
32,766,3,1,0.088,130.71188354492188
36,592,2,3,0.01200000000000001,128.6049041748047
77,1420,0,2,0.132,119.05506896972656
52,927,0,3,0.01200000000000001,123.58746337890625
43,505,2,3,0.1,121.37511444091797
16,99,0,2,0.132,139.86102294921875
18,1299,3,3,0.1,125.17724609375
92,1832,2,2,0.132,128.66969299316406
59,1933,0,0,0.154,114.03936004638672
91,1155,1,3,0.01200000000000001,129.05206298828125
82,1169,3,1,0.088,139.19876098632812
43,147,1,2,0.132,123.61209106445312
71,589,0,3,0.1,137.77935791015625
32,1901,3,3,0.1,127.85045623779297
34,106,0,3,0.01200000000000001,138.05764770507812
107,1961,1,1,0.088,125.36363983154297
88,1940,1,3,0.01200000000000001,137.09828186035156
110,641,1,1,0.088,114.7852783203125
93,1582,3,2,0.132,124.49070739746094
102,1615,0,3,0.1,138.79168701171875
36,1977,2,2,0.132,125.32139587402344
91,669,3,2,0.10007100187981066,136.36849975585938
44,1104,1,1,0.0071880885596792565,149.82472229003906
0,679,1,1,0.088,121.99736022949219
34,1004,1,1,0.088,125.96566009521484
52,1021,2,3,0.1,113.99590301513672
74,1580,2,1,0.088,131.71449279785156
42,1317,1,1,0.088,133.47714233398438
62,1246,1,1,0.088,121.61526489257812
45,1715,0,3,0.05399999999999999,
36,1834,2,3,0.07010240364559547,129.45639038085938
62,240,1,0,0.154,118.71685791015625
89,313,2,2,0.132,149.27333068847656
0,184,1,3,0.01200000000000001,119.88111877441406
52,1954,1,2,0.132,110.34359741210938
89,172,2,2,0.132,148.48468017578125
105,1395,2,3,0.01200000000000001,141.3287353515625
34,336,0,2,0.132,128.04794311523438
22,794,0,3,0.01200000000000001,139.64385986328125
68,1523,0,2,0.1268709965769273,154.540283203125
4,1621,0,2,0.0666919232324294,123.49068450927734
112,93,0,2,0.132,121.39998626708984
82,1921,2,3,0.1,132.80160522460938
38,1753,3,0,0.08049311946521154,122.6750259399414
56,854,0,2,0.08225493567033204,124.0895004272461
52,710,2,2,0.132,116.77137756347656
25,1537,2,2,0.132,142.23654174804688
14,772,3,1,0.04916887640514114,138.68609619140625
14,769,3,1,0.088,141.1082763671875
23,47,3,3,0.154,102.72364807128906
71,391,3,3,0.1,135.4088134765625
24,1398,1,1,0.088,127.61131286621094
52,541,0,2,0.132,114.38414001464844
77,30,3,0,0.154,118.33349609375
23,1842,2,2,0.132,134.1986083984375
16,367,1,3,0.01200000000000001,140.95721435546875
93,1876,1,2,0.04876853411095883,116.03050994873047
32,776,3,2,0.132,150.38034057617188
52,92,0,2,0.132,114.4842758178711
24,1707,2,2,0.132,125.15516662597656
44,105,3,2,0.132,147.8617706298828
71,1272,0,3,0.02765078261175588,136.2909698486328
58,1116,3,1,0.088,131.0633087158203
89,445,2,3,0.1,141.5133819580078
77,1743,0,1,0.088,117.96814727783203
58,810,0,3,0.1,126.07738494873047
39,638,3,3,0.01200000000000001,131.11752319335938
13,629,2,3,0.09513207460077994,122.93148803710938
16,1268,2,1,0.088,144.13331604003906
89,2013,1,3,0.1,149.66943359375
42,1201,1,1,0.004367822503475255,125.9603271484375
52,693,3,2,0.132,122.83924102783203
33,1361,0,3,0.01200000000000001,129.86859130859375
110,1159,0,2,0.132,118.14562225341797
33,519,0,1,0.088,129.72862243652344
92,1324,2,1,0.088,132.34060668945312
0,1700,0,1,0.088,123.50120544433594
16,592,2,2,0.03378610952425376,144.50027465820312
16,221,2,2,0.132,138.18772888183594
34,1100,0,2,0.132,126.4251937866211
42,1052,2,0,0.154,120.08419036865234
112,1211,3,0,0.154,117.7302017211914
70,348,2,0,0.154,116.32640075683594
46,669,1,3,0.1,130.17532348632812
28,1618,3,2,0.04237607188000736,128.54879760742188
82,1530,3,2,0.11458867281582347,131.20611572265625
89,1836,0,3,0.01200000000000001,148.20179748535156
3,260,3,3,0.1,144.91055297851562
28,315,2,2,0.132,106.22738647460938
102,453,3,1,0.088,
103,953,3,2,0.132,144.8365478515625
107,1645,2,1,0.088,124.55036163330078
74,1429,2,3,0.1,135.6409149169922
53,1523,0,2,0.005129003423072709,155.02276611328125
74,117,1,1,0.088,142.64468383789062
59,687,1,1,0.088,129.9551239013672
3,966,2,3,0.01200000000000001,151.40087890625
82,1676,3,1,0.088,134.11521911621094
77,1282,2,2,0.132,121.17851257324219
26,520,3,2,0.06075284213859711,133.8925018310547
0,1504,2,1,0.088,122.84294891357422
82,46,3,1,0.088,132.77247619628906
115,1852,3,3,0.1,126.32865142822266
63,80,1,3,0.0047158128368108565,126.91487884521484
61,1063,3,3,0.01200000000000001,141.1981964111328
61,1408,3,3,0.1,135.23831176757812
52,574,0,1,0.088,125.93468475341797
59,518,2,2,0.132,150.61422729492188
89,2009,0,3,0.01200000000000001,146.02102661132812
3,525,1,3,0.01200000000000001,151.595458984375
42,233,2,2,0.132,132.1492919921875
16,1487,1,3,0.09976623119910022,138.53506469726562
37,96,3,0,0.12091413434748705,
10,9,1,1,0.088,126.60453796386719
66,1182,2,3,0.05426900619165273,128.2998504638672
106,444,3,3,0.1,140.1685028076172
97,1721,1,1,0.051882256232453156,127.05683898925781
44,1889,0,2,0.132,138.0310516357422
52,746,2,1,0.088,117.75775909423828
89,1880,1,1,0.088,149.5483856201172
83,390,0,1,0.00314104760230724,124.71281433105469
57,131,0,2,0.132,129.62576293945312
34,1110,0,3,0.1,127.6542739868164
58,1606,0,3,0.1,126.03926849365234
32,486,2,2,0.132,130.81932067871094
77,536,1,3,0.1,121.22920989990234
32,710,2,1,0.088,133.25689697265625
112,230,3,0,0.154,116.66272735595703
28,251,0,1,0.088,136.01771545410156
66,1134,3,1,0.088,130.98074340820312
52,271,2,1,0.088,117.34913635253906
24,1513,2,2,0.132,127.50452423095703
103,1061,3,1,0.088,146.58047485351562
56,767,3,1,0.05447386049526379,120.9582290649414
16,1106,0,2,0.132,136.03997802734375
36,1309,3,2,0.132,132.0387420654297
32,334,3,1,0.088,128.88758850097656
14,83,3,3,0.01200000000000001,138.9224853515625
56,1344,0,3,0.1,125.71691131591797
89,1189,3,3,0.01200000000000001,146.95565795898438
115,1223,2,1,0.088,126.63390350341797
68,1455,0,1,0.088,139.15538024902344
62,1825,1,2,0.132,120.16182708740234
59,574,1,1,0.088,149.710693359375
8,463,3,1,0.088,139.49061584472656
95,728,0,2,0.132,134.49842834472656
112,230,1,3,0.1,116.66272735595703
33,1781,1,3,0.1,124.13660430908203
51,1627,3,2,0.132,121.17086029052734
74,1252,2,1,0.088,131.67596435546875
10,580,0,2,0.132,129.1921844482422
87,1145,2,0,0.0772553487927323,125.43084716796875
77,1759,0,2,0.044185839899994805,118.9220199584961
24,1417,1,2,0.132,123.20803833007812
92,1744,3,1,0.088,128.87255859375
95,424,3,1,0.088,138.8199462890625
75,350,0,2,0.132,125.70026397705078
103,198,2,3,0.1,143.4693603515625
23,581,2,3,0.1,109.01860809326172
36,1848,2,3,0.1,124.71561431884766
14,1080,0,3,0.1,135.03521728515625
74,1909,3,3,0.1,137.8917694091797
66,1820,0,1,0.06103522443289888,144.58807373046875
52,484,2,2,0.132,116.0594253540039
70,365,0,1,0.088,120.0744400024414
29,253,2,3,0.07172768167108308,124.59071350097656
80,169,3,1,0.088,102.01465606689453
82,1333,3,2,0.132,134.64002990722656
87,1172,1,1,0.088,129.39439392089844
83,136,2,3,0.01200000000000001,127.1736831665039
97,629,2,0,0.06858471973207025,126.4849853515625
28,871,0,1,0.088,105.81856536865234
59,557,1,3,0.1,144.07534790039062
42,83,1,1,0.088,131.97927856445312
83,958,2,1,0.088,
85,1266,2,3,0.1,116.88200378417969
97,1259,3,1,0.088,129.62991333007812
16,1293,1,3,0.1,138.1072540283203
52,681,1,3,0.1,117.31963348388672
51,1152,3,2,0.033082411904484466,119.46376037597656
74,256,1,3,0.01200000000000001,139.3878173828125
97,1340,3,1,0.088,127.10184478759766
82,741,3,3,0.1,134.1942596435547
82,501,2,2,0.132,139.3131561279297
63,1266,3,0,0.002767943332088324,124.43016815185547
16,1620,3,0,0.154,124.46698760986328
61,1872,0,1,0.088,139.4178466796875
93,730,2,2,0.1005338997941212,113.01606750488281
16,1151,0,1,0.088,142.51524353027344
87,1599,0,1,0.088,139.17190551757812
25,116,3,0,0.04878855664722595,136.343017578125
44,91,0,2,0.132,146.93707275390625
32,524,1,1,0.088,130.3231964111328
77,1848,3,1,0.088,120.97967529296875
4,1573,1,3,0.08050592814203067,122.0376205444336
68,862,3,0,0.07178037565878512,130.04806518554688
95,1646,2,2,0.132,135.58953857421875
49,1753,1,3,0.1,116.86788940429688
16,1620,1,3,0.1,124.46698760986328
89,560,2,1,0.088,144.40081787109375
24,1510,0,3,0.1,125.95013427734375
36,1256,3,2,0.132,127.87078857421875
24,1263,3,1,0.088,124.50358581542969
17,421,3,3,0.01200000000000001,132.8511199951172
52,1689,1,1,0.088,114.96037292480469
8,1831,3,2,0.132,138.52659606933594
52,1766,0,3,0.1,111.18428039550781
23,1301,1,3,0.1,118.76207733154297
52,383,3,2,0.132,119.4293212890625
82,642,3,1,0.088,136.5513153076172
68,194,2,1,0.088,140.58995056152344
46,1197,2,2,0.132,130.36343383789062
43,1117,3,2,0.132,123.52989959716797
92,1240,3,3,0.1,129.37274169921875
58,58,1,1,0.088,128.08712768554688
48,1789,2,2,0.132,134.11978149414062
82,1921,0,2,0.132,132.80160522460938
52,1021,0,2,0.132,113.99590301513672
67,232,0,3,0.1,124.9438247680664
59,0,0,3,0.1,149.0017547607422
105,304,3,1,0.088,146.7697296142578
52,1493,3,1,0.088,117.21272277832031
74,380,2,3,0.01200000000000001,136.81973266601562
67,365,1,2,0.07937148632010152,123.66497802734375
62,1722,3,2,0.132,136.0716552734375
49,1607,2,2,0.132,123.89335632324219
15,1481,0,2,0.132,134.75033569335938
16,1220,3,2,0.132,140.44944763183594
84,1567,0,2,0.03547196886668508,111.13727569580078
0,1339,0,2,0.11969442087074189,120.36851501464844
66,365,3,0,0.01999129558521892,123.7498550415039
0,900,1,2,0.132,123.0335922241211
16,853,1,3,0.1,131.5590057373047
16,312,1,3,0.01200000000000001,138.6106719970703
8,1979,0,2,0.132,130.64840698242188
105,1459,3,1,0.054230929850768494,137.90550231933594
24,1720,1,2,0.132,121.43627166748047
48,259,0,2,0.132,140.7625732421875
24,998,3,2,0.132,128.33494567871094
105,253,2,2,0.132,139.690185546875
89,837,0,3,0.01200000000000001,147.82432556152344
38,508,3,2,0.132,134.1150360107422
57,1254,1,0,0.10511379735124346,123.23664093017578
46,2014,1,3,0.1,130.42791748046875
95,1375,1,1,0.056592665750827,134.5364990234375
24,1147,3,1,0.088,122.84561157226562
15,699,3,0,0.154,128.24664306640625
105,1149,1,0,0.154,130.47317504882812
23,1858,1,2,0.132,132.25367736816406
32,1901,2,0,0.154,127.85045623779297
62,1141,1,3,0.036108064511683385,123.12361145019531
16,1180,1,3,0.012000000000005256,144.27061462402344
70,722,0,0,0.048108566848532625,118.48468017578125
23,1842,0,1,0.088,134.1986083984375
110,730,0,2,0.132,115.80975341796875
102,1279,1,3,0.01200000000000001,141.78163146972656
97,21,2,2,0.132,129.90463256835938
105,908,1,3,0.01200000000000001,144.9883575439453
87,522,2,2,0.013214672910168757,136.78665161132812
88,1734,3,2,0.132,137.91201782226562
77,1634,3,3,0.1,117.50836181640625
88,502,0,2,0.12571417002651783,141.7058563232422
49,54,2,3,0.012000000000005256,125.6742172241211
95,738,1,1,0.088,134.23291015625
38,1214,0,1,0.088,133.30722045898438
16,221,0,1,0.088,138.18772888183594
59,1915,3,3,0.154,119.300048828125
58,1046,3,1,0.088,126.0677719116211
105,1962,3,1,0.088,146.55372619628906
82,10,1,3,0.1,135.93405151367188
16,889,1,0,0.154,131.5250244140625
97,1032,2,1,0.088,133.97203063964844
113,126,2,2,0.132,124.65348815917969
82,960,0,0,0.154,129.9214324951172
113,1951,2,1,0.088,125.44709777832031
16,1851,2,2,0.132,138.11293029785156
105,1152,1,0,0.0930387921042869,132.8730010986328
52,936,2,1,0.088,114.86834716796875
3,1550,2,1,0.088,151.16221618652344
110,466,3,2,0.132,118.08856201171875
106,1062,3,2,0.132,141.06048583984375
16,753,3,1,0.088,144.25210571289062
27,767,3,3,0.1,116.48890686035156
56,116,2,2,0.132,121.9650650024414
24,1864,2,1,0.088,131.89720153808594
105,179,3,3,0.1,131.32786560058594
83,1551,2,1,0.088,128.54823303222656
49,1546,0,2,0.132,120.74223327636719
68,1503,2,2,0.132,142.24984741210938
110,432,3,1,0.088,118.38339233398438
24,1250,1,1,0.088,125.26699829101562
66,699,0,0,0.01646533294942859,123.39932250976562
105,1619,0,3,0.048404497115978884,134.796142578125
56,631,2,2,0.132,123.60497283935547
25,1239,1,3,0.01200000000000001,142.0098419189453
3,713,2,3,0.1,155.3379364013672
61,1063,1,2,0.132,141.1981964111328
24,1566,3,1,0.088,125.20452880859375
68,973,1,2,0.132,135.23977661132812
58,1095,3,3,0.029023637934683155,125.83617401123047
62,1790,1,2,0.132,118.78894805908203
97,930,3,0,0.154,127.9162368774414
43,1540,2,3,0.1,121.15424346923828
52,1937,3,2,0.132,113.63845825195312
32,57,2,2,0.132,128.3669891357422
62,896,1,2,0.132,118.58523559570312
16,1972,3,3,0.1,131.34901428222656
88,437,1,1,0.088,134.7291717529297
62,191,3,2,0.132,129.4374237060547
24,1154,0,1,0.088,134.06068420410156
82,71,2,3,0.010533857022277632,133.4863739013672
52,1229,2,1,0.088,111.8994140625
62,16,1,2,0.009304540873142031,119.52409362792969
112,629,3,0,0.023333748591849335,116.9473648071289
85,407,0,2,0.132,140.2473907470703
8,756,0,3,0.01200000000000001,132.58050537109375
91,492,2,3,0.01200000000000001,129.30715942382812
34,1495,2,1,0.011843296275446807,135.0811004638672
10,545,2,3,0.018305926312756862,124.37067413330078
52,1280,1,3,0.1,115.96705627441406
92,799,1,3,0.01200000000000001,132.8783416748047
34,503,2,3,0.012000000000005256,134.35693359375
0,1939,1,2,0.132,124.44583129882812
61,1408,1,2,0.11499166104506214,135.23831176757812
62,630,2,2,0.132,119.26226806640625
32,822,2,1,0.088,125.60336303710938
74,1294,3,2,0.058728435265372525,135.21688842773438
48,292,0,1,0.088,138.28550720214844
24,547,0,2,0.132,134.69625854492188
109,1747,0,1,0.06653380928932334,111.18113708496094
62,1166,3,2,0.132,127.26758575439453
68,1836,2,2,0.09991197718613515,142.36790466308594
71,2001,0,3,0.1,137.4637451171875
25,409,0,2,0.132,145.30503845214844
95,341,1,3,0.1,129.8577117919922
24,1518,2,2,0.132,133.46910095214844
4,155,0,2,0.132,123.10820007324219
36,1855,3,2,0.08088633747383855,129.09707641601562
51,1018,2,2,0.132,
89,1484,0,2,0.132,149.45065307617188
92,1846,0,1,0.088,137.86404418945312
103,1733,0,1,0.088,149.34915161132812
19,462,1,1,0.088,135.62139892578125
52,1944,0,2,0.132,121.35118103027344
66,141,0,3,0.1,127.63810729980469
52,1161,1,3,0.012000000000005256,125.23563385009766
18,1168,0,2,0.132,146.80662536621094
62,1490,3,2,0.132,118.7197265625
32,820,3,1,0.088,147.88986206054688
11,1779,1,0,0.01035299984715407,134.13778686523438
88,1653,2,1,0.088,132.91854858398438
26,520,0,2,0.08458738019281514,133.8925018310547
89,1189,1,2,0.05899230022130375,146.95565795898438
105,511,3,0,0.012348278499101834,131.4611358642578
82,1333,1,1,0.088,134.64002990722656
25,1042,1,3,0.01200000000000001,144.3134307861328
82,766,0,0,0.154,130.58534240722656
71,1557,2,2,0.132,146.90306091308594
3,617,2,1,0.088,148.67442321777344
33,606,0,2,0.132,121.33790588378906
93,346,3,3,0.1,114.6578369140625
42,648,2,3,0.1,124.9762191772461
97,832,1,3,0.01200000000000001,136.13668823242188
103,836,0,3,0.1,138.1575164794922
79,441,0,1,0.088,150.81576538085938
62,503,0,1,0.088,131.2190704345703
52,1176,2,1,0.088,112.55447387695312
23,581,0,2,0.132,109.01860809326172
59,1952,0,2,0.132,150.32684326171875
62,929,1,1,0.088,118.82085418701172
32,853,2,2,0.132,129.7819061279297
74,1909,1,2,0.132,137.8917694091797
89,34,2,0,0.154,131.45555114746094
63,963,3,1,0.088,127.71814727783203
92,1267,2,2,0.132,128.75852966308594
28,1684,0,1,0.088,128.9779815673828
63,1866,1,2,0.132,132.07614135742188
36,1598,1,3,0.1,126.35950469970703
92,488,2,0,0.028312220889726875,128.3063507080078
83,136,0,2,0.004880050584151641,127.1736831665039
92,1110,1,0,0.154,128.255615234375
83,958,0,0,0.154,
95,847,0,3,0.01200000000000001,138.66896057128906
32,1715,2,2,0.132,131.49169921875
80,448,1,3,0.03702089815944462,104.89043426513672
70,779,1,3,0.1,120.42570495605469
71,1779,3,1,0.088,134.48866271972656
17,904,3,3,0.01200000000000001,131.94757080078125
59,1215,2,2,0.132,139.73147583007812
59,1740,1,1,0.088,141.69007873535156
113,1182,0,1,0.088,125.72270202636719
0,680,0,3,0.012000000000005256,127.68682098388672
87,356,2,3,0.00953805542109687,129.4069061279297
48,1145,0,0,0.154,124.71138763427734
74,590,2,2,0.132,141.74819946289062
114,1892,0,3,0.1,134.26937866210938
84,992,0,3,0.1,111.88735961914062
92,1454,0,2,0.132,142.31011962890625
10,670,2,2,0.011100800038641057,122.95155334472656
52,686,2,2,0.132,113.4040756225586
16,1711,2,2,0.132,138.2382049560547
105,1747,1,3,0.1,130.10084533691406
105,165,3,1,0.037006476760032436,133.09605407714844
82,595,2,1,0.088,135.68536376953125
61,1854,1,1,0.088,136.08560180664062
36,1256,1,1,0.088,127.87078857421875
52,1435,3,1,0.088,123.98721313476562
23,1885,0,1,0.088,108.67815399169922
82,1839,1,1,0.088,138.54345703125
16,794,3,2,0.132,143.50582885742188
42,1467,0,2,0.132,128.49769592285156
51,529,3,2,0.053766955330635524,120.22915649414062
52,383,1,1,0.088,119.4293212890625
54,694,1,3,0.1,139.09214782714844
88,543,0,3,0.016733730780934458,132.86009216308594
112,1414,2,1,0.088,124.9582748413086
28,1426,3,2,0.132,128.86752319335938
22,459,0,2,0.132,154.64328002929688
66,217,1,1,0.088,134.20632934570312
0,1139,2,1,0.088,123.39098358154297
32,1031,3,1,0.088,131.99227905273438
43,1117,1,1,0.088,123.52989959716797
28,319,3,3,0.154,106.76277923583984
24,1586,0,2,0.132,136.0094757080078
105,72,2,1,0.08359701845979266,139.81045532226562
67,1315,2,1,0.088,123.85943603515625
52,916,2,1,0.088,125.81197357177734
52,868,0,3,0.1,115.0723876953125
52,1338,1,3,0.1,113.72921752929688
61,1562,2,1,0.088,134.90249633789062
30,119,0,1,0.088,125.607421875
11,1058,0,2,0.07438141240395701,137.85958862304688
42,1317,3,1,0.088,133.47714233398438
51,232,2,3,0.024610687074122367,120.64192199707031
92,368,3,3,0.01200000000000001,133.63473510742188
71,238,1,3,0.1,136.8934326171875
28,369,2,2,0.015144375163836266,125.4077377319336
74,380,0,2,0.132,136.81973266601562
0,1284,3,3,0.1,118.5784912109375
62,90,2,3,0.04502983203339847,118.29218292236328
59,434,1,3,0.01200000000000001,154.2296600341797
82,1536,3,1,0.088,133.4152374267578
63,1942,3,0,0.012773103271338293,123.3375473022461
63,182,2,2,0.132,127.56768798828125
77,1981,0,2,0.132,120.03325653076172
95,273,1,2,0.132,130.6475372314453
10,901,1,2,0.132,122.79722595214844
105,253,0,1,0.088,139.690185546875
52,1243,2,1,0.088,114.40888977050781
46,771,3,0,0.08003419101436932,122.0935287475586
15,2028,1,2,0.1111528434451291,135.84884643554688
89,1443,3,3,0.01200000000000001,149.4813690185547
52,831,3,2,0.132,119.42169952392578
49,54,0,2,0.08911800577943352,125.6742172241211
15,819,0,3,0.1,130.83843994140625
61,1663,0,3,0.01200000000000001,138.9631805419922
62,888,1,3,0.1,119.53306579589844
8,390,2,1,0.088,127.74393463134766
92,2006,1,1,0.088,128.3962860107422
32,835,0,3,0.01200000000000001,145.14834594726562
89,489,1,1,0.088,143.8390350341797
52,894,3,2,0.132,119.27938079833984
62,154,3,3,0.09754557901168337,123.12361145019531
33,1287,1,2,0.132,130.462158203125
13,152,0,3,0.1,123.4758071899414
44,1667,0,1,0.088,137.72528076171875
52,651,2,2,0.132,110.28583526611328
0,1369,0,3,0.1,120.30306243896484
97,1553,0,2,0.132,129.82797241210938
93,1876,3,2,0.132,116.03050994873047
62,1594,0,3,0.1,119.08078002929688
24,272,3,1,0.088,127.48859405517578
52,482,0,2,0.132,114.0463638305664
56,116,0,1,0.088,121.9650650024414
4,1621,2,2,0.132,123.49068450927734
87,522,0,1,0.088,136.78665161132812
71,1930,1,0,0.154,133.72776794433594
16,1647,3,1,0.088,140.54019165039062
1,659,0,2,0.132,123.2379379272461
46,190,1,1,0.088,127.7659683227539
58,478,0,2,0.132,126.62586975097656
42,282,3,2,0.132,127.84058380126953
113,1656,1,0,0.15192581796039628,101.03799438476562
3,500,0,1,0.088,145.1448974609375
32,1958,2,2,0.04521675262528069,149.61074829101562
52,800,2,1,0.088,115.9950942993164
68,938,1,0,0.019583305723716693,128.3414306640625
19,14,1,2,0.132,132.54815673828125
4,166,2,1,0.088,120.56815338134766
4,68,2,3,0.1,118.3462905883789
89,88,3,3,0.01200000000000001,144.98692321777344
42,1182,1,3,0.01758913109681881,126.7245101928711
23,938,2,0,0.0955980705053496,113.87184143066406
28,347,3,3,0.1,110.48572540283203
89,1546,1,3,0.1,142.28213500976562
89,1332,2,3,0.01200000000000001,148.42784118652344
21,1500,3,3,0.025086799934467607,130.07064819335938
89,668,0,1,0.088,153.34910583496094
8,721,0,1,0.088,142.13084411621094
85,365,1,3,0.058008117299110984,117.8355484008789
93,289,1,2,0.132,115.07907104492188
93,1177,3,3,0.01200000000000001,122.49671936035156
59,1082,3,2,0.132,151.8050537109375
105,179,1,2,0.132,131.32786560058594
20,88,3,2,0.132,145.25726318359375
92,1892,0,1,0.088,130.66262817382812
52,1465,2,3,0.1,110.89873504638672
6,1704,2,1,0.044494206995661145,114.21353149414062
89,1731,0,1,0.088,148.8513641357422
25,1853,3,3,0.01200000000000001,145.38912963867188
32,674,1,3,0.1,128.83421325683594
14,487,0,2,0.132,137.53363037109375
22,211,0,3,0.01200000000000001,145.14501953125
31,1966,0,1,0.088,138.23622131347656
85,1747,1,2,0.132,113.83522033691406
92,989,0,3,0.1,128.71408081054688
18,592,1,2,0.028678976606161033,129.49240112304688
30,751,0,2,0.132,128.67689514160156
27,18,0,3,0.1,115.63247680664062
23,938,0,3,0.1,113.87184143066406
11,1272,0,2,0.132,135.8681640625
57,1554,1,2,0.132,134.0956268310547
59,1915,2,0,0.154,119.300048828125
3,713,0,2,0.132,155.3379364013672
107,771,3,3,0.1,124.8428726196289
54,1942,3,3,0.01735502940708386,132.94432067871094
74,934,0,3,0.1,134.19151306152344
77,1442,0,2,0.09907092288783581,122.13176727294922
32,822,0,0,0.007095684369980676,125.60336303710938
1,1699,2,2,0.03585808843725935,127.01477813720703
38,1339,2,3,0.035945274196772126,127.73104858398438
74,865,3,2,0.132,141.00088500976562
15,141,1,2,0.08058764916197192,132.33380126953125
93,1525,1,2,0.132,115.00581359863281
52,1741,3,1,0.088,114.22257232666016
59,95,0,1,0.088,155.03369140625
88,1462,3,3,0.01200000000000001,132.93008422851562
49,1926,1,3,0.1,116.87115478515625
110,704,3,1,0.022125306253144794,113.29430389404297
52,637,3,2,0.132,121.20697021484375
110,661,1,2,0.132,115.03720092773438
16,211,3,1,0.088,149.5159454345703
15,5,3,3,0.1,130.68153381347656
39,1734,3,3,0.01200000000000001,131.90794372558594
69,1725,3,3,0.01200000000000001,142.64390563964844
24,454,2,1,0.088,101.93009185791016
25,1407,3,3,0.01200000000000001,143.69317626953125
52,1191,0,2,0.132,113.21483612060547
82,282,2,1,0.088,139.83892822265625
97,1967,3,3,0.1,129.8330535888672
91,1919,3,3,0.1,126.22821807861328
3,710,1,0,0.0006856849586768798,148.2637481689453
32,724,0,2,0.132,147.12518310546875
0,941,1,1,0.088,123.33490753173828
28,1725,0,2,0.132,135.03819274902344
62,2031,1,1,0.088,119.36746978759766
68,1836,0,1,0.088,142.36790466308594
66,278,2,1,0.088,133.26498413085938
24,1518,0,1,0.088,133.46910095214844
89,990,1,1,0.088,145.06959533691406
62,202,3,2,0.132,120.06063079833984
89,95,0,3,0.01200000000000001,149.51170349121094
16,1972,2,0,0.154,131.34901428222656
52,1074,3,2,0.132,113.91722106933594
51,1018,0,1,0.088,
59,739,3,3,0.1,145.81541442871094
74,1213,1,1,0.088,132.210205078125
52,927,3,1,0.088,123.58746337890625
91,1156,3,2,0.035193168714086176,131.63558959960938
70,699,1,2,0.132,119.8263168334961
58,1070,3,2,0.132,125.97569274902344
92,1659,0,2,0.132,129.94183349609375
110,641,2,2,0.132,114.7852783203125
52,1728,0,3,0.1,115.09016418457031
15,1370,3,3,0.1,133.263671875
99,462,0,3,0.01200000000000001,139.01760864257812
24,81,3,1,0.088,131.71286010742188
3,1283,2,1,0.088,151.802490234375
31,1748,3,3,0.1,124.78679656982422
93,1506,0,2,0.132,115.3077621459961
92,42,2,2,0.132,131.1463623046875
49,132,2,3,0.023390462463715372,124.07382202148438
97,1721,3,1,0.088,127.05683898925781
52,1697,0,2,0.132,125.91980743408203
112,1526,1,3,0.049019071370489664,122.87189483642578
52,1579,1,2,0.132,125.20802307128906
48,366,3,1,0.088,134.43142700195312
29,1305,3,2,0.10933052665352383,127.0638198852539
31,705,2,1,0.088,123.20901489257812
27,862,3,1,0.088,117.03849792480469
77,30,3,3,0.1,118.33349609375
44,1623,3,2,0.132,137.6455078125
58,810,2,3,0.1,126.07738494873047
52,1176,0,0,0.154,112.55447387695312
59,1215,0,1,0.088,139.73147583007812
22,1477,0,2,0.132,145.39231872558594
95,413,2,3,0.01200000000000001,132.2041778564453
17,478,3,3,0.1,129.60791015625
24,1014,0,3,0.1,123.14542388916016
26,1371,3,1,0.00837675462079085,129.1265869140625
36,1643,0,3,0.01200000000000001,128.31716918945312
3,1230,1,3,0.01200000000000001,152.07374572753906
32,1511,3,1,0.088,129.948974609375
61,1807,0,1,0.08256680446498349,142.94508361816406
25,1207,3,3,0.01200000000000001,145.3628692626953
77,1078,0,1,0.08525120678230633,119.92849731445312
52,2016,1,2,0.132,115.55853271484375
93,1159,3,3,0.014397481873606038,115.12866973876953
16,79,1,3,0.1,138.29283142089844
56,854,1,3,0.1,124.0895004272461
16,1904,1,2,0.132,144.78599548339844
16,524,1,0,0.04159613443293758,132.13597106933594
52,1675,2,0,0.154,109.58290100097656
52,46,3,2,0.132,117.04924774169922
0,1862,3,1,0.088,124.38067626953125
61,1330,2,3,0.01200000000000001,141.5262451171875
24,493,0,1,0.088,125.33390045166016
53,1313,2,1,0.07446073134252462,125.87103271484375
54,1599,1,1,0.088,145.07931518554688
52,399,0,1,0.088,118.01366424560547
23,1044,1,2,0.132,108.56903839111328
112,363,3,1,0.088,120.81670379638672
97,91,3,3,0.01200000000000001,136.28135681152344
89,172,3,3,0.020684602104868333,148.48468017578125
92,1992,3,3,0.01200000000000001,133.90635681152344
39,1478,0,2,0.132,139.05508422851562
97,616,2,2,0.132,134.181396484375
112,1211,3,3,0.1,117.7302017211914
12,348,0,3,0.011149165296236857,110.96928405761719
61,178,1,3,0.012000000000005256,142.87037658691406
33,1361,3,1,0.088,129.86859130859375
77,983,0,3,0.1,118.82787322998047
24,1773,3,2,0.132,140.64222717285156
10,670,0,1,0.088,122.95155334472656
52,686,0,1,0.088,113.4040756225586
28,290,1,2,0.04599145868137583,126.0156021118164
33,992,2,0,0.04510872569660432,116.88877868652344
0,1895,2,2,0.132,123.22514343261719
15,507,1,3,0.1,131.41943359375
53,920,3,3,0.007386429281895812,135.38690185546875
42,126,2,1,0.088,125.64785766601562
16,1409,3,3,0.1,139.1002655029297
3,1119,0,3,0.0037821972656551794,152.610107421875
24,588,0,1,0.088,128.02584838867188
24,1678,0,2,0.132,140.42605590820312
8,631,1,3,0.0794138394700224,125.21142578125
51,529,1,1,0.088,120.22915649414062
23,86,3,3,0.1,109.1586685180664
59,916,3,3,0.01200000000000001,150.90350341796875
52,94,3,3,0.1,113.03173828125
66,2028,3,2,0.132,131.00221252441406
105,1781,1,1,0.02489141041370846,139.02029418945312
52,1610,0,3,0.1,114.71519470214844
59,0,2,3,0.01200000000000001,149.0017547607422
16,501,1,3,0.01200000000000001,140.8092041015625
110,1816,0,1,0.088,118.36295318603516
42,1770,2,1,0.088,127.31449127197266
37,96,3,3,0.154,
10,1883,3,2,0.132,127.12923431396484
39,351,0,3,0.01200000000000001,133.5061492919922
84,1747,3,2,0.004537859632326946,110.95344543457031
30,859,2,2,0.132,117.45056915283203
56,369,0,2,0.132,124.55613708496094
92,1324,3,2,0.132,132.34060668945312
6,659,1,3,0.08804782321383534,118.18731689453125
92,1750,1,1,0.088,128.55224609375
92,336,2,1,0.088,128.5285186767578
70,997,2,2,0.12501296453085387,121.35444641113281
61,11,2,1,0.088,135.0902099609375
26,1313,1,0,0.05965373155939712,121.36239624023438
94,1789,0,3,0.1,129.7119598388672
8,1028,0,1,0.08521354316003238,137.532958984375
75,1204,0,1,0.088,130.02505493164062
36,1282,0,2,0.10126615348313606,124.82917785644531
102,1027,1,0,0.1101540696242517,133.94491577148438
52,894,1,1,0.088,119.27938079833984
29,1371,2,2,0.06043480950586769,127.41815185546875
8,1776,0,2,0.132,146.62705993652344
62,154,1,2,0.132,123.12361145019531
52,1560,3,2,0.132,116.91202545166016
0,900,3,2,0.132,123.0335922241211
99,862,2,3,0.04055033129301619,125.85360717773438
4,166,0,0,0.154,120.56815338134766
18,1420,1,3,0.1,123.37781524658203
24,139,3,1,0.088,103.18280792236328
102,1467,3,3,0.1,137.88986206054688
88,2005,0,2,0.11032150555216272,142.62887573242188
89,495,2,3,0.1,143.6575927734375
51,1745,2,1,0.088,120.2622299194336
82,22,1,0,0.154,129.50833129882812
11,1806,1,1,0.088,140.4302978515625
83,767,1,0,0.0026578436151305784,119.13346099853516
16,1841,0,1,0.088,141.8436279296875
52,1610,2,1,0.088,114.71519470214844
32,960,2,1,0.088,129.90234375
51,413,1,1,0.088,125.22708892822266
6,1704,0,0,0.07093955394367901,114.21353149414062
87,1145,2,3,0.1,125.43084716796875
34,703,2,2,0.03620639871185305,137.265380859375
68,231,1,2,0.132,139.82000732421875
97,1645,0,2,0.132,128.14723205566406
62,1625,3,2,0.132,119.21498107910156
105,1152,3,0,0.154,132.8730010986328
92,839,2,1,0.088,128.94259643554688
48,294,2,2,0.132,133.60263061523438
4,68,0,2,0.132,118.3462905883789
4,2020,0,3,0.1,122.33370208740234
18,171,3,3,0.01200000000000001,128.98101806640625
82,1536,0,1,0.088,133.4152374267578
31,1665,3,2,0.132,132.44775390625
63,650,0,3,0.1,126.59700012207031
25,113,3,3,0.01200000000000001,143.81182861328125
109,1704,1,0,0.05200325876149295,108.84254455566406
8,369,2,3,0.1,125.75128936767578
21,1500,1,2,0.0893445964409425,130.07064819335938
32,1530,3,2,0.01741132718417654,131.4494171142578
52,702,0,1,0.088,119.75944519042969
25,1853,1,2,0.07290094591231544,145.38912963867188
89,1082,1,3,0.01200000000000001,146.34326171875
24,1656,2,2,0.132,101.31900024414062
32,486,3,3,0.1,130.81932067871094
16,1620,3,3,0.1,124.46698760986328
68,1843,1,0,0.154,124.66500854492188
1,1942,0,1,0.088,123.48729705810547
43,1634,0,1,0.019896706074256726,127.30841827392578
95,2004,3,2,0.132,127.45075225830078
82,1269,3,1,0.088,134.21908569335938
71,898,0,2,0.132,136.22947692871094
26,1950,3,2,0.1099088422561334,130.5976104736328
48,1568,0,3,0.1,131.47488403320312
24,74,2,3,0.01200000000000001,128.78443908691406
69,1460,3,2,0.06886915513305758,138.9309844970703
42,1080,3,2,0.132,126.8885726928711
51,456,3,2,0.0012124766831796974,121.81966400146484
82,1630,2,1,0.012727022967270879,141.8007354736328
22,1575,0,2,0.132,150.48204040527344
8,290,1,1,0.088,126.33776092529297
39,1635,3,3,0.01200000000000001,131.77578735351562
16,1542,3,3,0.1,132.64990234375
59,1449,3,2,0.132,156.38046264648438
28,1390,2,2,0.132,132.60006713867188
52,2032,2,1,0.088,117.62117767333984
83,1407,3,2,0.132,128.44703674316406
22,820,3,3,0.012000000000005256,143.48916625976562
85,348,0,2,0.132,113.74468994140625
58,1743,1,0,0.154,123.26072692871094
18,505,2,0,0.059047428462051715,117.46376037597656
11,1113,2,2,0.132,135.55572509765625
61,706,2,2,0.132,143.02725219726562
46,1057,1,1,0.088,127.60257720947266
24,1510,3,1,0.088,125.95013427734375
16,1151,1,2,0.132,142.51524353027344
89,951,2,2,0.132,144.8352508544922
36,592,1,3,0.01200000000000001,128.6049041748047
43,505,1,3,0.1,121.37511444091797
59,1452,3,2,0.132,145.51007080078125
18,1299,2,3,0.1,125.17724609375
17,1489,0,3,0.01200000000000001,133.46987915039062
59,739,1,2,0.132,145.81541442871094
57,1254,3,0,0.13748591457770754,123.23664093017578
46,2014,3,3,0.01200000000000001,130.42791748046875
43,147,0,2,0.132,123.61209106445312
29,72,1,1,0.088,124.69908905029297
107,1961,0,1,0.088,125.36363983154297
107,152,2,0,0.154,123.06675720214844
110,641,0,1,0.088,114.7852783203125
15,1370,1,2,0.132,133.263671875
44,1623,1,1,0.088,137.6455078125
95,988,0,3,0.01200000000000001,135.39410400390625
4,1027,0,3,0.1,120.92668151855469
97,534,1,2,0.132,129.44595336914062
13,1721,2,1,0.02548985586859437,124.41230010986328
68,194,3,2,0.132,140.58995056152344
46,1197,3,3,0.01200000000000001,130.36343383789062
110,730,2,2,0.03146610020587881,115.80975341796875
99,1691,0,3,0.021871448848240632,135.00254821777344
89,86,3,0,0.154,132.24154663085938
92,4,0,3,0.1,128.8118133544922
87,594,0,3,0.0440324344833134,134.13429260253906
43,423,1,0,0.154,120.51534271240234
16,974,0,2,0.132,155.06600952148438
59,1103,3,3,0.09627078054224292,148.15960693359375
71,1755,3,1,0.088,144.09130859375
44,1104,0,1,0.05200901015967921,149.82472229003906
85,2003,0,2,0.132,121.20520782470703
52,1021,1,3,0.1,113.99590301513672
32,1901,2,3,0.1,127.85045623779297
74,1580,1,1,0.088,131.71449279785156
3,328,2,2,0.132,153.79708862304688
62,1246,0,1,0.088,121.61526489257812
37,182,1,1,0.04940306892459795,127.81034088134766
52,1671,1,2,0.132,127.53141784667969
102,1236,0,3,0.01200000000000001,143.99102783203125
52,1543,2,3,0.1,114.68257904052734
49,1463,0,2,0.132,118.07513427734375
89,313,1,2,0.132,149.27333068847656
92,1485,3,3,0.1,128.9812774658203
70,1745,0,2,0.03439711109085408,121.31935119628906
36,43,0,0,0.08344864763626889,122.37911224365234
24,448,3,1,0.088,124.11146545410156
38,1463,2,1,0.088,123.50113677978516
59,445,1,1,0.088,146.79074096679688
70,248,3,2,0.132,121.21420288085938
28,1048,0,3,0.1,128.924560546875
38,1753,2,0,0.007381408860846206,122.6750259399414
44,792,1,3,0.1,137.5310821533203
52,710,1,2,0.132,116.77137756347656
25,1537,1,2,0.132,142.23654174804688
88,1119,2,1,0.088,134.42770385742188
8,836,2,2,0.07894873384153478,129.1002655029297
11,378,2,2,0.132,138.10166931152344
11,1468,2,3,0.1,136.38858032226562
61,1330,0,2,0.132,141.5262451171875
59,488,1,3,0.1,141.45706176757812
103,1331,0,2,0.132,152.90615844726562
61,1160,3,3,0.012000000000005256,144.10780334472656
0,184,0,3,0.1,119.88111877441406
48,1126,0,2,0.132,141.1561279296875
94,1855,0,1,0.042990220838809906,130.75668334960938
61,1119,0,2,0.132,140.2754364013672
77,1693,0,2,0.132,118.93521881103516
52,579,2,1,0.088,118.21285247802734
97,21,3,3,0.1,129.90463256835938
89,172,1,2,0.132,148.48468017578125
16,270,1,3,0.01200000000000001,139.48440551757812
13,629,3,0,0.0971201106360804,122.93148803710938
112,1211,1,2,0.132,117.7302017211914
14,537,3,2,0.024396537318946865,137.92333984375
58,790,1,2,0.132,127.84870910644531
52,94,1,2,0.132,113.03173828125
69,1540,2,0,0.02323362243054447,129.03858947753906
58,1116,2,1,0.03967800141702951,131.0633087158203
46,45,3,1,0.03385276123368133,130.48768615722656
77,1363,3,1,0.088,120.9373779296875
0,53,1,2,0.132,118.97344207763672
105,499,0,2,0.132,140.50094604492188
24,1297,0,3,0.01200000000000001,131.25131225585938
8,670,3,3,0.027141594374205935,125.25389862060547
56,1416,1,2,0.132,122.70723724365234
89,445,1,3,0.014955232568355015,141.5133819580078
82,1839,3,1,0.088,138.54345703125
24,904,3,2,0.132,128.63856506347656
24,1398,0,1,0.088,127.61131286621094
13,629,1,3,0.09688887160077994,122.93148803710938
10,1883,1,1,0.088,127.12923431396484
82,46,1,3,0.1,132.77247619628906
112,629,3,3,0.010072980249912822,116.9473648071289
44,105,2,2,0.132,147.8617706298828
92,1324,1,1,0.088,132.34060668945312
15,600,3,1,0.088,133.11282348632812
16,1701,3,1,0.088,144.1066131591797
97,1277,3,1,0.088,134.04920959472656
92,1100,1,2,0.03292298816814698,127.44430541992188
82,1968,3,2,0.132,133.43017578125
70,348,1,0,0.154,116.32640075683594
94,1590,0,2,0.132,138.20809936523438
4,710,3,3,0.1,122.12718200683594
34,615,3,1,0.088,125.21662902832031
46,669,0,3,0.01200000000000001,130.17532348632812
54,590,0,2,0.07648117023978973,147.54661560058594
20,495,0,1,0.010453826097027191,143.80772399902344
52,1944,2,2,0.132,121.35118103027344
106,1259,1,0,0.038201765572092025,137.3423614501953
66,1399,0,1,0.088,132.9351806640625
89,2013,0,3,0.01200000000000001,149.66943359375
110,43,3,3,0.1,115.72345733642578
17,439,3,3,0.01200000000000001,132.58995056152344
8,720,2,2,0.132,135.72727966308594
16,735,3,2,0.132,150.06192016601562
3,1534,2,1,0.088,150.27642822265625
0,1421,1,3,0.01200000000000001,120.96326446533203
59,687,0,1,0.088,129.9551239013672
3,966,1,3,0.01200000000000001,151.40087890625
30,859,0,1,0.088,117.45056915283203
77,1282,1,2,0.132,121.17851257324219
1,985,2,3,0.1,124.55547332763672
4,1820,3,2,0.132,139.47267150878906
25,1042,3,3,0.01200000000000001,144.3134307861328
115,1852,2,3,0.1,126.32865142822266
89,489,3,1,0.088,143.8390350341797
11,1825,3,2,0.05677837454873336,135.27769470214844
102,453,2,1,0.088,
59,518,1,2,0.132,150.61422729492188
85,1149,1,2,0.12705696376136164,115.0046615600586
30,25,0,3,0.012000000000005256,126.10042572021484
16,346,3,1,0.088,137.50404357910156
106,1442,0,3,0.0026426902733023006,138.65835571289062
93,1284,2,2,0.08119721389035217,116.84794616699219
3,525,0,3,0.01200000000000001,151.595458984375
42,233,1,2,0.132,132.1492919921875
62,1594,2,3,0.1,119.08078002929688
16,1487,0,3,0.1,138.53506469726562
74,1429,1,3,0.1,135.6409149169922
43,1254,2,0,0.04456756412875654,121.11101531982422
59,1952,2,2,0.132,150.32684326171875
62,1058,3,2,0.132,122.56578063964844
28,1823,3,3,0.01200000000000001,129.92921447753906
93,374,3,1,0.088,120.01189422607422
63,662,1,3,0.1,127.27979278564453
106,444,2,3,0.0630472367849835,140.1685028076172
103,1175,3,1,0.088,147.96473693847656
75,116,2,3,0.029917542970516492,124.37731170654297
87,1145,0,2,0.132,125.43084716796875
89,1880,0,1,0.088,149.5483856201172
85,401,1,1,0.05233349903021725,113.93543243408203
34,703,0,1,0.088,137.265380859375
16,914,2,2,0.132,138.77146911621094
8,1618,1,3,0.1,128.6868896484375
16,1633,2,3,0.012000000000005256,144.10589599609375
63,1699,3,3,0.1,126.42735290527344
32,486,1,2,0.132,130.81932067871094
32,710,1,1,0.088,133.25689697265625
33,1155,3,3,0.0073731027213811695,127.78056335449219
71,1378,0,2,0.132,146.09010314941406
52,271,1,1,0.088,117.34913635253906
18,171,1,2,0.132,128.98101806640625
10,9,0,1,0.088,126.60453796386719
82,1093,0,3,0.1,134.21722412109375
23,581,3,0,0.154,109.01860809326172
14,83,2,3,0.1,138.9224853515625
14,282,0,3,0.1,135.7567138671875
89,1189,2,3,0.01200000000000001,146.95565795898438
69,737,2,3,0.01200000000000001,141.67652893066406
115,1223,1,1,0.088,126.63390350341797
6,1875,0,2,0.132,127.27973175048828
51,156,3,3,0.1,121.11630249023438
105,1423,2,2,0.132,141.85899353027344
97,1259,1,3,0.1,129.62991333007812
87,1932,3,3,0.01200000000000001,138.92385864257812
8,39,3,1,0.088,129.86111450195312
109,1130,0,0,0.05792953300375976,111.07571411132812
82,1411,2,2,0.132,134.3938446044922
43,1254,0,3,0.1,121.11101531982422
33,1781,0,3,0.1,124.13660430908203
33,1059,2,3,0.01200000000000001,127.3032455444336
113,1201,2,2,0.132,124.94883728027344
8,520,2,2,0.132,136.38967895507812
77,432,0,3,0.09523323421434737,120.64698028564453
52,484,1,2,0.132,116.0594253540039
33,910,3,2,0.132,124.88729858398438
32,334,2,1,0.088,128.88758850097656
59,36,0,1,0.088,153.398681640625
102,706,3,2,0.09691907372515585,145.36660766601562
32,889,2,2,0.132,129.6898651123047
88,313,3,2,0.132,137.68992614746094
93,258,3,1,0.088,115.4438247680664
83,136,1,3,0.01200000000000001,127.1736831665039
3,1380,2,3,0.01200000000000001,150.60272216796875
87,1661,0,3,0.01200000000000001,137.1284942626953
59,557,0,3,0.1,144.07534790039062
57,1117,0,3,0.1,125.15880584716797
17,448,0,0,0.1151969738804827,127.62286376953125
23,306,2,2,0.132,108.73906707763672
3,946,2,1,0.088,149.28436279296875
52,1717,1,2,0.132,124.24391174316406
3,51,1,3,0.01200000000000001,149.92904663085938
0,932,2,3,0.01200000000000001,120.03890991210938
82,642,1,3,0.01200000000000001,136.5513153076172
33,1039,3,3,0.1,120.8282241821289
77,1257,3,2,0.132,119.83209991455078
74,256,0,3,0.01200000000000001,139.3878173828125
97,1340,2,1,0.088,127.10184478759766
24,887,2,3,0.1,125.67606353759766
82,741,2,3,0.1,134.1942596435547
82,501,1,2,0.132,139.3131561279297
16,1620,2,0,0.154,124.46698760986328
74,1592,2,1,0.088,139.51210021972656
16,1420,2,2,0.07759252344672107,138.40591430664062
56,18,0,0,0.07885863291572498,120.46205139160156
71,1183,3,2,0.132,135.33660888671875
38,1473,1,1,0.088,127.89766693115234
0,680,3,1,0.03531107336450506,127.68682098388672
110,430,2,3,0.1,113.60810852050781
4,1573,0,3,0.03720325614203067,122.0376205444336
38,1895,0,3,0.01200000000000001,130.79180908203125
18,1299,0,2,0.132,125.17724609375
49,1753,0,3,0.1,116.86788940429688
89,36,0,3,0.01200000000000001,147.8580780029297
89,560,1,1,0.088,144.40081787109375
16,1293,0,3,0.1,138.1072540283203
82,1511,0,0,0.154,129.96023559570312
24,1263,2,1,0.088,124.50358581542969
89,757,0,3,0.01200000000000001,151.10458374023438
17,421,2,3,0.01200000000000001,132.8511199951172
33,1287,3,2,0.132,130.462158203125
52,1689,0,1,0.088,114.96037292480469
0,1369,2,3,0.01200000000000001,120.30306243896484
93,1582,0,1,0.088,124.49070739746094
49,289,0,1,0.088,118.84794616699219
68,194,1,1,0.05324613198335937,140.58995056152344
46,1197,1,2,0.132,130.36343383789062
6,1294,3,2,0.07327156473462748,125.4782943725586
23,1428,1,2,0.132,126.58661651611328
62,1204,1,2,0.132,124.80762481689453
95,1646,1,2,0.132,135.58953857421875
30,1079,1,1,0.019235725639522916,120.83686065673828
48,1789,1,2,0.132,134.11978149414062
43,505,0,0,0.06766631433168,121.37511444091797
52,1391,1,1,0.088,111.52420806884766
40,1581,0,3,0.012000000000005256,153.7590789794922
99,922,2,1,0.088,
61,1663,3,1,0.088,138.9631805419922
49,1607,1,2,0.132,123.89335632324219
16,1220,2,2,0.132,140.44944763183594
11,378,0,1,0.088,138.10166931152344
32,835,3,1,0.088,145.14834594726562
15,1412,2,1,0.088,132.0360565185547
92,1485,1,2,0.132,128.9812774658203
82,330,3,3,0.1,134.62782287597656
89,1546,3,3,0.1,142.28213500976562
105,1459,2,1,0.088,137.90550231933594
85,511,3,2,0.0370283404991088,116.2116470336914
24,475,3,2,0.132,124.61547088623047
24,998,2,2,0.132,128.33494567871094
105,72,3,2,0.132,139.81045532226562
8,1975,1,2,0.132,127.71907043457031
58,58,0,1,0.088,128.08712768554688
92,2018,2,2,0.132,132.23635864257812
69,1242,0,3,0.01200000000000001,143.90509033203125
91,437,0,1,0.088,131.21070861816406
74,380,1,3,0.04784878455019845,136.81973266601562
23,47,0,2,0.132,102.72364807128906
15,699,2,0,0.154,128.24664306640625
63,1688,1,0,0.154,123.13948822021484
105,1305,3,2,0.022669473346476177,142.41412353515625
33,78,3,1,0.088,127.87297821044922
75,862,3,0,0.05012010871423764,123.18672943115234
62,1141,0,3,0.07343314451168334,123.12361145019531
46,1752,2,3,0.1,126.3777084350586
24,1864,0,3,0.01200000000000001,131.89720153808594
105,253,1,2,0.132,139.690185546875
97,21,1,2,0.132,129.90463256835938
70,529,3,3,0.1,121.2844009399414
84,401,3,1,0.07187680384985692,110.9894027709961
88,1734,2,2,0.008690410310700114,137.91201782226562
69,281,0,3,0.01200000000000001,144.65896606445312
42,537,1,2,0.132,130.4552001953125
42,764,1,1,0.088,129.01547241210938
95,738,0,1,0.088,134.23291015625
93,1815,3,1,0.088,117.9394760131836
49,58,2,1,0.06916975447355925,121.95406341552734
59,1915,2,3,0.154,119.300048828125
32,22,2,3,0.1,129.44215393066406
89,518,3,3,0.09356927972569506,145.2440948486328
82,10,0,3,0.1,135.93405151367188
16,889,0,0,0.154,131.5250244140625
24,1147,2,1,0.088,122.84561157226562
97,1032,1,1,0.088,133.97203063964844
113,1951,1,1,0.088,125.44709777832031
105,744,1,1,0.088,143.1735382080078
16,1851,1,2,0.132,138.11293029785156
52,651,3,3,0.1,110.28583526611328
49,591,3,1,0.088,122.65939331054688
92,989,3,1,0.088,128.71408081054688
58,1754,3,2,0.132,128.6319580078125
3,1550,1,1,0.088,151.16221618652344
106,1062,2,2,0.132,141.06048583984375
52,512,2,1,0.088,117.43138885498047
46,1622,0,2,0.132,131.6309814453125
80,854,0,1,0.0035867410513553133,103.67593383789062
16,753,2,1,0.088,144.25210571289062
69,427,2,3,0.01200000000000001,138.5226593017578
18,693,0,3,0.04761069299455896,124.8909683227539
20,1671,3,3,0.01200000000000001,147.551513671875
83,1551,1,1,0.04028463278862374,128.54823303222656
88,245,3,1,0.088,134.83404541015625
103,419,3,1,0.088,140.38217163085938
68,1503,1,2,0.132,142.24984741210938
82,1715,3,2,0.132,131.2465362548828
52,1369,3,1,0.088,125.00878143310547
102,163,3,3,0.01200000000000001,142.00946044921875
8,349,0,1,0.088,139.82237243652344
91,1894,0,2,0.132,135.82220458984375
3,1367,0,1,0.088,148.56736755371094
56,631,1,2,0.132,123.60497283935547
28,1618,0,1,0.062951600273071,128.54879760742188
51,1840,0,2,0.132,122.85379028320312
25,1239,0,3,0.1,142.0098419189453
3,260,0,2,0.132,144.91055297851562
0,1088,2,1,0.088,122.53172302246094
112,921,3,1,0.088,121.8759536743164
24,1566,2,1,0.088,125.20452880859375
48,440,0,2,0.132,138.4678497314453
54,1096,3,1,0.088,140.50599670410156
102,1609,0,3,0.012000000000005256,146.04917907714844
103,953,0,1,0.088,144.8365478515625
43,1540,1,3,0.1,121.15424346923828
52,1710,2,3,0.01200000000000001,120.54310607910156
52,1937,2,2,0.132,113.63845825195312
62,896,0,2,0.132,118.58523559570312
16,1972,2,3,0.1,131.34901428222656
44,832,3,2,0.0022993401059654417,146.79989624023438
112,629,2,0,0.0028945775318493516,116.9473648071289
91,492,1,3,0.01200000000000001,129.30715942382812
77,1953,3,3,0.1,120.82235717773438
24,1415,3,2,0.132,97.89253997802734
24,454,3,2,0.132,101.93009185791016
113,1770,1,2,0.132,126.32394409179688
34,503,1,3,0.01200000000000001,134.35693359375
8,1235,3,2,0.132,128.80894470214844
16,1697,3,1,0.088,140.31817626953125
63,1699,1,2,0.09199334261567804,126.42735290527344
52,980,3,0,0.154,112.97105407714844
33,1155,1,2,0.132,127.78056335449219
88,1653,0,3,0.1,132.91854858398438
52,1402,2,2,0.132,118.49024200439453
44,786,1,3,0.1,138.05804443359375
36,1095,1,3,0.034542872792069745,124.87346649169922
52,1728,3,1,0.088,115.09016418457031
110,1427,3,0,0.1254176821957981,114.03286743164062
99,462,3,1,0.088,139.01760864257812
106,444,0,2,0.132,140.1685028076172
4,1094,3,1,0.088,136.7510986328125
14,83,0,2,0.132,138.9224853515625
32,249,3,0,0.154,124.26079559326172
89,1382,2,3,0.02326548418595062,144.6583251953125
51,1018,1,2,0.132,
28,206,3,2,0.132,108.41876220703125
52,1176,0,3,0.1,112.55447387695312
48,1969,0,1,0.088,132.56336975097656
11,159,1,2,0.132,140.83978271484375
48,1808,0,2,0.132,141.63137817382812
93,781,3,3,0.1,115.86947631835938
62,1490,2,2,0.132,118.7197265625
28,1936,0,1,0.088,109.49082946777344
38,426,3,1,0.088,132.5028533935547
24,1518,1,2,0.132,133.46910095214844
89,990,2,2,0.132,145.06959533691406
59,1410,2,2,0.132,150.5833282470703
16,99,2,1,0.088,139.86102294921875
107,994,2,3,0.1,124.20215606689453
4,1396,1,2,0.132,123.6348648071289
105,1423,0,1,0.088,141.85899353027344
31,499,3,3,0.1,122.70281219482422
82,1333,0,1,0.088,134.64002990722656
25,1042,0,3,0.01200000000000001,144.3134307861328
22,979,0,1,0.088,147.4192657470703
83,670,1,2,0.09274817916135897,121.12739562988281
52,980,1,3,0.1,112.97105407714844
3,1380,0,2,0.132,150.60272216796875
87,1932,1,2,0.09737586656021036,138.92385864257812
4,748,3,2,0.132,123.77698516845703
102,1144,2,1,0.088,138.52903747558594
57,594,0,2,0.132,132.1491241455078
88,1940,3,2,0.132,137.09828186035156
97,832,0,3,0.01200000000000001,136.13668823242188
32,853,1,2,0.132,129.7819061279297
74,1909,0,2,0.132,137.8917694091797
63,963,2,1,0.088,127.71814727783203
33,910,1,1,0.088,124.88729858398438
66,1423,0,2,0.0631179826363541,134.0898895263672
31,1079,3,2,0.132,131.88897705078125
92,1267,1,2,0.132,128.75852966308594
112,135,3,2,0.132,126.07093811035156
115,154,0,3,0.1,128.27146911621094
107,479,2,1,0.088,129.77291870117188
57,1930,0,3,0.011284170056015425,126.3050308227539
3,1383,0,2,0.132,157.1544647216797
33,474,2,1,0.088,121.36383056640625
33,299,0,1,0.088,124.50776672363281
58,1743,3,0,0.154,123.26072692871094
32,1715,1,2,0.132,131.49169921875
52,586,3,2,0.132,115.30518341064453
52,1675,3,1,0.088,109.58290100097656
59,1215,1,2,0.132,139.73147583007812
25,174,3,2,0.132,144.17628479003906
0,1382,1,3,0.01200000000000001,119.41303253173828
53,1313,3,2,0.132,125.87103271484375
94,976,3,3,0.1,128.10240173339844
68,1662,3,3,0.01200000000000001,139.4690704345703
36,983,0,0,0.154,123.01202392578125
74,590,1,2,0.132,141.74819946289062
61,1562,0,3,0.0246088252860939,134.90249633789062
63,2022,1,1,0.088,128.19065856933594
0,1700,3,2,0.132,123.50120544433594
59,1933,1,0,0.154,114.03936004638672
105,1747,0,3,0.1,130.10084533691406
107,1526,0,3,0.08624810692942718,128.36705017089844
105,165,2,1,0.088,133.09605407714844
82,595,1,1,0.088,135.68536376953125
70,779,0,3,0.1,120.42570495605469
3,1406,3,1,0.088,150.809814453125
18,346,0,2,0.03132685762640586,125.08673858642578
36,1256,0,1,0.088,127.87078857421875
52,1435,2,1,0.088,123.98721313476562
16,794,2,2,0.132,143.50582885742188
77,704,1,1,0.03857930263407508,115.55569458007812
52,383,0,1,0.088,119.4293212890625
74,1808,3,3,0.012000000000005256,144.19297790527344
54,594,1,3,0.0316181175166918,140.0352325439453
66,217,0,1,0.088,134.20632934570312
82,22,3,0,0.017532016503507886,129.50833129882812
0,1139,1,1,0.054777680834739356,123.39098358154297
59,1265,0,1,0.088,157.78675842285156
32,1031,2,1,0.088,131.99227905273438
52,686,1,2,0.132,113.4040756225586
11,356,1,0,0.14137562723052935,134.0989227294922
15,1942,1,0,0.049998203189896395,126.66761016845703
61,1562,1,1,0.06169502462760043,134.90249633789062
9,930,3,1,0.052420786748688775,123.63986206054688
51,232,1,3,0.021097093074122414,120.64192199707031
36,1834,3,3,0.01200000000000001,129.45639038085938
62,1722,0,1,0.088,136.0716552734375
16,1220,0,1,0.088,140.44944763183594
62,90,1,3,0.1,118.29218292236328
4,933,2,2,0.132,126.45576477050781
60,1970,1,3,0.017803902570149785,133.41653442382812
18,1108,3,1,0.088,129.92332458496094
82,1536,2,1,0.088,133.4152374267578
107,931,1,2,0.132,127.91968536376953
95,273,0,2,0.132,130.6475372314453
24,475,1,1,0.088,124.61547088623047
89,919,2,1,0.088,147.05455017089844
52,1243,1,1,0.088,114.40888977050781
88,1136,3,3,0.1,132.74337768554688
23,34,2,3,0.1,108.23191833496094
38,508,0,1,0.088,134.1150360107422
105,1152,3,3,0.1,132.8730010986328
95,728,3,3,0.01200000000000001,134.49842834472656
15,1729,3,2,0.132,131.79469299316406
66,456,2,3,0.027798810866801082,126.27629089355469
24,1782,0,1,0.088,122.35279083251953
62,240,2,0,0.1247542620761494,118.71685791015625
71,817,2,2,0.132,142.26805114746094
52,651,1,2,0.132,110.28583526611328
59,434,0,3,0.01200000000000001,154.2296600341797
10,116,3,0,0.07378174296486945,121.49310302734375
16,443,0,2,0.132,151.23487854003906
14,1317,0,3,0.01200000000000001,141.43450927734375
77,1693,2,2,0.026714612061831233,118.93521881103516
4,1694,2,2,0.132,134.3686065673828
58,1754,1,1,0.088,128.6319580078125
3,2009,3,2,0.1071694423225929,151.9952850341797
0,1279,3,3,0.01200000000000001,122.82337188720703
92,1722,0,3,0.012000000000005256,140.27041625976562
36,1001,2,2,0.132,126.90464782714844
4,2020,3,1,0.088,122.33370208740234
24,272,2,1,0.088,127.48859405517578
102,128,3,1,0.088,144.98818969726562
62,367,0,1,0.088,126.21637725830078
28,1975,3,1,0.0756881699354793,127.50471496582031
89,1443,2,3,0.030386867972361536,149.4813690185547
46,135,2,2,0.01896816676738622,125.76868438720703
44,792,3,3,0.1,137.5310821533203
33,1459,2,2,0.07911038974550688,123.2021255493164
3,1336,3,3,0.01200000000000001,151.4418182373047
8,390,1,1,0.088,127.74393463134766
70,1899,0,3,0.1,121.26781463623047
102,163,1,2,0.132,142.00946044921875
113,1656,0,0,0.06769397118431865,101.03799438476562
71,1540,1,0,0.006473643566268256,131.4583740234375
107,1433,3,2,0.132,129.2367401123047
4,166,1,1,0.088,120.56815338134766
106,1062,0,1,0.088,141.06048583984375
16,1151,3,2,0.132,142.51524353027344
16,880,0,2,0.132,153.81163024902344
52,1610,3,2,0.132,114.71519470214844
85,365,0,3,0.08691077307412243,117.8355484008789
97,1691,2,2,0.132,133.75352478027344
17,1607,0,2,0.132,132.5178680419922
42,866,3,1,0.088,127.86517333984375
115,1938,3,3,0.01200000000000001,131.960205078125
16,1647,2,1,0.088,140.54019165039062
19,189,2,2,0.132,134.4525146484375
46,1372,0,2,0.132,132.4490509033203
68,938,0,0,0.057157500585786475,128.3414306640625
57,1554,0,2,0.132,134.0956268310547
107,771,2,3,0.1,124.8428726196289
89,88,2,3,0.01200000000000001,144.98692321777344
79,247,0,3,0.03394730025103948,150.68690490722656
93,1525,0,2,0.132,115.00581359863281
52,1710,0,2,0.132,120.54310607910156
52,1741,2,1,0.088,114.22257232666016
52,1937,0,1,0.088,113.63845825195312
9,629,0,0,0.01477305301207027,121.86211395263672
95,1635,3,2,0.132,137.59506225585938
110,704,2,1,0.088,113.29430389404297
49,1926,0,3,0.1,116.87115478515625
57,16,0,3,0.1,127.61872863769531
92,220,3,2,0.132,140.92523193359375
52,833,0,2,0.132,111.75553131103516
0,1261,3,1,0.088,124.80725860595703
85,1397,3,3,0.046653986013147325,117.72674560546875
31,1174,3,2,0.132,116.35623931884766
110,661,0,2,0.132,115.03720092773438
8,290,2,2,0.023298192146731678,126.33776092529297
3,1968,1,0,0.154,148.07435607910156
15,5,2,3,0.026449558011809787,130.68153381347656
46,1644,2,3,0.03489993067371569,125.55789947509766
99,1126,3,2,0.07692696503796415,141.87603759765625
52,1561,1,1,0.088,116.0399169921875
24,454,1,1,0.088,101.93009185791016
19,1462,2,2,0.01351390881236697,131.85704040527344
36,759,2,1,0.088,128.41152954101562
115,1141,3,2,0.132,128.27146911621094
82,282,1,1,0.088,139.83892822265625
14,233,3,1,0.088,139.0535430908203
97,1967,2,3,0.1,129.8330535888672
32,429,0,2,0.132,151.36326599121094
109,401,1,1,0.0019736745599258365,111.2332534790039
91,1919,2,3,0.0484410786786188,126.22821807861328
62,19,1,2,0.132,127.2640380859375
74,865,2,2,0.132,141.00088500976562
69,1390,3,3,0.01200000000000001,140.39895629882812
89,951,3,3,0.1,144.8352508544922
89,1914,3,2,0.132,148.59617614746094
93,781,1,2,0.132,115.86947631835938
16,284,3,1,0.088,140.48529052734375
43,423,1,3,0.1,120.51534271240234
42,1621,2,3,0.1,124.77506256103516
62,202,2,2,0.132,120.06063079833984
105,1395,3,3,0.01200000000000001,141.3287353515625
97,1692,3,2,0.132,135.52798461914062
59,739,2,3,0.1,145.81541442871094
0,1579,3,3,0.01200000000000001,120.5157470703125
28,206,1,1,0.088,108.41876220703125
112,93,1,2,0.132,121.39998626708984
83,290,3,1,0.088,122.69511413574219
85,1149,3,2,0.132,115.0046615600586
25,1537,3,2,0.132,142.23654174804688
32,1105,3,2,0.132,123.23688507080078
24,81,2,1,0.088,131.71286010742188
31,1748,2,3,0.01200000000000001,124.78679656982422
16,1106,1,2,0.132,136.03997802734375
71,1237,3,2,0.132,142.54266357421875
59,757,0,2,0.132,156.75119018554688
52,877,2,0,0.154,110.40229034423828
38,1753,2,3,0.1,122.6750259399414
29,1305,2,2,0.132,127.0638198852539
31,705,1,1,0.088,123.20901489257812
70,511,0,2,0.02250686161381993,118.5927734375
57,1825,1,3,0.05763114670503128,128.34439086914062
8,370,0,2,0.132,139.80104064941406
77,30,2,3,0.1,118.33349609375
71,845,3,1,0.088,136.5570831298828
3,1515,3,1,0.06510229159716635,150.95675659179688
24,607,0,1,0.088,122.91295623779297
44,1623,2,2,0.132,137.6455078125
25,174,1,1,0.088,144.17628479003906
13,629,3,3,0.08992701975008718,122.93148803710938
95,413,1,3,0.01200000000000001,132.2041778564453
15,248,0,0,0.154,129.41102600097656
26,1371,2,1,0.07315291162591213,129.1265869140625
107,1470,0,1,0.088,125.55044555664062
52,1579,0,2,0.132,125.20802307128906
18,737,0,2,0.132,130.35581970214844
3,1230,0,3,0.01200000000000001,152.07374572753906
32,1511,2,1,0.088,129.948974609375
25,1207,2,3,0.01200000000000001,145.3628692626953
42,155,1,3,0.07503239899513695,124.46110534667969
52,207,2,1,0.088,124.88583374023438
66,469,3,2,0.132,128.07476806640625
16,1904,0,2,0.132,144.78599548339844
16,524,0,0,0.06922745283293769,132.13597106933594
89,1836,1,3,0.01200000000000001,148.20179748535156
103,198,3,3,0.01200000000000001,143.4693603515625
52,1675,1,0,0.154,109.58290100097656
36,1070,1,2,0.033365928841907255,125.04009246826172
3,85,2,3,0.01200000000000001,152.93594360351562
53,1313,1,1,0.088,125.87103271484375
3,1828,3,3,0.01200000000000001,154.28904724121094
91,2003,2,1,0.088,122.52047729492188
23,1044,0,2,0.132,108.56903839111328
34,822,1,0,0.11972402397672993,119.85610961914062
67,1840,3,3,0.1,126.37908935546875
52,1766,3,0,0.154,111.18428039550781
92,1992,2,3,0.01200000000000001,133.90635681152344
59,687,2,1,0.088,129.9551239013672
3,966,3,3,0.01200000000000001,151.40087890625
61,178,0,3,0.01200000000000001,142.87037658691406
16,125,1,2,0.132,143.86204528808594
3,1253,3,2,0.132,154.95314025878906
52,2016,0,2,0.132,115.55853271484375
105,165,0,0,0.12453087095956764,133.09605407714844
22,239,0,2,0.09638250978394058,147.78231811523438
33,992,1,0,0.035078339456604324,116.88877868652344
91,992,3,0,0.12647941759322928,118.83440399169922
52,46,2,2,0.132,117.04924774169922
103,384,0,1,0.088,148.4199981689453
15,507,0,3,0.1,131.41943359375
46,2005,0,2,0.021678494447837288,132.1813201904297
93,636,3,1,0.088,117.3006362915039
24,1297,3,1,0.088,131.25131225585938
66,1069,3,3,0.01200000000000001,133.51194763183594
97,1723,1,1,0.088,129.4945068359375
95,1549,3,1,0.012693739200518556,134.6069793701172
52,579,3,2,0.132,118.21285247802734
97,91,2,3,0.01200000000000001,136.28135681152344
51,529,0,1,0.017756441253384853,120.22915649414062
23,86,2,3,0.1,109.1586685180664
59,916,2,3,0.01200000000000001,150.90350341796875
92,1780,3,2,0.132,140.3279266357422
52,94,2,3,0.1,113.03173828125
92,1832,1,1,0.088,128.66969299316406
36,1977,1,1,0.088,125.32139587402344
57,1661,2,1,0.088,135.1951446533203
92,1846,3,2,0.132,137.86404418945312
19,1692,1,1,0.0751970542578248,133.19619750976562
66,126,3,3,0.1,127.15756225585938
36,1834,1,2,0.132,129.45639038085938
10,1883,2,2,0.132,127.12923431396484
52,271,3,1,0.088,117.34913635253906
52,1954,0,1,0.088,110.34359741210938
34,654,3,1,0.088,132.59103393554688
6,659,0,3,0.1,118.18731689453125
92,336,1,1,0.088,128.5285186767578
115,1223,3,1,0.088,126.63390350341797
112,543,0,2,0.132,125.04439544677734
61,11,1,1,0.088,135.0902099609375
74,2004,0,0,0.10946741626144188,131.59996032714844
93,1316,3,1,0.088,116.23680877685547
18,1084,3,3,0.1,123.05037689208984
95,1375,2,1,0.06899503615082703,134.5364990234375
23,47,2,2,0.132,102.72364807128906
49,258,0,3,0.08728382719698105,119.26899719238281
71,391,2,2,0.018407566663834862,135.4088134765625
52,894,0,1,0.088,119.27938079833984
22,220,0,3,0.012000000000005256,146.40240478515625
0,900,2,2,0.132,123.0335922241211
7,2004,0,0,0.04453258373855812,132.78472900390625
62,503,3,2,0.132,131.2190704345703
24,139,2,1,0.088,103.18280792236328
62,1790,3,1,0.088,118.78894805908203
113,365,0,0,0.14116106597607764,121.24214935302734
23,581,3,3,0.1,109.01860809326172
93,1876,0,1,0.088,116.03050994873047
30,859,1,2,0.132,117.45056915283203
39,1087,0,1,0.088,134.91246032714844
51,413,0,1,0.088,125.22708892822266
7,1553,3,3,0.07378686823769176,134.2121124267578
97,1691,0,1,0.088,133.75352478027344
20,88,0,1,0.088,145.25726318359375
31,421,3,2,0.132,128.1971893310547
42,1144,0,1,0.088,129.45460510253906
29,1371,1,2,0.01198301486433287,127.41815185546875
3,51,3,3,0.1,149.92904663085938
74,273,2,1,0.088,135.316162109375
56,545,0,3,0.08661877509363897,124.99694061279297
92,839,1,1,0.088,128.94259643554688
48,294,1,2,0.132,133.60263061523438
74,1783,3,2,0.132,141.24212646484375
52,1572,3,0,0.154,107.89373779296875
43,1254,3,1,0.088,121.11101531982422
18,171,2,3,0.04535763186297337,128.98101806640625
25,113,2,3,0.01200000000000001,143.81182861328125
51,1745,1,1,0.088,120.2622299194336
24,1707,1,1,0.088,125.15516662597656
32,736,0,2,0.132,150.5343475341797
21,1500,0,2,0.132,130.07064819335938
33,401,1,0,0.154,115.78392028808594
42,748,1,3,0.1,125.06758117675781
52,1610,1,1,0.088,114.71519470214844
95,1635,1,1,0.088,137.59506225585938
59,1082,0,1,0.05599193323563528,151.8050537109375
115,1938,1,2,0.132,131.960205078125
93,466,2,2,0.132,115.08451080322266
85,401,2,2,0.03389659433331488,113.93543243408203
62,1625,2,2,0.132,119.21498107910156
82,960,1,0,0.154,129.9214324951172
28,315,1,1,0.088,106.22738647460938
24,1656,1,2,0.132,101.31900024414062
16,1620,2,3,0.1,124.46698760986328
24,1541,2,2,0.132,104.03678131103516
94,610,3,1,0.088,131.24545288085938
23,1885,3,2,0.132,108.67815399169922
95,2004,2,2,0.0444812565825351,127.45075225830078
52,693,2,1,0.088,122.83924102783203
82,1269,2,1,0.088,134.21908569335938
109,1704,0,0,0.02389379295773318,108.84254455566406
42,1664,3,1,0.088,128.19168090820312
82,71,3,3,0.1,133.4863739013672
95,1294,0,2,0.132,136.97412109375
69,1460,2,2,0.132,138.9309844970703
18,427,0,2,0.132,127.44562530517578
42,1621,0,2,0.06530807676757061,124.77506256103516
69,251,1,3,0.1,143.07058715820312
82,1630,1,1,0.088,141.8007354736328
16,1542,2,3,0.1,132.64990234375
28,1390,1,2,0.132,132.60006713867188
89,1082,0,3,0.01200000000000001,146.34326171875
82,524,2,0,0.09998521926438511,130.2764129638672
30,1079,3,1,0.06895943406126911,120.83686065673828
92,438,3,3,0.0031082480580582883,129.5218505859375
18,505,1,0,0.12918616246832,117.46376037597656
62,630,3,2,0.132,119.26226806640625
61,706,1,2,0.056797834472397196,143.02725219726562
15,1481,1,2,0.132,134.75033569335938
88,1752,3,3,0.01200000000000001,133.68714904785156
19,562,0,3,0.1,129.32229614257812
23,1843,2,1,0.088,110.45948028564453
89,951,1,2,0.132,144.8352508544922
24,74,1,3,0.01200000000000001,128.78443908691406
32,889,3,3,0.1,129.6898651123047
43,505,0,3,0.1,121.37511444091797
103,1310,0,1,0.088,147.650146484375
63,80,0,2,0.12339135957441844,126.91487884521484
57,356,1,2,0.018216380883727457,127.20714569091797
30,119,3,2,0.132,125.607421875
59,739,0,2,0.132,145.81541442871094
62,860,3,1,0.088,120.24674987792969
77,536,0,2,0.132,121.22920989990234
91,1156,0,1,0.088,131.63558959960938
92,2027,0,2,0.132,142.60801696777344
107,152,1,0,0.154,123.06675720214844
32,1105,1,1,0.088,123.23688507080078
24,1513,1,1,0.088,127.50452423095703
44,1623,0,1,0.088,137.6455078125
29,1619,3,3,0.1,120.2435531616211
97,1442,2,2,0.132,130.96649169921875
56,767,2,0,0.10085708973580604,120.9582290649414
97,1669,2,1,0.088,129.59967041015625
94,515,3,1,0.088,133.31832885742188
97,534,0,2,0.132,129.44595336914062
97,1721,0,0,0.154,127.05683898925781
44,858,0,2,0.132,149.189453125
110,730,1,2,0.132,115.80975341796875
52,648,1,2,0.132,120.65818786621094
89,86,2,0,0.154,132.24154663085938
29,1305,0,1,0.08479299710776583,127.0638198852539
59,1103,2,3,0.1,148.15960693359375
27,862,0,0,0.002768235335346106,117.03849792480469
51,1627,2,1,0.088,121.17086029052734
74,1252,1,0,0.154,131.67596435546875
56,767,0,3,0.0381120954986468,120.9582290649414
3,500,3,2,0.132,145.1448974609375
24,1417,0,1,0.088,123.20803833007812
77,30,0,2,0.132,118.33349609375
3,328,1,2,0.132,153.79708862304688
105,744,3,1,0.088,143.1735382080078
52,1671,0,2,0.132,127.53141784667969
52,1543,1,3,0.1,114.68257904052734
13,1721,1,1,0.03611774376754684,124.41230010986328
7,1347,0,2,0.132,135.0419464111328
46,45,1,3,0.07589432040082031,130.48768615722656
43,423,0,0,0.154,120.51534271240234
113,141,2,1,0.088,125.1288833618164
68,1503,3,2,0.132,142.24984741210938
99,1164,3,1,0.088,136.6811065673828
52,1099,3,3,0.012000000000005256,125.83338165283203
52,710,0,2,0.132,116.77137756347656
0,293,1,3,0.01200000000000001,123.59847259521484
22,1762,0,3,0.01200000000000001,143.79910278320312
67,165,2,2,0.03780996251520019,123.64611053466797
88,1119,1,1,0.088,134.42770385742188
57,1328,3,1,0.088,133.41651916503906
11,378,1,2,0.132,138.10166931152344
11,1468,1,3,0.1,136.38858032226562
66,123,1,2,0.132,130.14048767089844
59,488,0,3,0.1,141.45706176757812
102,1815,2,2,0.132,139.5470428466797
16,267,0,3,0.1,140.13809204101562
33,993,2,3,0.01200000000000001,126.28207397460938
66,1069,1,2,0.132,133.51194763183594
31,490,2,2,0.132,123.93736267089844
48,1145,1,0,0.10126337312726769,124.71138763427734
43,1540,3,3,0.1,121.15424346923828
59,95,3,2,0.09084465440767475,155.03369140625
52,579,1,1,0.088,118.21285247802734
58,1196,3,1,0.088,133.50393676757812
32,57,3,2,0.132,128.3669891357422
67,1840,1,2,0.132,126.37908935546875
103,907,0,2,0.132,154.81829833984375
16,270,0,3,0.1,139.48440551757812
21,1184,0,2,0.11712066044094249,130.44580078125
58,790,0,2,0.132,127.84870910644531
69,1540,1,0,0.03256745407054448,129.03858947753906
0,53,0,2,0.12924496568652233,118.97344207763672
1,1688,2,2,0.11955486095383555,123.262451171875
11,1272,3,3,0.1,135.8681640625
56,1416,0,2,0.132,122.70723724365234
112,1644,2,2,0.132,125.69442749023438
82,1839,2,1,0.088,138.54345703125
53,920,0,2,0.132,135.38690185546875
24,904,2,2,0.132,128.63856506347656
44,1157,3,2,0.132,137.33468627929688
105,1052,2,1,0.088,130.897705078125
13,629,0,3,0.1,122.93148803710938
52,1373,2,1,0.088,125.73682403564453
82,46,0,3,0.1,132.77247619628906
85,1567,3,3,0.014576643703176378,114.00334930419922
112,629,2,3,0.004867925399220069,116.9473648071289
68,1836,3,2,0.132,142.36790466308594
105,490,3,2,0.132,139.704345703125
92,1240,2,2,0.09621999794190728,129.37274169921875
52,94,0,2,0.132,113.03173828125
99,1692,0,3,0.01200000000000001,136.67633056640625
15,600,2,1,0.004650167365377211,133.11282348632812
66,2028,0,1,0.015387494157581172,131.00221252441406
77,430,2,0,0.07990560606114933,115.88983917236328
16,1701,2,1,0.088,144.1066131591797
20,1546,3,1,0.05134395507241801,142.33384704589844
63,659,2,0,0.07072367708182656,123.11795806884766
52,1944,1,2,0.132,121.35118103027344
106,1259,0,0,0.08970915437209202,137.3423614501953
69,1761,3,2,0.132,145.6074676513672
67,1028,3,2,0.132,139.7113037109375
110,1427,3,3,0.1,114.03286743164062
10,1883,0,1,0.088,127.12923431396484
63,182,3,2,0.09601264214131239,127.56768798828125
0,1887,3,2,0.132,128.200439453125
8,720,1,2,0.132,135.72727966308594
84,1747,0,1,0.00775256400985691,110.95344543457031
70,417,2,3,0.1,120.03707885742188
0,1421,0,3,0.01200000000000001,120.96326446533203
43,1117,2,1,0.088,123.52989959716797
32,249,3,3,0.1,124.26079559326172
1,985,1,3,0.1,124.55547332763672
62,1594,3,0,0.04391500396335957,119.08078002929688
5,1157,3,3,0.0010492440470224636,136.30523681640625
15,819,1,3,0.1,130.83843994140625
82,1968,2,2,0.132,133.43017578125
31,199,0,2,0.044003850132049216,140.97933959960938
34,615,2,1,0.088,125.21662902832031
25,1042,2,3,0.01200000000000001,144.3134307861328
88,479,0,3,0.043034107233015165,131.97064208984375
0,900,0,1,0.088,123.0335922241211
16,346,2,1,0.088,137.50404357910156
74,1429,0,3,0.1,135.6409149169922
32,1812,3,3,0.1,128.01446533203125
62,929,2,1,0.088,118.82085418701172
24,1720,0,1,0.088,121.43627166748047
31,1665,0,1,0.088,132.44775390625
28,1823,2,3,0.01200000000000001,129.92921447753906
71,356,0,3,0.017044885581025654,134.4486083984375
63,662,0,3,0.1,127.27979278564453
0,227,0,2,0.132,121.91638946533203
70,417,3,1,0.088,120.03707885742188
58,63,2,3,0.01200000000000001,127.18091583251953
36,1598,2,3,0.01200000000000001,126.35950469970703
59,386,3,1,0.088,155.692138671875
32,1958,3,2,0.132,149.61074829101562
16,914,1,2,0.132,138.77146911621094
16,1633,1,3,0.012000000000005256,144.10589599609375
28,780,3,2,0.132,133.98544311523438
59,518,0,2,0.132,150.61422729492188
63,1699,2,3,0.1,126.42735290527344
93,1284,1,2,0.132,116.84794616699219
13,930,2,2,0.132,124.87963104248047
24,493,3,2,0.132,125.33390045166016
43,1254,1,0,0.04888620264875654,121.11101531982422
52,1402,3,3,0.1,118.49024200439453
23,1683,3,1,0.04536105906074506,138.07028198242188
27,18,3,0,0.07008748251962113,115.63247680664062
23,938,3,0,0.1469392751041347,113.87184143066406
18,171,0,2,0.132,128.98101806640625
36,1078,0,1,0.002748793217693668,123.63127899169922
102,772,2,1,0.088,140.0235595703125
54,570,0,2,0.132,154.1566925048828
26,1950,0,1,0.053376818128556686,130.5976104736328
68,1863,3,1,0.088,142.23521423339844
105,908,0,2,0.132,144.9883575439453
87,522,1,1,0.088,136.78665161132812
53,359,2,0,0.1310573478787135,
115,1137,0,3,0.01200000000000001,132.39999389648438
16,392,2,3,0.1,135.11073303222656
105,1423,1,2,0.132,141.85899353027344
66,1266,1,0,0.154,122.84566497802734
97,1259,0,3,0.1,129.62991333007812
59,1933,3,0,0.154,114.03936004638672
8,1618,0,3,0.1,128.6868896484375
8,39,2,1,0.011212167170397247,129.86111450195312
82,1411,1,2,0.132,134.3938446044922
71,589,3,3,0.1,137.77935791015625
33,1059,1,3,0.01200000000000001,127.3032455444336
3,713,1,2,0.132,155.3379364013672
61,1854,2,1,0.088,136.08560180664062
113,1201,1,2,0.132,124.94883728027344
74,1943,3,1,0.088,139.63780212402344
8,520,1,2,0.132,136.38967895507812
0,1717,3,3,0.1,118.86351776123047
27,767,2,2,0.1130215344556339,116.48890686035156
88,1752,1,2,0.018371916487017664,133.68714904785156
62,191,2,1,0.088,129.4374237060547
32,334,1,1,0.088,128.88758850097656
82,71,1,2,0.132,133.4863739013672
52,1229,1,0,0.154,111.8994140625
59,1933,1,3,0.154,114.03936004638672
62,16,0,1,0.088,119.52409362792969
52,1280,0,2,0.132,115.96705627441406
32,889,1,2,0.132,129.6898651123047
3,1380,1,3,0.1,150.60272216796875
92,799,0,2,0.132,132.8783416748047
52,868,1,3,0.1,115.0723876953125
115,154,3,1,0.05107250343109218,128.27146911621094
0,1939,0,1,0.088,124.44583129882812
92,1985,1,3,0.1,128.9812774658203
61,1063,0,1,0.088,141.1981964111328
52,1717,0,2,0.132,124.24391174316406
93,1552,2,3,0.09407600333899452,116.08946990966797
109,401,3,1,0.01612319615014307,111.2332534790039
3,51,0,3,0.1,149.92904663085938
62,630,1,1,0.088,119.26226806640625
53,359,0,3,0.154,
16,571,1,3,0.1,133.7557830810547
15,141,2,2,0.026864996054908885,132.33380126953125
82,642,0,3,0.1,136.5513153076172
3,1960,0,2,0.132,157.30140686035156
24,887,1,3,0.1,125.67606353759766
112,224,2,3,0.1,122.56635284423828
52,833,2,2,0.132,111.75553131103516
61,1336,0,2,0.132,139.28233337402344
10,901,2,2,0.132,122.79722595214844
110,430,1,3,0.1,113.60810852050781
34,336,3,2,0.132,128.04794311523438
52,1243,3,1,0.088,114.40888977050781
112,93,3,2,0.132,121.39998626708984
23,306,1,2,0.132,108.73906707763672
3,946,1,1,0.05361121049200149,149.28436279296875
59,919,2,2,0.132,152.40866088867188
0,932,1,3,0.01200000000000001,120.03890991210938
87,1930,3,3,0.1,128.5451202392578
36,485,1,3,0.01200000000000001,130.39788818359375
15,1412,0,3,0.09025308341180979,132.0360565185547
74,1294,2,1,0.088,135.21688842773438
33,1039,2,3,0.1,120.8282241821289
33,1287,2,2,0.132,130.462158203125
52,541,3,2,0.132,114.38414001464844
74,1592,1,1,0.088,139.51210021972656
62,1166,2,1,0.088,127.26758575439453
22,1012,0,3,0.01200000000000001,142.7601776123047
92,1624,3,1,0.088,129.1193389892578
66,278,3,1,0.07434690412699405,133.26498413085938
7,1408,3,1,0.08043422473239958,135.2822265625
38,1473,0,1,0.029760990096962953,127.89766693115234
23,1428,0,2,0.132,126.58661651611328
89,227,3,1,0.088,144.60948181152344
