station_j,m,t,inventory_MWh
0,0,0,0.088
0,0,2,0.1
0,1,0,0.088
0,1,2,0.1
0,1,3,0.088
0,2,0,0.088
0,2,2,0.1
0,2,3,0.088
0,3,0,0.088
0,3,2,0.1
4,0,0,0.088
4,0,2,0.1
4,1,0,0.088
4,1,2,0.1
4,2,0,0.088
4,2,2,0.1
4,3,0,0.088
4,3,2,0.1
5,0,0,0.088
5,0,2,0.1
5,1,0,0.088
5,1,2,0.1
5,2,0,0.088
5,2,2,0.1
5,3,0,0.088
5,3,2,0.1
9,0,0,0.088
9,0,2,0.1
9,1,0,0.088
9,1,2,0.1
9,2,0,0.088
9,2,2,0.1
9,3,0,0.088
9,3,2,0.1
10,0,0,0.088
10,0,2,0.1
10,1,0,0.088
10,1,2,0.1
10,2,0,0.088
10,2,2,0.1
10,3,0,0.088
10,3,2,0.1
11,0,0,0.088
11,0,2,0.1
11,1,0,0.088
11,1,2,0.1
11,2,0,0.088
11,2,2,0.1
11,3,0,0.088
11,3,2,0.1
14,0,0,0.088
14,0,2,0.1
14,0,3,0.088
14,1,0,0.088
14,1,2,0.1
14,1,3,0.088
14,2,0,0.088
14,2,2,0.1
14,2,3,0.088
14,3,0,0.088
14,3,2,0.1
14,3,3,0.088
16,0,0,0.088
16,0,2,0.1
16,1,0,0.088
16,1,2,0.1
16,2,0,0.088
16,2,2,0.1
16,3,0,0.088
16,3,2,0.1
18,0,0,0.088
18,0,2,0.1
18,1,0,0.088
18,1,2,0.1
18,2,0,0.088
18,2,2,0.1
18,3,0,0.088
18,3,2,0.1
19,0,0,0.088
19,0,2,0.1
19,0,3,0.088
19,1,0,0.088
19,1,2,0.1
19,1,3,0.088
19,2,0,0.088
19,2,2,0.1
19,2,3,0.088
19,3,0,0.088
19,3,2,0.1
19,3,3,0.088
21,0,0,0.088
21,0,2,0.1
21,1,0,0.088
21,1,2,0.1
21,2,0,0.088
21,2,2,0.1
21,3,0,0.088
21,3,2,0.1
22,0,0,0.088
22,0,2,0.1
22,1,0,0.088
22,1,2,0.1
22,2,0,0.088
22,2,2,0.1
22,3,0,0.088
22,3,2,0.1
25,0,0,0.088
25,0,2,0.1
25,0,3,0.088
30,0,0,0.088
30,0,2,0.1
30,1,0,0.088
30,1,2,0.1
30,2,0,0.088
30,2,2,0.1
30,3,0,0.088
30,3,2,0.1
31,0,0,0.088
31,0,2,0.1
31,0,3,0.088
31,3,0,0.088
31,3,2,0.1
31,3,3,0.088
34,0,0,0.088
34,0,2,0.1
34,1,0,0.088
34,1,2,0.1
34,2,0,0.088
34,2,2,0.1
34,3,0,0.088
34,3,2,0.1
36,0,0,0.088
36,0,2,0.1
36,0,3,0.088
36,1,0,0.088
36,1,2,0.1
36,1,3,0.088
36,2,0,0.088
36,2,2,0.1
36,2,3,0.088
36,3,2,0.1
39,0,0,0.088
39,0,2,0.1
39,1,0,0.088
39,1,2,0.1
39,1,3,0.088
39,2,0,0.011212167170397247
39,2,2,0.1
39,2,3,0.011212167170397247
39,3,0,0.088
39,3,2,0.1
42,0,0,0.088
42,0,2,0.1
42,1,0,0.088
42,1,2,0.1
42,1,3,0.088
42,2,0,0.088
42,2,2,0.1
42,2,3,0.088
42,3,0,0.088
42,3,2,0.1
42,3,3,0.088
43,0,0,0.088
43,0,2,0.1
43,1,0,0.088
43,1,2,0.1
43,2,0,0.088
43,2,2,0.1
43,3,0,0.088
43,3,2,0.1
45,0,0,0.088
45,0,2,0.1
45,0,3,0.088
45,1,0,0.006204881553681291
45,1,2,0.0820992019545016
45,1,3,0.006204881553681291
45,3,0,0.03385276123368133
45,3,2,0.1
45,3,3,0.03385276123368133
46,0,0,0.088
46,0,2,0.1
46,1,0,0.088
46,1,2,0.1
46,2,0,0.088
46,2,2,0.1
46,3,0,0.088
46,3,2,0.1
47,0,0,0.088
47,0,2,0.1
47,1,0,0.088
47,1,2,0.1
47,2,0,0.088
47,2,2,0.1
47,3,0,0.088
47,3,2,0.1
50,0,0,0.088
50,0,2,0.1
50,0,3,0.088
50,1,0,0.033132711134826215
50,1,2,0.033132711134826215
50,1,3,0.033132711134826215
50,3,0,0.088
50,3,2,0.1
50,3,3,0.088
51,0,0,0.088
51,0,2,0.1
51,1,0,0.088
51,1,2,0.1
51,1,3,0.088
51,2,0,0.041821965296524405
51,2,2,0.1
51,3,0,0.088
51,3,2,0.1
53,0,0,0.088
53,0,2,0.1
53,1,0,0.088
53,1,2,0.1
53,1,3,0.088
53,2,0,0.04782037985746218
53,2,2,0.1
53,2,3,0.04782037985746218
53,3,0,0.088
53,3,2,0.1
54,0,0,0.088
54,0,2,0.1
54,0,3,0.088
54,1,2,0.1
54,2,0,0.088
54,2,2,0.1
54,2,3,0.088
54,3,0,0.088
54,3,2,0.1
54,3,3,0.088
57,0,0,0.088
57,0,2,0.1
57,1,0,0.088
57,1,2,0.1
57,2,0,0.088
57,2,2,0.1
57,3,0,0.088
57,3,2,0.1
58,0,0,0.088
58,0,2,0.1
58,1,0,0.088
58,1,2,0.1
58,1,3,0.088
58,2,0,0.06916975447355925
58,2,2,0.1
58,2,3,0.06916975447355925
58,3,0,0.088
58,3,2,0.1
63,0,0,0.088
63,0,2,0.1
63,1,2,0.1
63,2,0,0.088
63,2,2,0.1
63,2,3,0.088
63,3,0,0.088
63,3,2,0.1
68,0,0,0.088
68,0,2,0.1
68,1,0,0.088
68,1,2,0.1
68,2,0,0.088
68,2,2,0.1
68,3,0,0.088
68,3,2,0.1
71,0,0,0.088
71,0,2,0.1
71,1,0,0.088
71,1,2,0.1
71,2,0,0.088
71,2,2,0.1
71,3,0,0.088
71,3,2,0.1
72,0,0,0.088
72,0,2,0.1
72,1,0,0.088
72,1,2,0.1
72,1,3,0.06996966556049125
72,2,0,0.088
72,2,2,0.1
72,3,0,0.088
72,3,2,0.1
74,0,0,0.088
74,0,2,0.1
74,0,3,0.088
74,1,0,0.088
74,1,2,0.1
74,1,3,0.088
74,2,0,0.088
74,2,2,0.1
74,2,3,0.088
74,3,0,0.088
74,3,2,0.1
74,3,3,0.088
76,0,0,0.088
76,0,2,0.088
76,0,3,0.088
78,0,0,0.088
78,0,2,0.1
78,0,3,0.088
78,1,0,0.088
78,1,2,0.1
78,1,3,0.088
78,2,0,0.088
78,2,2,0.1
78,2,3,0.088
78,3,0,0.088
78,3,2,0.1
78,3,3,0.088
79,0,0,0.088
79,0,2,0.1
79,1,0,0.088
79,1,2,0.1
79,2,0,0.088
79,2,2,0.1
79,3,0,0.088
79,3,2,0.1
80,0,0,0.088
80,0,2,0.1
80,1,0,0.088
80,1,2,0.1
80,2,0,0.088
80,2,2,0.1
80,3,0,0.088
80,3,2,0.1
81,0,0,0.088
81,0,2,0.1
81,0,3,0.088
81,1,0,0.088
81,1,2,0.1
81,1,3,0.088
81,2,0,0.088
81,2,2,0.088
81,2,3,0.088
81,3,0,0.088
81,3,2,0.1
81,3,3,0.088
82,0,0,0.088
82,0,2,0.1
82,0,3,0.088
83,0,0,0.088
83,0,2,0.1
83,0,3,0.088
83,1,0,0.088
83,1,2,0.1
83,1,3,0.088
83,2,2,0.1
83,3,0,0.088
83,3,2,0.1
83,3,3,0.088
85,0,0,0.088
85,0,2,0.1
85,0,3,0.088
85,1,0,0.088
85,1,2,0.1
85,1,3,0.088
85,2,0,0.088
85,2,2,0.1
85,2,3,0.088
85,3,0,0.088
85,3,2,0.1
85,3,3,0.088
86,0,0,0.088
86,0,2,0.1
86,1,0,0.088
86,1,2,0.1
86,2,0,0.088
86,2,2,0.1
86,3,0,0.088
86,3,2,0.1
88,0,0,0.088
88,0,2,0.1
88,1,0,0.088
88,1,2,0.1
88,1,3,0.088
88,2,0,0.088
88,2,2,0.1
88,2,3,0.088
88,3,0,0.088
88,3,2,0.1
88,3,3,0.088
90,0,0,0.088
90,0,2,0.1
90,1,0,0.088
90,1,2,0.1
90,2,0,0.088
90,2,2,0.1
90,3,0,0.088
90,3,2,0.1
91,0,0,0.088
91,0,2,0.1
91,0,3,0.088
91,1,0,0.088
91,1,2,0.1
91,1,3,0.088
91,2,0,0.088
91,2,2,0.1
91,2,3,0.088
91,3,0,0.088
91,3,2,0.1
91,3,3,0.088
92,0,0,0.088
92,0,2,0.1
92,1,0,0.088
92,1,2,0.1
92,2,0,0.088
92,2,2,0.1
92,3,0,0.088
92,3,2,0.1
93,0,0,0.088
93,0,2,0.1
93,1,0,0.088
93,1,2,0.1
93,2,0,0.088
93,2,2,0.1
93,3,0,0.088
93,3,2,0.1
94,0,0,0.088
94,0,2,0.1
94,1,0,0.088
94,1,2,0.1
94,2,0,0.088
94,2,2,0.1
94,3,0,0.088
94,3,2,0.1
95,0,0,0.088
95,0,2,0.1
95,0,3,0.088
95,1,2,0.1
95,3,0,0.088
95,3,2,0.1
95,3,3,0.088
96,0,0,0.088
96,0,2,0.1
96,1,0,0.088
96,1,2,0.1
96,2,0,0.088
96,2,2,0.1
96,3,0,0.088
96,3,2,0.1
99,0,0,0.088
99,0,2,0.1
99,1,0,0.088
99,1,2,0.1
99,1,3,0.088
99,2,0,0.088
99,2,2,0.1
99,2,3,0.0820748248850656
99,3,0,0.088
99,3,2,0.1
105,0,0,0.088
105,0,2,0.1
105,0,3,0.088
105,1,0,0.088
105,1,2,0.1
105,1,3,0.088
105,2,0,0.088
105,2,2,0.1
105,2,3,0.088
105,3,0,0.088
105,3,2,0.1
105,3,3,0.088
106,0,0,0.088
106,0,2,0.1
106,0,3,0.088
106,3,0,0.088
106,3,2,0.088
106,3,3,0.088
113,0,0,0.088
113,0,2,0.1
113,0,3,0.088
113,1,2,0.1
113,2,0,0.088
113,2,2,0.1
113,2,3,0.088
113,3,0,0.088
113,3,2,0.1
113,3,3,0.088
116,0,0,0.088
116,0,2,0.1
116,1,0,0.088
116,1,2,0.1
116,2,0,0.088
116,2,2,0.1
116,3,0,0.088
116,3,2,0.1
117,0,0,0.088
117,0,2,0.1
117,0,3,0.088
117,1,0,0.088
117,1,2,0.1
117,1,3,0.088
117,2,0,0.088
117,2,2,0.088
117,2,3,0.088
117,3,0,0.088
117,3,2,0.1
117,3,3,0.088
119,0,0,0.088
119,0,2,0.1
119,0,3,0.088
123,0,0,0.088
123,0,2,0.1
123,1,0,0.088
123,1,2,0.1
123,1,3,0.088
123,2,0,0.088
123,2,2,0.1
123,2,3,0.088
123,3,0,0.088
123,3,2,0.1
123,3,3,0.088
125,0,0,0.088
125,0,2,0.1
125,0,3,0.088
125,1,0,0.088
125,1,2,0.1
125,1,3,0.088
125,2,0,0.088
125,2,2,0.1
125,2,3,0.088
125,3,0,0.088
125,3,2,0.1
125,3,3,0.088
126,0,0,0.088
126,0,2,0.1
126,1,0,0.088
126,1,2,0.1
126,2,0,0.088
126,2,2,0.1
126,3,0,0.088
126,3,2,0.1
128,0,0,0.088
128,0,2,0.1
128,0,3,0.088
128,3,0,0.088
128,3,2,0.1
128,3,3,0.088
131,0,0,0.088
131,0,2,0.1
131,1,0,0.088
131,1,2,0.1
131,2,0,0.088
131,2,2,0.1
131,3,0,0.088
131,3,2,0.1
132,0,0,0.088
132,0,2,0.1
132,0,3,0.088
132,1,2,0.1
132,2,2,0.1
132,3,0,0.088
132,3,2,0.1
132,3,3,0.088
134,0,0,0.088
134,0,2,0.1
134,1,0,0.088
134,1,2,0.1
134,1,3,0.088
134,2,0,0.088
134,2,2,0.1
134,2,3,0.088
134,3,0,0.088
134,3,2,0.1
135,0,0,0.088
135,0,2,0.1
135,0,3,0.088
135,1,0,0.088
135,1,2,0.1
135,1,3,0.088
135,2,2,0.1
135,3,0,0.088
135,3,2,0.1
135,3,3,0.088
136,0,0,0.088
136,0,2,0.1
136,1,0,0.088
136,1,2,0.1
136,1,3,0.088
136,2,0,0.088
136,2,2,0.1
136,2,3,0.088
136,3,0,0.088
136,3,2,0.1
139,0,0,0.088
139,0,2,0.1
139,1,0,0.088
139,1,2,0.1
139,2,0,0.088
139,2,2,0.1
139,3,0,0.088
139,3,2,0.1
141,0,0,0.088
141,0,2,0.1
141,1,0,0.088
141,1,2,0.1
141,2,0,0.088
141,2,2,0.1
141,3,0,0.088
141,3,2,0.1
147,0,0,0.088
147,0,2,0.1
147,1,0,0.088
147,1,2,0.1
147,2,0,0.088
147,2,2,0.1
147,3,0,0.088
147,3,2,0.1
152,0,0,0.088
152,0,2,0.1
152,1,0,0.088
152,1,2,0.1
152,2,0,0.088
152,2,2,0.1
152,3,0,0.088
152,3,2,0.1
154,0,0,0.088
154,0,2,0.1
154,1,0,0.088
154,1,2,0.1
154,2,0,0.088
154,2,2,0.1
154,3,0,0.088
154,3,2,0.1
155,0,0,0.088
155,0,2,0.1
155,1,0,0.088
155,1,2,0.1
155,2,0,0.088
155,2,2,0.1
155,3,0,0.088
155,3,2,0.1
156,0,0,0.088
156,0,2,0.1
156,1,0,0.088
156,1,2,0.1
156,2,0,0.088
156,2,2,0.1
156,3,0,0.088
156,3,2,0.1
159,0,0,0.088
159,0,2,0.1
159,1,0,0.088
159,1,2,0.1
159,1,3,0.088
159,2,0,0.088
159,2,2,0.1
159,2,3,0.088
159,3,0,0.088
159,3,2,0.1
159,3,3,0.088
161,0,0,0.088
161,0,2,0.1
161,0,3,0.088
161,3,0,0.088
161,3,2,0.1
161,3,3,0.088
162,0,0,0.088
162,0,2,0.1
162,0,3,0.088
163,0,0,0.088
163,0,2,0.1
163,0,3,0.088
163,1,0,0.088
163,1,2,0.1
163,1,3,0.088
163,2,0,0.088
163,2,2,0.1
163,2,3,0.088
163,3,0,0.088
163,3,2,0.1
163,3,3,0.088
165,0,0,0.088
165,0,2,0.1
165,1,0,0.088
165,1,2,0.1
165,2,0,0.088
165,2,2,0.1
165,3,0,0.088
165,3,2,0.1
166,0,0,0.088
166,0,2,0.1
166,1,0,0.088
166,1,2,0.1
166,2,0,0.088
166,2,2,0.1
166,3,0,0.088
166,3,2,0.1
169,0,0,0.088
169,0,2,0.1
169,1,0,0.088
169,1,2,0.1
169,2,0,0.088
169,2,2,0.1
169,3,0,0.088
169,3,2,0.1
171,0,0,0.088
171,0,2,0.1
171,0,3,0.088
171,1,0,0.08207434073201009
171,1,2,0.1
171,1,3,0.08207434073201009
171,2,0,0.05464236813702664
171,2,2,0.1
171,2,3,0.05464236813702664
171,3,0,0.088
171,3,2,0.1
171,3,3,0.088
172,0,0,0.088
172,0,2,0.1
172,0,3,0.088
172,1,0,0.004470793300809822
172,1,2,0.1
172,1,3,0.004470793300809822
172,2,2,0.1
172,3,0,0.07931539789513167
172,3,2,0.1
172,3,3,0.07931539789513167
174,0,0,0.088
174,0,2,0.1
174,0,3,0.088
174,1,0,0.088
174,1,2,0.1
174,1,3,0.088
174,2,2,0.1
174,3,0,0.088
174,3,2,0.1
174,3,3,0.088
177,0,0,0.088
177,0,2,0.088
177,0,3,0.088
178,0,0,0.088
178,0,2,0.1
178,0,3,0.088
178,1,0,0.088
178,1,2,0.1
178,1,3,0.088
178,2,0,0.042538817097762804
178,2,2,0.042538817097762804
178,2,3,0.042538817097762804
178,3,0,0.088
178,3,2,0.1
178,3,3,0.088
179,0,0,0.088
179,0,2,0.1
179,1,0,0.088
179,1,2,0.1
179,2,0,0.088
179,2,2,0.1
179,3,0,0.088
179,3,2,0.1
182,0,0,0.088
182,0,2,0.1
182,1,0,0.088
182,1,2,0.1
182,2,0,0.088
182,2,2,0.1
182,3,0,0.088
182,3,2,0.1
184,0,0,0.088
184,0,2,0.1
184,1,0,0.088
184,1,2,0.1
184,1,3,0.088
184,2,0,0.088
184,2,2,0.1
184,2,3,0.088
184,3,0,0.088
184,3,2,0.1
185,0,0,0.088
185,0,2,0.1
185,1,0,0.088
185,1,2,0.1
185,1,3,0.088
185,2,0,0.088
185,2,2,0.1
185,2,3,0.088
185,3,0,0.088
185,3,2,0.1
185,3,3,0.088
187,0,0,0.088
187,0,2,0.1
187,0,3,0.088
187,3,0,0.0813490267927291
187,3,2,0.0813490267927291
187,3,3,0.0813490267927291
188,0,0,0.088
188,0,2,0.1
188,0,3,0.088
188,1,0,0.088
188,1,2,0.088
188,1,3,0.088
188,2,0,0.088
188,2,2,0.088
188,2,3,0.088
188,3,0,0.088
188,3,2,0.088
188,3,3,0.088
189,0,0,0.088
189,0,2,0.1
189,0,3,0.088
189,1,0,0.088
189,1,2,0.1
189,1,3,0.088
189,2,0,0.088
189,2,2,0.1
189,2,3,0.088
189,3,0,0.088
189,3,2,0.1
189,3,3,0.088
190,0,0,0.088
190,0,2,0.1
190,0,3,0.088
190,1,0,0.088
190,1,2,0.1
190,1,3,0.088
190,2,2,0.1
190,3,0,0.088
190,3,2,0.1
190,3,3,0.088
191,0,0,0.088
191,0,2,0.1
191,0,3,0.088
191,1,0,0.088
191,1,2,0.1
191,1,3,0.088
191,2,0,0.088
191,2,2,0.088
191,2,3,0.088
191,3,0,0.088
191,3,2,0.1
191,3,3,0.088
194,0,0,0.088
194,0,2,0.1
194,0,3,0.088
194,1,0,0.05324613198335937
194,1,2,0.1
194,1,3,0.05324613198335937
194,2,0,0.088
194,2,2,0.1
194,2,3,0.088
194,3,0,0.088
194,3,2,0.1
194,3,3,0.088
198,0,0,0.088
198,0,2,0.1
198,0,3,0.088
198,1,0,0.007274474511504203
198,1,2,0.1
198,1,3,0.007274474511504203
198,2,2,0.1
198,3,0,0.088
198,3,2,0.1
198,3,3,0.088
202,0,0,0.088
202,0,2,0.1
202,1,0,0.088
202,1,2,0.1
202,2,0,0.088
202,2,2,0.1
202,3,0,0.088
202,3,2,0.1
206,0,0,0.088
206,0,2,0.1
206,1,0,0.088
206,1,2,0.1
206,2,0,0.088
206,2,2,0.1
206,3,0,0.088
206,3,2,0.1
207,0,0,0.088
207,0,2,0.1
207,0,3,0.088
207,1,0,0.088
207,1,2,0.1
207,1,3,0.088
207,2,0,0.088
207,2,2,0.088
207,2,3,0.088
207,3,0,0.088
207,3,2,0.1
207,3,3,0.088
211,0,0,0.088
211,0,2,0.1
211,0,3,0.088
211,3,0,0.088
211,3,2,0.088
211,3,3,0.088
217,0,0,0.088
217,0,2,0.1
217,0,3,0.088
217,1,0,0.088
217,1,2,0.1
217,1,3,0.088
217,2,0,0.088
217,2,2,0.09439828079940774
217,2,3,0.088
217,3,0,0.088
217,3,2,0.1
217,3,3,0.088
220,0,0,0.088
220,0,2,0.1
220,0,3,0.088
221,0,0,0.088
221,0,2,0.1
221,1,0,0.088
221,1,2,0.1
221,2,0,0.088
221,2,2,0.1
221,3,0,0.088
221,3,2,0.1
223,0,0,0.088
223,0,2,0.1
223,1,0,0.088
223,1,2,0.1
223,2,0,0.088
223,2,2,0.1
223,3,0,0.088
223,3,2,0.1
224,0,0,0.088
224,0,2,0.1
224,1,0,0.088
224,1,2,0.1
224,2,0,0.088
224,2,2,0.1
224,3,0,0.088
224,3,2,0.1
227,0,0,0.088
227,0,2,0.1
227,1,0,0.088
227,1,2,0.1
227,1,3,0.088
227,2,2,0.1
227,3,0,0.088
227,3,2,0.1
230,0,0,0.088
230,0,2,0.1
230,1,0,0.088
230,1,2,0.1
230,2,0,0.088
230,2,2,0.1
230,3,0,0.088
230,3,2,0.1
231,0,0,0.088
231,0,2,0.1
231,0,3,0.088
231,1,0,0.088
231,1,2,0.1
231,1,3,0.088
231,2,0,0.088
231,2,2,0.1
231,2,3,0.088
231,3,0,0.088
231,3,2,0.1
231,3,3,0.088
232,0,0,0.088
232,0,2,0.1
232,1,0,0.088
232,1,2,0.1
232,2,0,0.088
232,2,2,0.1
232,3,0,0.088
232,3,2,0.1
233,0,0,0.088
233,0,2,0.1
233,0,3,0.088
233,1,2,0.1
233,2,2,0.1
233,3,0,0.088
233,3,2,0.1
233,3,3,0.088
237,0,0,0.088
237,0,2,0.088
237,0,3,0.088
238,0,0,0.088
238,0,2,0.1
238,1,0,0.088
238,1,2,0.1
238,2,0,0.088
238,2,2,0.1
238,3,0,0.088
238,3,2,0.1
239,0,0,0.088
239,0,2,0.1
239,0,3,0.088
240,0,0,0.088
240,0,2,0.1
240,1,0,0.088
240,1,2,0.1
240,2,0,0.088
240,2,2,0.1
240,3,0,0.088
240,3,2,0.1
243,0,0,0.088
243,0,2,0.1
243,0,3,0.088
243,1,0,0.088
243,1,2,0.1
243,1,3,0.088
243,2,0,0.088
243,2,2,0.1
243,2,3,0.088
243,3,0,0.088
243,3,2,0.1
243,3,3,0.088
245,0,0,0.088
245,0,2,0.1
245,0,3,0.088
245,1,0,0.088
245,1,2,0.1
245,1,3,0.088
245,2,0,0.088
245,2,2,0.1
245,2,3,0.088
245,3,0,0.088
245,3,2,0.1
245,3,3,0.088
247,0,0,0.06605269974896052
247,0,2,0.1
247,0,3,0.06605269974896052
247,1,2,0.03791278868545933
247,3,2,0.1
248,0,0,0.088
248,0,2,0.1
248,1,0,0.088
248,1,2,0.1
248,2,0,0.088
248,2,2,0.1
248,3,0,0.088
248,3,2,0.1
249,0,0,0.088
249,0,2,0.1
249,1,0,0.088
249,1,2,0.1
249,2,0,0.088
249,2,2,0.1
249,3,0,0.088
249,3,2,0.1
251,0,0,0.088
251,0,2,0.1
251,0,3,0.088
251,1,2,0.1
251,3,0,0.088
251,3,2,0.1
251,3,3,0.088
253,0,0,0.088
253,0,2,0.1
253,1,0,0.088
253,1,2,0.1
253,2,0,0.088
253,2,2,0.1
253,3,0,0.088
253,3,2,0.1
254,0,0,0.088
254,0,2,0.1
254,1,0,0.088
254,1,2,0.1
254,2,0,0.088
254,2,2,0.1
254,3,0,0.088
254,3,2,0.1
256,0,0,0.088
256,0,2,0.1
256,0,3,0.088
256,1,0,0.088
256,1,2,0.1
256,1,3,0.088
256,2,0,0.088
256,2,2,0.1
256,2,3,0.088
256,3,0,0.088
256,3,2,0.1
256,3,3,0.088
258,0,0,0.088
258,0,2,0.1
258,1,0,0.088
258,1,2,0.1
258,2,0,0.088
258,2,2,0.1
258,3,0,0.088
258,3,2,0.1
259,0,0,0.088
259,0,2,0.1
259,0,3,0.088
259,3,0,0.088
259,3,2,0.088
259,3,3,0.088
260,0,0,0.088
260,0,2,0.1
260,1,0,0.088
260,1,2,0.1
260,2,0,0.088
260,2,2,0.1
260,3,0,0.088
260,3,2,0.1
266,0,0,0.088
266,0,2,0.088
266,0,3,0.088
266,3,0,0.088
266,3,2,0.088
266,3,3,0.088
267,0,0,0.088
267,0,2,0.1
267,1,0,0.088
267,1,2,0.1
267,1,3,0.088
267,2,0,0.088
267,2,2,0.1
267,2,3,0.088
267,3,0,0.088
267,3,2,0.1
267,3,3,0.088
270,0,0,0.088
270,0,2,0.1
270,1,0,0.088
270,1,2,0.1
270,1,3,0.088
270,2,0,0.088
270,2,2,0.1
270,2,3,0.088
270,3,0,0.088
270,3,2,0.1
270,3,3,0.022742963402803573
271,0,0,0.088
271,0,2,0.1
271,1,0,0.088
271,1,2,0.1
271,2,0,0.088
271,2,2,0.1
271,3,0,0.088
271,3,2,0.1
272,0,0,0.088
272,0,2,0.1
272,1,0,0.088
272,1,2,0.1
272,1,3,0.088
272,2,0,0.088
272,2,2,0.1
272,2,3,0.088
272,3,0,0.088
272,3,2,0.1
273,0,0,0.088
273,0,2,0.1
273,1,0,0.088
273,1,2,0.1
273,2,0,0.088
273,2,2,0.1
273,3,0,0.088
273,3,2,0.1
274,0,0,0.088
274,0,2,0.1
274,1,0,0.088
274,1,2,0.1
274,2,0,0.088
274,2,2,0.1
274,3,0,0.088
274,3,2,0.1
277,0,0,0.088
277,0,2,0.1
277,0,3,0.088
277,1,0,0.0780748586448807
277,1,2,0.0780748586448807
277,1,3,0.0780748586448807
277,3,0,0.088
277,3,2,0.1
277,3,3,0.088
278,0,0,0.088
278,0,2,0.1
278,0,3,0.088
278,1,0,0.088
278,1,2,0.1
278,1,3,0.088
278,2,0,0.088
278,2,2,0.1
278,2,3,0.088
278,3,0,0.088
278,3,2,0.1
278,3,3,0.088
281,0,0,0.088
281,0,2,0.1
281,0,3,0.088
281,3,0,0.088
281,3,2,0.1
281,3,3,0.088
282,0,0,0.088
282,0,2,0.1
282,1,0,0.088
282,1,2,0.1
282,1,3,0.07849265470679656
282,2,0,0.088
282,2,2,0.1
282,3,0,0.088
282,3,2,0.1
284,0,0,0.088
284,0,2,0.1
284,1,0,0.088
284,1,2,0.1
284,1,3,0.088
284,2,0,0.088
284,2,2,0.1
284,2,3,0.088
284,3,0,0.088
284,3,2,0.1
289,0,0,0.088
289,0,2,0.1
289,1,0,0.088
289,1,2,0.1
289,2,0,0.088
289,2,2,0.1
289,3,0,0.088
289,3,2,0.1
290,0,0,0.088
290,0,2,0.1
290,1,0,0.088
290,1,2,0.1
290,2,0,0.088
290,2,2,0.1
290,3,0,0.088
290,3,2,0.1
292,0,0,0.088
292,0,2,0.1
292,0,3,0.088
292,1,0,0.088
292,1,2,0.1
292,1,3,0.088
292,3,0,0.088
292,3,2,0.1
292,3,3,0.088
293,0,0,0.088
293,0,2,0.1
293,0,3,0.088
293,1,0,0.088
293,1,2,0.1
293,1,3,0.088
293,2,0,0.088
293,2,2,0.1
293,2,3,0.088
293,3,0,0.088
293,3,2,0.1
293,3,3,0.088
294,0,0,0.088
294,0,2,0.1
294,1,2,0.1
294,2,2,0.1
294,3,0,0.088
294,3,2,0.1
298,0,0,0.088
298,0,2,0.1
298,1,0,0.016231340456692944
298,1,2,0.1
298,1,3,0.016231340456692944
298,2,2,0.1
298,3,0,0.088
298,3,2,0.1
299,0,0,0.088
299,0,2,0.1
299,1,0,0.088
299,1,2,0.1
299,2,0,0.088
299,2,2,0.1
299,3,0,0.088
299,3,2,0.1
304,0,0,0.088
304,0,2,0.1
304,0,3,0.088
304,1,0,0.0745775184296143
304,1,2,0.0745775184296143
304,1,3,0.0745775184296143
304,3,0,0.088
304,3,2,0.1
304,3,3,0.088
306,0,0,0.088
306,0,2,0.1
306,1,0,0.088
306,1,2,0.1
306,2,0,0.088
306,2,2,0.1
306,3,0,0.088
306,3,2,0.1
311,0,0,0.088
311,0,2,0.1
311,0,3,0.088
311,3,0,0.088
311,3,2,0.088
311,3,3,0.088
312,0,0,0.088
312,0,2,0.1
312,1,0,0.088
312,1,2,0.1
312,1,3,0.088
312,2,0,0.088
312,2,2,0.1
312,2,3,0.06172148458760998
312,3,0,0.088
312,3,2,0.1
313,0,0,0.088
313,0,2,0.1
313,0,3,0.088
313,1,0,0.088
313,1,2,0.1
313,1,3,0.088
313,2,2,0.1
313,3,0,0.088
313,3,2,0.1
313,3,3,0.088
315,0,0,0.088
315,0,2,0.1
315,1,0,0.088
315,1,2,0.1
315,2,0,0.088
315,2,2,0.1
315,3,0,0.088
315,3,2,0.1
318,0,0,0.088
318,0,2,0.1
318,0,3,0.088
318,1,0,0.088
318,1,2,0.1
318,1,3,0.088
318,3,0,0.088
318,3,2,0.1
318,3,3,0.088
319,0,0,0.088
319,0,2,0.1
319,1,0,0.088
319,1,2,0.1
319,2,0,0.088
319,2,2,0.1
319,3,0,0.088
319,3,2,0.1
328,0,0,0.088
328,0,2,0.1
328,0,3,0.088
328,1,2,0.1
328,2,0,0.088
328,2,2,0.1
328,2,3,0.088
328,3,0,0.088
328,3,2,0.1
328,3,3,0.088
330,0,0,0.088
330,0,2,0.1
330,1,0,0.088
330,1,2,0.1
330,2,0,0.088
330,2,2,0.1
330,3,0,0.088
330,3,2,0.1
333,0,0,0.088
333,0,2,0.1
333,0,3,0.088
333,1,0,0.088
333,1,2,0.1
333,1,3,0.088
333,3,0,0.088
333,3,2,0.1
333,3,3,0.088
334,0,0,0.088
334,0,2,0.1
334,1,0,0.088
334,1,2,0.1
334,2,0,0.088
334,2,2,0.1
334,3,0,0.088
334,3,2,0.1
336,0,0,0.088
336,0,2,0.1
336,1,0,0.088
336,1,2,0.1
336,2,0,0.088
336,2,2,0.1
336,3,0,0.088
336,3,2,0.1
337,0,0,0.088
337,0,2,0.1
337,1,0,0.088
337,1,2,0.1
337,2,0,0.088
337,2,2,0.1
337,3,0,0.088
337,3,2,0.1
340,0,0,0.088
340,0,2,0.1
340,1,0,0.088
340,1,2,0.1
340,2,0,0.088
340,2,2,0.1
340,3,0,0.088
340,3,2,0.1
341,0,0,0.088
341,0,2,0.1
341,1,0,0.088
341,1,2,0.1
341,2,0,0.088
341,2,2,0.1
341,3,0,0.088
341,3,2,0.1
346,0,0,0.088
346,0,2,0.1
346,1,0,0.088
346,1,2,0.1
346,2,0,0.088
346,2,2,0.1
346,3,0,0.088
346,3,2,0.1
347,0,0,0.088
347,0,2,0.1
347,1,0,0.088
347,1,2,0.1
347,2,0,0.088
347,2,2,0.1
347,3,0,0.088
347,3,2,0.1
348,0,0,0.088
348,0,2,0.1
348,1,0,0.088
348,1,2,0.1
348,2,0,0.088
348,2,2,0.1
348,3,0,0.088
348,3,2,0.1
349,0,0,0.088
349,0,2,0.1
349,0,3,0.088
350,0,0,0.088
350,0,2,0.1
350,1,0,0.088
350,1,2,0.1
350,2,0,0.088
350,2,2,0.1
350,3,0,0.088
350,3,2,0.1
351,0,0,0.088
351,0,2,0.1
351,0,3,0.088
351,3,0,0.06447118716011664
351,3,2,0.1
351,3,3,0.06447118716011664
356,0,0,0.088
356,0,2,0.1
356,1,0,0.088
356,1,2,0.1
356,2,0,0.088
356,2,2,0.1
356,3,0,0.088
356,3,2,0.1
359,0,0,0.088
359,0,2,0.1
359,1,0,0.088
359,1,2,0.1
359,2,0,0.088
359,2,2,0.1
359,3,0,0.088
359,3,2,0.1
363,0,0,0.088
363,0,2,0.1
363,1,0,0.088
363,1,2,0.1
363,2,0,0.088
363,2,2,0.1
363,3,0,0.088
363,3,2,0.1
365,0,0,0.088
365,0,2,0.1
365,1,0,0.088
365,1,2,0.1
365,2,0,0.088
365,2,2,0.1
365,3,0,0.088
365,3,2,0.1
366,0,0,0.088
366,0,2,0.1
366,0,3,0.088
366,1,0,0.088
366,1,2,0.1
366,1,3,0.088
366,2,0,0.088
366,2,2,0.1
366,2,3,0.088
366,3,0,0.088
366,3,2,0.1
366,3,3,0.088
367,0,0,0.088
367,0,2,0.1
367,1,0,0.088
367,1,2,0.1
367,1,3,0.088
367,2,0,0.088
367,2,2,0.1
367,2,3,0.088
367,3,0,0.088
367,3,2,0.1
367,3,3,0.088
368,0,0,0.088
368,0,2,0.1
368,0,3,0.088
368,1,0,0.088
368,1,2,0.1
368,1,3,0.088
368,2,0,0.088
368,2,2,0.1
368,2,3,0.088
368,3,0,0.088
368,3,2,0.1
368,3,3,0.088
369,0,0,0.088
369,0,2,0.1
369,1,0,0.088
369,1,2,0.1
369,2,0,0.088
369,2,2,0.1
369,3,0,0.088
369,3,2,0.1
370,0,0,0.088
370,0,2,0.1
370,0,3,0.088
372,0,0,0.088
372,0,2,0.1
372,0,3,0.088
372,1,0,0.088
372,1,2,0.1
372,1,3,0.088
372,2,0,0.088
372,2,2,0.1
372,2,3,0.088
372,3,0,0.088
372,3,2,0.1
372,3,3,0.088
374,0,0,0.088
374,0,2,0.1
374,0,3,0.088
374,1,0,0.088
374,1,2,0.1
374,1,3,0.088
374,2,0,0.088
374,2,2,0.1
374,2,3,0.088
374,3,0,0.088
374,3,2,0.1
374,3,3,0.088
378,0,0,0.088
378,0,2,0.1
378,1,0,0.088
378,1,2,0.1
378,2,0,0.088
378,2,2,0.1
378,3,0,0.088
378,3,2,0.1
380,0,0,0.088
380,0,2,0.1
380,1,0,0.088
380,1,2,0.1
380,1,3,0.05215121544980156
380,2,0,0.088
380,2,2,0.1
380,2,3,0.088
380,3,0,0.088
380,3,2,0.1
382,0,0,0.088
382,0,2,0.1
382,0,3,0.088
383,0,0,0.088
383,0,2,0.1
383,1,0,0.088
383,1,2,0.1
383,1,3,0.088
383,2,0,0.088
383,2,2,0.1
383,2,3,0.088
383,3,0,0.088
383,3,2,0.1
383,3,3,0.08334648977520318
384,0,0,0.088
384,0,2,0.1
384,0,3,0.088
384,3,0,0.03959785244360159
384,3,2,0.03959785244360159
384,3,3,0.03959785244360159
386,0,0,0.088
386,0,2,0.1
386,0,3,0.088
386,3,0,0.088
386,3,2,0.1
386,3,3,0.088
390,0,0,0.088
390,0,2,0.1
390,1,0,0.088
390,1,2,0.1
390,2,0,0.088
390,2,2,0.1
390,3,0,0.088
390,3,2,0.1
391,0,0,0.088
391,0,2,0.1
391,1,0,0.088
391,1,2,0.1
391,2,0,0.088
391,2,2,0.1
391,3,0,0.088
391,3,2,0.1
392,0,0,0.088
392,0,2,0.1
392,1,0,0.088
392,1,2,0.1
392,2,0,0.088
392,2,2,0.1
392,3,0,0.088
392,3,2,0.1
395,0,0,0.088
395,0,2,0.1
395,0,3,0.088
395,3,0,0.088
395,3,2,0.1
395,3,3,0.088
398,0,0,0.088
398,0,2,0.088
398,0,3,0.088
399,0,0,0.088
399,0,2,0.1
399,1,0,0.088
399,1,2,0.1
399,2,0,0.088
399,2,2,0.1
399,3,0,0.088
399,3,2,0.1
401,0,0,0.088
401,0,2,0.1
401,1,0,0.088
401,1,2,0.1
401,2,0,0.088
401,2,2,0.1
401,3,0,0.088
401,3,2,0.1
407,0,0,0.088
407,0,2,0.1
407,0,3,0.088
409,0,0,0.088
409,0,2,0.1
409,0,3,0.088
409,1,2,0.1
409,2,0,0.024958616257591798
409,2,2,0.1
409,2,3,0.024958616257591798
409,3,0,0.088
409,3,2,0.1
409,3,3,0.088
413,0,0,0.088
413,0,2,0.1
413,1,0,0.088
413,1,2,0.1
413,1,3,0.088
413,2,0,0.088
413,2,2,0.1
413,2,3,0.088
413,3,0,0.088
413,3,2,0.1
415,0,0,0.088
415,0,2,0.088
415,0,3,0.088
416,0,0,0.088
416,0,2,0.1
416,0,3,0.088
416,1,2,0.1
416,2,0,0.060402471475635655
416,2,2,0.1
416,2,3,0.060402471475635655
416,3,0,0.088
416,3,2,0.1
416,3,3,0.088
417,0,0,0.088
417,0,2,0.1
417,1,0,0.088
417,1,2,0.1
417,2,0,0.088
417,2,2,0.1
417,3,0,0.088
417,3,2,0.1
419,0,0,0.088
419,0,2,0.1
419,1,0,0.088
419,1,2,0.1
419,1,3,0.088
419,2,0,0.015301960311498969
419,2,2,0.1
419,2,3,0.015301960311498969
419,3,0,0.088
419,3,2,0.1
421,0,0,0.088
421,0,2,0.1
421,0,3,0.088
421,1,0,0.088
421,1,2,0.1
421,1,3,0.088
421,2,0,0.088
421,2,2,0.1
421,2,3,0.088
421,3,0,0.088
421,3,2,0.1
421,3,3,0.088
423,0,0,0.088
423,0,2,0.1
423,1,0,0.088
423,1,2,0.1
423,2,0,0.088
423,2,2,0.1
423,3,0,0.088
423,3,2,0.1
424,0,0,0.088
424,0,2,0.1
424,0,3,0.088
424,3,0,0.088
424,3,2,0.1
424,3,3,0.088
426,0,0,0.088
426,0,2,0.1
426,0,3,0.088
426,1,0,0.032502819533593574
426,1,2,0.032502819533593574
426,1,3,0.032502819533593574
426,3,0,0.088
426,3,2,0.1
426,3,3,0.088
427,0,0,0.088
427,0,2,0.1
427,1,0,0.055312040198868456
427,1,2,0.1
427,1,3,0.055312040198868456
427,2,0,0.088
427,2,2,0.1
427,2,3,0.088
427,3,0,0.088
427,3,2,0.1
428,0,0,0.088
428,0,2,0.1
428,0,3,0.088
428,3,0,0.088
428,3,2,0.088
428,3,3,0.088
429,0,0,0.088
429,0,2,0.088
429,0,3,0.088
430,0,0,0.088
430,0,2,0.1
430,1,0,0.088
430,1,2,0.1
430,2,0,0.088
430,2,2,0.1
430,3,0,0.088
430,3,2,0.1
432,0,0,0.088
432,0,2,0.1
432,1,0,0.088
432,1,2,0.1
432,2,0,0.088
432,2,2,0.1
432,3,0,0.088
432,3,2,0.1
434,0,0,0.088
434,0,2,0.1
434,0,3,0.088
434,1,0,0.088
434,1,2,0.1
434,1,3,0.088
434,2,0,0.088
434,2,2,0.1
434,2,3,0.088
434,3,0,0.088
434,3,2,0.1
434,3,3,0.088
437,0,0,0.088
437,0,2,0.1
437,0,3,0.088
437,1,0,0.088
437,1,2,0.1
437,1,3,0.088
437,2,0,0.03698773755629252
437,2,2,0.1
437,2,3,0.03698773755629252
437,3,0,0.088
437,3,2,0.1
437,3,3,0.088
438,0,0,0.088
438,0,2,0.1
438,1,0,0.088
438,1,2,0.1
438,1,3,0.088
438,2,0,0.088
438,2,2,0.1
438,3,0,0.088
438,3,2,0.1
439,0,0,0.088
439,0,2,0.1
439,0,3,0.088
439,1,0,0.0796899345130759
439,1,2,0.1
439,1,3,0.0796899345130759
439,2,2,0.1
439,3,0,0.088
439,3,2,0.1
439,3,3,0.088
440,0,0,0.088
440,0,2,0.1
440,0,3,0.088
440,3,0,0.088
440,3,2,0.1
440,3,3,0.088
441,0,0,0.088
441,0,2,0.1
441,0,3,0.088
443,0,0,0.088
443,0,2,0.088
443,0,3,0.088
444,0,0,0.088
444,0,2,0.1
444,1,0,0.05041819393501651
444,1,2,0.1
444,1,3,0.05041819393501651
444,2,0,0.036952763215016504
444,2,2,0.1
444,2,3,0.036952763215016504
444,3,0,0.088
444,3,2,0.1
445,0,0,0.088
445,0,2,0.1
445,1,0,0.088
445,1,2,0.1
445,2,0,0.088
445,2,2,0.1
445,3,0,0.088
445,3,2,0.1
447,0,0,0.088
447,0,2,0.1
447,0,3,0.088
447,3,0,0.088
447,3,2,0.088
447,3,3,0.088
448,0,0,0.088
448,0,2,0.1
448,1,0,0.088
448,1,2,0.1
448,2,0,0.088
448,2,2,0.1
448,3,0,0.088
448,3,2,0.1
453,0,0,0.088
453,0,2,0.1
453,1,0,0.088
453,1,2,0.1
453,2,0,0.088
453,2,2,0.1
453,3,0,0.088
453,3,2,0.1
454,0,0,0.088
454,0,2,0.1
454,1,0,0.088
454,1,2,0.1
454,2,0,0.088
454,2,2,0.1
454,3,0,0.088
454,3,2,0.1
456,0,0,0.088
456,0,2,0.1
456,1,0,0.088
456,1,2,0.1
456,2,0,0.088
456,2,2,0.1
456,3,0,0.088
456,3,2,0.1
458,0,0,0.088
458,0,2,0.088
458,0,3,0.088
461,0,0,0.088
461,0,2,0.1
461,0,3,0.088
462,0,0,0.088
462,0,2,0.1
462,0,3,0.088
462,1,0,0.088
462,1,2,0.1
462,1,3,0.088
462,2,0,0.088
462,2,2,0.1
462,2,3,0.088
462,3,0,0.088
462,3,2,0.1
462,3,3,0.088
463,0,0,0.088
463,0,2,0.1
463,0,3,0.088
463,3,0,0.088
463,3,2,0.088
463,3,3,0.088
466,0,0,0.088
466,0,2,0.1
466,1,0,0.088
466,1,2,0.1
466,2,0,0.088
466,2,2,0.1
466,3,0,0.088
466,3,2,0.1
467,0,0,0.088
467,0,2,0.1
467,1,0,0.088
467,1,2,0.1
467,2,0,0.088
467,2,2,0.1
467,3,0,0.088
467,3,2,0.1
469,0,0,0.088
469,0,2,0.1
469,1,0,0.088
469,1,2,0.1
469,2,0,0.088
469,2,2,0.1
469,3,0,0.088
469,3,2,0.1
474,0,0,0.088
474,0,2,0.1
474,1,0,0.088
474,1,2,0.1
474,2,0,0.088
474,2,2,0.1
474,3,0,0.088
474,3,2,0.1
475,0,0,0.088
475,0,2,0.1
475,1,0,0.088
475,1,2,0.1
475,2,0,0.088
475,2,2,0.1
475,3,0,0.088
475,3,2,0.1
478,0,0,0.088
478,0,2,0.1
478,1,0,0.057750026857029485
478,1,2,0.1
478,1,3,0.057750026857029485
478,2,0,0.088
478,2,2,0.1
478,2,3,0.088
478,3,0,0.088
478,3,2,0.1
479,0,0,0.088
479,0,2,0.1
479,1,0,0.088
479,1,2,0.1
479,1,3,0.088
479,2,0,0.088
479,2,2,0.1
479,2,3,0.088
479,3,0,0.088
479,3,2,0.1
481,0,0,0.088
481,0,2,0.1
481,0,3,0.088
481,1,0,0.088
481,1,2,0.1
481,1,3,0.088
481,2,0,0.088
481,2,2,0.1
481,2,3,0.088
481,3,0,0.088
481,3,2,0.1
481,3,3,0.088
482,0,0,0.088
482,0,2,0.1
482,1,0,0.088
482,1,2,0.1
482,2,0,0.088
482,2,2,0.1
482,3,0,0.088
482,3,2,0.1
484,0,0,0.088
484,0,2,0.1
484,1,0,0.088
484,1,2,0.1
484,2,0,0.088
484,2,2,0.1
484,3,0,0.088
484,3,2,0.1
485,0,0,0.088
485,0,2,0.1
485,0,3,0.088
485,1,0,0.088
485,1,2,0.1
485,1,3,0.088
485,2,2,0.1
485,3,0,0.088
485,3,2,0.1
485,3,3,0.088
486,0,0,0.088
486,0,2,0.1
486,1,0,0.088
486,1,2,0.1
486,2,0,0.088
486,2,2,0.1
486,3,0,0.088
486,3,2,0.1
487,0,0,0.088
487,0,2,0.1
487,0,3,0.050996884010864635
487,1,0,0.04793180376514106
487,1,2,0.1
487,1,3,0.04793180376514106
487,2,2,0.1
487,3,0,0.088
487,3,2,0.1
487,3,3,0.088
488,0,0,0.088
488,0,2,0.1
488,1,0,0.088
488,1,2,0.1
488,2,0,0.088
488,2,2,0.1
488,3,0,0.088
488,3,2,0.1
489,0,0,0.088
489,0,2,0.1
489,1,0,0.088
489,1,2,0.1
489,1,3,0.088
489,2,0,0.088
489,2,2,0.1
489,3,0,0.088
489,3,2,0.1
490,0,0,0.088
490,0,2,0.1
490,1,0,0.088
490,1,2,0.1
490,1,3,0.088
490,2,0,0.088
490,2,2,0.1
490,2,3,0.088
490,3,0,0.088
490,3,2,0.1
492,0,0,0.088
492,0,2,0.1
492,0,3,0.088
492,1,0,0.088
492,1,2,0.1
492,1,3,0.088
492,2,0,0.088
492,2,2,0.1
492,2,3,0.088
492,3,0,0.088
492,3,2,0.1
492,3,3,0.088
493,0,0,0.088
493,0,2,0.1
493,1,0,0.088
493,1,2,0.1
493,2,0,0.088
493,2,2,0.1
493,3,0,0.088
493,3,2,0.1
495,0,0,0.088
495,0,2,0.1
495,1,0,0.088
495,1,2,0.1
495,1,3,0.088
495,2,0,0.088
495,2,2,0.1
495,3,0,0.088
495,3,2,0.1
499,0,0,0.088
499,0,2,0.1
499,1,0,0.088
499,1,2,0.1
499,2,0,0.088
499,2,2,0.1
499,3,0,0.088
499,3,2,0.1
500,0,0,0.088
500,0,2,0.1
500,1,0,0.088
500,1,2,0.1
500,2,0,0.088
500,2,2,0.1
500,3,0,0.088
500,3,2,0.1
501,0,0,0.088
501,0,2,0.1
501,0,3,0.088
501,1,0,0.088
501,1,2,0.1
501,1,3,0.088
501,2,0,0.088
501,2,2,0.1
501,2,3,0.088
501,3,0,0.088
501,3,2,0.1
501,3,3,0.088
502,0,2,0.1
502,3,2,0.1
503,0,0,0.088
503,0,2,0.1
503,0,3,0.088
503,1,0,0.088
503,1,2,0.1
503,1,3,0.088
503,2,0,0.088
503,2,2,0.1
503,2,3,0.088
503,3,0,0.088
503,3,2,0.1
503,3,3,0.088
504,0,0,0.088
504,0,2,0.088
504,0,3,0.088
505,0,0,0.088
505,0,2,0.1
505,1,0,0.088
505,1,2,0.1
505,2,0,0.088
505,2,2,0.1
505,3,0,0.088
505,3,2,0.1
507,0,0,0.088
507,0,2,0.1
507,1,0,0.088
507,1,2,0.1
507,2,0,0.088
507,2,2,0.1
507,3,0,0.088
507,3,2,0.1
508,0,0,0.088
508,0,2,0.1
508,0,3,0.088
508,3,0,0.088
508,3,2,0.1
508,3,3,0.088
511,0,0,0.088
511,0,2,0.1
511,1,0,0.088
511,1,2,0.1
511,2,0,0.088
511,2,2,0.1
511,3,0,0.088
511,3,2,0.1
512,0,0,0.088
512,0,2,0.1
512,1,0,0.088
512,1,2,0.1
512,2,0,0.088
512,2,2,0.1
512,3,0,0.088
512,3,2,0.1
515,0,0,0.088
515,0,2,0.1
515,0,3,0.088
515,1,2,0.1
515,3,0,0.088
515,3,2,0.1
515,3,3,0.088
518,0,0,0.088
518,0,2,0.1
518,1,2,0.1
518,2,0,0.088
518,2,2,0.1
518,2,3,0.088
518,3,0,0.006430720274304941
518,3,2,0.1
518,3,3,0.006430720274304941
519,0,0,0.088
519,0,2,0.1
519,0,3,0.088
519,1,0,0.088
519,1,2,0.1
519,1,3,0.088
519,2,0,0.088
519,2,2,0.1
519,2,3,0.088
519,3,0,0.088
519,3,2,0.1
519,3,3,0.088
520,0,0,0.088
520,0,2,0.1
520,0,3,0.088
520,3,0,0.088
520,3,2,0.1
520,3,3,0.088
522,0,0,0.088
522,0,2,0.1
522,0,3,0.088
522,1,0,0.088
522,1,2,0.1
522,1,3,0.088
522,2,0,0.088
522,2,2,0.1
522,2,3,0.088
522,3,0,0.088
522,3,2,0.1
522,3,3,0.088
524,0,0,0.088
524,0,2,0.1
524,1,0,0.088
524,1,2,0.1
524,2,0,0.088
524,2,2,0.1
524,3,0,0.088
524,3,2,0.1
525,0,0,0.088
525,0,2,0.1
525,0,3,0.088
525,1,0,0.088
525,1,2,0.1
525,1,3,0.088
525,2,0,0.08632381447547713
525,2,2,0.1
525,2,3,0.08632381447547713
525,3,0,0.088
525,3,2,0.1
525,3,3,0.088
529,0,0,0.088
529,0,2,0.1
529,1,0,0.088
529,1,2,0.1
529,2,0,0.088
529,2,2,0.1
529,3,0,0.088
529,3,2,0.1
534,0,0,0.088
534,0,2,0.1
534,1,0,0.088
534,1,2,0.1
534,2,0,0.088
534,2,2,0.1
534,3,0,0.088
534,3,2,0.1
535,0,0,0.088
535,0,2,0.1
535,0,3,0.088
536,0,0,0.088
536,0,2,0.1
536,1,0,0.088
536,1,2,0.1
536,2,0,0.088
536,2,2,0.1
536,3,0,0.088
536,3,2,0.1
537,0,0,0.088
537,0,2,0.1
537,0,3,0.088
537,1,0,0.088
537,1,2,0.1
537,1,3,0.088
537,2,0,0.088
537,2,2,0.1
537,2,3,0.088
537,3,0,0.088
537,3,2,0.1
537,3,3,0.088
541,0,0,0.088
541,0,2,0.1
541,1,0,0.088
541,1,2,0.1
541,2,0,0.088
541,2,2,0.1
541,3,0,0.088
541,3,2,0.1
543,0,0,0.088
543,0,2,0.1
543,1,0,0.088
543,1,2,0.1
543,1,3,0.088
543,2,0,0.08587116405895248
543,2,2,0.1
543,2,3,0.08587116405895248
543,3,0,0.088
543,3,2,0.1
545,0,0,0.088
545,0,2,0.1
545,1,0,0.088
545,1,2,0.1
545,2,0,0.088
545,2,2,0.1
545,3,0,0.088
545,3,2,0.1
547,0,0,0.088
547,0,2,0.1
547,0,3,0.088
547,1,0,0.03475693253425832
547,1,2,0.03475693253425832
547,1,3,0.03475693253425832
547,3,0,0.088
547,3,2,0.088
547,3,3,0.088
557,0,0,0.088
557,0,2,0.1
557,1,0,0.088
557,1,2,0.1
557,2,0,0.088
557,2,2,0.1
557,3,0,0.088
557,3,2,0.1
559,0,0,0.088
559,0,2,0.1
559,0,3,0.088
559,1,2,0.1
559,2,2,0.1
559,3,0,0.088
559,3,2,0.1
559,3,3,0.088
560,0,0,0.088
560,0,2,0.1
560,1,0,0.088
560,1,2,0.1
560,1,3,0.088
560,2,0,0.088
560,2,2,0.1
560,2,3,0.088
560,3,0,0.088
560,3,2,0.1
562,0,0,0.088
562,0,2,0.1
562,1,0,0.088
562,1,2,0.1
562,2,0,0.088
562,2,2,0.1
562,3,0,0.088
562,3,2,0.1
567,0,0,0.088
567,0,2,0.1
567,0,3,0.088
569,0,0,0.088
569,0,2,0.1
569,1,0,0.088
569,1,2,0.1
569,2,0,0.088
569,2,2,0.1
569,3,0,0.088
569,3,2,0.1
570,0,0,0.088
570,0,2,0.1
570,0,3,0.088
571,0,0,0.088
571,0,2,0.1
571,1,0,0.088
571,1,2,0.1
571,2,0,0.088
571,2,2,0.1
571,3,0,0.088
571,3,2,0.1
574,0,0,0.088
574,0,2,0.1
574,1,0,0.088
574,1,2,0.1
574,1,3,0.088
574,2,0,0.088
574,2,2,0.1
574,2,3,0.088
574,3,0,0.088
574,3,2,0.1
578,0,0,0.088
578,0,2,0.088
578,0,3,0.088
579,0,0,0.088
579,0,2,0.1
579,1,0,0.088
579,1,2,0.1
579,2,0,0.088
579,2,2,0.1
579,3,0,0.088
579,3,2,0.1
580,0,0,0.088
580,0,2,0.1
580,1,2,0.1
580,2,0,0.042783937427478394
580,2,2,0.1
580,2,3,0.042783937427478394
580,3,0,0.088
580,3,2,0.1
581,0,0,0.088
581,0,2,0.1
581,1,0,0.088
581,1,2,0.1
581,2,0,0.088
581,2,2,0.1
581,3,0,0.088
581,3,2,0.1
585,0,0,0.088
585,0,2,0.088
585,0,3,0.088
586,0,0,0.088
586,0,2,0.1
586,1,0,0.088
586,1,2,0.1
586,2,0,0.088
586,2,2,0.1
586,3,0,0.088
586,3,2,0.1
588,0,0,0.088
588,0,2,0.1
588,1,0,0.088
588,1,2,0.1
588,1,3,0.088
588,2,0,0.088
588,2,2,0.1
588,2,3,0.088
588,3,0,0.088
588,3,2,0.1
588,3,3,0.088
589,0,0,0.088
589,0,2,0.1
589,1,0,0.088
589,1,2,0.1
589,2,0,0.088
589,2,2,0.1
589,3,0,0.088
589,3,2,0.1
590,0,0,0.088
590,0,2,0.1
590,0,3,0.088
590,1,0,0.088
590,1,2,0.1
590,1,3,0.088
590,2,0,0.088
590,2,2,0.1
590,2,3,0.088
590,3,0,0.088
590,3,2,0.1
590,3,3,0.088
591,0,0,0.088
591,0,2,0.1
591,1,0,0.088
591,1,2,0.1
591,1,3,0.088
591,2,0,0.088
591,2,2,0.1
591,2,3,0.088
591,3,0,0.088
591,3,2,0.1
591,3,3,0.088
592,0,0,0.088
592,0,2,0.1
592,0,3,0.088
592,1,0,0.088
592,1,2,0.1
592,1,3,0.088
592,2,0,0.088
592,2,2,0.1
592,2,3,0.088
592,3,0,0.088
592,3,2,0.1
592,3,3,0.088
593,0,0,0.088
593,0,2,0.1
593,1,0,0.088
593,1,2,0.1
593,1,3,0.02561158466154209
593,2,0,0.088
593,2,2,0.1
593,2,3,0.088
593,3,0,0.088
593,3,2,0.1
594,0,0,0.088
594,0,2,0.1
594,1,0,0.088
594,1,2,0.1
594,1,3,0.0683818824833082
594,2,0,0.088
594,2,2,0.1
594,2,3,0.0522289090833187
594,3,0,0.088
594,3,2,0.1
595,0,0,0.088
595,0,2,0.1
595,1,0,0.088
595,1,2,0.1
595,2,0,0.088
595,2,2,0.1
595,3,0,0.088
595,3,2,0.1
598,0,0,0.088
598,0,2,0.1
598,0,3,0.088
598,3,0,0.088
598,3,2,0.1
598,3,3,0.088
600,0,0,0.088
600,0,2,0.1
600,1,0,0.088
600,1,2,0.1
600,2,0,0.088
600,2,2,0.1
600,3,0,0.088
600,3,2,0.1
606,0,0,0.088
606,0,2,0.1
606,1,0,0.088
606,1,2,0.1
606,2,0,0.088
606,2,2,0.1
606,3,0,0.088
606,3,2,0.1
607,0,0,0.088
607,0,2,0.1
607,1,0,0.088
607,1,2,0.1
607,2,0,0.088
607,2,2,0.1
607,3,0,0.088
607,3,2,0.1
609,0,0,0.088
609,0,2,0.1
609,1,0,0.088
609,1,2,0.1
609,1,3,0.088
609,2,0,0.088
609,2,2,0.1
609,3,0,0.088
609,3,2,0.1
610,0,0,0.088
610,0,2,0.1
610,0,3,0.088
610,1,2,0.1
610,2,0,0.03875759312443017
610,2,2,0.1
610,2,3,0.03875759312443017
610,3,0,0.088
610,3,2,0.1
610,3,3,0.088
611,0,0,0.088
611,0,2,0.1
611,0,3,0.088
615,0,0,0.088
615,0,2,0.1
615,1,0,0.088
615,1,2,0.1
615,2,0,0.088
615,2,2,0.1
615,3,0,0.088
615,3,2,0.1
616,0,0,0.088
616,0,2,0.1
616,0,3,0.088
616,1,0,0.088
616,1,2,0.1
616,1,3,0.088
616,2,0,0.088
616,2,2,0.1
616,2,3,0.088
616,3,0,0.088
616,3,2,0.1
616,3,3,0.088
617,0,0,0.088
617,0,2,0.1
617,1,0,0.088
617,1,2,0.1
617,2,0,0.088
617,2,2,0.1
617,3,0,0.088
617,3,2,0.1
622,0,0,0.088
622,0,2,0.1
622,0,3,0.088
622,3,0,0.088
622,3,2,0.088
622,3,3,0.088
625,0,0,0.088
625,0,2,0.1
625,0,3,0.088
625,1,0,0.088
625,1,2,0.1
625,1,3,0.088
625,2,0,0.088
625,2,2,0.1
625,2,3,0.088
625,3,0,0.088
625,3,2,0.1
625,3,3,0.088
629,0,0,0.088
629,0,2,0.1
629,1,0,0.088
629,1,2,0.1
629,2,0,0.088
629,2,2,0.1
629,3,0,0.088
629,3,2,0.1
630,0,0,0.088
630,0,2,0.1
630,1,0,0.088
630,1,2,0.1
630,2,0,0.088
630,2,2,0.1
630,3,0,0.088
630,3,2,0.1
631,0,0,0.088
631,0,2,0.1
631,1,0,0.088
631,1,2,0.1
631,2,0,0.088
631,2,2,0.1
631,3,0,0.088
631,3,2,0.1
636,0,0,0.088
636,0,2,0.1
636,1,0,0.088
636,1,2,0.1
636,1,3,0.088
636,2,0,0.088
636,2,2,0.1
636,2,3,0.088
636,3,0,0.088
636,3,2,0.1
637,0,0,0.088
637,0,2,0.1
637,1,0,0.088
637,1,2,0.1
637,1,3,0.088
637,2,0,0.088
637,2,2,0.1
637,2,3,0.088
637,3,0,0.088
637,3,2,0.1
638,0,0,0.088
638,0,2,0.1
638,0,3,0.088
638,1,0,0.088
638,1,2,0.1
638,1,3,0.088
638,2,0,0.088
638,2,2,0.1
638,2,3,0.088
638,3,0,0.088
638,3,2,0.1
638,3,3,0.088
639,0,0,0.088
639,0,2,0.1
639,0,3,0.088
641,0,0,0.088
641,0,2,0.1
641,1,0,0.088
641,1,2,0.1
641,2,0,0.088
641,2,2,0.1
641,3,0,0.088
641,3,2,0.1
642,0,0,0.088
642,0,2,0.1
642,1,0,0.088
642,1,2,0.1
642,1,3,0.088
642,2,0,0.088
642,2,2,0.1
642,2,3,0.088
642,3,0,0.088
642,3,2,0.1
648,0,0,0.088
648,0,2,0.1
648,1,0,0.088
648,1,2,0.1
648,2,0,0.088
648,2,2,0.1
648,3,0,0.088
648,3,2,0.1
650,0,0,0.088
650,0,2,0.1
650,1,0,0.088
650,1,2,0.1
650,2,0,0.088
650,2,2,0.1
650,3,0,0.088
650,3,2,0.1
651,0,0,0.088
651,0,2,0.1
651,1,0,0.088
651,1,2,0.1
651,2,0,0.088
651,2,2,0.1
651,3,0,0.088
651,3,2,0.1
652,0,0,0.088
652,0,2,0.1
652,0,3,0.088
654,0,0,0.088
654,0,2,0.1
654,0,3,0.088
654,1,0,0.088
654,1,2,0.1
654,1,3,0.088
654,2,0,0.088
654,2,2,0.1
654,2,3,0.088
654,3,0,0.088
654,3,2,0.1
654,3,3,0.088
659,0,0,0.088
659,0,2,0.1
659,1,0,0.088
659,1,2,0.1
659,2,0,0.088
659,2,2,0.1
659,3,0,0.088
659,3,2,0.1
661,0,0,0.088
661,0,2,0.1
661,1,0,0.088
661,1,2,0.1
661,2,0,0.088
661,2,2,0.1
661,3,0,0.088
661,3,2,0.1
662,0,0,0.088
662,0,2,0.1
662,1,0,0.088
662,1,2,0.1
662,2,0,0.088
662,2,2,0.1
662,3,0,0.088
662,3,2,0.1
663,0,0,0.088
663,0,2,0.1
663,0,3,0.088
663,3,0,0.088
663,3,2,0.088
663,3,3,0.088
666,0,0,0.088
666,0,2,0.1
666,0,3,0.088
666,1,0,0.088
666,1,2,0.1
666,1,3,0.088
666,2,0,0.088
666,2,2,0.1
666,2,3,0.088
666,3,0,0.088
666,3,2,0.1
666,3,3,0.088
668,0,0,0.088
668,0,2,0.1
668,0,3,0.088
669,0,0,0.088
669,0,2,0.1
669,0,3,0.088
669,1,2,0.1
669,2,2,0.03962205298606761
669,3,0,0.088
669,3,2,0.1
669,3,3,0.088
670,0,0,0.088
670,0,2,0.1
670,1,0,0.088
670,1,2,0.1
670,2,0,0.088
670,2,2,0.1
670,3,0,0.088
670,3,2,0.1
674,0,0,0.088
674,0,2,0.1
674,1,0,0.088
674,1,2,0.1
674,2,0,0.088
674,2,2,0.1
674,3,0,0.088
674,3,2,0.1
678,0,0,0.088
678,0,2,0.1
678,1,0,0.088
678,1,2,0.1
678,1,3,0.07711789885740028
678,2,0,0.088
678,2,2,0.1
678,2,3,0.003986706397877515
678,3,0,0.088
678,3,2,0.1
679,0,0,0.088
679,0,2,0.1
679,0,3,0.088
679,1,0,0.088
679,1,2,0.1
679,1,3,0.088
679,2,2,0.1
679,3,0,0.088
679,3,2,0.1
679,3,3,0.088
680,0,0,0.088
680,0,2,0.1
680,0,3,0.088
680,3,0,0.03531107336450506
680,3,2,0.03531107336450506
680,3,3,0.03531107336450506
681,0,0,0.088
681,0,2,0.1
681,1,0,0.088
681,1,2,0.1
681,2,0,0.088
681,2,2,0.1
681,3,0,0.088
681,3,2,0.1
686,0,0,0.088
686,0,2,0.1
686,1,0,0.088
686,1,2,0.1
686,2,0,0.088
686,2,2,0.1
686,3,0,0.088
686,3,2,0.1
687,0,0,0.088
687,0,2,0.1
687,1,0,0.088
687,1,2,0.1
687,2,0,0.088
687,2,2,0.1
687,3,0,0.088
687,3,2,0.1
688,0,0,0.088
688,0,2,0.1
688,0,3,0.088
693,0,0,0.088
693,0,2,0.1
693,1,0,0.088
693,1,2,0.1
693,2,0,0.088
693,2,2,0.1
693,3,0,0.088
693,3,2,0.1
694,0,0,0.088
694,0,2,0.1
694,1,0,0.088
694,1,2,0.1
694,2,0,0.088
694,2,2,0.1
694,3,0,0.088
694,3,2,0.1
696,0,0,0.088
696,0,2,0.088
696,0,3,0.088
699,0,0,0.088
699,0,2,0.1
699,1,0,0.088
699,1,2,0.1
699,2,0,0.088
699,2,2,0.1
699,3,0,0.088
699,3,2,0.1
702,0,0,0.088
702,0,2,0.1
702,1,0,0.088
702,1,2,0.1
702,1,3,0.088
702,2,0,0.088
702,2,2,0.1
702,2,3,0.088
702,3,0,0.088
702,3,2,0.1
702,3,3,0.088
703,0,0,0.088
703,0,2,0.1
703,0,3,0.088
703,3,0,0.088
703,3,2,0.088
703,3,3,0.088
704,0,0,0.088
704,0,2,0.1
704,1,0,0.088
704,1,2,0.1
704,2,0,0.088
704,2,2,0.1
704,3,0,0.088
704,3,2,0.1
705,0,0,0.088
705,0,2,0.1
705,1,0,0.088
705,1,2,0.1
705,2,0,0.088
705,2,2,0.1
705,3,0,0.088
705,3,2,0.1
706,0,0,0.088
706,0,2,0.1
706,0,3,0.088
706,1,0,0.088
706,1,2,0.1
706,1,3,0.088
706,3,0,0.088
706,3,2,0.1
706,3,3,0.088
709,0,0,0.088
709,0,2,0.1
709,0,3,0.088
710,0,0,0.088
710,0,2,0.1
710,1,0,0.088
710,1,2,0.1
710,2,0,0.088
710,2,2,0.1
710,3,0,0.088
710,3,2,0.1
713,0,0,0.088
713,0,2,0.1
713,0,3,0.088
713,1,0,0.088
713,1,2,0.1
713,1,3,0.088
713,2,2,0.1
713,3,0,0.088
713,3,2,0.1
713,3,3,0.088
718,0,0,0.027870599565580217
718,0,2,0.1
718,0,3,0.027870599565580217
718,3,2,0.02415252898545933
720,0,0,0.088
720,0,2,0.1
720,0,3,0.088
720,1,0,0.05240945152593751
720,1,2,0.1
720,1,3,0.05240945152593751
720,3,0,0.088
720,3,2,0.1
720,3,3,0.088
721,0,0,0.088
721,0,2,0.088
721,0,3,0.088
722,0,0,0.088
722,0,2,0.1
722,1,0,0.088
722,1,2,0.1
722,2,0,0.088
722,2,2,0.1
722,3,0,0.088
722,3,2,0.1
724,0,0,0.088
724,0,2,0.1
724,0,3,0.088
724,1,0,0.088
724,1,2,0.088
724,1,3,0.088
724,2,0,0.08386342087611695
724,2,2,0.08386342087611695
724,2,3,0.08386342087611695
724,3,0,0.088
724,3,2,0.1
724,3,3,0.088
728,0,0,0.088
728,0,2,0.1
728,0,3,0.088
728,1,0,0.088
728,1,2,0.1
728,1,3,0.088
728,2,0,0.088
728,2,2,0.1
728,2,3,0.088
728,3,0,0.088
728,3,2,0.1
728,3,3,0.088
729,0,0,0.088
729,0,2,0.1
729,0,3,0.088
730,0,0,0.088
730,0,2,0.1
730,1,0,0.088
730,1,2,0.1
730,2,0,0.088
730,2,2,0.1
730,3,0,0.088
730,3,2,0.1
732,0,0,0.088
732,0,2,0.088
732,0,3,0.088
734,0,0,0.088
734,0,2,0.1
734,0,3,0.088
734,1,0,0.08269741968443012
734,1,2,0.1
734,1,3,0.08269741968443012
734,2,2,0.1
734,3,0,0.088
734,3,2,0.1
734,3,3,0.088
735,0,0,0.088
735,0,2,0.1
735,0,3,0.088
736,0,0,0.088
736,0,2,0.088
736,0,3,0.088
736,3,0,0.030205124659381577
736,3,2,0.030205124659381577
736,3,3,0.030205124659381577
737,0,0,0.088
737,0,2,0.1
737,0,3,0.088
737,1,0,0.088
737,1,2,0.1
737,1,3,0.088
737,2,0,0.088
737,2,2,0.1
737,2,3,0.088
737,3,0,0.088
737,3,2,0.1
737,3,3,0.088
738,0,0,0.088
738,0,2,0.1
738,0,3,0.088
738,1,0,0.088
738,1,2,0.1
738,1,3,0.088
738,2,0,0.088
738,2,2,0.1
738,2,3,0.088
738,3,0,0.088
738,3,2,0.1
738,3,3,0.088
739,0,0,0.088
739,0,2,0.1
739,1,0,0.088
739,1,2,0.1
739,2,0,0.088
739,2,2,0.1
739,3,0,0.088
739,3,2,0.1
741,0,0,0.088
741,0,2,0.1
741,1,0,0.088
741,1,2,0.1
741,2,0,0.088
741,2,2,0.1
741,3,0,0.088
741,3,2,0.1
744,0,0,0.088
744,0,2,0.1
744,0,3,0.088
744,1,0,0.088
744,1,2,0.1
744,1,3,0.088
744,2,0,0.088
744,2,2,0.1
744,2,3,0.088
744,3,0,0.088
744,3,2,0.1
744,3,3,0.088
746,0,0,0.088
746,0,2,0.1
746,1,0,0.088
746,1,2,0.1
746,2,0,0.088
746,2,2,0.1
746,3,0,0.088
746,3,2,0.1
748,0,0,0.088
748,0,2,0.1
748,1,0,0.088
748,1,2,0.1
748,2,0,0.088
748,2,2,0.1
748,3,0,0.088
748,3,2,0.1
753,0,0,0.088
753,0,2,0.1
753,0,3,0.088
753,1,0,0.088
753,1,2,0.1
753,1,3,0.088
753,2,0,0.088
753,2,2,0.088
753,2,3,0.088
753,3,0,0.088
753,3,2,0.1
753,3,3,0.088
755,0,0,0.088
755,0,2,0.1
755,1,0,0.088
755,1,2,0.1
755,2,0,0.088
755,2,2,0.1
755,3,0,0.088
755,3,2,0.1
756,0,0,0.088
756,0,2,0.1
756,0,3,0.088
756,1,0,0.021699102369873713
756,1,2,0.1
756,1,3,0.021699102369873713
756,2,0,0.088
756,2,2,0.1
756,2,3,0.088
756,3,0,0.088
756,3,2,0.1
756,3,3,0.088
757,0,0,0.088
757,0,2,0.1
757,0,3,0.088
757,3,0,0.088
757,3,2,0.1
757,3,3,0.088
759,0,0,0.088
759,0,2,0.1
759,0,3,0.088
759,1,0,0.059456039921854026
759,1,2,0.1
759,1,3,0.059456039921854026
759,2,0,0.088
759,2,2,0.1
759,2,3,0.088
759,3,0,0.088
759,3,2,0.1
759,3,3,0.088
763,0,0,0.088
763,0,2,0.1
763,0,3,0.088
763,3,0,0.088
763,3,2,0.1
763,3,3,0.088
764,0,0,0.088
764,0,2,0.1
764,1,0,0.088
764,1,2,0.1
764,1,3,0.088
764,2,0,0.088
764,2,2,0.1
764,2,3,0.088
764,3,0,0.088
764,3,2,0.1
764,3,3,0.088
766,0,0,0.088
766,0,2,0.1
766,1,0,0.088
766,1,2,0.1
766,2,0,0.088
766,2,2,0.1
766,3,0,0.088
766,3,2,0.1
767,0,0,0.088
767,0,2,0.1
767,1,0,0.088
767,1,2,0.1
767,2,0,0.088
767,2,2,0.1
767,3,0,0.088
767,3,2,0.1
769,0,0,0.088
769,0,2,0.1
769,0,3,0.088
769,1,2,0.1
769,2,2,0.03951656119910468
769,3,0,0.088
769,3,2,0.1
769,3,3,0.088
771,0,0,0.088
771,0,2,0.1
771,1,0,0.088
771,1,2,0.1
771,2,0,0.088
771,2,2,0.1
771,3,0,0.088
771,3,2,0.1
772,0,0,0.088
772,0,2,0.1
772,0,3,0.088
772,1,0,0.088
772,1,2,0.1
772,1,3,0.088
772,2,0,0.088
772,2,2,0.1
772,2,3,0.088
772,3,0,0.088
772,3,2,0.1
772,3,3,0.088
776,0,0,0.088
776,0,2,0.1
776,0,3,0.088
776,3,0,0.088
776,3,2,0.088
776,3,3,0.088
778,0,0,0.088
778,0,2,0.1
778,0,3,0.088
778,3,0,0.1
778,3,1,0.026384135457030722
778,3,2,0.1
778,3,3,0.1
779,0,0,0.088
779,0,2,0.1
779,1,0,0.088
779,1,2,0.1
779,2,0,0.088
779,2,2,0.1
779,3,0,0.088
779,3,2,0.1
780,0,0,0.088
780,0,2,0.1
780,0,3,0.088
780,1,0,0.088
780,1,2,0.1
780,1,3,0.088
780,2,0,0.088
780,2,2,0.1
780,2,3,0.088
780,3,0,0.088
780,3,2,0.1
780,3,3,0.088
781,0,0,0.088
781,0,2,0.1
781,1,0,0.088
781,1,2,0.1
781,2,0,0.088
781,2,2,0.1
781,3,0,0.088
781,3,2,0.1
786,0,0,0.088
786,0,2,0.1
786,1,0,0.088
786,1,2,0.1
786,2,0,0.088
786,2,2,0.1
786,3,0,0.088
786,3,2,0.1
789,0,0,0.088
789,0,2,0.088
789,0,3,0.088
790,0,0,0.088
790,0,2,0.1
790,1,0,0.088
790,1,2,0.1
790,1,3,0.088
790,2,0,0.088
790,2,2,0.1
790,2,3,0.088
790,3,0,0.088
790,3,2,0.1
792,0,0,0.088
792,0,2,0.1
792,1,0,0.088
792,1,2,0.1
792,2,0,0.088
792,2,2,0.1
792,3,0,0.088
792,3,2,0.1
794,0,0,0.088
794,0,2,0.1
794,0,3,0.088
794,1,0,0.088
794,1,2,0.1
794,1,3,0.088
794,2,0,0.088
794,2,2,0.1
794,2,3,0.088
794,3,0,0.088
794,3,2,0.1
794,3,3,0.088
799,0,0,0.088
799,0,2,0.1
799,0,3,0.088
799,1,0,0.088
799,1,2,0.1
799,1,3,0.088
799,2,0,0.088
799,2,2,0.1
799,2,3,0.088
799,3,0,0.088
799,3,2,0.1
799,3,3,0.088
800,0,0,0.088
800,0,2,0.1
800,1,0,0.088
800,1,2,0.1
800,2,0,0.088
800,2,2,0.1
800,3,0,0.088
800,3,2,0.1
801,0,0,0.088
801,0,2,0.1
801,1,0,0.088
801,1,2,0.1
801,1,3,0.045392097854860564
801,2,0,0.088
801,2,2,0.1
801,3,0,0.088
801,3,2,0.1
810,0,0,0.088
810,0,2,0.1
810,1,0,0.088
810,1,2,0.1
810,2,0,0.088
810,2,2,0.1
810,3,0,0.088
810,3,2,0.1
816,0,0,0.088
816,0,2,0.1
816,1,0,0.088
816,1,2,0.1
816,1,3,0.088
816,2,0,0.088
816,2,2,0.1
816,2,3,0.088
816,3,0,0.088
816,3,2,0.1
816,3,3,0.088
817,0,0,0.088
817,0,2,0.1
817,0,3,0.008484069080085685
817,1,0,0.088
817,1,2,0.1
817,1,3,0.088
817,2,0,0.088
817,2,2,0.1
817,2,3,0.088
817,3,0,0.088
817,3,2,0.1
817,3,3,0.088
819,0,0,0.088
819,0,2,0.1
819,1,0,0.088
819,1,2,0.1
819,2,0,0.088
819,2,2,0.1
819,3,0,0.088
819,3,2,0.1
820,0,0,0.088
820,0,2,0.1
820,0,3,0.088
820,1,0,0.012722338243388281
820,1,2,0.012722338243388281
820,1,3,0.012722338243388281
820,3,0,0.088
820,3,2,0.1
820,3,3,0.088
822,0,0,0.088
822,0,2,0.1
822,1,0,0.088
822,1,2,0.1
822,2,0,0.088
822,2,2,0.1
822,3,0,0.088
822,3,2,0.1
823,0,0,0.088
823,0,2,0.1
823,1,0,0.088
823,1,2,0.1
823,2,0,0.088
823,2,2,0.1
823,3,0,0.088
823,3,2,0.1
831,0,0,0.088
831,0,2,0.1
831,1,0,0.088
831,1,2,0.1
831,1,3,0.088
831,2,0,0.088
831,2,2,0.1
831,2,3,0.088
831,3,0,0.088
831,3,2,0.1
832,0,0,0.088
832,0,2,0.1
832,0,3,0.088
832,1,0,0.088
832,1,2,0.1
832,1,3,0.088
832,2,0,0.088
832,2,2,0.1
832,2,3,0.088
832,3,0,0.088
832,3,2,0.1
832,3,3,0.088
833,0,0,0.088
833,0,2,0.1
833,1,0,0.088
833,1,2,0.1
833,2,0,0.088
833,2,2,0.1
833,3,0,0.088
833,3,2,0.1
835,0,0,0.088
835,0,2,0.1
835,0,3,0.088
835,1,0,0.088
835,1,2,0.088
835,1,3,0.088
835,2,0,0.088
835,2,2,0.088
835,2,3,0.088
835,3,0,0.088
835,3,2,0.088
835,3,3,0.088
836,0,0,0.088
836,0,2,0.1
836,1,0,0.088
836,1,2,0.1
836,2,0,0.088
836,2,2,0.1
836,3,0,0.088
836,3,2,0.1
837,0,0,0.088
837,0,2,0.1
837,0,3,0.088
837,1,2,0.1
837,2,0,0.088
837,2,2,0.1
837,2,3,0.088
837,3,0,0.088
837,3,2,0.1
837,3,3,0.088
839,0,0,0.088
839,0,2,0.1
839,1,0,0.088
839,1,2,0.1
839,2,0,0.088
839,2,2,0.1
839,3,0,0.088
839,3,2,0.1
845,0,0,0.088
845,0,2,0.1
845,1,0,0.088
845,1,2,0.1
845,2,0,0.088
845,2,2,0.1
845,3,0,0.088
845,3,2,0.1
847,0,0,0.088
847,0,2,0.1
847,0,3,0.088
847,1,0,0.088
847,1,2,0.088
847,1,3,0.088
847,3,0,0.088
847,3,2,0.1
847,3,3,0.088
853,0,0,0.088
853,0,2,0.1
853,1,0,0.088
853,1,2,0.1
853,2,0,0.088
853,2,2,0.1
853,3,0,0.088
853,3,2,0.1
854,0,0,0.088
854,0,2,0.1
854,1,0,0.088
854,1,2,0.1
854,2,0,0.088
854,2,2,0.1
854,3,0,0.088
854,3,2,0.1
858,0,0,0.088
858,0,2,0.1
858,0,3,0.088
858,1,0,0.088
858,1,2,0.1
858,1,3,0.088
858,2,0,0.088
858,2,2,0.088
858,2,3,0.088
858,3,0,0.088
858,3,2,0.1
858,3,3,0.088
859,0,0,0.088
859,0,2,0.1
859,0,3,0.088
859,1,2,0.1
859,2,2,0.1
859,3,0,0.088
859,3,2,0.1
859,3,3,0.088
860,0,0,0.088
860,0,2,0.1
860,1,0,0.088
860,1,2,0.1
860,2,0,0.088
860,2,2,0.1
860,3,0,0.088
860,3,2,0.1
862,0,0,0.088
862,0,2,0.1
862,1,0,0.088
862,1,2,0.1
862,2,0,0.088
862,2,2,0.1
862,3,0,0.088
862,3,2,0.1
865,0,0,0.088
865,0,2,0.1
865,0,3,0.088
865,1,0,0.088
865,1,2,0.1
865,1,3,0.088
865,2,0,0.088
865,2,2,0.1
865,2,3,0.088
865,3,0,0.088
865,3,2,0.1
865,3,3,0.088
866,0,0,0.088
866,0,2,0.1
866,1,0,0.088
866,1,2,0.1
866,1,3,0.088
866,2,0,0.088
866,2,2,0.1
866,2,3,0.04768161485952038
866,3,0,0.088
866,3,2,0.1
868,0,0,0.088
868,0,2,0.1
868,1,0,0.088
868,1,2,0.1
868,2,0,0.088
868,2,2,0.1
868,3,0,0.088
868,3,2,0.1
871,0,0,0.088
871,0,2,0.1
871,1,0,0.088
871,1,2,0.1
871,2,0,0.088
871,2,2,0.1
871,3,0,0.088
871,3,2,0.1
877,0,0,0.088
877,0,2,0.1
877,1,0,0.088
877,1,2,0.1
877,2,0,0.088
877,2,2,0.1
877,3,0,0.088
877,3,2,0.1
880,0,0,0.03878667770949684
880,0,2,0.03878667770949684
880,0,3,0.03878667770949684
887,0,0,0.088
887,0,2,0.1
887,1,0,0.088
887,1,2,0.1
887,2,0,0.088
887,2,2,0.1
887,3,0,0.088
887,3,2,0.1
888,0,0,0.088
888,0,2,0.1
888,1,0,0.088
888,1,2,0.1
888,2,0,0.088
888,2,2,0.1
888,3,0,0.088
888,3,2,0.1
889,0,0,0.088
889,0,2,0.1
889,1,0,0.088
889,1,2,0.1
889,2,0,0.088
889,2,2,0.1
889,3,0,0.088
889,3,2,0.1
890,0,2,0.1
890,3,0,0.088
890,3,2,0.1
890,3,3,0.088
894,0,0,0.088
894,0,2,0.1
894,1,0,0.088
894,1,2,0.1
894,1,3,0.088
894,2,0,0.088
894,2,2,0.1
894,2,3,0.088
894,3,0,0.088
894,3,2,0.1
896,0,0,0.088
896,0,2,0.1
896,1,0,0.088
896,1,2,0.1
896,2,0,0.088
896,2,2,0.1
896,3,0,0.088
896,3,2,0.1
898,0,0,0.088
898,0,2,0.1
898,1,0,0.088
898,1,2,0.1
898,2,0,0.088
898,2,2,0.1
898,3,0,0.088
898,3,2,0.1
900,0,0,0.088
900,0,2,0.1
900,0,3,0.088
900,1,0,0.088
900,1,2,0.1
900,1,3,0.088
900,2,0,0.088
900,2,2,0.1
900,2,3,0.088
900,3,0,0.088
900,3,2,0.1
900,3,3,0.088
901,0,0,0.088
901,0,2,0.1
901,1,0,0.088
901,1,2,0.1
901,2,0,0.088
901,2,2,0.1
901,3,0,0.088
901,3,2,0.1
904,0,0,0.088
904,0,2,0.1
904,0,3,0.088
904,1,0,0.088
904,1,2,0.1
904,1,3,0.088
904,2,0,0.088
904,2,2,0.1
904,2,3,0.088
904,3,0,0.088
904,3,2,0.1
904,3,3,0.088
906,0,2,0.1
908,0,0,0.088
908,0,2,0.1
908,0,3,0.088
908,1,0,0.088
908,1,2,0.1
908,1,3,0.088
908,2,0,0.088
908,2,2,0.1
908,2,3,0.088
908,3,0,0.088
908,3,2,0.1
908,3,3,0.088
910,0,0,0.088
910,0,2,0.1
910,1,0,0.088
910,1,2,0.1
910,1,3,0.05520526806994697
910,2,0,0.088
910,2,2,0.1
910,2,3,0.052743511261974976
910,3,0,0.088
910,3,2,0.1
912,0,0,0.088
912,0,2,0.1
912,0,3,0.088
912,3,0,0.088
912,3,2,0.088
912,3,3,0.088
914,0,0,0.088
914,0,2,0.1
914,1,0,0.088
914,1,2,0.1
914,1,3,0.088
914,2,0,0.088
914,2,2,0.1
914,2,3,0.088
914,3,0,0.088
914,3,2,0.1
916,0,0,0.088
916,0,2,0.1
916,1,0,0.088
916,1,2,0.1
916,1,3,0.088
916,2,0,0.088
916,2,2,0.1
916,2,3,0.088
916,3,0,0.088
916,3,2,0.1
916,3,3,0.088
917,0,0,0.088
917,0,2,0.1
917,0,3,0.088
917,3,0,0.088
917,3,2,0.1
917,3,3,0.088
919,0,0,0.088
919,0,2,0.1
919,0,3,0.088
919,1,0,0.088
919,1,2,0.1
919,1,3,0.088
919,2,0,0.088
919,2,2,0.1
919,2,3,0.088
919,3,0,0.088
919,3,2,0.1
919,3,3,0.088
920,0,0,0.088
920,0,2,0.1
920,1,0,0.0868631017425246
920,1,2,0.1
920,1,3,0.0868631017425246
920,2,0,0.088
920,2,2,0.1
920,2,3,0.088
920,3,0,0.088
920,3,2,0.1
921,0,0,0.088
921,0,2,0.1
921,1,0,0.088
921,1,2,0.1
921,2,0,0.088
921,2,2,0.1
921,3,0,0.088
921,3,2,0.1
922,0,0,0.088
922,0,2,0.1
922,1,0,0.088
922,1,2,0.1
922,2,0,0.088
922,2,2,0.1
922,3,0,0.088
922,3,2,0.1
925,0,0,0.088
925,0,2,0.1
925,0,3,0.088
927,0,0,0.088
927,0,2,0.1
927,0,3,0.088
927,1,0,0.088
927,1,2,0.1
927,1,3,0.088
927,2,0,0.088
927,2,2,0.1
927,2,3,0.088
927,3,0,0.088
927,3,2,0.1
927,3,3,0.088
929,0,0,0.088
929,0,2,0.1
929,1,0,0.088
929,1,2,0.1
929,2,0,0.088
929,2,2,0.1
929,3,0,0.088
929,3,2,0.1
930,0,0,0.088
930,0,2,0.1
930,1,0,0.088
930,1,2,0.1
930,2,0,0.088
930,2,2,0.1
930,3,0,0.088
930,3,2,0.1
931,0,0,0.088
931,0,2,0.1
931,1,0,0.088
931,1,2,0.1
931,2,0,0.088
931,2,2,0.1
931,3,0,0.088
931,3,2,0.1
932,0,0,0.088
932,0,2,0.1
932,1,0,0.088
932,1,2,0.1
932,1,3,0.088
932,2,0,0.088
932,2,2,0.1
932,2,3,0.088
932,3,0,0.088
932,3,2,0.1
933,0,0,0.088
933,0,2,0.1
933,1,0,0.088
933,1,2,0.1
933,2,0,0.088
933,2,2,0.1
933,3,0,0.088
933,3,2,0.1
934,0,0,0.088
934,0,2,0.1
934,1,0,0.088
934,1,2,0.1
934,2,0,0.088
934,2,2,0.1
934,3,0,0.088
934,3,2,0.1
936,0,0,0.088
936,0,2,0.1
936,1,0,0.088
936,1,2,0.1
936,2,0,0.088
936,2,2,0.1
936,3,0,0.088
936,3,2,0.1
938,0,0,0.088
938,0,2,0.1
938,1,0,0.088
938,1,2,0.1
938,2,0,0.088
938,2,2,0.1
938,3,0,0.088
938,3,2,0.1
941,0,0,0.088
941,0,2,0.1
941,0,3,0.088
941,1,0,0.088
941,1,2,0.1
941,1,3,0.088
941,2,0,0.088
941,2,2,0.1
941,2,3,0.088
941,3,0,0.088
941,3,2,0.1
941,3,3,0.088
944,0,0,0.088
944,0,2,0.1
944,1,0,0.088
944,1,2,0.1
944,2,0,0.088
944,2,2,0.1
944,3,0,0.088
944,3,2,0.1
945,0,0,0.088
945,0,2,0.1
945,0,3,0.088
945,3,0,0.088
945,3,2,0.088
945,3,3,0.088
946,0,0,0.088
946,0,2,0.1
946,1,0,0.05361121049200149
946,1,2,0.1
946,1,3,0.05361121049200149
946,2,0,0.088
946,2,2,0.1
946,3,0,0.088
946,3,2,0.1
951,0,0,0.088
951,0,2,0.1
951,1,0,0.088
951,1,2,0.1
951,1,3,0.088
951,2,0,0.088
951,2,2,0.1
951,2,3,0.088
951,3,2,0.1
953,0,0,0.088
953,0,2,0.1
953,0,3,0.088
953,1,2,0.1
953,3,0,0.088
953,3,2,0.1
953,3,3,0.088
958,0,0,0.088
958,0,2,0.1
958,1,0,0.088
958,1,2,0.1
958,2,0,0.088
958,2,2,0.1
958,3,0,0.088
958,3,2,0.1
960,0,0,0.088
960,0,2,0.1
960,1,0,0.088
960,1,2,0.1
960,2,0,0.088
960,2,2,0.1
960,3,0,0.088
960,3,2,0.1
963,0,0,0.088
963,0,2,0.1
963,1,0,0.088
963,1,2,0.1
963,2,0,0.088
963,2,2,0.1
963,3,0,0.088
963,3,2,0.1
966,0,0,0.088
966,0,2,0.1
966,0,3,0.088
966,1,0,0.088
966,1,2,0.1
966,1,3,0.088
966,2,0,0.088
966,2,2,0.1
966,2,3,0.088
966,3,0,0.088
966,3,2,0.1
966,3,3,0.088
971,0,0,0.088
971,0,2,0.1
971,1,0,0.088
971,1,2,0.1
971,2,0,0.088
971,2,2,0.1
971,3,0,0.088
971,3,2,0.1
972,0,0,0.088
972,0,2,0.1
972,0,3,0.088
972,3,0,0.088
972,3,2,0.1
972,3,3,0.088
973,0,0,0.088
973,0,2,0.1
973,1,0,0.088
973,1,2,0.1
973,2,0,0.088
973,2,2,0.1
973,3,0,0.088
973,3,2,0.1
976,0,0,0.088
976,0,2,0.1
976,1,2,0.1
976,2,0,0.007597635714379464
976,2,2,0.1
976,2,3,0.007597635714379464
976,3,0,0.088
976,3,2,0.1
979,0,0,0.088
979,0,2,0.1
979,0,3,0.088
980,0,0,0.088
980,0,2,0.1
980,1,0,0.088
980,1,2,0.1
980,2,0,0.088
980,2,2,0.1
980,3,0,0.088
980,3,2,0.1
981,0,0,0.088
981,0,2,0.088
981,0,3,0.088
983,0,0,0.088
983,0,2,0.1
983,1,0,0.088
983,1,2,0.1
983,2,0,0.088
983,2,2,0.1
983,3,0,0.088
983,3,2,0.1
985,0,0,0.088
985,0,2,0.1
985,1,0,0.088
985,1,2,0.1
985,2,0,0.088
985,2,2,0.1
985,3,0,0.088
985,3,2,0.1
988,0,0,0.088
988,0,2,0.1
988,0,3,0.088
988,1,0,0.088
988,1,2,0.1
988,1,3,0.088
988,2,0,0.088
988,2,2,0.1
988,2,3,0.088
988,3,0,0.088
988,3,2,0.1
988,3,3,0.088
989,0,0,0.088
989,0,2,0.1
989,1,0,0.088
989,1,2,0.1
989,2,0,0.088
989,2,2,0.1
989,3,0,0.088
989,3,2,0.1
990,0,0,0.088
990,0,2,0.1
990,1,0,0.088
990,1,2,0.1
990,1,3,0.088
990,2,0,0.088
990,2,2,0.1
990,2,3,0.088
990,3,0,0.088
990,3,2,0.1
990,3,3,0.088
992,0,0,0.088
992,0,2,0.1
992,1,0,0.088
992,1,2,0.1
992,2,0,0.088
992,2,2,0.1
992,3,0,0.088
992,3,2,0.1
993,0,0,0.088
993,0,2,0.1
993,1,0,0.088
993,1,2,0.1
993,1,3,0.088
993,2,0,0.088
993,2,2,0.1
993,2,3,0.088
993,3,0,0.088
993,3,2,0.1
994,0,0,0.088
994,0,2,0.1
994,1,0,0.088
994,1,2,0.1
994,2,0,0.088
994,2,2,0.1
994,3,0,0.088
994,3,2,0.1
997,0,0,0.088
997,0,2,0.1
997,1,0,0.088
997,1,2,0.1
997,2,0,0.088
997,2,2,0.1
997,3,0,0.088
997,3,2,0.1
998,0,0,0.088
998,0,2,0.1
998,0,3,0.088
998,1,0,0.088
998,1,2,0.1
998,1,3,0.088
998,2,0,0.088
998,2,2,0.1
998,2,3,0.088
998,3,0,0.088
998,3,2,0.1
998,3,3,0.088
1000,0,0,0.088
1000,0,2,0.088
1000,0,3,0.088
1001,0,0,0.088
1001,0,2,0.1
1001,1,0,0.088
1001,1,2,0.1
1001,1,3,0.088
1001,2,0,0.088
1001,2,2,0.1
1001,2,3,0.088
1001,3,0,0.088
1001,3,2,0.1
1004,0,0,0.088
1004,0,2,0.1
1004,1,0,0.088
1004,1,2,0.1
1004,2,0,0.088
1004,2,2,0.1
1004,3,0,0.088
1004,3,2,0.1
1012,0,0,0.088
1012,0,2,0.1
1012,0,3,0.088
1012,1,0,0.088
1012,1,2,0.088
1012,1,3,0.088
1012,3,0,0.088
1012,3,2,0.1
1012,3,3,0.088
1014,0,0,0.088
1014,0,2,0.1
1014,1,0,0.088
1014,1,2,0.1
1014,2,0,0.088
1014,2,2,0.1
1014,3,0,0.088
1014,3,2,0.1
1018,0,0,0.088
1018,0,2,0.1
1018,1,0,0.088
1018,1,2,0.1
1018,2,0,0.088
1018,2,2,0.1
1018,3,0,0.088
1018,3,2,0.1
1021,0,0,0.088
1021,0,2,0.1
1021,1,0,0.088
1021,1,2,0.1
1021,2,0,0.088
1021,2,2,0.1
1021,3,0,0.088
1021,3,2,0.1
1026,0,0,0.088
1026,0,2,0.1
1026,1,0,0.088
1026,1,2,0.1
1026,2,0,0.088
1026,2,2,0.1
1026,3,0,0.088
1026,3,2,0.1
1027,0,0,0.088
1027,0,2,0.1
1027,1,0,0.088
1027,1,2,0.1
1027,2,0,0.088
1027,2,2,0.1
1027,3,0,0.088
1027,3,2,0.1
1028,0,0,0.088
1028,0,2,0.1
1028,0,3,0.088
1028,3,0,0.088
1028,3,2,0.1
1028,3,3,0.088
1031,0,0,0.088
1031,0,2,0.1
1031,1,0,0.088
1031,1,2,0.1
1031,2,0,0.088
1031,2,2,0.1
1031,3,0,0.088
1031,3,2,0.1
1032,0,0,0.088
1032,0,2,0.1
1032,1,0,0.088
1032,1,2,0.1
1032,1,3,0.088
1032,2,0,0.088
1032,2,2,0.1
1032,2,3,0.088
1032,3,0,0.088
1032,3,2,0.1
1032,3,3,0.088
1039,0,0,0.088
1039,0,2,0.1
1039,1,0,0.088
1039,1,2,0.1
1039,2,0,0.088
1039,2,2,0.1
1039,3,0,0.088
1039,3,2,0.1
1042,0,0,0.088
1042,0,2,0.1
1042,0,3,0.088
1042,1,0,0.088
1042,1,2,0.1
1042,1,3,0.088
1042,2,0,0.088
1042,2,2,0.1
1042,2,3,0.088
1042,3,0,0.088
1042,3,2,0.1
1042,3,3,0.088
1044,0,0,0.088
1044,0,2,0.1
1044,1,0,0.088
1044,1,2,0.1
1044,2,0,0.088
1044,2,2,0.1
1044,3,0,0.088
1044,3,2,0.1
1046,0,0,0.088
1046,0,2,0.1
1046,1,0,0.088
1046,1,2,0.1
1046,2,0,0.088
1046,2,2,0.1
1046,3,0,0.088
1046,3,2,0.1
1048,0,0,0.088
1048,0,2,0.1
1048,1,0,0.088
1048,1,2,0.1
1048,1,3,0.088
1048,2,0,0.088
1048,2,2,0.1
1048,2,3,0.088
1048,3,0,0.088
1048,3,2,0.1
1049,0,0,0.07319014875368138
1049,0,2,0.1
1049,0,3,0.07319014875368138
1052,0,0,0.088
1052,0,2,0.1
1052,1,0,0.088
1052,1,2,0.1
1052,2,0,0.088
1052,2,2,0.1
1052,3,0,0.088
1052,3,2,0.1
1055,0,0,0.088
1055,0,2,0.088
1055,0,3,0.088
1057,0,0,0.088
1057,0,2,0.1
1057,0,3,0.088
1057,1,0,0.088
1057,1,2,0.1
1057,1,3,0.088
1057,2,0,0.088
1057,2,2,0.1
1057,2,3,0.088
1057,3,0,0.088
1057,3,2,0.1
1057,3,3,0.088
1058,0,0,0.088
1058,0,2,0.1
1058,1,0,0.088
1058,1,2,0.1
1058,2,0,0.088
1058,2,2,0.1
1058,3,0,0.088
1058,3,2,0.1
1059,0,0,0.088
1059,0,2,0.1
1059,0,3,0.088
1059,1,0,0.088
1059,1,2,0.1
1059,1,3,0.088
1059,2,0,0.088
1059,2,2,0.1
1059,2,3,0.088
1059,3,0,0.088
1059,3,2,0.1
1059,3,3,0.088
1061,0,0,0.088
1061,0,2,0.1
1061,0,3,0.088
1061,3,0,0.088
1061,3,2,0.1
1061,3,3,0.088
1062,0,0,0.088
1062,0,2,0.1
1062,1,0,0.088
1062,1,2,0.1
1062,1,3,0.088
1062,2,0,0.088
1062,2,2,0.1
1062,2,3,0.088
1062,3,0,0.088
1062,3,2,0.1
1062,3,3,0.01401680992669771
1063,0,0,0.088
1063,0,2,0.1
1063,0,3,0.088
1063,1,0,0.088
1063,1,2,0.1
1063,1,3,0.088
1063,2,0,0.088
1063,2,2,0.1
1063,2,3,0.088
1063,3,0,0.088
1063,3,2,0.1
1063,3,3,0.088
1069,0,0,0.088
1069,0,2,0.1
1069,0,3,0.088
1069,1,0,0.088
1069,1,2,0.1
1069,1,3,0.088
1069,2,0,0.088
1069,2,2,0.1
1069,2,3,0.088
1069,3,0,0.088
1069,3,2,0.1
1069,3,3,0.088
1070,0,0,0.088
1070,0,2,0.1
1070,1,0,0.088
1070,1,2,0.1
1070,2,0,0.088
1070,2,2,0.1
1070,3,0,0.088
1070,3,2,0.1
1074,0,0,0.088
1074,0,2,0.1
1074,1,0,0.088
1074,1,2,0.1
1074,2,0,0.088
1074,2,2,0.1
1074,3,0,0.088
1074,3,2,0.1
1078,0,0,0.088
1078,0,2,0.1
1078,1,0,0.088
1078,1,2,0.1
1078,2,0,0.088
1078,2,2,0.1
1078,3,0,0.088
1078,3,2,0.1
1079,0,0,0.088
1079,0,2,0.1
1079,0,3,0.088
1079,1,0,0.088
1079,1,2,0.1
1079,1,3,0.088
1079,3,0,0.0711605092757743
1079,3,2,0.1
1079,3,3,0.0711605092757743
1080,0,0,0.088
1080,0,2,0.1
1080,1,0,0.088
1080,1,2,0.1
1080,2,0,0.088
1080,2,2,0.1
1080,3,0,0.088
1080,3,2,0.1
1082,0,0,0.088
1082,0,2,0.1
1082,0,3,0.088
1082,1,0,0.088
1082,1,2,0.1
1082,1,3,0.088
1082,2,0,0.088
1082,2,2,0.1
1082,2,3,0.088
1082,3,0,0.088
1082,3,2,0.1
1082,3,3,0.088
1084,0,0,0.088
1084,0,2,0.1
1084,1,0,0.088
1084,1,2,0.1
1084,2,0,0.088
1084,2,2,0.1
1084,3,0,0.088
1084,3,2,0.1
1087,0,0,0.088
1087,0,2,0.1
1087,0,3,0.088
1088,0,0,0.088
1088,0,2,0.1
1088,0,3,0.088
1088,1,0,0.088
1088,1,2,0.1
1088,1,3,0.088
1088,2,0,0.088
1088,2,2,0.1
1088,2,3,0.088
1088,3,0,0.088
1088,3,2,0.1
1088,3,3,0.088
1091,0,0,0.088
1091,0,2,0.1
1091,0,3,0.088
1091,1,0,0.088
1091,1,2,0.1
1091,1,3,0.088
1091,2,0,0.088
1091,2,2,0.1
1091,2,3,0.088
1091,3,0,0.088
1091,3,2,0.1
1091,3,3,0.088
1093,0,0,0.088
1093,0,2,0.1
1093,1,0,0.088
1093,1,2,0.1
1093,2,0,0.088
1093,2,2,0.1
1093,3,0,0.088
1093,3,2,0.1
1094,0,0,0.088
1094,0,2,0.088
1094,0,3,0.088
1094,3,0,0.088
1094,3,2,0.088
1094,3,3,0.088
1095,0,0,0.088
1095,0,2,0.1
1095,1,0,0.088
1095,1,2,0.1
1095,2,0,0.088
1095,2,2,0.1
1095,3,0,0.088
1095,3,2,0.1
1096,0,0,0.088
1096,0,2,0.1
1096,1,0,0.088
1096,1,2,0.1
1096,1,3,0.088
1096,2,0,0.088
1096,2,2,0.1
1096,2,3,0.088
1096,3,0,0.088
1096,3,2,0.1
1099,0,0,0.088
1099,0,2,0.1
1099,0,3,0.088
1099,1,0,0.088
1099,1,2,0.088
1099,1,3,0.088
1099,2,0,0.088
1099,2,2,0.088
1099,2,3,0.088
1099,3,0,0.088
1099,3,2,0.1
1099,3,3,0.088
1100,0,0,0.088
1100,0,2,0.1
1100,1,0,0.088
1100,1,2,0.1
1100,2,0,0.088
1100,2,2,0.1
1100,3,0,0.088
1100,3,2,0.1
1103,0,0,0.088
1103,0,2,0.1
1103,1,0,0.088
1103,1,2,0.1
1103,2,0,0.088
1103,2,2,0.1
1103,3,0,0.088
1103,3,2,0.1
1104,0,0,0.088
1104,0,2,0.1
1104,0,3,0.088
1104,1,0,0.0071880885596792565
1104,1,2,0.0071880885596792565
1104,1,3,0.0071880885596792565
1104,3,0,0.088
1104,3,2,0.1
1104,3,3,0.088
1105,0,0,0.088
1105,0,2,0.1
1105,1,0,0.088
1105,1,2,0.1
1105,2,0,0.088
1105,2,2,0.1
1105,3,0,0.088
1105,3,2,0.1
1106,0,0,0.088
1106,0,2,0.1
1106,1,0,0.088
1106,1,2,0.1
1106,2,0,0.088
1106,2,2,0.1
1106,3,0,0.088
1106,3,2,0.1
1108,0,0,0.088
1108,0,2,0.1
1108,0,3,0.088
1108,1,0,0.088
1108,1,2,0.1
1108,1,3,0.088
1108,2,0,0.088
1108,2,2,0.1
1108,2,3,0.088
1108,3,0,0.088
1108,3,2,0.1
1108,3,3,0.088
1109,0,0,0.088
1109,0,2,0.1
1109,0,3,0.088
1109,3,0,0.088
1109,3,2,0.09906059228753722
1109,3,3,0.088
1110,0,0,0.088
1110,0,2,0.1
1110,1,0,0.088
1110,1,2,0.1
1110,2,0,0.088
1110,2,2,0.1
1110,3,0,0.088
1110,3,2,0.1
1113,0,0,0.088
1113,0,2,0.1
1113,1,0,0.088
1113,1,2,0.1
1113,2,0,0.088
1113,2,2,0.1
1113,3,0,0.088
1113,3,2,0.1
1116,0,0,0.088
1116,0,2,0.1
1116,0,3,0.088
1116,1,0,0.088
1116,1,2,0.1
1116,1,3,0.088
1116,2,0,0.03967800141702951
1116,2,2,0.1
1116,2,3,0.03967800141702951
1116,3,0,0.088
1116,3,2,0.1
1116,3,3,0.088
1117,0,0,0.088
1117,0,2,0.1
1117,1,0,0.088
1117,1,2,0.1
1117,2,0,0.088
1117,2,2,0.1
1117,3,0,0.088
1117,3,2,0.1
1119,0,0,0.088
1119,0,2,0.1
1119,0,3,0.088
1119,1,0,0.088
1119,1,2,0.1
1119,1,3,0.088
1119,2,0,0.088
1119,2,2,0.1
1119,2,3,0.088
1119,3,0,0.088
1119,3,2,0.1
1119,3,3,0.088
1126,0,0,0.088
1126,0,2,0.1
1126,0,3,0.088
1126,3,0,0.088
1126,3,2,0.088
1126,3,3,0.088
1127,0,0,0.088
1127,0,2,0.1
1127,1,0,0.088
1127,1,2,0.1
1127,2,0,0.088
1127,2,2,0.1
1127,3,0,0.088
1127,3,2,0.1
1130,0,0,0.088
1130,0,2,0.1
1130,1,0,0.088
1130,1,2,0.1
1130,2,0,0.088
1130,2,2,0.1
1130,3,0,0.088
1130,3,2,0.1
1131,0,0,0.088
1131,0,2,0.1
1131,1,0,0.088
1131,1,2,0.1
1131,1,3,0.088
1131,2,0,0.088
1131,2,2,0.1
1131,2,3,0.088
1131,3,0,0.088
1131,3,2,0.1
1134,0,0,0.088
1134,0,2,0.1
1134,0,3,0.088
1134,1,0,0.088
1134,1,2,0.1
1134,1,3,0.088
1134,2,0,0.088
1134,2,2,0.1
1134,2,3,0.088
1134,3,0,0.088
1134,3,2,0.1
1134,3,3,0.088
1135,0,0,0.088
1135,0,2,0.088
1135,0,3,0.088
1136,0,0,0.088
1136,0,2,0.1
1136,1,2,0.1
1136,2,2,0.1
1136,3,0,0.088
1136,3,2,0.1
1137,0,0,0.088
1137,0,2,0.1
1137,0,3,0.088
1137,1,0,0.088
1137,1,2,0.1
1137,1,3,0.088
1137,2,0,0.088
1137,2,2,0.1
1137,2,3,0.088
1137,3,0,0.088
1137,3,2,0.1
1137,3,3,0.088
1139,0,0,0.088
1139,0,2,0.1
1139,0,3,0.088
1139,1,0,0.054777680834739356
1139,1,2,0.1
1139,1,3,0.054777680834739356
1139,2,0,0.088
1139,2,2,0.1
1139,2,3,0.088
1139,3,0,0.088
1139,3,2,0.1
1139,3,3,0.088
1141,0,0,0.088
1141,0,2,0.1
1141,1,0,0.088
1141,1,2,0.1
1141,2,0,0.088
1141,2,2,0.1
1141,3,0,0.088
1141,3,2,0.1
1144,0,0,0.088
1144,0,2,0.1
1144,1,0,0.088
1144,1,2,0.1
1144,1,3,0.088
1144,2,0,0.088
1144,2,2,0.1
1144,2,3,0.088
1144,3,0,0.088
1144,3,2,0.1
1145,0,0,0.088
1145,0,2,0.1
1145,1,0,0.088
1145,1,2,0.1
1145,2,0,0.088
1145,2,2,0.1
1145,3,0,0.088
1145,3,2,0.1
1146,0,0,0.088
1146,0,2,0.1
1146,0,3,0.088
1146,3,2,0.1
1147,0,0,0.088
1147,0,2,0.1
1147,1,0,0.088
1147,1,2,0.1
1147,2,0,0.088
1147,2,2,0.1
1147,3,0,0.088
1147,3,2,0.1
1148,0,0,0.088
1148,0,2,0.1
1148,0,3,0.088
1149,0,0,0.088
1149,0,2,0.1
1149,1,0,0.088
1149,1,2,0.1
1149,2,0,0.088
1149,2,2,0.1
1149,3,0,0.088
1149,3,2,0.1
1151,0,0,0.088
1151,0,2,0.1
1151,0,3,0.088
1151,1,0,0.088
1151,1,2,0.1
1151,1,3,0.088
1151,2,0,0.088
1151,2,2,0.1
1151,2,3,0.088
1151,3,0,0.088
1151,3,2,0.1
1151,3,3,0.088
1152,0,0,0.088
1152,0,2,0.1
1152,1,0,0.088
1152,1,2,0.1
1152,2,0,0.088
1152,2,2,0.1
1152,3,0,0.088
1152,3,2,0.1
1154,0,0,0.088
1154,0,2,0.1
1154,0,3,0.088
1154,1,0,0.088
1154,1,2,0.088
1154,1,3,0.088
1154,2,0,0.04160999477425814
1154,2,2,0.04160999477425814
1154,2,3,0.04160999477425814
1154,3,0,0.088
1154,3,2,0.1
1154,3,3,0.088
1155,0,0,0.088
1155,0,2,0.1
1155,0,3,0.088
1155,1,0,0.088
1155,1,2,0.1
1155,1,3,0.088
1155,2,0,0.088
1155,2,2,0.1
1155,2,3,0.088
1155,3,0,0.088
1155,3,2,0.1
1155,3,3,0.088
1156,0,0,0.088
1156,0,2,0.1
1156,0,3,0.088
1156,1,2,0.1
1156,2,0,0.088
1156,2,2,0.1
1156,2,3,0.088
1156,3,2,0.1
1157,0,0,0.088
1157,0,2,0.1
1157,1,0,0.088
1157,1,2,0.1
1157,2,0,0.088
1157,2,2,0.1
1157,3,0,0.088
1157,3,2,0.1
1159,0,0,0.088
1159,0,2,0.1
1159,1,0,0.088
1159,1,2,0.1
1159,2,0,0.088
1159,2,2,0.1
1159,3,0,0.088
1159,3,2,0.1
1160,0,0,0.088
1160,0,2,0.1
1160,0,3,0.088
1160,3,0,0.088
1160,3,2,0.1
1160,3,3,0.088
1161,0,0,0.088
1161,0,2,0.1
1161,0,3,0.088
1161,1,0,0.088
1161,1,2,0.1
1161,1,3,0.088
1161,2,0,0.088
1161,2,2,0.088
1161,2,3,0.088
1161,3,0,0.088
1161,3,2,0.1
1161,3,3,0.088
1162,0,0,0.088
1162,0,2,0.1
1162,1,0,0.088
1162,1,2,0.1
1162,2,0,0.088
1162,2,2,0.1
1162,3,0,0.088
1162,3,2,0.1
1164,0,0,0.088
1164,0,2,0.1
1164,0,3,0.088
1164,1,0,0.088
1164,1,2,0.1
1164,1,3,0.088
1164,2,0,0.088
1164,2,2,0.1
1164,2,3,0.088
1164,3,0,0.088
1164,3,2,0.1
1164,3,3,0.088
1166,0,0,0.088
1166,0,2,0.1
1166,0,3,0.088
1166,1,0,0.088
1166,1,2,0.1
1166,1,3,0.088
1166,2,0,0.088
1166,2,2,0.1
1166,2,3,0.088
1166,3,0,0.088
1166,3,2,0.1
1166,3,3,0.088
1169,0,0,0.088
1169,0,2,0.1
1169,0,3,0.088
1169,1,0,0.088
1169,1,2,0.1
1169,1,3,0.088
1169,2,0,0.088
1169,2,2,0.1
1169,2,3,0.088
1169,3,0,0.088
1169,3,2,0.1
1169,3,3,0.088
1170,0,0,0.088
1170,0,2,0.1
1170,0,3,0.088
1170,1,0,0.088
1170,1,2,0.1
1170,1,3,0.088
1170,2,0,0.088
1170,2,2,0.088
1170,2,3,0.088
1170,3,0,0.088
1170,3,2,0.1
1170,3,3,0.088
1172,0,0,0.088
1172,0,2,0.1
1172,1,0,0.088
1172,1,2,0.1
1172,2,0,0.088
1172,2,2,0.1
1172,3,0,0.088
1172,3,2,0.1
1173,0,0,0.088
1173,0,2,0.1
1173,0,3,0.088
1173,3,0,0.088
1173,3,2,0.088
1173,3,3,0.088
1174,0,0,0.088
1174,0,2,0.1
1174,1,0,0.088
1174,1,2,0.1
1174,2,0,0.088
1174,2,2,0.1
1174,3,0,0.088
1174,3,2,0.1
1175,0,0,0.088
1175,0,2,0.1
1175,0,3,0.088
1175,3,0,0.088
1175,3,2,0.088
1175,3,3,0.088
1176,0,0,0.088
1176,0,2,0.1
1176,1,0,0.088
1176,1,2,0.1
1176,2,0,0.088
1176,2,2,0.1
1176,3,0,0.088
1176,3,2,0.1
1177,0,0,0.088
1177,0,2,0.1
1177,0,3,0.088
1177,1,0,0.088
1177,1,2,0.1
1177,1,3,0.088
1177,3,0,0.088
1177,3,2,0.1
1177,3,3,0.088
1180,0,0,0.088
1180,0,2,0.1
1180,0,3,0.088
1180,1,0,0.088
1180,1,2,0.1
1180,1,3,0.088
1180,2,0,0.088
1180,2,2,0.088
1180,2,3,0.088
1180,3,0,0.088
1180,3,2,0.1
1180,3,3,0.088
1182,0,0,0.088
1182,0,2,0.1
1182,1,0,0.088
1182,1,2,0.1
1182,2,0,0.088
1182,2,2,0.1
1182,3,0,0.088
1182,3,2,0.1
1183,0,0,0.088
1183,0,2,0.1
1183,1,0,0.088
1183,1,2,0.1
1183,2,0,0.088
1183,2,2,0.1
1183,3,0,0.088
1183,3,2,0.1
1184,0,0,0.088
1184,0,2,0.1
1184,1,0,0.088
1184,1,2,0.1
1184,2,0,0.088
1184,2,2,0.1
1184,3,0,0.088
1184,3,2,0.1
1186,0,0,0.088
1186,0,2,0.1
1186,1,0,0.088
1186,1,2,0.1
1186,1,3,0.088
1186,2,0,0.088
1186,2,2,0.1
1186,2,3,0.088
1186,3,0,0.088
1186,3,2,0.1
1187,0,0,0.088
1187,0,2,0.1
1187,0,3,0.088
1189,0,0,0.088
1189,0,2,0.1
1189,0,3,0.088
1189,1,0,0.088
1189,1,2,0.1
1189,1,3,0.088
1189,2,0,0.088
1189,2,2,0.1
1189,2,3,0.088
1189,3,0,0.088
1189,3,2,0.1
1189,3,3,0.088
1191,0,0,0.088
1191,0,2,0.1
1191,1,0,0.088
1191,1,2,0.1
1191,2,0,0.088
1191,2,2,0.1
1191,3,0,0.088
1191,3,2,0.1
1196,0,0,0.088
1196,0,2,0.1
1196,0,3,0.088
1196,3,0,0.088
1196,3,2,0.1
1196,3,3,0.088
1197,0,0,0.038317236521309334
1197,0,2,0.1
1197,0,3,0.038317236521309334
1197,1,0,0.088
1197,1,2,0.1
1197,1,3,0.088
1197,3,0,0.088
1197,3,2,0.1
1197,3,3,0.088
1198,0,0,0.1
1198,0,1,0.1
1198,0,2,0.1
1198,0,3,0.1
1199,0,0,0.088
1199,0,2,0.1
1199,1,0,0.088
1199,1,2,0.1
1199,1,3,0.088
1199,2,0,0.088
1199,2,2,0.1
1199,3,0,0.088
1199,3,2,0.1
1201,0,0,0.088
1201,0,2,0.1
1201,1,0,0.088
1201,1,2,0.1
1201,2,0,0.088
1201,2,2,0.1
1201,3,0,0.088
1201,3,2,0.1
1204,0,0,0.088
1204,0,2,0.1
1204,1,0,0.088
1204,1,2,0.1
1204,2,0,0.088
1204,2,2,0.1
1204,3,0,0.088
1204,3,2,0.1
1207,0,0,0.088
1207,0,2,0.1
1207,0,3,0.088
1207,1,0,0.088
1207,1,2,0.1
1207,1,3,0.088
1207,2,0,0.088
1207,2,2,0.1
1207,2,3,0.088
1207,3,0,0.088
1207,3,2,0.1
1207,3,3,0.088
1211,0,0,0.088
1211,0,2,0.1
1211,1,0,0.088
1211,1,2,0.1
1211,2,0,0.088
1211,2,2,0.1
1211,3,0,0.088
1211,3,2,0.1
1213,0,0,0.088
1213,0,2,0.1
1213,1,0,0.088
1213,1,2,0.1
1213,2,0,0.088
1213,2,2,0.1
1213,3,0,0.088
1213,3,2,0.1
1214,0,0,0.088
1214,0,2,0.1
1214,0,3,0.088
1214,3,0,0.088
1214,3,2,0.1
1214,3,3,0.088
1215,0,0,0.088
1215,0,2,0.1
1215,1,0,0.088
1215,1,2,0.1
1215,2,0,0.088
1215,2,2,0.1
1215,3,0,0.088
1215,3,2,0.1
1220,0,0,0.088
1220,0,2,0.1
1220,0,3,0.01985430699293722
1220,1,0,0.088
1220,1,2,0.1
1220,1,3,0.088
1220,2,0,0.088
1220,2,2,0.1
1220,2,3,0.088
1220,3,0,0.088
1220,3,2,0.1
1220,3,3,0.088
1223,0,0,0.088
1223,0,2,0.1
1223,1,0,0.088
1223,1,2,0.1
1223,2,0,0.088
1223,2,2,0.1
1223,3,0,0.088
1223,3,2,0.1
1229,0,0,0.088
1229,0,2,0.1
1229,1,0,0.088
1229,1,2,0.1
1229,2,0,0.088
1229,2,2,0.1
1229,3,0,0.088
1229,3,2,0.1
1230,0,0,0.088
1230,0,2,0.1
1230,0,3,0.088
1230,1,0,0.088
1230,1,2,0.1
1230,1,3,0.088
1230,2,0,0.088
1230,2,2,0.1
1230,2,3,0.088
1230,3,0,0.088
1230,3,2,0.1
1230,3,3,0.088
1235,0,0,0.088
1235,0,2,0.1
1235,1,0,0.088
1235,1,2,0.1
1235,2,0,0.088
1235,2,2,0.1
1235,3,0,0.088
1235,3,2,0.1
1236,0,0,0.088
1236,0,2,0.1
1236,0,3,0.088
1236,1,0,0.00073840775272907
1236,1,2,0.1
1236,1,3,0.00073840775272907
1236,3,0,0.088
1236,3,2,0.1
1236,3,3,0.088
1237,0,0,0.088
1237,0,2,0.1
1237,0,3,0.088
1237,1,0,0.088
1237,1,2,0.1
1237,1,3,0.088
1237,2,0,0.088
1237,2,2,0.1
1237,2,3,0.088
1237,3,0,0.088
1237,3,2,0.1
1237,3,3,0.088
1239,0,0,0.088
1239,0,2,0.1
1239,1,0,0.088
1239,1,2,0.1
1239,1,3,0.088
1239,2,0,0.088
1239,2,2,0.1
1239,2,3,0.088
1239,3,0,0.088
1239,3,2,0.1
1240,0,0,0.088
1240,0,2,0.1
1240,1,0,0.088
1240,1,2,0.1
1240,2,0,0.088
1240,2,2,0.1
1240,3,0,0.088
1240,3,2,0.1
1242,0,0,0.088
1242,0,2,0.1
1242,0,3,0.088
1242,3,0,0.088
1242,3,2,0.1
1242,3,3,0.088
1243,0,0,0.088
1243,0,2,0.1
1243,1,0,0.088
1243,1,2,0.1
1243,2,0,0.088
1243,2,2,0.1
1243,3,0,0.088
1243,3,2,0.1
1246,0,0,0.088
1246,0,2,0.1
1246,1,0,0.088
1246,1,2,0.1
1246,2,0,0.088
1246,2,2,0.1
1246,3,0,0.088
1246,3,2,0.1
1247,0,0,0.088
1247,0,2,0.088
1247,0,3,0.088
1250,0,0,0.088
1250,0,2,0.1
1250,1,0,0.088
1250,1,2,0.1
1250,2,0,0.088
1250,2,2,0.1
1250,3,0,0.088
1250,3,2,0.1
1252,0,0,0.088
1252,0,2,0.1
1252,1,0,0.088
1252,1,2,0.1
1252,2,0,0.088
1252,2,2,0.1
1252,3,0,0.088
1252,3,2,0.1
1253,0,0,0.088
1253,0,2,0.1
1253,0,3,0.088
1253,1,0,0.088
1253,1,2,0.1
1253,1,3,0.088
1253,2,0,0.088
1253,2,2,0.1
1253,2,3,0.088
1253,3,0,0.088
1253,3,2,0.1
1253,3,3,0.088
1254,0,0,0.088
1254,0,2,0.1
1254,1,0,0.088
1254,1,2,0.1
1254,2,0,0.088
1254,2,2,0.1
1254,3,0,0.088
1254,3,2,0.1
1256,0,0,0.088
1256,0,2,0.1
1256,0,3,0.088
1256,1,0,0.088
1256,1,2,0.1
1256,1,3,0.088
1256,2,0,0.088
1256,2,2,0.1
1256,2,3,0.088
1256,3,0,0.088
1256,3,2,0.1
1256,3,3,0.088
1257,0,0,0.088
1257,0,2,0.1
1257,1,0,0.088
1257,1,2,0.1
1257,2,0,0.088
1257,2,2,0.1
1257,3,0,0.088
1257,3,2,0.1
1259,0,0,0.088
1259,0,2,0.1
1259,1,0,0.088
1259,1,2,0.1
1259,2,0,0.088
1259,2,2,0.1
1259,3,0,0.088
1259,3,2,0.1
1261,0,0,0.088
1261,0,2,0.1
1261,0,3,0.088
1261,1,2,0.1
1261,3,0,0.088
1261,3,2,0.1
1261,3,3,0.088
1263,0,0,0.088
1263,0,2,0.1
1263,1,0,0.088
1263,1,2,0.1
1263,2,0,0.088
1263,2,2,0.1
1263,3,0,0.088
1263,3,2,0.1
1265,0,0,0.088
1265,0,2,0.1
1265,0,3,0.088
1266,0,0,0.088
1266,0,2,0.1
1266,1,0,0.088
1266,1,2,0.1
1266,2,0,0.088
1266,2,2,0.1
1266,3,0,0.088
1266,3,2,0.1
1267,0,0,0.088
1267,0,2,0.1
1267,1,0,0.088
1267,1,2,0.1
1267,2,0,0.088
1267,2,2,0.1
1267,3,0,0.088
1267,3,2,0.1
1268,0,0,0.088
1268,0,2,0.1
1268,0,3,0.088
1268,1,0,0.088
1268,1,2,0.1
1268,1,3,0.088
1268,2,0,0.088
1268,2,2,0.1
1268,2,3,0.088
1268,3,0,0.088
1268,3,2,0.1
1268,3,3,0.088
1269,0,0,0.088
1269,0,2,0.1
1269,1,0,0.088
1269,1,2,0.1
1269,2,0,0.088
1269,2,2,0.1
1269,3,0,0.088
1269,3,2,0.1
1272,0,0,0.088
1272,0,2,0.1
1272,1,0,0.088
1272,1,2,0.1
1272,2,0,0.088
1272,2,2,0.1
1272,3,0,0.088
1272,3,2,0.1
1277,0,0,0.088
1277,0,2,0.1
1277,0,3,0.088
1277,1,0,0.088
1277,1,2,0.1
1277,1,3,0.088
1277,2,0,0.088
1277,2,2,0.1
1277,2,3,0.088
1277,3,0,0.088
1277,3,2,0.1
1277,3,3,0.088
1279,0,0,0.088
1279,0,2,0.1
1279,0,3,0.088
1279,1,0,0.088
1279,1,2,0.1
1279,1,3,0.088
1279,2,0,0.088
1279,2,2,0.1
1279,2,3,0.088
1279,3,0,0.088
1279,3,2,0.1
1279,3,3,0.088
1280,0,0,0.088
1280,0,2,0.1
1280,1,0,0.088
1280,1,2,0.1
1280,2,0,0.088
1280,2,2,0.1
1280,3,0,0.088
1280,3,2,0.1
1282,0,0,0.088
1282,0,2,0.1
1282,1,0,0.088
1282,1,2,0.1
1282,2,0,0.088
1282,2,2,0.1
1282,3,0,0.088
1282,3,2,0.1
1283,0,0,0.088
1283,0,2,0.1
1283,0,3,0.088
1283,1,0,0.088
1283,1,2,0.1
1283,1,3,0.088
1283,2,0,0.088
1283,2,2,0.1
1283,2,3,0.088
1283,3,0,0.088
1283,3,2,0.1
1283,3,3,0.088
1284,0,0,0.088
1284,0,2,0.1
1284,1,0,0.088
1284,1,2,0.1
1284,1,3,0.088
1284,2,0,0.088
1284,2,2,0.1
1284,3,0,0.088
1284,3,2,0.1
1287,0,0,0.088
1287,0,2,0.1
1287,0,3,0.088
1287,1,0,0.088
1287,1,2,0.1
1287,1,3,0.088
1287,2,0,0.088
1287,2,2,0.1
1287,2,3,0.088
1287,3,0,0.088
1287,3,2,0.1
1287,3,3,0.088
1293,0,0,0.088
1293,0,2,0.1
1293,1,0,0.088
1293,1,2,0.1
1293,2,0,0.088
1293,2,2,0.1
1293,3,0,0.088
1293,3,2,0.1
1294,0,0,0.088
1294,0,2,0.1
1294,1,0,0.088
1294,1,2,0.1
1294,2,0,0.088
1294,2,2,0.1
1294,3,0,0.088
1294,3,2,0.1
1295,0,0,0.088
1295,0,2,0.088
1295,0,3,0.088
1297,0,0,0.088
1297,0,2,0.1
1297,0,3,0.088
1297,1,0,0.088
1297,1,2,0.1
1297,1,3,0.088
1297,2,0,0.088
1297,2,2,0.1
1297,2,3,0.088
1297,3,0,0.088
1297,3,2,0.1
1297,3,3,0.088
1299,0,0,0.088
1299,0,2,0.1
1299,1,0,0.088
1299,1,2,0.1
1299,2,0,0.088
1299,2,2,0.1
1299,3,0,0.088
1299,3,2,0.1
1301,0,0,0.088
1301,0,2,0.1
1301,1,0,0.088
1301,1,2,0.1
1301,2,0,0.088
1301,2,2,0.1
1301,3,0,0.088
1301,3,2,0.1
1305,0,0,0.088
1305,0,2,0.1
1305,1,0,0.054279061043983334
1305,1,2,0.1
1305,1,3,0.054279061043983334
1305,2,0,0.088
1305,2,2,0.1
1305,2,3,0.088
1305,3,0,0.088
1305,3,2,0.1
1305,3,3,0.07702722638637044
1309,0,0,0.088
1309,0,2,0.1
1309,0,3,0.088
1309,3,0,0.088
1309,3,2,0.1
1309,3,3,0.088
1310,0,0,0.088
1310,0,2,0.1
1310,0,3,0.088
1310,3,0,0.088
1310,3,2,0.1
1310,3,3,0.088
1311,0,0,0.088
1311,0,2,0.1
1311,0,3,0.088
1311,3,0,0.088
1311,3,2,0.1
1311,3,3,0.088
1313,0,0,0.088
1313,0,2,0.1
1313,1,0,0.088
1313,1,2,0.1
1313,2,0,0.088
1313,2,2,0.1
1313,3,0,0.088
1313,3,2,0.1
1315,0,0,0.088
1315,0,2,0.1
1315,1,0,0.088
1315,1,2,0.1
1315,2,0,0.088
1315,2,2,0.1
1315,3,0,0.088
1315,3,2,0.1
1316,0,0,0.088
1316,0,2,0.1
1316,1,0,0.088
1316,1,2,0.1
1316,2,0,0.088
1316,2,2,0.1
1316,3,0,0.088
1316,3,2,0.1
1317,0,0,0.088
1317,0,2,0.1
1317,0,3,0.088
1317,1,0,0.088
1317,1,2,0.1
1317,1,3,0.088
1317,2,0,0.088
1317,2,2,0.088
1317,2,3,0.088
1317,3,0,0.088
1317,3,2,0.1
1317,3,3,0.088
1318,0,0,0.088
1318,0,2,0.1
1318,0,3,0.088
1318,1,0,0.04128798534619796
1318,1,2,0.1
1318,1,3,0.04128798534619796
1318,2,0,0.088
1318,2,2,0.1
1318,2,3,0.088
1318,3,0,0.088
1318,3,2,0.1
1318,3,3,0.088
1324,0,0,0.088
1324,0,2,0.1
1324,0,3,0.0857106006512397
1324,1,0,0.088
1324,1,2,0.1
1324,1,3,0.088
1324,2,0,0.088
1324,2,2,0.1
1324,2,3,0.088
1324,3,0,0.088
1324,3,2,0.1
1324,3,3,0.088
1328,0,0,0.088
1328,0,2,0.1
1328,1,0,0.088
1328,1,2,0.1
1328,1,3,0.088
1328,2,0,0.088
1328,2,2,0.1
1328,2,3,0.088
1328,3,0,0.088
1328,3,2,0.1
1330,0,0,0.088
1330,0,2,0.1
1330,0,3,0.088
1330,1,0,0.088
1330,1,2,0.1
1330,1,3,0.088
1330,2,0,0.088
1330,2,2,0.1
1330,2,3,0.088
1330,3,0,0.088
1330,3,2,0.1
1330,3,3,0.088
1331,0,0,0.088
1331,0,2,0.088
1331,0,3,0.088
1332,0,0,0.088
1332,0,2,0.1
1332,0,3,0.088
1332,1,0,0.088
1332,1,2,0.1
1332,1,3,0.088
1332,2,0,0.088
1332,2,2,0.1
1332,2,3,0.088
1332,3,0,0.088
1332,3,2,0.1
1332,3,3,0.088
1333,0,0,0.088
1333,0,2,0.1
1333,1,0,0.088
1333,1,2,0.1
1333,2,0,0.088
1333,2,2,0.1
1333,3,0,0.088
1333,3,2,0.1
1336,0,0,0.088
1336,0,2,0.1
1336,0,3,0.088
1336,1,2,0.1
1336,2,2,0.1
1336,3,0,0.088
1336,3,2,0.1
1336,3,3,0.088
1338,0,0,0.088
1338,0,2,0.1
1338,1,0,0.088
1338,1,2,0.1
1338,2,0,0.088
1338,2,2,0.1
1338,3,0,0.088
1338,3,2,0.1
1339,0,0,0.088
1339,0,2,0.1
1339,1,2,0.1
1339,2,0,0.06405472580322788
1339,2,2,0.1
1339,2,3,0.06405472580322788
1339,3,0,0.088
1339,3,2,0.1
1340,0,0,0.088
1340,0,2,0.1
1340,1,0,0.088
1340,1,2,0.1
1340,2,0,0.088
1340,2,2,0.1
1340,3,0,0.088
1340,3,2,0.1
1344,0,0,0.088
1344,0,2,0.1
1344,1,0,0.088
1344,1,2,0.1
1344,2,0,0.088
1344,2,2,0.1
1344,3,0,0.088
1344,3,2,0.1
1347,0,0,0.088
1347,0,2,0.1
1347,1,0,0.088
1347,1,2,0.1
1347,2,0,0.088
1347,2,2,0.1
1347,3,0,0.088
1347,3,2,0.1
1349,0,0,0.088
1349,0,2,0.1
1349,1,0,0.088
1349,1,2,0.1
1349,1,3,0.088
1349,2,0,0.088
1349,2,2,0.1
1349,2,3,0.088
1349,3,0,0.088
1349,3,2,0.1
1349,3,3,0.088
1354,0,0,0.088
1354,0,2,0.1
1354,0,3,0.088
1356,0,0,0.088
1356,0,2,0.1
1356,1,0,0.088
1356,1,2,0.1
1356,1,3,0.088
1356,2,0,0.088
1356,2,2,0.1
1356,2,3,0.061499011555125466
1356,3,0,0.088
1356,3,2,0.1
1360,0,0,0.0006651135305933142
1360,0,2,0.0006651135305933142
1360,0,3,0.0006651135305933142
1361,0,0,0.088
1361,0,2,0.1
1361,0,3,0.088
1361,1,0,0.088
1361,1,2,0.1
1361,1,3,0.088
1361,2,0,0.088
1361,2,2,0.1
1361,2,3,0.088
1361,3,0,0.088
1361,3,2,0.1
1361,3,3,0.088
1363,0,0,0.088
1363,0,2,0.1
1363,1,0,0.088
1363,1,2,0.1
1363,2,0,0.088
1363,2,2,0.1
1363,3,0,0.088
1363,3,2,0.1
1367,0,0,0.088
1367,0,2,0.1
1367,1,0,0.088
1367,1,2,0.1
1367,2,0,0.088
1367,2,2,0.1
1367,3,0,0.088
1367,3,2,0.1
1369,0,0,0.088
1369,0,2,0.1
1369,1,0,0.088
1369,1,2,0.1
1369,1,3,0.088
1369,2,0,0.088
1369,2,2,0.1
1369,2,3,0.088
1369,3,0,0.088
1369,3,2,0.1
1369,3,3,0.088
1370,0,0,0.088
1370,0,2,0.1
1370,1,0,0.088
1370,1,2,0.1
1370,2,0,0.088
1370,2,2,0.1
1370,3,0,0.088
1370,3,2,0.1
1371,0,0,0.088
1371,0,2,0.1
1371,1,2,0.1
1371,2,0,0.07315291162591213
1371,2,2,0.1
1371,2,3,0.07315291162591213
1371,3,0,0.088
1371,3,2,0.1
1371,3,3,0.088
1372,0,0,0.088
1372,0,2,0.1
1372,0,3,0.088
1373,0,0,0.088
1373,0,2,0.1
1373,0,3,0.088
1373,1,0,0.088
1373,1,2,0.1
1373,1,3,0.088
1373,2,0,0.088
1373,2,2,0.088
1373,2,3,0.088
1373,3,0,0.088
1373,3,2,0.1
1373,3,3,0.088
1375,0,0,0.088
1375,0,2,0.1
1375,0,3,0.088
1375,1,0,0.088
1375,1,2,0.1
1375,1,3,0.088
1375,2,0,0.088
1375,2,2,0.1
1375,2,3,0.088
1375,3,0,0.088
1375,3,2,0.1
1375,3,3,0.088
1378,0,0,0.088
1378,0,2,0.1
1378,0,3,0.088
1378,1,0,0.088
1378,1,2,0.088
1378,1,3,0.088
1378,3,0,0.088
1378,3,2,0.1
1378,3,3,0.088
1380,0,0,0.088
1380,0,2,0.1
1380,1,2,0.1
1380,2,0,0.088
1380,2,2,0.1
1380,2,3,0.088
1380,3,0,0.088
1380,3,2,0.1
1381,0,0,0.088
1381,0,2,0.088
1381,0,3,0.088
1382,0,0,0.088
1382,0,2,0.1
1382,1,0,0.088
1382,1,2,0.1
1382,1,3,0.088
1382,2,0,0.07673451581404939
1382,2,2,0.1
1382,2,3,0.07673451581404939
1382,3,0,0.088
1382,3,2,0.1
1383,0,0,0.088
1383,0,2,0.1
1383,0,3,0.088
1383,3,0,0.088
1383,3,2,0.1
1383,3,3,0.088
1390,0,0,0.088
1390,0,2,0.1
1390,0,3,0.088
1390,1,0,0.088
1390,1,2,0.1
1390,1,3,0.088
1390,2,0,0.088
1390,2,2,0.1
1390,2,3,0.088
1390,3,0,0.088
1390,3,2,0.1
1390,3,3,0.088
1391,0,0,0.088
1391,0,2,0.1
1391,1,0,0.088
1391,1,2,0.1
1391,2,0,0.088
1391,2,2,0.1
1391,3,0,0.088
1391,3,2,0.1
1395,0,0,0.088
1395,0,2,0.1
1395,1,0,0.088
1395,1,2,0.1
1395,1,3,0.088
1395,2,0,0.088
1395,2,2,0.1
1395,2,3,0.088
1395,3,0,0.088
1395,3,2,0.1
1395,3,3,0.088
1396,0,0,0.088
1396,0,2,0.1
1396,1,0,0.088
1396,1,2,0.1
1396,2,0,0.088
1396,2,2,0.1
1396,3,0,0.088
1396,3,2,0.1
1397,0,0,0.088
1397,0,2,0.1
1397,1,0,0.088
1397,1,2,0.1
1397,2,0,0.088
1397,2,2,0.1
1397,3,0,0.088
1397,3,2,0.1
1398,0,0,0.088
1398,0,2,0.1
1398,1,0,0.088
1398,1,2,0.1
1398,1,3,0.088
1398,2,0,0.088
1398,2,2,0.1
1398,2,3,0.088
1398,3,0,0.088
1398,3,2,0.1
1398,3,3,0.088
1399,0,0,0.088
1399,0,2,0.1
1399,0,3,0.088
1399,1,0,0.088
1399,1,2,0.1
1399,1,3,0.088
1399,2,0,0.088
1399,2,2,0.1
1399,2,3,0.088
1399,3,0,0.088
1399,3,2,0.1
1399,3,3,0.088
1402,0,0,0.088
1402,0,2,0.1
1402,1,0,0.088
1402,1,2,0.1
1402,2,0,0.088
1402,2,2,0.1
1402,3,0,0.088
1402,3,2,0.1
1406,0,0,0.088
1406,0,2,0.1
1406,1,0,0.088
1406,1,2,0.1
1406,1,3,0.088
1406,2,0,0.088
1406,2,2,0.1
1406,2,3,0.088
1406,3,0,0.088
1406,3,2,0.1
1406,3,3,0.088
1407,0,0,0.088
1407,0,2,0.1
1407,0,3,0.088
1407,1,0,0.088
1407,1,2,0.1
1407,1,3,0.088
1407,2,0,0.088
1407,2,2,0.1
1407,2,3,0.088
1407,3,0,0.088
1407,3,2,0.1
1407,3,3,0.088
1408,0,0,0.088
1408,0,2,0.1
1408,1,0,0.088
1408,1,2,0.1
1408,2,0,0.088
1408,2,2,0.1
1408,3,0,0.088
1408,3,2,0.1
1409,0,0,0.088
1409,0,2,0.1
1409,1,0,0.088
1409,1,2,0.1
1409,1,3,0.088
1409,2,0,0.088
1409,2,2,0.1
1409,2,3,0.088
1409,3,0,0.088
1409,3,2,0.1
1410,0,0,0.088
1410,0,2,0.1
1410,0,3,0.06180504775775156
1410,1,0,0.088
1410,1,2,0.1
1410,1,3,0.088
1410,2,0,0.088
1410,2,2,0.1
1410,2,3,0.088
1410,3,0,0.088
1410,3,2,0.1
1410,3,3,0.088
1411,0,0,0.088
1411,0,2,0.1
1411,1,0,0.088
1411,1,2,0.1
1411,2,0,0.088
1411,2,2,0.1
1411,3,0,0.088
1411,3,2,0.1
1412,0,0,0.088
1412,0,2,0.1
1412,1,0,0.088
1412,1,2,0.1
1412,2,0,0.088
1412,2,2,0.1
1412,3,0,0.088
1412,3,2,0.1
1414,0,0,0.088
1414,0,2,0.1
1414,1,0,0.088
1414,1,2,0.1
1414,1,3,0.088
1414,2,0,0.088
1414,2,2,0.1
1414,2,3,0.088
1414,3,0,0.088
1414,3,2,0.1
1415,0,0,0.088
1415,0,2,0.1
1415,1,0,0.088
1415,1,2,0.1
1415,2,0,0.088
1415,2,2,0.1
1415,3,0,0.088
1415,3,2,0.1
1416,0,0,0.088
1416,0,2,0.1
1416,1,0,0.088
1416,1,2,0.1
1416,2,0,0.088
1416,2,2,0.1
1416,3,0,0.088
1416,3,2,0.1
1417,0,0,0.088
1417,0,2,0.1
1417,1,0,0.088
1417,1,2,0.1
1417,2,0,0.088
1417,2,2,0.1
1417,3,0,0.088
1417,3,2,0.1
1420,0,0,0.088
1420,0,2,0.1
1420,1,0,0.088
1420,1,2,0.1
1420,2,0,0.088
1420,2,2,0.1
1420,3,0,0.088
1420,3,2,0.1
1421,0,0,0.088
1421,0,2,0.1
1421,0,3,0.088
1421,1,0,0.088
1421,1,2,0.1
1421,1,3,0.088
1421,2,0,0.088
1421,2,2,0.1
1421,2,3,0.088
1421,3,0,0.088
1421,3,2,0.1
1421,3,3,0.088
1422,0,0,0.088
1422,0,2,0.1
1422,1,0,0.088
1422,1,2,0.1
1422,2,0,0.088
1422,2,2,0.1
1422,3,0,0.088
1422,3,2,0.1
1423,0,0,0.088
1423,0,2,0.1
1423,0,3,0.088
1423,1,0,0.088
1423,1,2,0.1
1423,1,3,0.088
1423,2,0,0.088
1423,2,2,0.1
1423,2,3,0.088
1423,3,0,0.088
1423,3,2,0.1
1423,3,3,0.088
1426,0,0,0.088
1426,0,2,0.1
1426,1,0,0.088
1426,1,2,0.1
1426,1,3,0.088
1426,2,0,0.088
1426,2,2,0.1
1426,2,3,0.088
1426,3,0,0.088
1426,3,2,0.1
1427,0,0,0.088
1427,0,2,0.1
1427,1,0,0.088
1427,1,2,0.1
1427,2,0,0.088
1427,2,2,0.1
1427,3,0,0.088
1427,3,2,0.1
1428,0,0,0.088
1428,0,2,0.1
1428,1,0,0.088
1428,1,2,0.1
1428,1,3,0.088
1428,2,0,0.088
1428,2,2,0.1
1428,2,3,0.088
1428,3,0,0.088
1428,3,2,0.1
1429,0,0,0.088
1429,0,2,0.1
1429,1,0,0.088
1429,1,2,0.1
1429,2,0,0.088
1429,2,2,0.1
1429,3,0,0.088
1429,3,2,0.1
1430,0,0,0.088
1430,0,2,0.088
1430,0,3,0.088
1433,0,0,0.088
1433,0,2,0.1
1433,1,0,0.088
1433,1,2,0.1
1433,1,3,0.088
1433,2,0,0.088
1433,2,2,0.1
1433,3,0,0.088
1433,3,2,0.1
1435,0,0,0.088
1435,0,2,0.1
1435,0,3,0.088
1435,1,0,0.088
1435,1,2,0.1
1435,1,3,0.088
1435,2,0,0.088
1435,2,2,0.1
1435,2,3,0.088
1435,3,0,0.088
1435,3,2,0.1
1435,3,3,0.088
1436,0,0,0.088
1436,0,2,0.1
1436,0,3,0.088
1436,3,0,0.088
1436,3,2,0.1
1436,3,3,0.088
1442,0,0,0.088
1442,0,2,0.1
1442,1,0,0.088
1442,1,2,0.1
1442,2,0,0.088
1442,2,2,0.1
1442,3,0,0.088
1442,3,2,0.1
1443,0,0,0.088
1443,0,2,0.1
1443,0,3,0.088
1443,1,2,0.1
1443,2,2,0.030386867972361536
1443,3,0,0.088
1443,3,2,0.1
1443,3,3,0.088
1449,0,0,0.088
1449,0,2,0.1
1449,0,3,0.088
1449,3,0,0.088
1449,3,2,0.1
1449,3,3,0.088
1450,0,0,0.088
1450,0,2,0.1
1450,0,3,0.088
1452,0,0,0.088
1452,0,2,0.1
1452,1,0,0.088
1452,1,2,0.1
1452,2,0,0.088
1452,2,2,0.1
1452,3,0,0.088
1452,3,2,0.1
1454,0,0,0.088
1454,0,2,0.088
1454,0,3,0.088
1455,0,0,0.088
1455,0,2,0.1
1455,0,3,0.054865965959582236
1455,1,2,0.1
1455,2,0,0.088
1455,2,2,0.1
1455,2,3,0.088
1455,3,0,0.088
1455,3,2,0.1
1455,3,3,0.088
1459,0,0,0.088
1459,0,2,0.1
1459,1,0,0.088
1459,1,2,0.1
1459,2,0,0.088
1459,2,2,0.1
1459,3,0,0.088
1459,3,2,0.1
1460,0,0,0.088
1460,0,2,0.1
1460,1,0,0.088
1460,1,2,0.1
1460,1,3,0.088
1460,2,2,0.1
1460,3,0,0.088
1460,3,2,0.1
1460,3,3,0.011122204933857127
1462,0,0,0.088
1462,0,2,0.1
1462,1,0,0.088
1462,1,2,0.1
1462,1,3,0.088
1462,2,0,0.088
1462,2,2,0.1
1462,2,3,0.088
1462,3,0,0.088
1462,3,2,0.1
1462,3,3,0.088
1463,0,0,0.088
1463,0,2,0.1
1463,1,0,0.088
1463,1,2,0.1
1463,2,0,0.088
1463,2,2,0.1
1463,3,0,0.088
1463,3,2,0.1
1464,0,0,0.088
1464,0,2,0.088
1464,0,3,0.088
1465,0,0,0.088
1465,0,2,0.1
1465,1,0,0.088
1465,1,2,0.1
1465,2,0,0.088
1465,2,2,0.1
1465,3,0,0.088
1465,3,2,0.1
1467,0,0,0.088
1467,0,2,0.1
1467,1,0,0.088
1467,1,2,0.1
1467,1,3,0.088
1467,2,0,0.088
1467,2,2,0.1
1467,2,3,0.088
1467,3,0,0.088
1467,3,2,0.1
1468,0,0,0.088
1468,0,2,0.1
1468,1,0,0.088
1468,1,2,0.1
1468,2,0,0.088
1468,2,2,0.1
1468,3,0,0.088
1468,3,2,0.1
1470,0,0,0.088
1470,0,2,0.1
1470,1,0,0.088
1470,1,2,0.1
1470,2,0,0.088
1470,2,2,0.1
1470,3,0,0.088
1470,3,2,0.1
1473,0,0,0.088
1473,0,2,0.1
1473,1,0,0.088
1473,1,2,0.1
1473,1,3,0.088
1473,2,0,0.07630086606688918
1473,2,2,0.1
1473,2,3,0.07630086606688918
1473,3,0,0.088
1473,3,2,0.1
1473,3,3,0.088
1477,0,0,0.088
1477,0,2,0.1
1477,0,3,0.088
1481,0,0,0.088
1481,0,2,0.1
1481,1,0,0.088
1481,1,2,0.1
1481,1,3,0.088
1481,2,0,0.088
1481,2,2,0.1
1481,2,3,0.088
1481,3,0,0.088
1481,3,2,0.1
1484,0,0,0.088
1484,0,2,0.1
1484,0,3,0.088
1484,1,2,0.1
1484,2,0,0.088
1484,2,2,0.1
1484,2,3,0.088
1484,3,2,0.1
1485,0,0,0.088
1485,0,2,0.1
1485,1,0,0.088
1485,1,2,0.1
1485,2,0,0.088
1485,2,2,0.1
1485,3,0,0.088
1485,3,2,0.1
1487,0,0,0.088
1487,0,2,0.1
1487,1,0,0.088
1487,1,2,0.1
1487,1,3,0.00023376880089978624
1487,2,0,0.088
1487,2,2,0.1
1487,3,0,0.088
1487,3,2,0.1
1489,0,0,0.088
1489,0,2,0.1
1489,0,3,0.088
1489,1,0,0.03870084918835284
1489,1,2,0.1
1489,1,3,0.03870084918835284
1489,2,0,0.020371560470967637
1489,2,2,0.1
1489,2,3,0.020371560470967637
1489,3,0,0.088
1489,3,2,0.1
1489,3,3,0.088
1490,0,0,0.088
1490,0,2,0.1
1490,1,0,0.088
1490,1,2,0.1
1490,2,0,0.088
1490,2,2,0.1
1490,3,0,0.088
1490,3,2,0.1
1493,0,0,0.088
1493,0,2,0.1
1493,1,0,0.088
1493,1,2,0.1
1493,2,0,0.088
1493,2,2,0.1
1493,3,0,0.088
1493,3,2,0.1
1494,0,0,0.088
1494,0,2,0.1
1494,1,0,0.088
1494,1,2,0.1
1494,2,0,0.088
1494,2,2,0.1
1494,3,0,0.088
1494,3,2,0.1
1495,0,0,0.088
1495,0,2,0.1
1495,0,3,0.088
1495,1,0,0.004705061671780558
1495,1,2,0.1
1495,1,3,0.004705061671780558
1495,2,0,0.011843296275446807
1495,2,2,0.011843296275446807
1495,2,3,0.011843296275446807
1495,3,0,0.088
1495,3,2,0.1
1495,3,3,0.088
1500,0,0,0.088
1500,0,2,0.1
1500,1,0,0.088
1500,1,2,0.1
1500,2,0,0.088
1500,2,2,0.1
1500,3,0,0.088
1500,3,2,0.1
1503,0,0,0.088
1503,0,2,0.1
1503,0,3,0.088
1503,1,0,0.088
1503,1,2,0.1
1503,1,3,0.088
1503,2,0,0.088
1503,2,2,0.1
1503,2,3,0.088
1503,3,0,0.088
1503,3,2,0.1
1503,3,3,0.088
1504,0,0,0.088
1504,0,2,0.1
1504,0,3,0.088
1504,1,0,0.088
1504,1,2,0.1
1504,1,3,0.088
1504,2,0,0.088
1504,2,2,0.1
1504,2,3,0.088
1504,3,0,0.088
1504,3,2,0.1
1504,3,3,0.088
1506,0,0,0.088
1506,0,2,0.1
1506,1,0,0.088
1506,1,2,0.1
1506,2,0,0.088
1506,2,2,0.1
1506,3,0,0.088
1506,3,2,0.1
1509,0,0,0.088
1509,0,2,0.1
1509,0,3,0.088
1509,3,0,0.088
1509,3,2,0.088
1509,3,3,0.088
1510,0,0,0.088
1510,0,2,0.1
1510,1,0,0.088
1510,1,2,0.1
1510,2,0,0.088
1510,2,2,0.1
1510,3,0,0.088
1510,3,2,0.1
1511,0,0,0.088
1511,0,2,0.1
1511,1,0,0.088
1511,1,2,0.1
1511,2,0,0.088
1511,2,2,0.1
1511,3,0,0.088
1511,3,2,0.1
1513,0,0,0.088
1513,0,2,0.1
1513,1,0,0.088
1513,1,2,0.1
1513,1,3,0.088
1513,2,0,0.088
1513,2,2,0.1
1513,2,3,0.088
1513,3,0,0.088
1513,3,2,0.1
1515,0,0,0.088
1515,0,2,0.1
1515,1,2,0.1
1515,2,0,0.088
1515,2,2,0.1
1515,2,3,0.088
1515,3,0,0.06510229159716635
1515,3,2,0.1
1515,3,3,0.06510229159716635
1518,0,0,0.088
1518,0,2,0.1
1518,0,3,0.088
1518,1,0,0.088
1518,1,2,0.088
1518,1,3,0.088
1518,2,0,0.088
1518,2,2,0.088
1518,2,3,0.088
1518,3,0,0.088
1518,3,2,0.1
1518,3,3,0.088
1521,0,0,0.088
1521,0,2,0.1
1521,0,3,0.088
1521,3,0,0.088
1521,3,2,0.09476758933323735
1521,3,3,0.088
1525,0,0,0.088
1525,0,2,0.1
1525,1,0,0.088
1525,1,2,0.1
1525,2,0,0.088
1525,2,2,0.1
1525,3,0,0.088
1525,3,2,0.1
1526,0,0,0.088
1526,0,2,0.1
1526,1,0,0.088
1526,1,2,0.1
1526,2,0,0.088
1526,2,2,0.1
1526,3,0,0.088
1526,3,2,0.1
1529,0,0,0.088
1529,0,2,0.1
1529,0,3,0.088
1530,0,0,0.088
1530,0,2,0.1
1530,1,0,0.088
1530,1,2,0.1
1530,2,0,0.088
1530,2,2,0.1
1530,3,0,0.088
1530,3,2,0.1
1534,0,0,0.088
1534,0,2,0.1
1534,1,0,0.088
1534,1,2,0.1
1534,1,3,0.088
1534,2,0,0.088
1534,2,2,0.1
1534,2,3,0.088
1534,3,0,0.088
1534,3,2,0.1
1536,0,0,0.088
1536,0,2,0.1
1536,1,0,0.088
1536,1,2,0.1
1536,2,0,0.088
1536,2,2,0.1
1536,3,0,0.088
1536,3,2,0.1
1537,0,0,0.088
1537,0,2,0.1
1537,1,0,0.088
1537,1,2,0.1
1537,1,3,0.088
1537,2,0,0.088
1537,2,2,0.1
1537,2,3,0.088
1537,3,0,0.088
1537,3,2,0.1
1540,0,0,0.088
1540,0,2,0.1
1540,1,0,0.088
1540,1,2,0.1
1540,2,0,0.088
1540,2,2,0.1
1540,3,0,0.088
1540,3,2,0.1
1541,0,0,0.088
1541,0,2,0.1
1541,1,0,0.088
1541,1,2,0.1
1541,2,0,0.088
1541,2,2,0.1
1541,3,0,0.088
1541,3,2,0.1
1542,0,0,0.088
1542,0,2,0.1
1542,1,0,0.088
1542,1,2,0.1
1542,2,0,0.088
1542,2,2,0.1
1542,3,0,0.088
1542,3,2,0.1
1543,0,0,0.088
1543,0,2,0.1
1543,1,0,0.088
1543,1,2,0.1
1543,2,0,0.088
1543,2,2,0.1
1543,3,0,0.088
1543,3,2,0.1
1546,0,0,0.088
1546,0,2,0.1
1546,1,0,0.088
1546,1,2,0.1
1546,2,0,0.088
1546,2,2,0.1
1546,3,0,0.088
1546,3,2,0.1
1549,0,0,0.088
1549,0,2,0.1
1549,0,3,0.088
1549,1,0,0.088
1549,1,2,0.1
1549,1,3,0.088
1549,2,0,0.088
1549,2,2,0.1
1549,2,3,0.088
1549,3,0,0.088
1549,3,2,0.1
1549,3,3,0.088
1550,0,0,0.088
1550,0,2,0.1
1550,0,3,0.07835278734112208
1550,1,0,0.088
1550,1,2,0.1
1550,1,3,0.088
1550,2,0,0.088
1550,2,2,0.1
1550,2,3,0.088
1550,3,0,0.088
1550,3,2,0.1
1550,3,3,0.088
1551,0,0,0.088
1551,0,2,0.1
1551,0,3,0.088
1551,1,0,0.08650445544621549
1551,1,2,0.1
1551,1,3,0.08650445544621549
1551,2,0,0.088
1551,2,2,0.1
1551,2,3,0.088
1551,3,0,0.088
1551,3,2,0.1
1551,3,3,0.088
1552,0,0,0.088
1552,0,2,0.1
1552,1,0,0.088
1552,1,2,0.1
1552,2,0,0.088
1552,2,2,0.1
1552,3,0,0.088
1552,3,2,0.1
1553,0,0,0.088
1553,0,2,0.1
1553,1,0,0.088
1553,1,2,0.1
1553,2,0,0.088
1553,2,2,0.1
1553,3,0,0.088
1553,3,2,0.1
1554,0,0,0.088
1554,0,2,0.1
1554,1,0,0.088
1554,1,2,0.1
1554,1,3,0.088
1554,2,0,0.088
1554,2,2,0.1
1554,2,3,0.088
1554,3,0,0.088
1554,3,2,0.1
1554,3,3,0.088
1557,0,0,0.088
1557,0,2,0.1
1557,0,3,0.088
1557,3,0,0.088
1557,3,2,0.1
1557,3,3,0.088
1560,0,0,0.088
1560,0,2,0.1
1560,1,0,0.088
1560,1,2,0.1
1560,2,0,0.088
1560,2,2,0.1
1560,3,0,0.088
1560,3,2,0.1
1561,0,0,0.088
1561,0,2,0.1
1561,1,0,0.088
1561,1,2,0.1
1561,2,0,0.088
1561,2,2,0.1
1561,3,0,0.088
1561,3,2,0.1
1562,0,0,0.088
1562,0,2,0.1
1562,1,0,0.088
1562,1,2,0.1
1562,2,0,0.088
1562,2,2,0.1
1562,3,0,0.088
1562,3,2,0.1
1566,0,0,0.088
1566,0,2,0.1
1566,1,0,0.088
1566,1,2,0.1
1566,2,0,0.088
1566,2,2,0.1
1566,3,0,0.088
1566,3,2,0.1
1567,0,0,0.088
1567,0,2,0.1
1567,1,0,0.088
1567,1,2,0.1
1567,2,0,0.088
1567,2,2,0.1
1567,3,0,0.088
1567,3,2,0.1
1568,0,0,0.088
1568,0,2,0.1
1568,1,0,0.088
1568,1,2,0.1
1568,2,0,0.088
1568,2,2,0.1
1568,3,0,0.088
1568,3,2,0.1
1572,0,0,0.088
1572,0,2,0.1
1572,1,0,0.088
1572,1,2,0.1
1572,2,0,0.088
1572,2,2,0.1
1572,3,0,0.088
1572,3,2,0.1
1573,0,0,0.088
1573,0,2,0.1
1573,1,0,0.088
1573,1,2,0.1
1573,2,0,0.088
1573,2,2,0.1
1573,3,0,0.088
1573,3,2,0.1
1579,0,0,0.088
1579,0,2,0.1
1579,1,0,0.088
1579,1,2,0.1
1579,1,3,0.088
1579,2,0,0.088
1579,2,2,0.1
1579,2,3,0.088
1579,3,0,0.088
1579,3,2,0.1
1579,3,3,0.088
1580,0,0,0.088
1580,0,2,0.1
1580,1,0,0.088
1580,1,2,0.1
1580,2,0,0.088
1580,2,2,0.1
1580,3,0,0.088
1580,3,2,0.1
1581,0,0,0.088
1581,0,2,0.1
1581,0,3,0.088
1582,0,0,0.088
1582,0,2,0.1
1582,0,3,0.088
1582,3,0,0.088
1582,3,2,0.1
1582,3,3,0.088
1586,0,0,0.088
1586,0,2,0.1
1586,0,3,0.088
1586,3,0,0.088
1586,3,2,0.088
1586,3,3,0.088
1590,0,0,0.088
1590,0,2,0.1
1590,0,3,0.088
1592,0,0,0.088
1592,0,2,0.1
1592,0,3,0.088
1592,1,0,0.088
1592,1,2,0.1
1592,1,3,0.088
1592,2,0,0.088
1592,2,2,0.1
1592,2,3,0.088
1592,3,0,0.088
1592,3,2,0.1
1592,3,3,0.088
1594,0,0,0.088
1594,0,2,0.1
1594,1,0,0.088
1594,1,2,0.1
1594,2,0,0.088
1594,2,2,0.1
1594,3,0,0.088
1594,3,2,0.1
1598,0,0,0.088
1598,0,2,0.1
1598,1,2,0.1
1598,2,0,0.088
1598,2,2,0.1
1598,2,3,0.088
1598,3,0,0.088
1598,3,2,0.1
1599,0,0,0.088
1599,0,2,0.1
1599,0,3,0.088
1599,1,0,0.088
1599,1,2,0.1
1599,1,3,0.088
1599,2,0,0.088
1599,2,2,0.1
1599,2,3,0.088
1599,3,0,0.088
1599,3,2,0.1
1599,3,3,0.088
1600,0,0,0.088
1600,0,2,0.1
1600,0,3,0.088
1600,1,2,0.1
1600,3,0,0.088
1600,3,2,0.1
1600,3,3,0.088
1606,0,0,0.088
1606,0,2,0.1
1606,1,0,0.088
1606,1,2,0.1
1606,2,0,0.088
1606,2,2,0.1
1606,3,0,0.088
1606,3,2,0.1
1607,0,0,0.088
1607,0,2,0.1
1607,0,3,0.088
1607,1,0,0.088
1607,1,2,0.1
1607,1,3,0.088
1607,2,0,0.030110048430466302
1607,2,2,0.1
1607,2,3,0.030110048430466302
1607,3,0,0.088
1607,3,2,0.1
1607,3,3,0.088
1609,0,0,0.088
1609,0,2,0.1
1609,0,3,0.088
1609,3,0,0.088
1609,3,2,0.088
1609,3,3,0.088
1610,0,0,0.088
1610,0,2,0.1
1610,1,0,0.088
1610,1,2,0.1
1610,2,0,0.088
1610,2,2,0.1
1610,3,0,0.088
1610,3,2,0.1
1615,0,0,0.088
1615,0,2,0.1
1615,1,0,0.088
1615,1,2,0.1
1615,1,3,0.088
1615,2,0,0.088
1615,2,2,0.1
1615,2,3,0.088
1615,3,0,0.088
1615,3,2,0.1
1615,3,3,0.06687410226042098
1617,0,0,0.088
1617,0,2,0.1
1617,0,3,0.088
1618,0,0,0.088
1618,0,2,0.1
1618,1,0,0.088
1618,1,2,0.1
1618,2,0,0.088
1618,2,2,0.1
1618,3,0,0.088
1618,3,2,0.1
1619,0,0,0.088
1619,0,2,0.1
1619,1,0,0.088
1619,1,2,0.1
1619,2,0,0.088
1619,2,2,0.1
1619,3,0,0.088
1619,3,2,0.1
1620,0,0,0.088
1620,0,2,0.1
1620,1,0,0.088
1620,1,2,0.1
1620,2,0,0.088
1620,2,2,0.1
1620,3,0,0.088
1620,3,2,0.1
1621,0,0,0.088
1621,0,2,0.1
1621,1,0,0.088
1621,1,2,0.1
1621,2,0,0.088
1621,2,2,0.1
1621,3,0,0.088
1621,3,2,0.1
1622,0,0,0.088
1622,0,2,0.1
1622,0,3,0.088
1622,3,0,0.088
1622,3,2,0.1
1622,3,3,0.088
1623,0,0,0.088
1623,0,2,0.1
1623,1,0,0.088
1623,1,2,0.1
1623,2,0,0.088
1623,2,2,0.1
1623,3,0,0.088
1623,3,2,0.1
1624,0,0,0.088
1624,0,2,0.1
1624,1,0,0.088
1624,1,2,0.1
1624,2,0,0.088
1624,2,2,0.1
1624,3,0,0.088
1624,3,2,0.1
1625,0,0,0.088
1625,0,2,0.1
1625,1,0,0.088
1625,1,2,0.1
1625,2,0,0.088
1625,2,2,0.1
1625,3,0,0.088
1625,3,2,0.1
1627,0,0,0.088
1627,0,2,0.1
1627,1,0,0.088
1627,1,2,0.1
1627,2,0,0.088
1627,2,2,0.1
1627,3,0,0.088
1627,3,2,0.1
1630,0,0,0.088
1630,0,2,0.1
1630,1,0,0.088
1630,1,2,0.1
1630,1,3,0.088
1630,2,0,0.088
1630,2,2,0.1
1630,2,3,0.088
1630,3,0,0.088
1630,3,2,0.1
1630,3,3,0.088
1633,0,0,0.088
1633,0,2,0.1
1633,0,3,0.088
1633,1,0,0.088
1633,1,2,0.1
1633,1,3,0.088
1633,2,0,0.088
1633,2,2,0.1
1633,2,3,0.088
1633,3,0,0.088
1633,3,2,0.1
1633,3,3,0.088
1634,0,0,0.088
1634,0,2,0.1
1634,1,0,0.088
1634,1,2,0.1
1634,2,0,0.088
1634,2,2,0.1
1634,3,0,0.088
1634,3,2,0.1
1635,0,0,0.088
1635,0,2,0.1
1635,0,3,0.088
1635,1,0,0.088
1635,1,2,0.1
1635,1,3,0.088
1635,2,0,0.088
1635,2,2,0.088
1635,2,3,0.088
1635,3,0,0.088
1635,3,2,0.1
1635,3,3,0.088
1643,0,0,0.088
1643,0,2,0.1
1643,0,3,0.088
1643,1,0,0.088
1643,1,2,0.1
1643,1,3,0.088
1643,2,0,0.088
1643,2,2,0.1
1643,2,3,0.088
1643,3,0,0.088
1643,3,2,0.1
1643,3,3,0.088
1644,0,0,0.088
1644,0,2,0.1
1644,0,3,0.088
1644,1,2,0.1
1644,2,0,0.06510006932628432
1644,2,2,0.1
1644,2,3,0.06510006932628432
1644,3,0,0.088
1644,3,2,0.1
1644,3,3,0.088
1645,0,0,0.088
1645,0,2,0.1
1645,1,0,0.088
1645,1,2,0.1
1645,2,0,0.088
1645,2,2,0.1
1645,3,0,0.088
1645,3,2,0.1
1646,0,0,0.088
1646,0,2,0.1
1646,0,3,0.088
1646,1,0,0.088
1646,1,2,0.1
1646,1,3,0.088
1646,2,0,0.088
1646,2,2,0.1
1646,2,3,0.088
1646,3,0,0.088
1646,3,2,0.1
1646,3,3,0.088
1647,0,0,0.088
1647,0,2,0.1
1647,1,0,0.088
1647,1,2,0.1
1647,1,3,0.088
1647,2,0,0.088
1647,2,2,0.1
1647,2,3,0.088
1647,3,0,0.088
1647,3,2,0.1
1653,0,0,0.088
1653,0,2,0.1
1653,1,0,0.088
1653,1,2,0.1
1653,1,3,0.088
1653,2,0,0.088
1653,2,2,0.1
1653,2,3,0.088
1653,3,0,0.088
1653,3,2,0.1
1653,3,3,0.088
1654,0,0,0.088
1654,0,2,0.1
1654,0,3,0.088
1654,3,0,0.088
1654,3,2,0.088
1654,3,3,0.088
1656,0,0,0.088
1656,0,2,0.1
1656,1,0,0.088
1656,1,2,0.1
1656,2,0,0.088
1656,2,2,0.1
1656,3,0,0.088
1656,3,2,0.1
1659,0,0,0.088
1659,0,2,0.1
1659,1,0,0.088
1659,1,2,0.1
1659,1,3,0.088
1659,2,0,0.088
1659,2,2,0.1
1659,2,3,0.088
1659,3,0,0.088
1659,3,2,0.1
1661,0,0,0.088
1661,0,2,0.1
1661,0,3,0.088
1661,1,0,0.088
1661,1,2,0.1
1661,1,3,0.088
1661,2,0,0.088
1661,2,2,0.1
1661,2,3,0.088
1661,3,0,0.088
1661,3,2,0.1
1661,3,3,0.088
1662,0,0,0.088
1662,0,2,0.1
1662,0,3,0.088
1662,1,0,0.049050612930204046
1662,1,2,0.1
1662,1,3,0.049050612930204046
1662,2,0,0.088
1662,2,2,0.1
1662,2,3,0.088
1662,3,0,0.088
1662,3,2,0.1
1662,3,3,0.088
1663,0,0,0.088
1663,0,2,0.1
1663,0,3,0.088
1663,1,0,0.04234912830502455
1663,1,2,0.1
1663,1,3,0.04234912830502455
1663,2,0,0.088
1663,2,2,0.1
1663,2,3,0.088
1663,3,0,0.088
1663,3,2,0.1
1663,3,3,0.088
1664,0,0,0.088
1664,0,2,0.1
1664,1,0,0.088
1664,1,2,0.1
1664,1,3,0.088
1664,2,0,0.088
1664,2,2,0.1
1664,2,3,0.088
1664,3,0,0.088
1664,3,2,0.1
1665,0,0,0.088
1665,0,2,0.1
1665,0,3,0.088
1665,3,0,0.088
1665,3,2,0.088
1665,3,3,0.088
1667,0,0,0.088
1667,0,2,0.1
1667,1,0,0.088
1667,1,2,0.1
1667,2,0,0.088
1667,2,2,0.1
1667,3,0,0.088
1667,3,2,0.1
1669,0,0,0.088
1669,0,2,0.1
1669,1,0,0.088
1669,1,2,0.1
1669,2,0,0.088
1669,2,2,0.1
1669,3,0,0.088
1669,3,2,0.1
1671,0,0,0.088
1671,0,2,0.1
1671,0,3,0.088
1671,1,0,0.088
1671,1,2,0.1
1671,1,3,0.088
1671,2,0,0.088
1671,2,2,0.1
1671,2,3,0.088
1671,3,0,0.088
1671,3,2,0.1
1671,3,3,0.088
1675,0,0,0.088
1675,0,2,0.1
1675,1,0,0.088
1675,1,2,0.1
1675,2,0,0.088
1675,2,2,0.1
1675,3,0,0.088
1675,3,2,0.1
1676,0,0,0.088
1676,0,2,0.1
1676,1,0,0.088
1676,1,2,0.1
1676,2,0,0.088
1676,2,2,0.1
1676,3,0,0.088
1676,3,2,0.1
1678,0,0,0.088
1678,0,2,0.1
1678,0,3,0.088
1679,0,0,0.088
1679,0,2,0.1
1679,0,3,0.088
1682,0,0,0.088
1682,0,2,0.1
1682,0,3,0.088
1682,1,0,0.088
1682,1,2,0.1
1682,1,3,0.088
1682,2,0,0.088
1682,2,2,0.1
1682,2,3,0.088
1682,3,0,0.088
1682,3,2,0.1
1682,3,3,0.088
1683,0,0,0.088
1683,0,2,0.1
1683,0,3,0.088
1683,3,0,0.088
1683,3,2,0.088
1683,3,3,0.088
1684,0,0,0.088
1684,0,2,0.1
1684,1,0,0.088
1684,1,2,0.1
1684,1,3,0.088
1684,2,0,0.088
1684,2,2,0.1
1684,2,3,0.088
1684,3,0,0.088
1684,3,2,0.1
1688,0,0,0.088
1688,0,2,0.1
1688,1,0,0.088
1688,1,2,0.1
1688,2,0,0.088
1688,2,2,0.1
1688,3,0,0.088
1688,3,2,0.1
1689,0,0,0.088
1689,0,2,0.1
1689,1,0,0.088
1689,1,2,0.1
1689,2,0,0.088
1689,2,2,0.1
1689,3,0,0.088
1689,3,2,0.1
1691,0,0,0.088
1691,0,2,0.1
1691,1,0,0.088
1691,1,2,0.1
1691,1,3,0.088
1691,2,0,0.088
1691,2,2,0.1
1691,2,3,0.088
1691,3,0,0.088
1691,3,2,0.1
1691,3,3,0.088
1692,0,0,0.088
1692,0,2,0.1
1692,0,3,0.088
1692,1,0,0.088
1692,1,2,0.1
1692,1,3,0.088
1692,2,0,0.088
1692,2,2,0.1
1692,2,3,0.088
1692,3,0,0.088
1692,3,2,0.1
1692,3,3,0.088
1693,0,0,0.088
1693,0,2,0.1
1693,1,0,0.088
1693,1,2,0.1
1693,2,0,0.088
1693,2,2,0.1
1693,3,0,0.088
1693,3,2,0.1
1694,0,0,0.088
1694,0,2,0.1
1694,0,3,0.088
1694,3,0,0.088
1694,3,2,0.088
1694,3,3,0.088
1696,0,0,0.088
1696,0,2,0.1
1696,0,3,0.088
1696,1,0,0.088
1696,1,2,0.1
1696,1,3,0.088
1696,2,0,0.088
1696,2,2,0.1
1696,2,3,0.088
1696,3,0,0.088
1696,3,2,0.1
1696,3,3,0.088
1697,0,0,0.088
1697,0,2,0.1
1697,1,0,0.088
1697,1,2,0.1
1697,1,3,0.088
1697,2,0,0.088
1697,2,2,0.1
1697,2,3,0.088
1697,3,0,0.088
1697,3,2,0.1
1699,0,0,0.088
1699,0,2,0.1
1699,1,0,0.088
1699,1,2,0.1
1699,2,0,0.088
1699,2,2,0.1
1699,3,0,0.088
1699,3,2,0.1
1700,0,0,0.088
1700,0,2,0.1
1700,0,3,0.088
1700,1,0,0.088
1700,1,2,0.1
1700,1,3,0.088
1700,2,0,0.088
1700,2,2,0.1
1700,2,3,0.088
1700,3,0,0.088
1700,3,2,0.1
1700,3,3,0.088
1701,0,0,0.088
1701,0,2,0.1
1701,0,3,0.088
1701,1,0,0.088
1701,1,2,0.1
1701,1,3,0.088
1701,2,0,0.088
1701,2,2,0.1
1701,2,3,0.088
1701,3,0,0.088
1701,3,2,0.1
1701,3,3,0.088
1704,0,0,0.088
1704,0,2,0.1
1704,1,0,0.088
1704,1,2,0.1
1704,2,0,0.088
1704,2,2,0.1
1704,3,0,0.088
1704,3,2,0.1
1707,0,0,0.088
1707,0,2,0.1
1707,1,0,0.088
1707,1,2,0.1
1707,2,0,0.088
1707,2,2,0.1
1707,3,0,0.088
1707,3,2,0.1
1710,0,0,0.088
1710,0,2,0.1
1710,0,3,0.088
1710,1,0,0.088
1710,1,2,0.1
1710,1,3,0.088
1710,2,0,0.088
1710,2,2,0.1
1710,2,3,0.088
1710,3,0,0.088
1710,3,2,0.1
1710,3,3,0.088
1711,0,0,0.088
1711,0,2,0.1
1711,1,0,0.088
1711,1,2,0.1
1711,2,0,0.088
1711,2,2,0.1
1711,3,0,0.088
1711,3,2,0.1
1715,0,0,0.088
1715,0,2,0.1
1715,1,0,0.088
1715,1,2,0.1
1715,2,0,0.088
1715,2,2,0.1
1715,3,0,0.088
1715,3,2,0.1
1717,0,0,0.088
1717,0,2,0.1
1717,1,0,0.088
1717,1,2,0.1
1717,1,3,0.088
1717,2,0,0.088
1717,2,2,0.1
1717,2,3,0.088
1717,3,0,0.088
1717,3,2,0.1
1720,0,0,0.088
1720,0,2,0.1
1720,1,0,0.088
1720,1,2,0.1
1720,2,0,0.088
1720,2,2,0.1
1720,3,0,0.088
1720,3,2,0.1
1721,0,0,0.088
1721,0,2,0.1
1721,1,0,0.088
1721,1,2,0.1
1721,2,0,0.088
1721,2,2,0.1
1721,3,0,0.088
1721,3,2,0.1
1722,0,0,0.088
1722,0,2,0.1
1722,0,3,0.088
1723,0,0,0.088
1723,0,2,0.1
1723,1,0,0.088
1723,1,2,0.1
1723,2,0,0.088
1723,2,2,0.1
1723,3,0,0.088
1723,3,2,0.1
1725,0,0,0.088
1725,0,2,0.1
1725,0,3,0.088
1725,1,0,0.054786283434983346
1725,1,2,0.1
1725,1,3,0.054786283434983346
1725,2,0,0.029945350233851836
1725,2,2,0.1
1725,2,3,0.029945350233851836
1725,3,0,0.088
1725,3,2,0.1
1725,3,3,0.088
1727,0,0,0.088
1727,0,2,0.1
1727,0,3,0.088
1728,0,0,0.088
1728,0,2,0.1
1728,1,0,0.088
1728,1,2,0.1
1728,2,0,0.088
1728,2,2,0.1
1728,3,0,0.088
1728,3,2,0.1
1729,0,0,0.088
1729,0,2,0.1
1729,1,0,0.088
1729,1,2,0.1
1729,2,0,0.088
1729,2,2,0.1
1729,3,0,0.088
1729,3,2,0.1
1731,0,0,0.088
1731,0,2,0.1
1731,0,3,0.088
1731,1,0,0.088
1731,1,2,0.1
1731,1,3,0.088
1731,2,2,0.1
1731,3,0,0.088
1731,3,2,0.1
1731,3,3,0.088
1732,0,0,0.088
1732,0,2,0.1
1732,0,3,0.088
1732,3,0,0.088
1732,3,2,0.1
1732,3,3,0.088
1733,0,0,0.088
1733,0,2,0.1
1733,0,3,0.088
1734,0,0,0.088
1734,0,2,0.1
1734,0,3,0.088
1734,1,2,0.1
1734,3,0,0.088
1734,3,2,0.1
1734,3,3,0.088
1738,0,0,0.088
1738,0,2,0.1
1738,0,3,0.088
1740,0,0,0.088
1740,0,2,0.1
1740,1,0,0.088
1740,1,2,0.1
1740,2,0,0.088
1740,2,2,0.1
1740,3,0,0.088
1740,3,2,0.1
1741,0,0,0.088
1741,0,2,0.1
1741,1,0,0.088
1741,1,2,0.1
1741,2,0,0.088
1741,2,2,0.1
1741,3,0,0.088
1741,3,2,0.1
1743,0,0,0.088
1743,0,2,0.1
1743,1,0,0.088
1743,1,2,0.1
1743,2,0,0.088
1743,2,2,0.1
1743,3,0,0.088
1743,3,2,0.1
1744,0,0,0.088
1744,0,2,0.1
1744,1,0,0.088
1744,1,2,0.1
1744,2,0,0.088
1744,2,2,0.1
1744,3,0,0.088
1744,3,2,0.1
1745,0,0,0.088
1745,0,2,0.1
1745,1,0,0.088
1745,1,2,0.1
1745,2,0,0.088
1745,2,2,0.1
1745,3,0,0.088
1745,3,2,0.1
1747,0,0,0.088
1747,0,2,0.1
1747,1,0,0.088
1747,1,2,0.1
1747,2,0,0.088
1747,2,2,0.1
1747,3,0,0.088
1747,3,2,0.1
1748,0,0,0.088
1748,0,2,0.1
1748,1,0,0.088
1748,1,2,0.1
1748,1,3,0.088
1748,2,0,0.088
1748,2,2,0.1
1748,2,3,0.088
1748,3,0,0.088
1748,3,2,0.1
1750,0,0,0.088
1750,0,2,0.1
1750,1,0,0.088
1750,1,2,0.1
1750,2,0,0.088
1750,2,2,0.1
1750,3,0,0.088
1750,3,2,0.1
1752,0,0,0.088
1752,0,2,0.1
1752,0,3,0.088
1752,1,2,0.1
1752,2,2,0.1
1752,3,0,0.088
1752,3,2,0.1
1752,3,3,0.088
1753,0,0,0.088
1753,0,2,0.1
1753,1,0,0.088
1753,1,2,0.1
1753,2,0,0.088
1753,2,2,0.1
1753,3,0,0.088
1753,3,2,0.1
1754,0,0,0.088
1754,0,2,0.1
1754,0,3,0.05195362638281892
1754,1,0,0.088
1754,1,2,0.1
1754,1,3,0.088
1754,2,0,0.088
1754,2,2,0.1
1754,2,3,0.088
1754,3,0,0.088
1754,3,2,0.1
1754,3,3,0.088
1755,0,0,0.088
1755,0,2,0.1
1755,0,3,0.088
1755,1,0,0.088
1755,1,2,0.1
1755,1,3,0.088
1755,2,0,0.088
1755,2,2,0.1
1755,2,3,0.088
1755,3,0,0.088
1755,3,2,0.1
1755,3,3,0.088
1756,0,0,0.088
1756,0,2,0.1
1756,1,0,0.034447190045053144
1756,1,2,0.1
1756,2,0,0.025974429581269054
1756,2,2,0.1
1756,2,3,0.025974429581269054
1756,3,0,0.088
1756,3,2,0.1
1758,0,0,0.088
1758,0,2,0.1
1758,0,3,0.088
1758,3,0,0.088
1758,3,2,0.088
1758,3,3,0.088
1759,0,0,0.088
1759,0,2,0.1
1759,1,0,0.088
1759,1,2,0.1
1759,2,0,0.088
1759,2,2,0.1
1759,3,0,0.088
1759,3,2,0.1
1761,0,0,0.088
1761,0,2,0.1
1761,0,3,0.088
1761,3,0,0.02144128955886851
1761,3,2,0.02144128955886851
1761,3,3,0.02144128955886851
1762,0,0,0.088
1762,0,2,0.1
1762,0,3,0.088
1762,3,0,0.088
1762,3,2,0.1
1762,3,3,0.088
1766,0,0,0.088
1766,0,2,0.1
1766,1,0,0.088
1766,1,2,0.1
1766,2,0,0.088
1766,2,2,0.1
1766,3,0,0.088
1766,3,2,0.1
1770,0,0,0.088
1770,0,2,0.1
1770,1,0,0.088
1770,1,2,0.1
1770,1,3,0.088
1770,2,0,0.088
1770,2,2,0.1
1770,2,3,0.088
1770,3,0,0.088
1770,3,2,0.1
1773,0,0,0.088
1773,0,2,0.1
1773,0,3,0.088
1775,0,0,0.088
1775,0,2,0.1
1775,0,3,0.088
1775,3,0,0.088
1775,3,2,0.088
1775,3,3,0.088
1779,0,0,0.088
1779,0,2,0.1
1779,1,0,0.088
1779,1,2,0.1
1779,2,0,0.088
1779,2,2,0.1
1779,3,0,0.088
1779,3,2,0.1
1780,0,0,0.088
1780,0,2,0.1
1780,0,3,0.088
1781,0,0,0.088
1781,0,2,0.1
1781,1,0,0.088
1781,1,2,0.1
1781,2,0,0.088
1781,2,2,0.1
1781,3,0,0.088
1781,3,2,0.1
1782,0,0,0.088
1782,0,2,0.1
1782,1,0,0.088
1782,1,2,0.1
1782,2,0,0.088
1782,2,2,0.1
1782,3,0,0.088
1782,3,2,0.1
1783,0,0,0.088
1783,0,2,0.1
1783,0,3,0.088
1783,1,0,0.088
1783,1,2,0.1
1783,1,3,0.088
1783,2,0,0.088
1783,2,2,0.1
1783,2,3,0.088
1783,3,0,0.088
1783,3,2,0.1
1783,3,3,0.088
1785,0,0,0.088
1785,0,2,0.088
1785,0,3,0.088
1787,0,0,0.088
1787,0,2,0.1
1787,0,3,0.088
1787,1,0,0.088
1787,1,2,0.088
1787,1,3,0.088
1787,3,0,0.088
1787,3,2,0.1
1787,3,3,0.088
1789,0,0,0.088
1789,0,2,0.1
1789,1,0,0.08672586464946622
1789,1,2,0.1
1789,1,3,0.08672586464946622
1789,2,0,0.088
1789,2,2,0.1
1789,2,3,0.088
1789,3,0,0.088
1789,3,2,0.1
1789,3,3,0.088
1790,0,0,0.088
1790,0,2,0.1
1790,1,0,0.088
1790,1,2,0.1
1790,2,0,0.088
1790,2,2,0.1
1790,3,0,0.088
1790,3,2,0.1
1793,0,0,0.088
1793,0,2,0.1
1793,0,3,0.088
1793,1,0,0.088
1793,1,2,0.1
1793,1,3,0.088
1793,2,2,0.1
1793,3,0,0.08583595902619795
1793,3,2,0.1
1793,3,3,0.08583595902619795
1799,0,0,0.088
1799,0,2,0.1
1799,0,3,0.088
1799,3,0,0.088
1799,3,2,0.088
1799,3,3,0.088
1804,0,0,0.088
1804,0,2,0.1
1804,0,3,0.088
1804,3,2,0.1
1806,0,0,0.088
1806,0,2,0.1
1806,1,0,0.088
1806,1,2,0.1
1806,1,3,0.088
1806,2,0,0.088
1806,2,2,0.1
1806,2,3,0.088
1806,3,0,0.088
1806,3,2,0.1
1807,0,0,0.088
1807,0,2,0.1
1807,0,3,0.088
1807,1,0,0.088
1807,1,2,0.1
1807,1,3,0.088
1807,3,0,0.088
1807,3,2,0.1
1807,3,3,0.088
1808,0,0,0.088
1808,0,2,0.1
1808,0,3,0.088
1808,3,0,0.088
1808,3,2,0.1
1808,3,3,0.088
1812,0,0,0.088
1812,0,2,0.1
1812,1,0,0.088
1812,1,2,0.1
1812,2,0,0.088
1812,2,2,0.1
1812,3,0,0.088
1812,3,2,0.1
1815,0,0,0.088
1815,0,2,0.1
1815,1,0,0.05777866216129948
1815,1,2,0.1
1815,1,3,0.05777866216129948
1815,2,0,0.03864357640129959
1815,2,2,0.1
1815,2,3,0.03864357640129959
1815,3,0,0.088
1815,3,2,0.1
1816,0,0,0.088
1816,0,2,0.1
1816,1,0,0.088
1816,1,2,0.1
1816,2,0,0.088
1816,2,2,0.1
1816,3,0,0.088
1816,3,2,0.1
1820,0,0,0.088
1820,0,2,0.088
1820,0,3,0.088
1823,0,0,0.088
1823,0,2,0.1
1823,1,0,0.088
1823,1,2,0.1
1823,1,3,0.088
1823,2,0,0.088
1823,2,2,0.1
1823,2,3,0.088
1823,3,0,0.088
1823,3,2,0.1
1823,3,3,0.088
1825,0,0,0.088
1825,0,2,0.1
1825,1,0,0.088
1825,1,2,0.1
1825,2,0,0.088
1825,2,2,0.1
1825,3,0,0.088
1825,3,2,0.1
1828,0,0,0.088
1828,0,2,0.1
1828,0,3,0.088
1828,1,0,0.088
1828,1,2,0.1
1828,1,3,0.088
1828,2,0,0.088
1828,2,2,0.1
1828,2,3,0.088
1828,3,0,0.088
1828,3,2,0.1
1828,3,3,0.088
1831,0,0,0.088
1831,0,2,0.1
1831,0,3,0.088
1831,3,0,0.088
1831,3,2,0.1
1831,3,3,0.088
1832,0,0,0.088
1832,0,2,0.1
1832,1,0,0.088
1832,1,2,0.1
1832,2,0,0.088
1832,2,2,0.1
1832,3,0,0.088
1832,3,2,0.1
1833,0,0,0.088
1833,0,2,0.1
1833,0,3,0.088
1833,1,2,0.1
1833,3,0,0.088
1833,3,2,0.1
1833,3,3,0.088
1834,0,0,0.088
1834,0,2,0.1
1834,0,3,0.088
1834,1,0,0.088
1834,1,2,0.1
1834,1,3,0.088
1834,2,0,0.029897596354404532
1834,2,2,0.1
1834,2,3,0.029897596354404532
1834,3,0,0.088
1834,3,2,0.1
1834,3,3,0.088
1836,0,0,0.088
1836,0,2,0.1
1836,0,3,0.088
1836,1,0,0.088
1836,1,2,0.1
1836,1,3,0.088
1836,2,0,0.088
1836,2,2,0.1
1836,2,3,0.088
1836,3,0,0.088
1836,3,2,0.1
1836,3,3,0.088
1839,0,0,0.088
1839,0,2,0.1
1839,0,3,0.088
1839,1,0,0.088
1839,1,2,0.1
1839,1,3,0.088
1839,2,0,0.088
1839,2,2,0.1
1839,2,3,0.088
1839,3,0,0.088
1839,3,2,0.1
1839,3,3,0.088
1840,0,0,0.088
1840,0,2,0.1
1840,1,0,0.088
1840,1,2,0.1
1840,2,0,0.088
1840,2,2,0.1
1840,3,0,0.088
1840,3,2,0.1
1841,0,0,0.088
1841,0,2,0.1
1841,1,0,0.088
1841,1,2,0.1
1841,1,3,0.088
1841,2,0,0.088
1841,2,2,0.1
1841,2,3,0.088
1841,3,0,0.088
1841,3,2,0.1
1841,3,3,0.088
1842,0,0,0.088
1842,0,2,0.1
1842,0,3,0.088
1842,1,0,0.088
1842,1,2,0.088
1842,1,3,0.088
1842,2,0,0.088
1842,2,2,0.088
1842,2,3,0.088
1842,3,0,0.088
1842,3,2,0.1
1842,3,3,0.088
1843,0,0,0.088
1843,0,2,0.1
1843,1,0,0.088
1843,1,2,0.1
1843,2,0,0.088
1843,2,2,0.1
1843,3,0,0.088
1843,3,2,0.1
1846,0,0,0.088
1846,0,2,0.1
1846,0,3,0.088
1846,3,0,0.088
1846,3,2,0.1
1846,3,3,0.088
1848,0,0,0.088
1848,0,2,0.1
1848,1,0,0.088
1848,1,2,0.1
1848,2,0,0.088
1848,2,2,0.1
1848,3,0,0.088
1848,3,2,0.1
1851,0,0,0.088
1851,0,2,0.1
1851,1,0,0.088
1851,1,2,0.1
1851,2,0,0.088
1851,2,2,0.1
1851,3,0,0.088
1851,3,2,0.1
1852,0,0,0.088
1852,0,2,0.1
1852,1,0,0.088
1852,1,2,0.1
1852,2,0,0.088
1852,2,2,0.1
1852,3,0,0.088
1852,3,2,0.1
1853,0,0,0.088
1853,0,2,0.1
1853,0,3,0.088
1853,1,0,0.088
1853,1,2,0.1
1853,1,3,0.088
1853,2,0,0.088
1853,2,2,0.1
1853,2,3,0.088
1853,3,0,0.088
1853,3,2,0.1
1853,3,3,0.088
1854,0,0,0.088
1854,0,2,0.1
1854,1,0,0.088
1854,1,2,0.1
1854,2,0,0.088
1854,2,2,0.1
1854,3,0,0.088
1854,3,2,0.1
1855,0,0,0.088
1855,0,2,0.1
1855,0,3,0.088
1855,1,2,0.1
1855,2,2,0.1
1855,3,0,0.088
1855,3,2,0.1
1855,3,3,0.088
1857,0,0,0.088
1857,0,2,0.1
1857,0,3,0.088
1857,1,0,0.088
1857,1,2,0.1
1857,1,3,0.088
1857,2,0,0.088
1857,2,2,0.088
1857,2,3,0.088
1857,3,0,0.088
1857,3,2,0.1
1857,3,3,0.088
1858,0,0,0.088
1858,0,2,0.1
1858,0,3,0.088
1858,1,0,0.088
1858,1,2,0.1
1858,1,3,0.088
1858,2,0,0.088
1858,2,2,0.1
1858,2,3,0.088
1858,3,0,0.088
1858,3,2,0.1
1858,3,3,0.088
1862,0,0,0.088
1862,0,2,0.1
1862,0,3,0.088
1862,1,2,0.1
1862,3,0,0.088
1862,3,2,0.1
1862,3,3,0.088
1863,0,0,0.088
1863,0,2,0.1
1863,0,3,0.088
1863,1,0,0.088
1863,1,2,0.1
1863,1,3,0.088
1863,2,0,0.088
1863,2,2,0.1
1863,2,3,0.088
1863,3,0,0.088
1863,3,2,0.1
1863,3,3,0.088
1864,0,0,0.088
1864,0,2,0.1
1864,0,3,0.088
1864,1,0,0.088
1864,1,2,0.1
1864,1,3,0.088
1864,2,0,0.088
1864,2,2,0.088
1864,2,3,0.088
1864,3,0,0.088
1864,3,2,0.1
1864,3,3,0.088
1866,0,0,0.088
1866,0,2,0.1
1866,1,0,0.088
1866,1,2,0.1
1866,1,3,0.088
1866,2,0,0.088
1866,2,2,0.1
1866,2,3,0.088
1866,3,0,0.088
1866,3,2,0.1
1866,3,3,0.088
1872,0,0,0.088
1872,0,2,0.1
1872,0,3,0.088
1872,1,0,0.088
1872,1,2,0.1
1872,1,3,0.088
1872,2,2,0.1
1872,3,2,0.1
1875,0,0,0.088
1875,0,2,0.1
1875,1,2,0.1
1875,2,0,0.004023266875418596
1875,2,2,0.1
1875,2,3,0.004023266875418596
1875,3,0,0.088
1875,3,2,0.1
1876,0,0,0.088
1876,0,2,0.1
1876,1,0,0.088
1876,1,2,0.1
1876,2,0,0.088
1876,2,2,0.1
1876,3,0,0.088
1876,3,2,0.1
1880,0,0,0.088
1880,0,2,0.1
1880,0,3,0.088
1880,1,0,0.088
1880,1,2,0.1
1880,1,3,0.088
1880,3,0,0.088
1880,3,2,0.1
1880,3,3,0.088
1883,0,0,0.088
1883,0,2,0.1
1883,1,0,0.088
1883,1,2,0.1
1883,2,0,0.088
1883,2,2,0.1
1883,3,0,0.088
1883,3,2,0.1
1885,0,0,0.088
1885,0,2,0.1
1885,1,0,0.088
1885,1,2,0.1
1885,2,0,0.088
1885,2,2,0.1
1885,3,0,0.088
1885,3,2,0.1
1886,0,0,0.088
1886,0,2,0.088
1886,0,3,0.088
1887,0,0,0.088
1887,0,2,0.1
1887,0,3,0.088
1889,0,0,0.088
1889,0,2,0.1
1889,1,0,0.088
1889,1,2,0.1
1889,2,0,0.088
1889,2,2,0.1
1889,3,0,0.088
1889,3,2,0.1
1892,0,0,0.088
1892,0,2,0.1
1892,1,0,0.088
1892,1,2,0.1
1892,1,3,0.088
1892,2,0,0.088
1892,2,2,0.1
1892,2,3,0.088
1892,3,0,0.088
1892,3,2,0.1
1894,0,0,0.088
1894,0,2,0.1
1894,0,3,0.088
1894,1,0,0.088
1894,1,2,0.1
1894,1,3,0.088
1894,2,2,0.1
1894,3,0,0.088
1894,3,2,0.1
1894,3,3,0.088
1895,0,0,0.088
1895,0,2,0.1
1895,0,3,0.088
1895,1,0,0.088
1895,1,2,0.1
1895,1,3,0.088
1895,2,0,0.088
1895,2,2,0.1
1895,2,3,0.088
1895,3,0,0.088
1895,3,2,0.1
1895,3,3,0.088
1896,0,0,0.088
1896,0,2,0.1
1896,0,3,0.088
1896,3,0,0.088
1896,3,2,0.088
1896,3,3,0.088
1899,0,0,0.088
1899,0,2,0.1
1899,1,0,0.088
1899,1,2,0.1
1899,2,0,0.088
1899,2,2,0.1
1899,3,0,0.088
1899,3,2,0.1
1900,0,0,0.088
1900,0,2,0.1
1900,0,3,0.088
1901,0,0,0.088
1901,0,2,0.1
1901,1,0,0.088
1901,1,2,0.1
1901,2,0,0.088
1901,2,2,0.1
1901,3,0,0.088
1901,3,2,0.1
1902,0,0,0.088
1902,0,2,0.1
1902,0,3,0.088
1904,0,0,0.088
1904,0,2,0.1
1904,0,3,0.088
1904,1,0,0.088
1904,1,2,0.1
1904,1,3,0.088
1904,2,0,0.088
1904,2,2,0.088
1904,2,3,0.088
1904,3,0,0.088
1904,3,2,0.1
1904,3,3,0.088
1905,0,0,0.088
1905,0,2,0.1
1905,0,3,0.088
1905,1,0,0.088
1905,1,2,0.088
1905,1,3,0.088
1905,2,0,0.088
1905,2,2,0.088
1905,2,3,0.088
1905,3,0,0.088
1905,3,2,0.1
1905,3,3,0.088
1909,0,0,0.088
1909,0,2,0.1
1909,1,0,0.088
1909,1,2,0.1
1909,1,3,0.088
1909,2,0,0.088
1909,2,2,0.1
1909,2,3,0.088
1909,3,0,0.088
1909,3,2,0.1
1911,0,0,0.088
1911,0,2,0.1
1911,1,0,0.088
1911,1,2,0.1
1911,2,0,0.088
1911,2,2,0.1
1911,3,0,0.088
1911,3,2,0.1
1914,0,0,0.088
1914,0,2,0.1
1914,0,3,0.088
1914,1,0,0.088
1914,1,2,0.1
1914,1,3,0.088
1914,2,2,0.1
1914,3,0,0.088
1914,3,2,0.1
1914,3,3,0.088
1915,0,0,0.088
1915,0,2,0.1
1915,1,0,0.088
1915,1,2,0.1
1915,2,0,0.088
1915,2,2,0.1
1915,3,0,0.088
1915,3,2,0.1
1917,0,0,0.088
1917,0,2,0.1
1917,0,3,0.088
1917,1,0,0.013725060547437856
1917,1,2,0.1
1917,1,3,0.013725060547437856
1917,2,2,0.1
1917,3,0,0.088
1917,3,2,0.1
1917,3,3,0.088
1919,0,0,0.088
1919,0,2,0.1
1919,1,0,0.088
1919,1,2,0.1
1919,1,3,0.04523445212138119
1919,2,0,0.088
1919,2,2,0.1
1919,2,3,0.05155892132138121
1919,3,0,0.088
1919,3,2,0.1
1921,0,0,0.088
1921,0,2,0.1
1921,1,0,0.088
1921,1,2,0.1
1921,2,0,0.088
1921,2,2,0.1
1921,3,0,0.088
1921,3,2,0.1
1923,0,0,0.088
1923,0,2,0.1
1923,0,3,0.088
1926,0,0,0.088
1926,0,2,0.1
1926,1,0,0.088
1926,1,2,0.1
1926,2,0,0.088
1926,2,2,0.1
1926,3,0,0.088
1926,3,2,0.1
1930,0,0,0.088
1930,0,2,0.1
1930,1,0,0.088
1930,1,2,0.1
1930,2,0,0.088
1930,2,2,0.1
1930,3,0,0.088
1930,3,2,0.1
1932,0,0,0.088
1932,0,2,0.1
1932,0,3,0.088
1932,1,0,0.088
1932,1,2,0.1
1932,1,3,0.088
1932,2,0,0.088
1932,2,2,0.1
1932,2,3,0.088
1932,3,0,0.088
1932,3,2,0.1
1932,3,3,0.088
1933,0,0,0.088
1933,0,2,0.1
1933,1,0,0.088
1933,1,2,0.1
1933,2,0,0.088
1933,2,2,0.1
1933,3,0,0.088
1933,3,2,0.1
1936,0,0,0.088
1936,0,2,0.1
1936,1,0,0.088
1936,1,2,0.1
1936,2,0,0.088
1936,2,2,0.1
1936,3,0,0.088
1936,3,2,0.1
1937,0,0,0.088
1937,0,2,0.1
1937,1,0,0.088
1937,1,2,0.1
1937,2,0,0.088
1937,2,2,0.1
1937,3,0,0.088
1937,3,2,0.1
1938,0,0,0.088
1938,0,2,0.1
1938,0,3,0.088
1938,1,0,0.088
1938,1,2,0.1
1938,1,3,0.088
1938,2,0,0.088
1938,2,2,0.1
1938,2,3,0.088
1938,3,0,0.088
1938,3,2,0.1
1938,3,3,0.088
1939,0,0,0.088
1939,0,2,0.1
1939,0,3,0.088
1939,1,2,0.1
1939,3,0,0.088
1939,3,2,0.1
1939,3,3,0.088
1940,0,0,0.088
1940,0,2,0.1
1940,0,3,0.088
1940,1,0,0.088
1940,1,2,0.1
1940,1,3,0.088
1940,2,0,0.088
1940,2,2,0.1
1940,2,3,0.088
1940,3,0,0.088
1940,3,2,0.1
1940,3,3,0.088
1942,0,0,0.088
1942,0,2,0.1
1942,1,0,0.088
1942,1,2,0.1
1942,2,0,0.088
1942,2,2,0.1
1942,3,0,0.088
1942,3,2,0.1
1943,0,0,0.088
1943,0,2,0.1
1943,0,3,0.088
1943,1,0,0.088
1943,1,2,0.1
1943,1,3,0.088
1943,2,0,0.088
1943,2,2,0.1
1943,2,3,0.088
1943,3,0,0.088
1943,3,2,0.1
1943,3,3,0.088
1944,0,0,0.088
1944,0,2,0.1
1944,1,0,0.088
1944,1,2,0.1
1944,2,0,0.088
1944,2,2,0.1
1944,3,0,0.088
1944,3,2,0.1
1946,0,0,0.088
1946,0,2,0.1
1946,0,3,0.088
1950,0,0,0.088
1950,0,2,0.1
1950,0,3,0.088
1950,1,0,0.088
1950,1,2,0.1
1950,1,3,0.088
1950,2,0,0.088
1950,2,2,0.1
1950,2,3,0.088
1950,3,0,0.088
1950,3,2,0.1
1950,3,3,0.088
1951,0,0,0.088
1951,0,2,0.1
1951,1,0,0.088
1951,1,2,0.1
1951,2,0,0.088
1951,2,2,0.1
1951,3,0,0.088
1951,3,2,0.1
1952,0,0,0.088
1952,0,2,0.1
1952,1,0,0.088
1952,1,2,0.1
1952,1,3,0.088
1952,2,0,0.088
1952,2,2,0.1
1952,2,3,0.088
1952,3,0,0.088
1952,3,2,0.1
1952,3,3,0.088
1953,0,0,0.088
1953,0,2,0.1
1953,1,0,0.088
1953,1,2,0.1
1953,2,0,0.088
1953,2,2,0.1
1953,3,0,0.088
1953,3,2,0.1
1954,0,0,0.088
1954,0,2,0.1
1954,1,0,0.088
1954,1,2,0.1
1954,2,0,0.088
1954,2,2,0.1
1954,3,0,0.088
1954,3,2,0.1
1958,0,0,0.088
1958,0,2,0.1
1958,0,3,0.088
1958,3,0,0.088
1958,3,2,0.088
1958,3,3,0.088
1960,0,0,0.088
1960,0,2,0.1
1960,0,3,0.088
1960,3,0,0.088
1960,3,2,0.1
1960,3,3,0.088
1961,0,0,0.088
1961,0,2,0.1
1961,1,0,0.088
1961,1,2,0.1
1961,2,0,0.088
1961,2,2,0.1
1961,3,0,0.088
1961,3,2,0.1
1962,0,0,0.088
1962,0,2,0.1
1962,0,3,0.088
1962,1,0,0.088
1962,1,2,0.088
1962,1,3,0.088
1962,3,0,0.088
1962,3,2,0.1
1962,3,3,0.088
1966,0,0,0.088
1966,0,2,0.088
1966,0,3,0.088
1967,0,0,0.088
1967,0,2,0.1
1967,1,0,0.088
1967,1,2,0.1
1967,2,0,0.088
1967,2,2,0.1
1967,3,0,0.088
1967,3,2,0.1
1968,0,0,0.088
1968,0,2,0.1
1968,1,0,0.088
1968,1,2,0.1
1968,2,0,0.088
1968,2,2,0.1
1968,3,0,0.088
1968,3,2,0.1
1969,0,0,0.088
1969,0,2,0.1
1969,1,2,0.1
1969,2,0,0.088
1969,2,2,0.1
1969,2,3,0.088
1969,3,0,0.088
1969,3,2,0.1
1970,0,0,0.06858564434325211
1970,0,2,0.1
1970,0,3,0.021800265429850224
1970,1,2,0.017803902570149785
1970,2,2,0.011596553170149779
1970,3,2,0.05496411587014978
1972,0,0,0.088
1972,0,2,0.1
1972,1,0,0.088
1972,1,2,0.1
1972,2,0,0.088
1972,2,2,0.1
1972,3,0,0.088
1972,3,2,0.1
1975,0,0,0.088
1975,0,2,0.1
1975,1,0,0.088
1975,1,2,0.1
1975,2,0,0.088
1975,2,2,0.1
1975,3,0,0.088
1975,3,2,0.1
1977,0,0,0.088
1977,0,2,0.1
1977,1,0,0.088
1977,1,2,0.1
1977,1,3,0.088
1977,2,0,0.088
1977,2,2,0.1
1977,2,3,0.088
1977,3,0,0.088
1977,3,2,0.1
1979,0,0,0.088
1979,0,2,0.1
1979,1,0,0.088
1979,1,2,0.1
1979,1,3,0.088
1979,2,0,0.088
1979,2,2,0.1
1979,2,3,0.088
1979,3,0,0.088
1979,3,2,0.1
1981,0,0,0.088
1981,0,2,0.1
1981,1,0,0.088
1981,1,2,0.1
1981,2,0,0.088
1981,2,2,0.1
1981,3,0,0.088
1981,3,2,0.1
1982,0,0,0.088
1982,0,2,0.1
1982,0,3,0.088
1982,3,0,0.088
1982,3,2,0.1
1982,3,3,0.088
1985,0,0,0.088
1985,0,2,0.1
1985,1,0,0.088
1985,1,2,0.1
1985,2,0,0.088
1985,2,2,0.1
1985,3,0,0.088
1985,3,2,0.1
1992,0,0,0.088
1992,0,2,0.1
1992,0,3,0.088
1992,1,0,0.088
1992,1,2,0.1
1992,1,3,0.088
1992,2,0,0.088
1992,2,2,0.1
1992,2,3,0.088
1992,3,0,0.088
1992,3,2,0.1
1992,3,3,0.088
1993,0,0,0.088
1993,0,2,0.1
1993,0,3,0.088
2001,0,0,0.088
2001,0,2,0.1
2001,1,0,0.088
2001,1,2,0.1
2001,2,0,0.088
2001,2,2,0.1
2001,3,0,0.088
2001,3,2,0.1
2003,0,0,0.088
2003,0,2,0.1
2003,1,0,0.088
2003,1,2,0.1
2003,2,0,0.088
2003,2,2,0.1
2003,3,0,0.088
2003,3,2,0.1
2004,0,0,0.088
2004,0,2,0.1
2004,1,0,0.088
2004,1,2,0.1
2004,2,0,0.088
2004,2,2,0.1
2004,3,0,0.088
2004,3,2,0.1
2005,0,2,0.1
2006,0,0,0.088
2006,0,2,0.1
2006,1,0,0.088
2006,1,2,0.1
2006,2,0,0.088
2006,2,2,0.1
2006,3,0,0.088
2006,3,2,0.1
2009,0,0,0.088
2009,0,2,0.1
2009,0,3,0.088
2009,1,2,0.1
2009,2,0,0.088
2009,2,2,0.1
2009,2,3,0.088
2009,3,2,0.1
2012,0,0,0.088
2012,0,2,0.1
2012,0,3,0.088
2012,3,0,0.088
2012,3,2,0.088
2012,3,3,0.088
2013,0,0,0.088
2013,0,2,0.1
2013,0,3,0.088
2013,1,2,0.1
2013,3,0,0.088
2013,3,2,0.1
2013,3,3,0.088
2014,0,0,0.088
2014,0,2,0.1
2014,0,3,0.088
2014,1,2,0.1
2014,3,0,0.088
2014,3,2,0.1
2014,3,3,0.088
2016,0,0,0.088
2016,0,2,0.1
2016,1,0,0.088
2016,1,2,0.1
2016,2,0,0.088
2016,2,2,0.1
2016,3,0,0.088
2016,3,2,0.1
2017,0,0,0.088
2017,0,2,0.1
2017,0,3,0.088
2017,1,0,0.088
2017,1,2,0.1
2017,1,3,0.088
2017,2,0,0.088
2017,2,2,0.1
2017,2,3,0.088
2017,3,0,0.088
2017,3,2,0.1
2017,3,3,0.088
2018,0,0,0.088
2018,0,2,0.1
2018,1,0,0.088
2018,1,2,0.1
2018,1,3,0.088
2018,2,0,0.088
2018,2,2,0.1
2018,2,3,0.088
2018,3,0,0.088
2018,3,2,0.1
2018,3,3,0.088
2020,0,0,0.088
2020,0,2,0.1
2020,1,0,0.088
2020,1,2,0.1
2020,2,0,0.088
2020,2,2,0.1
2020,3,0,0.088
2020,3,2,0.1
2022,0,0,0.088
2022,0,2,0.1
2022,1,0,0.088
2022,1,2,0.1
2022,2,0,0.088
2022,2,2,0.1
2022,3,0,0.088
2022,3,2,0.1
2027,0,0,0.088
2027,0,2,0.1
2027,0,3,0.088
2028,0,0,0.088
2028,0,2,0.1
2028,0,3,0.088
2028,1,0,0.088
2028,1,2,0.1
2028,1,3,0.088
2028,2,0,0.088
2028,2,2,0.1
2028,2,3,0.088
2028,3,0,0.088
2028,3,2,0.1
2028,3,3,0.088
2031,0,0,0.088
2031,0,2,0.1
2031,1,0,0.088
2031,1,2,0.1
2031,2,0,0.088
2031,2,2,0.1
2031,3,0,0.088
2031,3,2,0.1
2032,0,0,0.088
2032,0,2,0.1
2032,1,0,0.088
2032,1,2,0.1
2032,2,0,0.088
2032,2,2,0.1
2032,3,0,0.088
2032,3,2,0.1
