station_j,m,t,inventory_MWh
0,0,0,0.1
0,0,1,0.01200000000000001
0,0,2,0.1
0,0,3,0.1
0,1,0,0.1
0,1,1,0.1
0,1,2,0.1
0,1,3,0.1
0,2,0,0.1
0,2,1,0.1
0,2,2,0.1
0,2,3,0.1
0,3,0,0.1
0,3,1,0.01200000000000001
0,3,2,0.1
0,3,3,0.1
4,0,0,0.088
4,0,2,0.1
4,1,0,0.088
4,1,2,0.1
4,1,3,0.088
4,2,0,0.1
4,2,1,0.01200000000000026
4,2,2,0.1
4,2,3,0.1
4,3,0,0.088
4,3,2,0.1
4,3,3,0.088
5,0,0,0.088
5,0,2,0.1
5,1,0,0.088
5,1,2,0.1
5,2,0,0.088
5,2,2,0.1
5,3,0,0.088
5,3,2,0.1
9,0,0,0.088
9,0,2,0.1
9,0,3,0.088
9,1,0,0.1
9,1,1,0.01200000000000001
9,1,2,0.1
9,1,3,0.1
9,2,0,0.1
9,2,1,0.01200000000000001
9,2,2,0.1
9,2,3,0.1
9,3,0,0.1
9,3,1,0.01200000000000001
9,3,2,0.1
9,3,3,0.1
10,0,0,0.088
10,0,2,0.088
10,0,3,0.088
10,1,0,0.1
10,1,1,0.01200000000000001
10,1,2,0.1
10,1,3,0.1
10,2,0,0.088
10,2,2,0.088
10,2,3,0.088
10,3,0,0.088
10,3,2,0.088
10,3,3,0.088
11,0,0,0.088
11,0,2,0.1
11,0,3,0.088
11,1,0,0.088
11,1,2,0.088
11,1,3,0.088
11,2,0,0.088
11,2,2,0.088
11,2,3,0.088
11,3,0,0.1
11,3,1,0.01200000000000001
11,3,2,0.1
11,3,3,0.1
14,0,0,0.088
14,0,2,0.088
14,0,3,0.088
14,1,0,0.1
14,1,1,0.1
14,1,2,0.1
14,1,3,0.1
14,3,0,0.1
14,3,1,0.01200000000000001
14,3,2,0.1
14,3,3,0.1
15,0,0,0.088
15,0,2,0.1
15,1,0,0.088
15,1,2,0.1
15,2,0,0.088
15,2,2,0.1
15,3,0,0.088
15,3,2,0.1
16,0,0,0.088
16,0,2,0.1
16,1,0,0.088
16,1,2,0.1
16,2,0,0.088
16,2,2,0.1
16,3,0,0.088
16,3,2,0.1
17,0,0,0.088
17,0,2,0.1
17,1,0,0.088
17,1,2,0.1
17,1,3,0.062363675125617135
17,2,0,0.088
17,2,2,0.1
17,2,3,0.013381899725617152
17,3,0,0.088
17,3,2,0.1
18,0,0,0.088
18,0,2,0.1
18,1,0,0.088
18,1,2,0.1
18,2,0,0.088
18,2,2,0.1
18,3,0,0.088
18,3,2,0.1
19,0,0,0.088
19,0,2,0.088
19,0,3,0.088
19,3,0,0.088
19,3,2,0.088
19,3,3,0.088
21,0,0,0.088
21,0,2,0.1
21,0,3,0.06628333683079769
21,1,0,0.088
21,1,2,0.1
21,1,3,0.088
21,2,0,0.1
21,2,1,0.01200000000000001
21,2,2,0.1
21,2,3,0.1
21,3,0,0.088
21,3,2,0.1
21,3,3,0.088
22,0,0,0.088
22,0,2,0.1
22,1,0,0.088
22,1,2,0.1
22,2,0,0.088
22,2,2,0.1
22,3,0,0.088
22,3,2,0.1
23,0,0,0.088
23,0,2,0.1
23,1,0,0.088
23,1,2,0.1
23,2,0,0.088
23,2,2,0.1
23,3,0,0.088
23,3,2,0.1
25,0,0,0.1
25,0,1,0.1
25,0,2,0.1
25,0,3,0.1
25,2,0,0.1
25,2,1,0.1
25,2,2,0.1
25,2,3,0.1
25,3,0,0.1
25,3,1,0.1
25,3,2,0.1
25,3,3,0.1
30,0,0,0.088
30,0,2,0.1
30,1,0,0.088
30,1,2,0.1
30,2,0,0.088
30,2,2,0.1
30,3,0,0.088
30,3,2,0.1
34,0,0,0.088
34,0,2,0.1
34,1,0,0.088
34,1,2,0.1
34,2,0,0.088
34,2,2,0.1
34,3,0,0.088
34,3,2,0.1
36,0,0,0.088
36,0,2,0.088
36,0,3,0.088
39,0,0,0.088
39,0,2,0.088
39,0,3,0.088
39,1,0,0.088
39,1,2,0.088
39,1,3,0.088
39,2,0,0.03821200909991515
39,2,2,0.03821200909991515
39,2,3,0.03821200909991515
39,3,0,0.088
39,3,2,0.088
39,3,3,0.088
42,0,0,0.088
42,0,2,0.088
42,0,3,0.088
42,1,0,0.1
42,1,1,0.01880244826371469
42,1,2,0.1
42,1,3,0.1
42,3,0,0.1
42,3,1,0.01200000000000001
42,3,2,0.1
42,3,3,0.1
43,0,0,0.088
43,0,2,0.1
43,1,0,0.088
43,1,2,0.1
43,2,0,0.088
43,2,2,0.1
43,3,0,0.088
43,3,2,0.1
44,0,0,0.088
44,0,2,0.1
44,1,0,0.088
44,1,2,0.1
44,1,3,0.0645352810939227
44,2,0,0.088
44,2,2,0.1
44,2,3,0.088
44,3,0,0.088
44,3,2,0.1
45,0,0,0.088
45,0,2,0.088
45,0,3,0.088
46,0,0,0.088
46,0,2,0.1
46,1,0,0.088
46,1,2,0.1
46,2,0,0.088
46,2,2,0.1
46,3,0,0.088
46,3,2,0.1
47,0,0,0.088
47,0,2,0.1
47,1,0,0.088
47,1,2,0.1
47,2,0,0.088
47,2,2,0.1
47,3,0,0.088
47,3,2,0.1
51,0,0,0.1
51,0,1,0.01200000000000001
51,0,2,0.1
51,0,3,0.1
51,1,0,0.088
51,1,2,0.088
51,1,3,0.088
51,2,0,0.088
51,2,2,0.088
51,2,3,0.088
51,3,0,0.088
51,3,2,0.088
51,3,3,0.088
53,0,0,0.088
53,0,2,0.1
53,1,0,0.1
53,1,1,0.01200000000000001
53,1,2,0.1
53,1,3,0.1
53,2,0,0.088
53,2,2,0.088
53,2,3,0.088
53,3,0,0.088
53,3,2,0.1
53,3,3,0.088
57,0,0,0.088
57,0,2,0.1
57,1,0,0.088
57,1,2,0.1
57,2,0,0.088
57,2,2,0.1
57,3,0,0.088
57,3,2,0.1
58,0,0,0.1
58,0,1,0.01200000000000001
58,0,2,0.1
58,0,3,0.1
58,1,0,0.088
58,1,2,0.088
58,1,3,0.088
58,2,0,0.088
58,2,2,0.088
58,2,3,0.088
58,3,0,0.1
58,3,1,0.01200000000000001
58,3,2,0.1
58,3,3,0.1
63,0,0,0.1
63,0,1,0.01200000000000001
63,0,2,0.1
63,0,3,0.1
63,1,0,0.1
63,1,1,0.01200000000000001
63,1,2,0.1
63,1,3,0.1
63,2,0,0.088
63,2,2,0.088
63,2,3,0.088
63,3,0,0.1
63,3,1,0.01200000000000001
63,3,2,0.1
63,3,3,0.1
64,0,0,0.088
64,0,2,0.1
64,1,0,0.088
64,1,2,0.1
64,2,0,0.088
64,2,2,0.1
64,3,0,0.088
64,3,2,0.1
66,0,0,0.088
66,0,2,0.1
66,1,0,0.088
66,1,2,0.1
66,2,0,0.088
66,2,2,0.1
66,3,0,0.088
66,3,2,0.1
67,0,0,0.088
67,0,2,0.088
67,0,3,0.088
67,1,0,0.088
67,1,2,0.088
67,1,3,0.088
67,2,0,0.088
67,2,2,0.088
67,2,3,0.088
67,3,0,0.1
67,3,1,0.01200000000000001
67,3,2,0.1
67,3,3,0.1
68,0,0,0.088
68,0,2,0.1
68,1,0,0.088
68,1,2,0.1
68,2,0,0.088
68,2,2,0.1
68,3,0,0.088
68,3,2,0.1
71,0,0,0.088
71,0,2,0.088
71,0,3,0.088
71,1,0,0.088
71,1,2,0.088
71,1,3,0.088
71,2,0,0.088
71,2,2,0.088
71,2,3,0.088
71,3,0,0.1
71,3,1,0.01200000000000001
71,3,2,0.1
71,3,3,0.1
72,0,0,0.088
72,0,2,0.1
72,0,3,0.088
72,1,0,0.088
72,1,2,0.088
72,1,3,0.088
72,2,0,0.1
72,2,1,0.01200000000000001
72,2,2,0.1
72,2,3,0.1
72,3,0,0.1
72,3,1,0.01200000000000001
72,3,2,0.1
72,3,3,0.1
74,0,0,0.088
74,0,2,0.088
74,0,3,0.088
74,2,0,0.1
74,2,1,0.1
74,2,2,0.1
74,2,3,0.1
74,3,0,0.1
74,3,1,0.01200000000000001
74,3,2,0.1
74,3,3,0.1
78,0,0,0.1
78,0,1,0.01200000000000001
78,0,2,0.1
78,0,3,0.1
78,1,0,0.088
78,1,2,0.088
78,1,3,0.088
78,2,0,0.1
78,2,1,0.01200000000000001
78,2,2,0.1
78,2,3,0.1
78,3,0,0.1
78,3,1,0.01200000000000001
78,3,2,0.1
78,3,3,0.1
79,0,0,0.088
79,0,2,0.088
79,0,3,0.088
79,1,0,0.088
79,1,2,0.088
79,1,3,0.088
79,2,0,0.1
79,2,1,0.01200000000000001
79,2,2,0.1
79,2,3,0.1
79,3,0,0.1
79,3,1,0.01200000000000001
79,3,2,0.1
79,3,3,0.1
80,0,0,0.088
80,0,2,0.1
80,1,0,0.088
80,1,2,0.1
80,2,0,0.088
80,2,2,0.1
80,3,0,0.088
80,3,2,0.1
83,0,0,0.088
83,0,2,0.088
83,0,3,0.088
83,2,0,0.1
83,2,1,0.1
83,2,2,0.1
83,2,3,0.1
83,3,0,0.088
83,3,2,0.088
83,3,3,0.088
85,0,0,0.1
85,0,1,0.01200000000000001
85,0,2,0.1
85,0,3,0.1
85,3,0,0.0666946031874299
85,3,2,0.0666946031874299
85,3,3,0.0666946031874299
86,0,0,0.088
86,0,2,0.1
86,1,0,0.088
86,1,2,0.1
86,2,0,0.088
86,2,2,0.1
86,3,0,0.088
86,3,2,0.1
88,0,0,0.088
88,0,2,0.088
88,0,3,0.088
88,1,0,0.088
88,1,2,0.088
88,1,3,0.088
88,2,0,0.088
88,2,2,0.088
88,2,3,0.088
88,3,0,0.088
88,3,2,0.088
88,3,3,0.088
90,0,0,0.088
90,0,2,0.1
90,1,0,0.088
90,1,2,0.1
90,2,0,0.088
90,2,2,0.1
90,3,0,0.088
90,3,2,0.1
91,0,0,0.088
91,0,2,0.088
91,0,3,0.088
92,0,0,0.088
92,0,2,0.1
92,1,0,0.088
92,1,2,0.1
92,2,0,0.088
92,2,2,0.1
92,3,0,0.088
92,3,2,0.1
93,0,0,0.088
93,0,2,0.1
93,1,0,0.088
93,1,2,0.1
93,2,0,0.088
93,2,2,0.1
93,3,0,0.088
93,3,2,0.1
94,0,0,0.088
94,0,2,0.1
94,1,0,0.088
94,1,2,0.1
94,2,0,0.088
94,2,2,0.1
94,3,0,0.088
94,3,2,0.1
95,0,0,0.088
95,0,2,0.088
95,0,3,0.088
95,1,0,0.1
95,1,1,0.1
95,1,2,0.1
95,1,3,0.1
96,0,0,0.088
96,0,2,0.1
96,1,0,0.088
96,1,2,0.1
96,2,0,0.088
96,2,2,0.1
96,3,0,0.088
96,3,2,0.1
97,0,0,0.088
97,0,2,0.1
97,1,0,0.088
97,1,2,0.1
97,2,0,0.088
97,2,2,0.1
97,3,0,0.088
97,3,2,0.1
98,0,0,0.088
98,0,2,0.1
98,1,0,0.088
98,1,2,0.1
98,2,0,0.088
98,2,2,0.1
98,3,0,0.088
98,3,2,0.1
99,0,0,0.088
99,0,2,0.1
99,1,0,0.088
99,1,2,0.088
99,1,3,0.088
99,2,0,0.088
99,2,2,0.088
99,2,3,0.088
99,3,0,0.088
99,3,2,0.1
99,3,3,0.088
100,0,0,0.088
100,0,2,0.1
100,1,0,0.088
100,1,2,0.1
100,1,3,0.088
100,2,0,0.088
100,2,2,0.1
100,2,3,0.088
100,3,0,0.088
100,3,2,0.1
103,0,0,0.088
103,0,2,0.088
103,0,3,0.088
103,1,0,0.088
103,1,2,0.088
103,1,3,0.088
103,2,0,0.088
103,2,2,0.088
103,2,3,0.088
103,3,0,0.088
103,3,2,0.088
103,3,3,0.088
106,0,0,0.088
106,0,2,0.088
106,0,3,0.088
106,2,0,0.1
106,2,1,0.1
106,2,2,0.1
106,2,3,0.1
113,0,0,0.1
113,0,1,0.01200000000000001
113,0,2,0.1
113,0,3,0.1
113,2,0,0.1
113,2,1,0.1
113,2,2,0.1
113,2,3,0.1
113,3,0,0.1
113,3,1,0.01200000000000001
113,3,2,0.1
113,3,3,0.1
115,0,0,0.088
115,0,2,0.1
115,1,0,0.088
115,1,2,0.1
115,1,3,0.088
115,2,0,0.088
115,2,2,0.1
115,2,3,0.088
115,3,0,0.088
115,3,2,0.1
116,0,0,0.088
116,0,2,0.1
116,1,0,0.088
116,1,2,0.1
116,2,0,0.088
116,2,2,0.1
116,3,0,0.088
116,3,2,0.1
117,0,0,0.088
117,0,2,0.088
117,0,3,0.088
122,0,0,0.088
122,0,2,0.088
122,0,3,0.088
122,1,0,0.088
122,1,2,0.088
122,1,3,0.088
122,2,0,0.1
122,2,1,0.01200000000000001
122,2,2,0.1
122,2,3,0.1
122,3,0,0.088
122,3,2,0.088
122,3,3,0.088
123,0,0,0.1
123,0,1,0.01200000000000001
123,0,2,0.1
123,0,3,0.1
123,1,0,0.088
123,1,2,0.088
123,1,3,0.088
123,2,0,0.088
123,2,2,0.088
123,2,3,0.088
123,3,0,0.088
123,3,2,0.088
123,3,3,0.088
125,0,0,0.1
125,0,1,0.01200000000000001
125,0,2,0.1
125,0,3,0.1
125,1,0,0.1
125,1,1,0.1
125,1,2,0.1
125,1,3,0.1
126,0,0,0.088
126,0,2,0.1
126,1,0,0.088
126,1,2,0.1
126,1,3,0.088
126,2,0,0.1
126,2,1,0.01200000000000001
126,2,2,0.1
126,2,3,0.1
126,3,0,0.088
126,3,2,0.1
126,3,3,0.06821230091548364
128,0,0,0.088
128,0,2,0.088
128,0,3,0.088
131,0,0,0.088
131,0,2,0.1
131,1,0,0.088
131,1,2,0.1
131,1,3,0.088
131,2,0,0.088
131,2,2,0.09094538390757473
131,2,3,0.088
131,3,0,0.088
131,3,2,0.1
132,0,0,0.088
132,0,2,0.088
132,0,3,0.088
132,3,0,0.088
132,3,2,0.088
132,3,3,0.088
134,0,0,0.1
134,0,1,0.01200000000000001
134,0,2,0.1
134,0,3,0.1
134,1,0,0.088
134,1,2,0.088
134,1,3,0.088
134,2,0,0.088
134,2,2,0.088
134,2,3,0.088
134,3,0,0.088
134,3,2,0.088
134,3,3,0.088
135,0,0,0.088
135,0,2,0.088
135,0,3,0.088
135,1,0,0.088
135,1,2,0.088
135,1,3,0.088
135,3,0,0.088
135,3,2,0.088
135,3,3,0.088
136,0,0,0.088
136,0,2,0.088
136,0,3,0.088
136,2,0,0.1
136,2,1,0.1
136,2,2,0.1
136,2,3,0.1
136,3,0,0.088
136,3,2,0.088
136,3,3,0.088
137,0,0,0.088
137,0,2,0.088
137,0,3,0.088
137,1,0,0.1
137,1,1,0.01200000000000001
137,1,2,0.1
137,1,3,0.1
137,2,0,0.088
137,2,2,0.088
137,2,3,0.088
137,3,0,0.1
137,3,1,0.01200000000000001
137,3,2,0.1
137,3,3,0.1
139,0,0,0.088
139,0,2,0.1
139,1,0,0.088
139,1,2,0.1
139,2,0,0.088
139,2,2,0.1
139,3,0,0.088
139,3,2,0.1
141,0,0,0.088
141,0,2,0.1
141,0,3,0.088
141,1,0,0.1
141,1,1,0.01200000000000001
141,1,2,0.1
141,1,3,0.1
141,2,0,0.088
141,2,2,0.088
141,2,3,0.088
141,3,0,0.088
141,3,2,0.1
141,3,3,0.088
145,0,0,0.088
145,0,2,0.1
145,1,0,0.088
145,1,2,0.1
145,2,0,0.088
145,2,2,0.1
145,3,0,0.088
145,3,2,0.1
147,0,0,0.088
147,0,2,0.1
147,1,0,0.088
147,1,2,0.1
147,2,0,0.088
147,2,2,0.1
147,3,0,0.088
147,3,2,0.1
149,0,0,0.088
149,0,2,0.1
149,1,0,0.1
149,1,1,0.01200000000000026
149,1,2,0.1
149,1,3,0.1
149,2,0,0.088
149,2,2,0.088
149,2,3,0.088
149,3,0,0.088
149,3,2,0.1
149,3,3,0.088
152,0,0,0.088
152,0,2,0.1
152,1,0,0.088
152,1,2,0.1
152,2,0,0.088
152,2,2,0.1
152,3,0,0.088
152,3,2,0.1
154,0,0,0.1
154,0,1,0.01200000000000001
154,0,2,0.1
154,0,3,0.1
154,1,0,0.1
154,1,1,0.01200000000000001
154,1,2,0.1
154,1,3,0.1
154,2,0,0.088
154,2,2,0.088
154,2,3,0.088
154,3,0,0.088
154,3,2,0.088
154,3,3,0.088
155,0,0,0.088
155,0,2,0.1
155,1,0,0.088
155,1,2,0.1
155,2,0,0.088
155,2,2,0.1
155,3,0,0.088
155,3,2,0.1
156,0,0,0.088
156,0,2,0.1
156,1,0,0.088
156,1,2,0.1
156,2,0,0.088
156,2,2,0.1
156,3,0,0.088
156,3,2,0.1
159,0,0,0.088
159,0,2,0.088
159,0,3,0.088
159,3,0,0.1
159,3,1,0.01200000000000001
159,3,2,0.1
159,3,3,0.1
163,0,0,0.1
163,0,1,0.01200000000000001
163,0,2,0.1
163,0,3,0.1
163,3,0,0.088
163,3,2,0.088
163,3,3,0.088
164,0,0,0.088
164,0,2,0.1
164,1,0,0.088
164,1,2,0.1
164,2,0,0.088
164,2,2,0.1
164,3,0,0.088
164,3,2,0.1
165,0,0,0.088
165,0,2,0.1
165,1,0,0.088
165,1,2,0.1
165,2,0,0.088
165,2,2,0.1
165,3,0,0.088
165,3,2,0.1
166,0,0,0.088
166,0,2,0.1
166,1,0,0.088
166,1,2,0.1
166,2,0,0.088
166,2,2,0.1
166,3,0,0.088
166,3,2,0.1
169,0,0,0.088
169,0,2,0.1
169,1,0,0.088
169,1,2,0.1
169,2,0,0.088
169,2,2,0.1
169,3,0,0.088
169,3,2,0.1
171,0,0,0.1
171,0,1,0.01200000000000001
171,0,2,0.1
171,0,3,0.1
171,3,0,0.088
171,3,2,0.088
171,3,3,0.088
174,0,0,0.088
174,0,2,0.088
174,0,3,0.088
174,3,0,0.088
174,3,2,0.088
174,3,3,0.088
175,0,0,0.088
175,0,2,0.1
175,1,0,0.088
175,1,2,0.1
175,2,0,0.088
175,2,2,0.1
175,3,0,0.088
175,3,2,0.1
178,0,0,0.1
178,0,1,0.01200000000000001
178,0,2,0.1
178,0,3,0.1
179,0,0,0.088
179,0,2,0.1
179,1,0,0.088
179,1,2,0.1
179,2,0,0.088
179,2,2,0.1
179,3,0,0.088
179,3,2,0.1
182,0,0,0.088
182,0,2,0.1
182,1,0,0.088
182,1,2,0.1
182,2,0,0.088
182,2,2,0.1
182,3,0,0.088
182,3,2,0.1
184,0,0,0.1
184,0,1,0.01200000000000001
184,0,2,0.1
184,0,3,0.1
184,1,0,0.1
184,1,1,0.01200000000000001
184,1,2,0.1
184,1,3,0.1
184,2,0,0.088
184,2,2,0.088
184,2,3,0.088
184,3,0,0.088
184,3,2,0.088
184,3,3,0.088
185,0,0,0.1
185,0,1,0.01200000000000001
185,0,2,0.1
185,0,3,0.1
185,2,0,0.1
185,2,1,0.1
185,2,2,0.1
185,2,3,0.1
185,3,0,0.088
185,3,2,0.088
185,3,3,0.088
186,0,0,0.088
186,0,2,0.088
186,0,3,0.088
186,3,0,0.088
186,3,2,0.088
186,3,3,0.088
187,3,0,0.1
187,3,1,0.1
187,3,2,0.1
187,3,3,0.1
188,0,0,0.1
188,0,1,0.01200000000000001
188,0,2,0.1
188,0,3,0.1
189,0,0,0.088
189,0,2,0.088
189,0,3,0.088
189,3,0,0.1
189,3,1,0.1
189,3,2,0.1
189,3,3,0.1
190,0,0,0.088
190,0,2,0.088
190,0,3,0.088
190,1,0,0.1
190,1,1,0.1
190,1,2,0.1
190,1,3,0.1
190,3,0,0.088
190,3,2,0.088
190,3,3,0.088
191,0,0,0.1
191,0,1,0.01200000000000001
191,0,2,0.1
191,0,3,0.1
194,0,0,0.088
194,0,2,0.088
194,0,3,0.088
194,3,0,0.088
194,3,2,0.088
194,3,3,0.088
197,0,0,0.088
197,0,2,0.1
197,1,0,0.088
197,1,2,0.1
197,2,0,0.088
197,2,2,0.1
197,3,0,0.088
197,3,2,0.1
198,0,0,0.088
198,0,2,0.088
198,0,3,0.088
198,3,0,0.088
198,3,2,0.088
198,3,3,0.088
202,0,0,0.088
202,0,2,0.1
202,1,0,0.088
202,1,2,0.1
202,2,0,0.088
202,2,2,0.1
202,3,0,0.088
202,3,2,0.1
205,0,0,0.088
205,0,2,0.088
205,0,3,0.088
205,1,0,0.1
205,1,1,0.01200000000000001
205,1,2,0.1
205,1,3,0.1
205,2,0,0.088
205,2,2,0.088
205,2,3,0.088
205,3,0,0.088
205,3,2,0.088
205,3,3,0.088
206,0,0,0.088
206,0,2,0.1
206,1,0,0.088
206,1,2,0.1
206,2,0,0.088
206,2,2,0.1
206,3,0,0.088
206,3,2,0.1
207,0,0,0.088
207,0,2,0.088
207,0,3,0.088
207,3,0,0.088
207,3,2,0.088
207,3,3,0.088
211,0,0,0.1
211,0,1,0.1
211,0,2,0.1
211,0,3,0.1
217,0,0,0.1
217,0,1,0.01200000000000001
217,0,2,0.1
217,0,3,0.1
217,3,0,0.088
217,3,2,0.088
217,3,3,0.088
221,0,0,0.088
221,0,2,0.088
221,0,3,0.088
221,1,0,0.088
221,1,2,0.088
221,1,3,0.088
221,2,0,0.088
221,2,2,0.088
221,2,3,0.088
221,3,0,0.088
221,3,2,0.088
221,3,3,0.088
223,0,0,0.088
223,0,2,0.1
223,1,0,0.088
223,1,2,0.1
223,2,0,0.088
223,2,2,0.1
223,3,0,0.088
223,3,2,0.1
224,0,0,0.088
224,0,2,0.1
224,0,3,0.05327791263484617
224,1,0,0.088
224,1,2,0.1
224,1,3,0.088
224,2,0,0.1
224,2,1,0.01200000000000026
224,2,2,0.1
224,2,3,0.1
224,3,0,0.088
224,3,2,0.1
224,3,3,0.088
227,0,0,0.088
227,0,2,0.088
227,0,3,0.088
227,1,0,0.088
227,1,2,0.088
227,1,3,0.088
227,2,0,0.088
227,2,2,0.088
227,2,3,0.088
227,3,0,0.088
227,3,2,0.088
227,3,3,0.088
230,0,0,0.088
230,0,2,0.1
230,1,0,0.088
230,1,2,0.1
230,2,0,0.088
230,2,2,0.1
230,3,0,0.088
230,3,2,0.1
231,0,0,0.088
231,0,2,0.088
231,0,3,0.088
231,3,0,0.088
231,3,2,0.088
231,3,3,0.088
232,0,0,0.088
232,0,2,0.1
232,1,0,0.088
232,1,2,0.1
232,2,0,0.088
232,2,2,0.1
232,3,0,0.088
232,3,2,0.1
233,0,0,0.088
233,0,2,0.088
233,0,3,0.088
233,3,0,0.088
233,3,2,0.088
233,3,3,0.088
238,0,0,0.088
238,0,2,0.1
238,1,0,0.1
238,1,1,0.01200000000000001
238,1,2,0.1
238,1,3,0.1
238,2,0,0.1
238,2,1,0.01200000000000001
238,2,2,0.1
238,2,3,0.1
238,3,0,0.088
238,3,2,0.1
238,3,3,0.088
239,3,0,0.1
239,3,1,0.1
239,3,2,0.1
239,3,3,0.1
240,0,0,0.088
240,0,2,0.1
240,1,0,0.088
240,1,2,0.1
240,2,0,0.088
240,2,2,0.1
240,3,0,0.088
240,3,2,0.1
248,0,0,0.088
248,0,2,0.1
248,1,0,0.088
248,1,2,0.1
248,2,0,0.088
248,2,2,0.1
248,3,0,0.088
248,3,2,0.1
249,0,0,0.088
249,0,2,0.1
249,1,0,0.088
249,1,2,0.1
249,2,0,0.088
249,2,2,0.1
249,3,0,0.088
249,3,2,0.1
251,0,0,0.088
251,0,2,0.088
251,0,3,0.088
253,0,0,0.088
253,0,2,0.1
253,0,3,0.088
253,1,0,0.088
253,1,2,0.088
253,1,3,0.088
253,2,0,0.1
253,2,1,0.01200000000000001
253,2,2,0.1
253,2,3,0.1
253,3,0,0.088
253,3,2,0.088
253,3,3,0.088
254,0,0,0.088
254,0,2,0.1
254,1,0,0.088
254,1,2,0.1
254,2,0,0.088
254,2,2,0.1
254,3,0,0.088
254,3,2,0.1
255,0,0,0.088
255,0,2,0.1
255,1,0,0.088
255,1,2,0.1
255,2,0,0.088
255,2,2,0.1
255,3,0,0.088
255,3,2,0.1
256,0,0,0.088
256,0,2,0.088
256,0,3,0.088
256,1,0,0.1
256,1,1,0.01200000000000001
256,1,2,0.1
256,1,3,0.1
256,2,0,0.07449190345234874
256,2,2,0.07449190345234874
256,2,3,0.07449190345234874
256,3,0,0.1
256,3,1,0.01200000000000001
256,3,2,0.1
256,3,3,0.1
258,0,0,0.088
258,0,2,0.1
258,1,0,0.088
258,1,2,0.1
258,2,0,0.088
258,2,2,0.1
258,3,0,0.088
258,3,2,0.1
259,2,0,0.1
259,2,1,0.1
259,2,2,0.1
259,2,3,0.1
259,3,0,0.1
259,3,1,0.1
259,3,2,0.1
259,3,3,0.1
260,0,0,0.088
260,0,2,0.1
260,1,0,0.088
260,1,2,0.1
260,2,0,0.088
260,2,2,0.1
260,3,0,0.088
260,3,2,0.1
263,0,0,0.088
263,0,2,0.1
263,1,0,0.088
263,1,2,0.1
263,2,0,0.088
263,2,2,0.1
263,3,0,0.088
263,3,2,0.1
267,0,0,0.088
267,0,2,0.088
267,0,3,0.088
267,1,0,0.088
267,1,2,0.088
267,1,3,0.088
267,2,0,0.088
267,2,2,0.088
267,2,3,0.088
267,3,0,0.088
267,3,2,0.088
267,3,3,0.088
270,0,0,0.1
270,0,1,0.01200000000000001
270,0,2,0.1
270,0,3,0.1
270,1,0,0.088
270,1,2,0.088
270,1,3,0.088
270,2,0,0.088
270,2,2,0.088
270,2,3,0.088
270,3,0,0.088
270,3,2,0.088
270,3,3,0.088
271,0,0,0.1
271,0,1,0.01200000000000001
271,0,2,0.1
271,0,3,0.1
271,1,0,0.088
271,1,2,0.088
271,1,3,0.088
271,2,0,0.1
271,2,1,0.01200000000000001
271,2,2,0.1
271,2,3,0.1
271,3,0,0.088
271,3,2,0.088
271,3,3,0.088
272,0,0,0.088
272,0,2,0.088
272,0,3,0.088
272,1,0,0.088
272,1,2,0.088
272,1,3,0.088
272,2,0,0.088
272,2,2,0.088
272,2,3,0.088
272,3,0,0.088
272,3,2,0.088
272,3,3,0.088
273,0,0,0.088
273,0,2,0.1
273,1,0,0.088
273,1,2,0.088
273,1,3,0.088
273,2,0,0.1
273,2,1,0.01200000000000001
273,2,2,0.1
273,2,3,0.1
273,3,0,0.088
273,3,2,0.1
273,3,3,0.088
274,0,0,0.088
274,0,2,0.1
274,1,0,0.088
274,1,2,0.1
274,1,3,0.088
274,2,0,0.1
274,2,1,0.01200000000000026
274,2,2,0.1
274,2,3,0.1
274,3,0,0.088
274,3,2,0.1
277,0,0,0.088
277,0,2,0.088
277,0,3,0.088
278,0,0,0.088
278,0,2,0.088
278,0,3,0.088
278,3,0,0.088
278,3,2,0.088
278,3,3,0.088
281,0,0,0.1
281,0,1,0.01200000000000001
281,0,2,0.1
281,0,3,0.1
282,0,0,0.088
282,0,2,0.1
282,0,3,0.088
282,1,0,0.088
282,1,2,0.088
282,1,3,0.088
282,2,0,0.088
282,2,2,0.088
282,2,3,0.088
282,3,0,0.1
282,3,1,0.01200000000000001
282,3,2,0.1
282,3,3,0.1
284,0,0,0.088
284,0,2,0.1
284,0,3,0.088
284,1,0,0.1
284,1,1,0.01200000000000001
284,1,2,0.1
284,1,3,0.1
284,2,0,0.088
284,2,2,0.088
284,2,3,0.088
284,3,0,0.1
284,3,1,0.01200000000000001
284,3,2,0.1
284,3,3,0.1
288,0,0,0.088
288,0,2,0.1
288,1,0,0.088
288,1,2,0.1
288,2,0,0.088
288,2,2,0.1
288,3,0,0.088
288,3,2,0.1
289,0,0,0.088
289,0,2,0.1
289,1,0,0.088
289,1,2,0.1
289,2,0,0.088
289,2,2,0.1
289,3,0,0.088
289,3,2,0.1
290,0,0,0.088
290,0,2,0.1
290,1,0,0.088
290,1,2,0.1
290,2,0,0.088
290,2,2,0.1
290,3,0,0.088
290,3,2,0.1
293,0,0,0.088
293,0,2,0.088
293,0,3,0.088
294,0,0,0.088
294,0,2,0.088
294,0,3,0.088
294,3,0,0.1
294,3,1,0.01200000000000001
294,3,2,0.1
294,3,3,0.1
298,0,0,0.088
298,0,2,0.088
298,0,3,0.088
298,1,0,0.069914256141269
298,1,2,0.069914256141269
298,1,3,0.069914256141269
298,3,0,0.088
298,3,2,0.088
298,3,3,0.088
299,0,0,0.1
299,0,1,0.01200000000000001
299,0,2,0.1
299,0,3,0.1
299,1,0,0.088
299,1,2,0.088
299,1,3,0.088
299,2,0,0.088
299,2,2,0.088
299,2,3,0.088
299,3,0,0.088
299,3,2,0.088
299,3,3,0.088
300,0,0,0.088
300,0,2,0.088
300,0,3,0.088
300,1,0,0.088
300,1,2,0.088
300,1,3,0.088
300,2,0,0.088
300,2,2,0.088
300,2,3,0.088
300,3,0,0.088
300,3,2,0.088
300,3,3,0.088
302,3,0,0.1
302,3,1,0.1
302,3,2,0.1
302,3,3,0.1
303,0,0,0.088
303,0,2,0.088
303,0,3,0.088
303,1,0,0.088
303,1,2,0.088
303,1,3,0.088
303,2,0,0.088
303,2,2,0.088
303,2,3,0.088
303,3,0,0.088
303,3,2,0.088
303,3,3,0.088
304,0,0,0.088
304,0,2,0.088
304,0,3,0.088
306,0,0,0.088
306,0,2,0.1
306,1,0,0.088
306,1,2,0.1
306,2,0,0.088
306,2,2,0.1
306,3,0,0.088
306,3,2,0.1
311,0,0,0.088
311,0,2,0.088
311,0,3,0.088
312,0,0,0.088
312,0,2,0.1
312,1,0,0.088
312,1,2,0.088
312,1,3,0.088
312,2,0,0.088
312,2,2,0.088
312,2,3,0.088
312,3,0,0.088
312,3,2,0.1
313,0,0,0.088
313,0,2,0.088
313,0,3,0.088
315,0,0,0.088
315,0,2,0.1
315,1,0,0.088
315,1,2,0.1
315,2,0,0.088
315,2,2,0.1
315,3,0,0.088
315,3,2,0.1
318,0,0,0.088
318,0,2,0.088
318,0,3,0.088
319,0,0,0.088
319,0,2,0.1
319,1,0,0.088
319,1,2,0.1
319,2,0,0.088
319,2,2,0.1
319,3,0,0.088
319,3,2,0.1
320,0,0,0.088
320,0,2,0.088
320,0,3,0.088
320,1,0,0.088
320,1,2,0.088
320,1,3,0.088
320,2,0,0.088
320,2,2,0.088
320,2,3,0.088
320,3,0,0.1
320,3,1,0.01200000000000001
320,3,2,0.1
320,3,3,0.1
321,0,0,0.088
321,0,2,0.088
321,0,3,0.088
321,1,0,0.088
321,1,2,0.088
321,1,3,0.088
321,2,0,0.1
321,2,1,0.01200000000000001
321,2,2,0.1
321,2,3,0.1
321,3,0,0.088
321,3,2,0.088
321,3,3,0.088
328,0,0,0.088
328,0,2,0.088
328,0,3,0.088
330,0,0,0.088
330,0,2,0.088
330,0,3,0.088
330,1,0,0.088
330,1,2,0.088
330,1,3,0.088
330,2,0,0.088
330,2,2,0.088
330,2,3,0.088
330,3,0,0.088
330,3,2,0.088
330,3,3,0.088
333,0,0,0.1
333,0,1,0.1
333,0,2,0.1
333,0,3,0.1
333,2,0,0.1
333,2,1,0.1
333,2,2,0.1
333,2,3,0.1
333,3,0,0.1
333,3,1,0.1
333,3,2,0.1
333,3,3,0.1
334,0,0,0.088
334,0,2,0.1
334,1,0,0.088
334,1,2,0.1
334,2,0,0.088
334,2,2,0.1
334,3,0,0.088
334,3,2,0.1
336,0,0,0.088
336,0,2,0.1
336,1,0,0.088
336,1,2,0.1
336,1,3,0.088
336,2,0,0.088
336,2,2,0.1
336,2,3,0.088
336,3,0,0.088
336,3,2,0.1
336,3,3,0.060376195425617035
337,0,0,0.088
337,0,2,0.1
337,1,0,0.088
337,1,2,0.1
337,2,0,0.088
337,2,2,0.1
337,3,0,0.088
337,3,2,0.1
340,0,0,0.088
340,0,2,0.1
340,1,0,0.088
340,1,2,0.09543306371715762
340,1,3,0.088
340,2,0,0.1
340,2,1,0.01200000000000001
340,2,2,0.1
340,2,3,0.1
340,3,0,0.088
340,3,2,0.1
340,3,3,0.088
341,0,0,0.088
341,0,2,0.1
341,1,0,0.088
341,1,2,0.1
341,1,3,0.088
341,2,0,0.088
341,2,2,0.088
341,2,3,0.088
341,3,0,0.088
341,3,2,0.1
346,0,0,0.088
346,0,2,0.1
346,1,0,0.088
346,1,2,0.1
346,2,0,0.088
346,2,2,0.1
346,3,0,0.088
346,3,2,0.1
347,0,0,0.088
347,0,2,0.1
347,1,0,0.088
347,1,2,0.1
347,2,0,0.088
347,2,2,0.1
347,3,0,0.088
347,3,2,0.1
348,0,0,0.088
348,0,2,0.1
348,1,0,0.088
348,1,2,0.1
348,2,0,0.088
348,2,2,0.1
348,3,0,0.088
348,3,2,0.1
350,0,0,0.088
350,0,2,0.1
350,1,0,0.088
350,1,2,0.1
350,2,0,0.088
350,2,2,0.1
350,3,0,0.088
350,3,2,0.1
351,3,0,0.1
351,3,1,0.1
351,3,2,0.1
351,3,3,0.1
353,0,0,0.088
353,0,2,0.1
353,1,0,0.088
353,1,2,0.1
353,2,0,0.088
353,2,2,0.1
353,3,0,0.088
353,3,2,0.1
356,0,0,0.088
356,0,2,0.1
356,1,0,0.088
356,1,2,0.1
356,2,0,0.088
356,2,2,0.1
356,3,0,0.088
356,3,2,0.1
359,0,0,0.088
359,0,2,0.1
359,1,0,0.088
359,1,2,0.1
359,2,0,0.088
359,2,2,0.1
359,3,0,0.088
359,3,2,0.1
363,0,0,0.088
363,0,2,0.1
363,1,0,0.088
363,1,2,0.1
363,2,0,0.088
363,2,2,0.1
363,3,0,0.088
363,3,2,0.1
365,0,0,0.088
365,0,2,0.1
365,1,0,0.088
365,1,2,0.1
365,2,0,0.088
365,2,2,0.1
365,3,0,0.088
365,3,2,0.1
366,0,0,0.088
366,0,2,0.088
366,0,3,0.088
366,3,0,0.088
366,3,2,0.088
366,3,3,0.088
367,0,0,0.088
367,0,2,0.088
367,0,3,0.088
367,2,0,0.1
367,2,1,0.1
367,2,2,0.1
367,2,3,0.1
367,3,0,0.1
367,3,1,0.01200000000000001
367,3,2,0.1
367,3,3,0.1
368,0,0,0.088
368,0,2,0.088
368,0,3,0.088
369,0,0,0.088
369,0,2,0.1
369,1,0,0.088
369,1,2,0.1
369,2,0,0.088
369,2,2,0.1
369,3,0,0.088
369,3,2,0.1
372,0,0,0.1
372,0,1,0.01200000000000001
372,0,2,0.1
372,0,3,0.1
372,3,0,0.088
372,3,2,0.088
372,3,3,0.088
374,0,0,0.088
374,0,2,0.088
374,0,3,0.088
374,3,0,0.088
374,3,2,0.088
374,3,3,0.088
378,0,0,0.088
378,0,2,0.088
378,0,3,0.088
378,1,0,0.088
378,1,2,0.088
378,1,3,0.088
378,2,0,0.088
378,2,2,0.088
378,2,3,0.088
378,3,0,0.088
378,3,2,0.088
378,3,3,0.088
379,0,0,0.088
379,0,2,0.1
379,1,0,0.088
379,1,2,0.1
379,2,0,0.088
379,2,2,0.1
379,3,0,0.088
379,3,2,0.1
380,0,0,0.088
380,0,2,0.088
380,0,3,0.088
380,1,0,0.088
380,1,2,0.088
380,1,3,0.088
380,2,0,0.1
380,2,1,0.01200000000000001
380,2,2,0.1
380,2,3,0.1
380,3,0,0.1
380,3,1,0.01200000000000001
380,3,2,0.1
380,3,3,0.1
383,0,0,0.088
383,0,2,0.088
383,0,3,0.088
383,1,0,0.088
383,1,2,0.088
383,1,3,0.088
383,2,0,0.088
383,2,2,0.088
383,2,3,0.088
383,3,0,0.088
383,3,2,0.088
383,3,3,0.088
385,0,0,0.088
385,0,2,0.1
385,1,0,0.088
385,1,2,0.1
385,2,0,0.088
385,2,2,0.1
385,3,0,0.088
385,3,2,0.1
386,0,0,0.07769032850784155
386,0,2,0.07769032850784155
386,0,3,0.07769032850784155
386,2,0,0.1
386,2,1,0.1
386,2,2,0.1
386,2,3,0.1
390,0,0,0.088
390,0,2,0.1
390,0,3,0.088
390,1,0,0.088
390,1,2,0.088
390,1,3,0.088
390,2,0,0.1
390,2,1,0.01200000000000001
390,2,2,0.1
390,2,3,0.1
390,3,0,0.1
390,3,1,0.01200000000000001
390,3,2,0.1
390,3,3,0.1
391,0,0,0.088
391,0,2,0.1
391,1,0,0.088
391,1,2,0.1
391,2,0,0.088
391,2,2,0.1
391,3,0,0.088
391,3,2,0.1
392,0,0,0.1
392,0,1,0.01200000000000001
392,0,2,0.1
392,0,3,0.1
392,1,0,0.088
392,1,2,0.088
392,1,3,0.088
392,2,0,0.088
392,2,2,0.088
392,2,3,0.088
392,3,0,0.088
392,3,2,0.088
392,3,3,0.088
395,0,0,0.1
395,0,1,0.028921357814325255
395,0,2,0.1
395,0,3,0.1
396,0,0,0.088
396,0,2,0.1
396,1,0,0.088
396,1,2,0.1
396,2,0,0.088
396,2,2,0.1
396,3,0,0.088
396,3,2,0.1
397,0,0,0.088
397,0,2,0.1
397,1,0,0.088
397,1,2,0.1
397,2,0,0.088
397,2,2,0.1
397,3,0,0.088
397,3,2,0.1
399,0,0,0.088
399,0,2,0.088
399,0,3,0.088
399,1,0,0.088
399,1,2,0.088
399,1,3,0.088
399,2,0,0.1
399,2,1,0.01200000000000001
399,2,2,0.1
399,2,3,0.1
399,3,0,0.1
399,3,1,0.01200000000000001
399,3,2,0.1
399,3,3,0.1
401,0,0,0.088
401,0,2,0.1
401,1,0,0.088
401,1,2,0.1
401,2,0,0.088
401,2,2,0.1
401,3,0,0.088
401,3,2,0.1
405,0,0,0.088
405,0,2,0.1
405,1,0,0.088
405,1,2,0.1
405,2,0,0.088
405,2,2,0.1
405,3,0,0.088
405,3,2,0.1
409,0,0,0.088
409,0,2,0.088
409,0,3,0.088
413,0,0,0.088
413,0,2,0.088
413,0,3,0.088
413,1,0,0.088
413,1,2,0.088
413,1,3,0.088
413,2,0,0.088
413,2,2,0.088
413,2,3,0.088
413,3,0,0.088
413,3,2,0.088
413,3,3,0.088
414,0,0,0.088
414,0,2,0.1
414,0,3,0.088
414,1,0,0.1
414,1,1,0.01200000000000001
414,1,2,0.1
414,1,3,0.1
414,2,0,0.088
414,2,2,0.088
414,2,3,0.088
414,3,0,0.088
414,3,2,0.088
414,3,3,0.088
416,0,0,0.088
416,0,2,0.088
416,0,3,0.088
416,3,0,0.088
416,3,2,0.088
416,3,3,0.088
417,0,0,0.088
417,0,2,0.1
417,1,0,0.088
417,1,2,0.1
417,2,0,0.088
417,2,2,0.1
417,3,0,0.088
417,3,2,0.1
419,0,0,0.1
419,0,1,0.01200000000000001
419,0,2,0.1
419,0,3,0.1
419,1,0,0.06558097122596393
419,1,2,0.06558097122596393
419,1,3,0.06558097122596393
419,3,0,0.088
419,3,2,0.088
419,3,3,0.088
421,0,0,0.088
421,0,2,0.088
421,0,3,0.088
421,3,0,0.088
421,3,2,0.088
421,3,3,0.088
423,0,0,0.088
423,0,2,0.1
423,1,0,0.088
423,1,2,0.1
423,2,0,0.088
423,2,2,0.1
423,3,0,0.088
423,3,2,0.1
424,0,0,0.1
424,0,1,0.01200000000000001
424,0,2,0.1
424,0,3,0.1
426,0,0,0.088
426,0,2,0.088
426,0,3,0.088
426,3,0,0.1
426,3,1,0.1
426,3,2,0.1
426,3,3,0.1
427,0,0,0.1
427,0,1,0.01200000000000001
427,0,2,0.1
427,0,3,0.1
427,1,0,0.088
427,1,2,0.088
427,1,3,0.088
427,2,0,0.1
427,2,1,0.01200000000000001
427,2,2,0.1
427,2,3,0.1
427,3,0,0.1
427,3,1,0.01200000000000001
427,3,2,0.1
427,3,3,0.1
430,0,0,0.088
430,0,2,0.1
430,1,0,0.088
430,1,2,0.1
430,2,0,0.088
430,2,2,0.1
430,3,0,0.088
430,3,2,0.1
432,0,0,0.088
432,0,2,0.1
432,1,0,0.088
432,1,2,0.1
432,2,0,0.088
432,2,2,0.1
432,3,0,0.088
432,3,2,0.1
437,0,0,0.088
437,0,2,0.088
437,0,3,0.088
437,3,0,0.088
437,3,2,0.088
437,3,3,0.088
438,0,0,0.088
438,0,2,0.1
438,1,0,0.088
438,1,2,0.088
438,1,3,0.088
438,2,0,0.088
438,2,2,0.088
438,2,3,0.088
438,3,0,0.088
438,3,2,0.1
439,0,0,0.088
439,0,2,0.088
439,0,3,0.088
439,3,0,0.088
439,3,2,0.088
439,3,3,0.088
440,0,0,0.088
440,0,2,0.088
440,0,3,0.088
441,0,0,0.06605269974896052
441,0,2,0.06605269974896052
441,0,3,0.06605269974896052
444,0,0,0.088
444,0,2,0.088
444,0,3,0.088
444,1,0,0.088
444,1,2,0.088
444,1,3,0.088
444,2,0,0.088
444,2,2,0.088
444,2,3,0.088
444,3,0,0.088
444,3,2,0.088
444,3,3,0.088
445,0,0,0.088
445,0,2,0.1
445,1,0,0.088
445,1,2,0.1
445,2,0,0.088
445,2,2,0.1
445,3,0,0.088
445,3,2,0.1
448,0,0,0.088
448,0,2,0.1
448,1,0,0.088
448,1,2,0.1
448,2,0,0.088
448,2,2,0.1
448,3,0,0.088
448,3,2,0.1
450,0,0,0.088
450,0,2,0.1
450,1,0,0.088
450,1,2,0.1
450,2,0,0.088
450,2,2,0.1
450,3,0,0.088
450,3,2,0.1
453,0,0,0.088
453,0,2,0.1
453,1,0,0.088
453,1,2,0.1
453,2,0,0.088
453,2,2,0.1
453,3,0,0.088
453,3,2,0.1
454,0,0,0.088
454,0,2,0.1
454,1,0,0.088
454,1,2,0.1
454,2,0,0.088
454,2,2,0.1
454,3,0,0.088
454,3,2,0.1
456,0,0,0.088
456,0,2,0.1
456,1,0,0.088
456,1,2,0.1
456,2,0,0.088
456,2,2,0.1
456,3,0,0.088
456,3,2,0.1
460,0,0,0.088
460,0,2,0.1
460,1,0,0.088
460,1,2,0.1
460,2,0,0.088
460,2,2,0.1
460,3,0,0.088
460,3,2,0.1
462,0,0,0.088
462,0,2,0.088
462,0,3,0.088
464,0,0,0.088
464,0,2,0.1
464,1,0,0.088
464,1,2,0.1
464,1,3,0.07294256961385562
464,2,0,0.088
464,2,2,0.1
464,2,3,0.088
464,3,0,0.088
464,3,2,0.1
466,0,0,0.088
466,0,2,0.1
466,1,0,0.088
466,1,2,0.1
466,2,0,0.088
466,2,2,0.1
466,3,0,0.088
466,3,2,0.1
467,0,0,0.088
467,0,2,0.1
467,1,0,0.088
467,1,2,0.1
467,1,3,0.088
467,2,0,0.088
467,2,2,0.1
467,2,3,0.088
467,3,0,0.088
467,3,2,0.1
469,0,0,0.088
469,0,2,0.1
469,0,3,0.088
469,1,0,0.1
469,1,1,0.01200000000000001
469,1,2,0.1
469,1,3,0.1
469,2,0,0.088
469,2,2,0.088
469,2,3,0.088
469,3,0,0.1
469,3,1,0.01200000000000026
469,3,2,0.1
469,3,3,0.1
473,0,0,0.088
473,0,2,0.1
473,1,0,0.088
473,1,2,0.1
473,2,0,0.088
473,2,2,0.1
473,3,0,0.088
473,3,2,0.1
474,0,0,0.088
474,0,2,0.1
474,1,0,0.088
474,1,2,0.1
474,2,0,0.088
474,2,2,0.1
474,3,0,0.088
474,3,2,0.1
475,0,0,0.088
475,0,2,0.1
475,1,0,0.088
475,1,2,0.1
475,1,3,0.088
475,2,0,0.1
475,2,1,0.01200000000000001
475,2,2,0.1
475,2,3,0.1
475,3,0,0.088
475,3,2,0.1
475,3,3,0.088
477,0,0,0.088
477,0,2,0.1
477,0,3,0.088
477,1,0,0.088
477,1,2,0.088
477,1,3,0.088
477,2,0,0.1
477,2,1,0.01200000000000001
477,2,2,0.1
477,2,3,0.1
477,3,0,0.088
477,3,2,0.088
477,3,3,0.088
478,0,0,0.088
478,0,2,0.1
478,0,3,0.088
478,1,0,0.088
478,1,2,0.088
478,1,3,0.088
478,2,0,0.088
478,2,2,0.088
478,2,3,0.088
478,3,0,0.1
478,3,1,0.01200000000000001
478,3,2,0.1
478,3,3,0.1
479,0,0,0.088
479,0,2,0.088
479,0,3,0.088
479,1,0,0.088
479,1,2,0.088
479,1,3,0.088
479,2,0,0.088
479,2,2,0.088
479,2,3,0.088
479,3,0,0.1
479,3,1,0.01200000000000001
479,3,2,0.1
479,3,3,0.1
481,0,0,0.088
481,0,2,0.088
481,0,3,0.088
482,0,0,0.088
482,0,2,0.1
482,1,0,0.088
482,1,2,0.1
482,2,0,0.088
482,2,2,0.1
482,3,0,0.088
482,3,2,0.1
484,0,0,0.088
484,0,2,0.1
484,1,0,0.1
484,1,1,0.01200000000000001
484,1,2,0.1
484,1,3,0.1
484,2,0,0.1
484,2,1,0.01200000000000001
484,2,2,0.1
484,2,3,0.1
484,3,0,0.088
484,3,2,0.1
485,0,0,0.088
485,0,2,0.088
485,0,3,0.088
486,0,0,0.088
486,0,2,0.1
486,1,0,0.088
486,1,2,0.1
486,2,0,0.088
486,2,2,0.1
486,3,0,0.088
486,3,2,0.1
487,0,0,0.088
487,0,2,0.088
487,0,3,0.088
487,1,0,0.04793180376514106
487,1,2,0.04793180376514106
487,1,3,0.04793180376514106
487,3,0,0.088
487,3,2,0.088
487,3,3,0.088
488,0,0,0.088
488,0,2,0.1
488,1,0,0.088
488,1,2,0.1
488,2,0,0.088
488,2,2,0.1
488,3,0,0.088
488,3,2,0.1
489,0,0,0.088
489,0,2,0.1
489,0,3,0.088
489,1,0,0.088
489,1,2,0.088
489,1,3,0.088
489,2,0,0.088
489,2,2,0.088
489,2,3,0.088
489,3,0,0.1
489,3,1,0.01200000000000001
489,3,2,0.1
489,3,3,0.1
490,0,0,0.088
490,0,2,0.088
490,0,3,0.088
490,1,0,0.088
490,1,2,0.088
490,1,3,0.088
490,2,0,0.1
490,2,1,0.01200000000000001
490,2,2,0.1
490,2,3,0.1
490,3,0,0.1
490,3,1,0.01200000000000001
490,3,2,0.1
490,3,3,0.1
492,0,0,0.088
492,0,2,0.088
492,0,3,0.088
492,1,0,0.1
492,1,1,0.01200000000000001
492,1,2,0.1
492,1,3,0.1
492,2,0,0.04007144798923171
492,2,2,0.04007144798923171
492,2,3,0.04007144798923171
492,3,0,0.088
492,3,2,0.088
492,3,3,0.088
493,0,0,0.088
493,0,2,0.1
493,0,3,0.088
493,1,0,0.1
493,1,1,0.01200000000000001
493,1,2,0.1
493,1,3,0.1
493,2,0,0.088
493,2,2,0.088
493,2,3,0.088
493,3,0,0.1
493,3,1,0.01200000000000001
493,3,2,0.1
493,3,3,0.1
495,0,0,0.088
495,0,2,0.1
495,0,3,0.088
495,1,0,0.088
495,1,2,0.088
495,1,3,0.088
495,2,0,0.088
495,2,2,0.088
495,2,3,0.088
495,3,0,0.1
495,3,1,0.01200000000000001
495,3,2,0.1
495,3,3,0.1
496,0,0,0.088
496,0,2,0.1
496,1,0,0.088
496,1,2,0.1
496,2,0,0.088
496,2,2,0.1
496,3,0,0.088
496,3,2,0.1
499,0,0,0.088
499,0,2,0.1
499,0,3,0.03981017807969342
499,1,0,0.08934555407969333
499,1,1,0.001345554079693334
499,1,2,0.1
499,1,3,0.08934555407969333
499,2,0,0.088
499,2,2,0.088
499,2,3,0.088
499,3,0,0.088
499,3,2,0.1
499,3,3,0.0821558158966286
500,0,0,0.088
500,0,2,0.1
500,1,0,0.088
500,1,2,0.1
500,2,0,0.088
500,2,2,0.1
500,3,0,0.088
500,3,2,0.1
501,0,0,0.1
501,0,1,0.01200000000000001
501,0,2,0.1
501,0,3,0.1
501,1,0,0.088
501,1,2,0.088
501,1,3,0.088
501,2,0,0.06342650257959206
501,2,2,0.06342650257959206
501,2,3,0.06342650257959206
501,3,0,0.088
501,3,2,0.088
501,3,3,0.088
505,0,0,0.088
505,0,2,0.1
505,1,0,0.088
505,1,2,0.1
505,2,0,0.088
505,2,2,0.1
505,3,0,0.088
505,3,2,0.1
507,0,0,0.088
507,0,2,0.1
507,1,0,0.088
507,1,2,0.1
507,1,3,0.088
507,2,0,0.088
507,2,2,0.1
507,2,3,0.088
507,3,0,0.088
507,3,2,0.1
511,0,0,0.088
511,0,2,0.1
511,1,0,0.088
511,1,2,0.1
511,2,0,0.088
511,2,2,0.1
511,3,0,0.088
511,3,2,0.1
512,0,0,0.088
512,0,2,0.088
512,0,3,0.088
512,1,0,0.088
512,1,2,0.088
512,1,3,0.088
512,2,0,0.088
512,2,2,0.088
512,2,3,0.088
512,3,0,0.1
512,3,1,0.01200000000000001
512,3,2,0.1
512,3,3,0.1
515,0,0,0.1
515,0,1,0.01200000000000001
515,0,2,0.1
515,0,3,0.1
518,0,0,0.088
518,0,2,0.088
518,0,3,0.088
518,1,0,0.088
518,1,2,0.088
518,1,3,0.088
518,2,0,0.088
518,2,2,0.088
518,2,3,0.088
518,3,0,0.088
518,3,2,0.088
518,3,3,0.088
519,0,0,0.088
519,0,2,0.088
519,0,3,0.088
519,3,0,0.088
519,3,2,0.088
519,3,3,0.088
521,0,0,0.088
521,0,2,0.1
521,1,0,0.088
521,1,2,0.1
521,2,0,0.088
521,2,2,0.1
521,3,0,0.088
521,3,2,0.1
522,0,0,0.088
522,0,2,0.088
522,0,3,0.088
522,3,0,0.1
522,3,1,0.01200000000000001
522,3,2,0.1
522,3,3,0.1
524,0,0,0.088
524,0,2,0.1
524,1,0,0.088
524,1,2,0.1
524,2,0,0.088
524,2,2,0.1
524,3,0,0.088
524,3,2,0.1
525,0,0,0.088
525,0,2,0.088
525,0,3,0.088
525,3,0,0.088
525,3,2,0.088
525,3,3,0.088
528,0,0,0.088
528,0,2,0.1
528,1,0,0.088
528,1,2,0.1
528,2,0,0.088
528,2,2,0.1
528,3,0,0.088
528,3,2,0.1
529,0,0,0.088
529,0,2,0.1
529,1,0,0.088
529,1,2,0.1
529,2,0,0.088
529,2,2,0.1
529,3,0,0.088
529,3,2,0.1
530,0,0,0.088
530,0,2,0.1
530,1,0,0.088
530,1,2,0.1
530,2,0,0.088
530,2,2,0.1
530,3,0,0.088
530,3,2,0.1
531,0,0,0.1
531,0,1,0.01200000000000001
531,0,2,0.1
531,0,3,0.1
531,1,0,0.1
531,1,1,0.01200000000000001
531,1,2,0.1
531,1,3,0.1
531,2,0,0.088
531,2,2,0.088
531,2,3,0.088
531,3,0,0.088
531,3,2,0.088
531,3,3,0.088
534,0,0,0.088
534,0,2,0.1
534,1,0,0.088
534,1,2,0.1
534,2,0,0.088
534,2,2,0.1
534,3,0,0.088
534,3,2,0.1
536,0,0,0.088
536,0,2,0.1
536,1,0,0.088
536,1,2,0.1
536,1,3,0.088
536,2,0,0.088
536,2,2,0.1
536,2,3,0.088
536,3,0,0.088
536,3,2,0.1
536,3,3,0.088
537,0,0,0.088
537,0,2,0.088
537,0,3,0.088
537,1,0,0.08543457260886603
537,1,2,0.08543457260886603
537,1,3,0.08543457260886603
537,3,0,0.088
537,3,2,0.088
537,3,3,0.088
539,0,0,0.088
539,0,2,0.1
539,1,0,0.088
539,1,2,0.1
539,2,0,0.088
539,2,2,0.1
539,3,0,0.088
539,3,2,0.1
541,0,0,0.088
541,0,2,0.1
541,1,0,0.088
541,1,2,0.1
541,2,0,0.088
541,2,2,0.1
541,3,0,0.088
541,3,2,0.1
543,0,0,0.088
543,0,2,0.088
543,0,3,0.088
543,1,0,0.088
543,1,2,0.088
543,1,3,0.088
543,2,0,0.088
543,2,2,0.088
543,2,3,0.088
543,3,0,0.088
543,3,2,0.088
543,3,3,0.088
545,0,0,0.088
545,0,2,0.1
545,1,0,0.088
545,1,2,0.1
545,2,0,0.088
545,2,2,0.1
545,2,3,0.006475522231310399
545,3,0,0.088
545,3,2,0.1
546,0,0,0.088
546,0,2,0.088
546,0,3,0.088
546,1,0,0.1
546,1,1,0.1
546,1,2,0.1
546,1,3,0.1
546,3,0,0.088
546,3,2,0.088
546,3,3,0.088
553,0,0,0.088
553,0,2,0.1
553,1,0,0.088
553,1,2,0.1
553,2,0,0.088
553,2,2,0.1
553,3,0,0.088
553,3,2,0.1
557,0,0,0.088
557,0,2,0.088
557,0,3,0.088
557,1,0,0.1
557,1,1,0.01200000000000001
557,1,2,0.1
557,1,3,0.1
557,2,0,0.088
557,2,2,0.088
557,2,3,0.088
557,3,0,0.1
557,3,1,0.01200000000000001
557,3,2,0.1
557,3,3,0.1
558,0,0,0.088
558,0,2,0.1
558,1,0,0.088
558,1,2,0.1
558,2,0,0.088
558,2,2,0.1
558,3,0,0.088
558,3,2,0.1
559,0,0,0.088
559,0,2,0.088
559,0,3,0.088
559,3,0,0.088
559,3,2,0.088
559,3,3,0.088
560,0,0,0.1
560,0,1,0.01200000000000001
560,0,2,0.1
560,0,3,0.1
560,1,0,0.088
560,1,2,0.088
560,1,3,0.088
560,2,0,0.088
560,2,2,0.088
560,2,3,0.088
560,3,0,0.088
560,3,2,0.088
560,3,3,0.088
562,0,0,0.088
562,0,2,0.1
562,0,3,0.088
562,1,0,0.088
562,1,2,0.088
562,1,3,0.088
562,2,0,0.088
562,2,2,0.088
562,2,3,0.088
562,3,0,0.088
562,3,2,0.088
562,3,3,0.088
569,0,0,0.088
569,0,2,0.1
569,1,0,0.088
569,1,2,0.1
569,2,0,0.088
569,2,2,0.1
569,3,0,0.088
569,3,2,0.1
571,0,0,0.088
571,0,2,0.1
571,1,0,0.088
571,1,2,0.1
571,1,3,0.088
571,2,0,0.1
571,2,1,0.01200000000000001
571,2,2,0.1
571,2,3,0.1
571,3,0,0.088
571,3,2,0.1
571,3,3,0.088
574,0,0,0.088
574,0,2,0.088
574,0,3,0.088
574,1,0,0.088
574,1,2,0.088
574,1,3,0.088
574,2,0,0.088
574,2,2,0.088
574,2,3,0.088
574,3,0,0.1
574,3,1,0.01200000000000001
574,3,2,0.1
574,3,3,0.1
575,0,0,0.088
575,0,2,0.1
575,1,0,0.088
575,1,2,0.1
575,2,0,0.088
575,2,2,0.1
575,3,0,0.088
575,3,2,0.1
576,0,0,0.088
576,0,2,0.1
576,1,0,0.025757406985446762
576,1,2,0.1
576,1,3,0.020939497995296236
576,2,0,0.013355036585446761
576,2,2,0.08831634559015053
576,2,3,0.013355036585446761
576,3,0,0.088
576,3,2,0.1
579,0,0,0.088
579,0,2,0.088
579,0,3,0.088
579,1,0,0.088
579,1,2,0.088
579,1,3,0.088
579,2,0,0.088
579,2,2,0.088
579,2,3,0.088
579,3,0,0.088
579,3,2,0.088
579,3,3,0.088
580,0,0,0.088
580,0,2,0.088
580,0,3,0.088
580,1,0,0.04621982265759175
580,1,2,0.04621982265759175
580,1,3,0.04621982265759175
580,2,0,0.1
580,2,1,0.1
580,2,2,0.1
580,2,3,0.1
580,3,0,0.088
580,3,2,0.088
580,3,3,0.088
581,0,0,0.088
581,0,2,0.1
581,1,0,0.088
581,1,2,0.1
581,2,0,0.088
581,2,2,0.1
581,3,0,0.088
581,3,2,0.1
586,0,0,0.088
586,0,2,0.1
586,1,0,0.088
586,1,2,0.1
586,1,3,0.088
586,2,0,0.088
586,2,2,0.1
586,2,3,0.088
586,3,0,0.088
586,3,2,0.1
587,0,0,0.1
587,0,1,0.01200000000000001
587,0,2,0.1
587,0,3,0.1
587,1,0,0.088
587,1,2,0.088
587,1,3,0.088
587,2,0,0.1
587,2,1,0.01200000000000001
587,2,2,0.1
587,2,3,0.1
587,3,0,0.1
587,3,1,0.01200000000000001
587,3,2,0.1
587,3,3,0.1
588,0,0,0.088
588,0,2,0.088
588,0,3,0.088
588,1,0,0.07601939508006084
588,1,2,0.07601939508006084
588,1,3,0.07601939508006084
588,2,0,0.1
588,2,1,0.1
588,2,2,0.1
588,2,3,0.1
588,3,0,0.088
588,3,2,0.088
588,3,3,0.088
589,0,0,0.1
589,0,1,0.01200000000000001
589,0,2,0.1
589,0,3,0.1
589,1,0,0.088
589,1,2,0.088
589,1,3,0.088
589,2,0,0.088
589,2,2,0.088
589,2,3,0.088
589,3,0,0.088
589,3,2,0.088
589,3,3,0.088
591,0,0,0.088
591,0,2,0.088
591,0,3,0.088
591,3,0,0.088
591,3,2,0.088
591,3,3,0.088
592,0,0,0.088
592,0,2,0.088
592,0,3,0.088
592,3,0,0.088
592,3,2,0.088
592,3,3,0.088
593,0,0,0.088
593,0,2,0.088
593,0,3,0.088
593,1,0,0.088
593,1,2,0.088
593,1,3,0.088
593,2,0,0.088
593,2,2,0.088
593,2,3,0.088
593,3,0,0.088
593,3,2,0.088
593,3,3,0.088
594,0,0,0.088
594,0,2,0.088
594,0,3,0.088
594,1,0,0.088
594,1,2,0.088
594,1,3,0.088
594,2,0,0.088
594,2,2,0.088
594,2,3,0.088
594,3,0,0.088
594,3,2,0.088
594,3,3,0.088
595,0,0,0.088
595,0,2,0.088
595,0,3,0.088
595,1,0,0.1
595,1,1,0.01200000000000001
595,1,2,0.1
595,1,3,0.1
595,2,0,0.088
595,2,2,0.088
595,2,3,0.088
595,3,0,0.088
595,3,2,0.088
595,3,3,0.088
598,0,0,0.088
598,0,2,0.088
598,0,3,0.088
600,0,0,0.088
600,0,2,0.088
600,0,3,0.088
600,1,0,0.088
600,1,2,0.088
600,1,3,0.088
600,2,0,0.088
600,2,2,0.088
600,2,3,0.088
600,3,0,0.088
600,3,2,0.088
600,3,3,0.088
602,0,0,0.088
602,0,2,0.1
602,1,0,0.088
602,1,2,0.1
602,2,0,0.088
602,2,2,0.1
602,3,0,0.088
602,3,2,0.1
606,0,0,0.088
606,0,2,0.1
606,1,0,0.088
606,1,2,0.1
606,2,0,0.088
606,2,2,0.1
606,3,0,0.088
606,3,2,0.1
607,0,0,0.088
607,0,2,0.1
607,1,0,0.088
607,1,2,0.1
607,2,0,0.088
607,2,2,0.1
607,3,0,0.088
607,3,2,0.1
609,0,0,0.088
609,0,2,0.1
609,1,0,0.088
609,1,2,0.1
609,1,3,0.088
609,2,0,0.088
609,2,2,0.1
609,2,3,0.088
609,3,0,0.088
609,3,2,0.1
609,3,3,0.010560453481073095
610,0,0,0.088
610,0,2,0.088
610,0,3,0.088
610,3,0,0.1
610,3,1,0.01200000000000001
610,3,2,0.1
610,3,3,0.1
611,0,0,0.1
611,0,1,0.1
611,0,2,0.1
611,0,3,0.1
614,0,0,0.088
614,0,2,0.1
614,1,0,0.088
614,1,2,0.1
614,2,0,0.088
614,2,2,0.1
614,3,0,0.088
614,3,2,0.1
615,0,0,0.088
615,0,2,0.1
615,1,0,0.088
615,1,2,0.1
615,2,0,0.088
615,2,2,0.1
615,3,0,0.088
615,3,2,0.1
616,0,0,0.088
616,0,2,0.088
616,0,3,0.088
616,3,0,0.088
616,3,2,0.088
616,3,3,0.088
617,0,0,0.088
617,0,2,0.088
617,0,3,0.088
617,1,0,0.088
617,1,2,0.088
617,1,3,0.088
617,2,0,0.088
617,2,2,0.088
617,2,3,0.088
617,3,0,0.1
617,3,1,0.01200000000000001
617,3,2,0.1
617,3,3,0.1
619,0,0,0.088
619,0,2,0.1
619,1,0,0.088
619,1,2,0.1
619,2,0,0.088
619,2,2,0.1
619,3,0,0.088
619,3,2,0.1
620,0,0,0.088
620,0,2,0.1
620,0,3,0.088
620,1,0,0.088
620,1,2,0.088
620,1,3,0.088
620,2,0,0.088
620,2,2,0.088
620,2,3,0.088
620,3,0,0.088
620,3,2,0.088
620,3,3,0.088
621,0,0,0.088
621,0,2,0.088
621,0,3,0.088
621,1,0,0.088
621,1,2,0.088
621,1,3,0.088
621,2,0,0.088
621,2,2,0.088
621,2,3,0.088
621,3,0,0.088
621,3,2,0.088
621,3,3,0.088
625,0,0,0.088
625,0,2,0.088
625,0,3,0.088
625,3,0,0.088
625,3,2,0.088
625,3,3,0.088
628,0,0,0.1
628,0,1,0.01200000000000001
628,0,2,0.1
628,0,3,0.1
628,1,0,0.088
628,1,2,0.088
628,1,3,0.088
628,2,0,0.088
628,2,2,0.088
628,2,3,0.088
628,3,0,0.1
628,3,1,0.01200000000000001
628,3,2,0.1
628,3,3,0.1
629,0,0,0.088
629,0,2,0.1
629,1,0,0.088
629,1,2,0.1
629,2,0,0.088
629,2,2,0.1
629,3,0,0.088
629,3,2,0.1
630,0,0,0.088
630,0,2,0.1
630,1,0,0.088
630,1,2,0.1
630,2,0,0.088
630,2,2,0.1
630,3,0,0.088
630,3,2,0.1
631,0,0,0.088
631,0,2,0.1
631,1,0,0.088
631,1,2,0.1
631,2,0,0.088
631,2,2,0.1
631,3,0,0.088
631,3,2,0.1
632,0,0,0.088
632,0,2,0.1
632,1,0,0.088
632,1,2,0.1
632,2,0,0.088
632,2,2,0.1
632,3,0,0.088
632,3,2,0.1
636,0,0,0.088
636,0,2,0.1
636,0,3,0.088
636,1,0,0.088
636,1,2,0.088
636,1,3,0.088
636,2,0,0.1
636,2,1,0.01200000000000001
636,2,2,0.1
636,2,3,0.1
636,3,0,0.1
636,3,1,0.01200000000000001
636,3,2,0.1
636,3,3,0.1
637,0,0,0.088
637,0,2,0.1
637,0,3,0.088
637,1,0,0.088
637,1,2,0.088
637,1,3,0.088
637,2,0,0.088
637,2,2,0.088
637,2,3,0.088
637,3,0,0.1
637,3,1,0.01200000000000001
637,3,2,0.1
637,3,3,0.1
638,0,0,0.088
638,0,2,0.088
638,0,3,0.088
638,3,0,0.1
638,3,1,0.01200000000000001
638,3,2,0.1
638,3,3,0.1
641,0,0,0.088
641,0,2,0.1
641,1,0,0.088
641,1,2,0.1
641,2,0,0.088
641,2,2,0.1
641,3,0,0.088
641,3,2,0.1
642,0,0,0.088
642,0,2,0.088
642,0,3,0.088
642,1,0,0.088
642,1,2,0.088
642,1,3,0.088
642,2,0,0.088
642,2,2,0.088
642,2,3,0.088
642,3,0,0.088
642,3,2,0.088
642,3,3,0.088
648,0,0,0.088
648,0,2,0.1
648,1,0,0.088
648,1,2,0.1
648,2,0,0.088
648,2,2,0.1
648,3,0,0.088
648,3,2,0.1
650,0,0,0.088
650,0,2,0.1
650,1,0,0.088
650,1,2,0.1
650,2,0,0.088
650,2,2,0.1
650,3,0,0.088
650,3,2,0.1
651,0,0,0.088
651,0,2,0.1
651,1,0,0.088
651,1,2,0.1
651,2,0,0.088
651,2,2,0.1
651,3,0,0.088
651,3,2,0.1
652,1,0,0.1
652,1,1,0.1
652,1,2,0.1
652,1,3,0.1
654,0,0,0.088
654,0,2,0.088
654,0,3,0.088
656,0,0,0.088
656,0,2,0.1
656,1,0,0.088
656,1,2,0.1
656,2,0,0.088
656,2,2,0.1
656,3,0,0.088
656,3,2,0.1
659,0,0,0.088
659,0,2,0.1
659,1,0,0.088
659,1,2,0.1
659,2,0,0.088
659,2,2,0.1
659,3,0,0.088
659,3,2,0.1
661,0,0,0.088
661,0,2,0.1
661,1,0,0.088
661,1,2,0.1
661,2,0,0.088
661,2,2,0.1
661,3,0,0.088
661,3,2,0.1
662,0,0,0.088
662,0,2,0.1
662,1,0,0.088
662,1,2,0.1
662,2,0,0.088
662,2,2,0.1
662,3,0,0.088
662,3,2,0.1
666,0,0,0.1
666,0,1,0.01200000000000001
666,0,2,0.1
666,0,3,0.1
666,2,0,0.1
666,2,1,0.1
666,2,2,0.1
666,2,3,0.1
666,3,0,0.088
666,3,2,0.088
666,3,3,0.088
670,0,0,0.088
670,0,2,0.1
670,1,0,0.088
670,1,2,0.1
670,2,0,0.088
670,2,2,0.1
670,3,0,0.088
670,3,2,0.1
674,0,0,0.088
674,0,2,0.1
674,1,0,0.088
674,1,2,0.1
674,2,0,0.088
674,2,2,0.1
674,3,0,0.088
674,3,2,0.1
678,0,0,0.088
678,0,2,0.088
678,0,3,0.088
678,1,0,0.088
678,1,2,0.088
678,1,3,0.088
678,2,0,0.088
678,2,2,0.088
678,2,3,0.088
678,3,0,0.088
678,3,2,0.088
678,3,3,0.088
679,0,0,0.088
679,0,2,0.088
679,0,3,0.088
679,3,0,0.088
679,3,2,0.088
679,3,3,0.088
681,0,0,0.088
681,0,2,0.088
681,0,3,0.088
681,1,0,0.088
681,1,2,0.088
681,1,3,0.088
681,2,0,0.088
681,2,2,0.088
681,2,3,0.088
681,3,0,0.088
681,3,2,0.088
681,3,3,0.088
686,0,0,0.088
686,0,2,0.1
686,1,0,0.088
686,1,2,0.1
686,2,0,0.088
686,2,2,0.1
686,3,0,0.088
686,3,2,0.1
687,0,0,0.088
687,0,2,0.1
687,1,0,0.088
687,1,2,0.1
687,2,0,0.088
687,2,2,0.1
687,3,0,0.088
687,3,2,0.1
693,0,0,0.088
693,0,2,0.1
693,1,0,0.088
693,1,2,0.1
693,2,0,0.088
693,2,2,0.1
693,3,0,0.088
693,3,2,0.1
694,0,0,0.1
694,0,1,0.01200000000000001
694,0,2,0.1
694,0,3,0.1
694,1,0,0.088
694,1,2,0.088
694,1,3,0.088
694,2,0,0.088
694,2,2,0.088
694,2,3,0.088
694,3,0,0.088
694,3,2,0.088
694,3,3,0.088
697,0,0,0.088
697,0,2,0.1
697,1,0,0.088
697,1,2,0.1
697,2,0,0.088
697,2,2,0.1
697,3,0,0.088
697,3,2,0.1
699,0,0,0.088
699,0,2,0.1
699,1,0,0.088
699,1,2,0.1
699,2,0,0.088
699,2,2,0.1
699,3,0,0.088
699,3,2,0.1
702,0,0,0.088
702,0,2,0.088
702,0,3,0.088
702,1,0,0.088
702,1,2,0.088
702,1,3,0.088
702,2,0,0.088
702,2,2,0.088
702,2,3,0.088
702,3,0,0.088
702,3,2,0.088
702,3,3,0.088
704,0,0,0.088
704,0,2,0.1
704,1,0,0.088
704,1,2,0.1
704,2,0,0.088
704,2,2,0.1
704,3,0,0.088
704,3,2,0.1
705,0,0,0.088
705,0,2,0.1
705,0,3,0.088
705,1,0,0.088
705,1,2,0.088
705,1,3,0.088
705,2,0,0.1
705,2,1,0.01200000000000001
705,2,2,0.1
705,2,3,0.1
705,3,0,0.1
705,3,1,0.01200000000000026
705,3,2,0.1
705,3,3,0.1
710,0,0,0.088
710,0,2,0.1
710,1,0,0.088
710,1,2,0.1
710,2,0,0.088
710,2,2,0.1
710,3,0,0.088
710,3,2,0.1
713,0,0,0.088
713,0,2,0.088
713,0,3,0.088
717,0,0,0.088
717,0,2,0.1
717,1,0,0.088
717,1,2,0.1
717,2,0,0.088
717,2,2,0.1
717,3,0,0.088
717,3,2,0.1
718,0,0,0.088
718,0,2,0.088
718,0,3,0.088
720,0,0,0.088
720,0,2,0.088
720,0,3,0.088
722,0,0,0.088
722,0,2,0.1
722,1,0,0.088
722,1,2,0.1
722,2,0,0.088
722,2,2,0.1
722,3,0,0.088
722,3,2,0.1
724,0,0,0.088
724,0,2,0.088
724,0,3,0.088
728,0,0,0.088
728,0,2,0.088
728,0,3,0.088
728,1,0,0.088
728,1,2,0.088
728,1,3,0.088
728,2,0,0.088
728,2,2,0.088
728,2,3,0.088
728,3,0,0.088
728,3,2,0.088
728,3,3,0.088
730,0,0,0.088
730,0,2,0.1
730,1,0,0.088
730,1,2,0.1
730,2,0,0.088
730,2,2,0.1
730,3,0,0.088
730,3,2,0.1
733,0,0,0.088
733,0,2,0.1
733,0,3,0.088
733,1,0,0.088
733,1,2,0.088
733,1,3,0.088
733,2,0,0.088
733,2,2,0.088
733,2,3,0.088
733,3,0,0.088
733,3,2,0.088
733,3,3,0.088
734,0,0,0.088
734,0,2,0.088
734,0,3,0.088
734,1,0,0.1
734,1,1,0.1
734,1,2,0.1
734,1,3,0.1
734,3,0,0.088
734,3,2,0.088
734,3,3,0.088
737,0,0,0.088
737,0,2,0.088
737,0,3,0.088
737,2,0,0.1
737,2,1,0.1
737,2,2,0.1
737,2,3,0.1
737,3,0,0.088
737,3,2,0.088
737,3,3,0.088
738,0,0,0.088
738,0,2,0.088
738,0,3,0.088
738,1,0,0.088
738,1,2,0.088
738,1,3,0.088
738,2,0,0.088
738,2,2,0.088
738,2,3,0.088
738,3,0,0.088
738,3,2,0.088
738,3,3,0.088
739,0,0,0.088
739,0,2,0.088
739,0,3,0.088
739,1,0,0.088
739,1,2,0.088
739,1,3,0.088
739,2,0,0.088
739,2,2,0.088
739,2,3,0.088
739,3,0,0.1
739,3,1,0.01200000000000001
739,3,2,0.1
739,3,3,0.1
741,0,0,0.088
741,0,2,0.1
741,1,0,0.088
741,1,2,0.1
741,1,3,0.088
741,2,0,0.088
741,2,2,0.1
741,2,3,0.088
741,3,0,0.088
741,3,2,0.1
744,0,0,0.088
744,0,2,0.088
744,0,3,0.088
744,3,0,0.088
744,3,2,0.088
744,3,3,0.088
746,0,0,0.088
746,0,2,0.088
746,0,3,0.088
746,1,0,0.088
746,1,2,0.088
746,1,3,0.088
746,2,0,0.088
746,2,2,0.088
746,2,3,0.088
746,3,0,0.088
746,3,2,0.088
746,3,3,0.088
748,0,0,0.088
748,0,2,0.1
748,1,0,0.088
748,1,2,0.1
748,2,0,0.088
748,2,2,0.1
748,3,0,0.088
748,3,2,0.1
750,0,0,0.088
750,0,2,0.1
750,1,0,0.088
750,1,2,0.1
750,2,0,0.088
750,2,2,0.1
750,3,0,0.088
750,3,2,0.1
753,0,0,0.1
753,0,1,0.01200000000000001
753,0,2,0.1
753,0,3,0.1
753,2,0,0.1
753,2,1,0.1
753,2,2,0.1
753,2,3,0.1
755,0,0,0.088
755,0,2,0.1
755,1,0,0.088
755,1,2,0.1
755,2,0,0.088
755,2,2,0.1
755,3,0,0.088
755,3,2,0.1
756,0,0,0.1
756,0,1,0.01200000000000001
756,0,2,0.1
756,0,3,0.1
756,3,0,0.088
756,3,2,0.088
756,3,3,0.088
759,0,0,0.088
759,0,2,0.088
759,0,3,0.088
759,3,0,0.088
759,3,2,0.088
759,3,3,0.088
764,0,0,0.088
764,0,2,0.088
764,0,3,0.088
764,1,0,0.088
764,1,2,0.088
764,1,3,0.088
764,2,0,0.088
764,2,2,0.088
764,2,3,0.088
764,3,0,0.088
764,3,2,0.088
764,3,3,0.088
766,0,0,0.088
766,0,2,0.1
766,1,0,0.088
766,1,2,0.1
766,2,0,0.088
766,2,2,0.1
766,3,0,0.088
766,3,2,0.1
767,0,0,0.088
767,0,2,0.1
767,1,0,0.088
767,1,2,0.1
767,2,0,0.088
767,2,2,0.1
767,3,0,0.088
767,3,2,0.1
769,0,0,0.088
769,0,2,0.088
769,0,3,0.088
771,0,0,0.088
771,0,2,0.1
771,1,0,0.088
771,1,2,0.1
771,2,0,0.088
771,2,2,0.1
771,3,0,0.088
771,3,2,0.1
772,0,0,0.088
772,0,2,0.088
772,0,3,0.088
772,1,0,0.1
772,1,1,0.01200000000000001
772,1,2,0.1
772,1,3,0.1
772,2,0,0.088
772,2,2,0.088
772,2,3,0.088
772,3,0,0.088
772,3,2,0.088
772,3,3,0.088
777,0,0,0.088
777,0,2,0.1
777,1,0,0.088
777,1,2,0.1
777,2,0,0.088
777,2,2,0.1
777,3,0,0.088
777,3,2,0.1
779,0,0,0.088
779,0,2,0.1
779,1,0,0.088
779,1,2,0.1
779,2,0,0.088
779,2,2,0.1
779,3,0,0.088
779,3,2,0.1
780,0,0,0.088
780,0,2,0.088
780,0,3,0.088
781,0,0,0.088
781,0,2,0.1
781,1,0,0.088
781,1,2,0.1
781,2,0,0.088
781,2,2,0.1
781,3,0,0.088
781,3,2,0.1
782,0,0,0.088
782,0,2,0.1
782,1,0,0.088
782,1,2,0.1
782,1,3,0.08117370199836321
782,2,0,0.088
782,2,2,0.1
782,2,3,0.088
782,3,0,0.088
782,3,2,0.1
783,2,0,0.1
783,2,1,0.1
783,2,2,0.1
783,2,3,0.1
786,0,0,0.088
786,0,2,0.1
786,0,3,0.088
786,1,0,0.088
786,1,2,0.1
786,1,3,0.088
786,2,0,0.088
786,2,2,0.1
786,2,3,0.088
786,3,0,0.088
786,3,2,0.1
786,3,3,0.088
788,0,0,0.1
788,0,1,0.01200000000000026
788,0,2,0.1
788,0,3,0.1
788,1,0,0.1
788,1,1,0.01200000000000001
788,1,2,0.1
788,1,3,0.1
788,2,0,0.088
788,2,2,0.088
788,2,3,0.088
788,3,0,0.1
788,3,1,0.01200000000000001
788,3,2,0.1
788,3,3,0.1
790,0,0,0.088
790,0,2,0.088
790,0,3,0.088
790,1,0,0.088
790,1,2,0.088
790,1,3,0.088
790,2,0,0.088
790,2,2,0.088
790,2,3,0.088
790,3,0,0.1
790,3,1,0.01200000000000001
790,3,2,0.1
790,3,3,0.1
792,0,0,0.088
792,0,2,0.1
792,1,0,0.088
792,1,2,0.1
792,2,0,0.088
792,2,2,0.1
792,3,0,0.088
792,3,2,0.1
793,0,0,0.088
793,0,2,0.1
793,1,0,0.088
793,1,2,0.1
793,2,0,0.088
793,2,2,0.1
793,3,0,0.088
793,3,2,0.1
794,0,0,0.088
794,0,2,0.088
794,0,3,0.088
794,3,0,0.088
794,3,2,0.088
794,3,3,0.088
795,0,0,0.088
795,0,2,0.1
795,1,0,0.088
795,1,2,0.1
795,2,0,0.088
795,2,2,0.1
795,3,0,0.088
795,3,2,0.1
797,0,0,0.088
797,0,2,0.1
797,1,0,0.088
797,1,2,0.1
797,2,0,0.088
797,2,2,0.1
797,2,3,0.088
797,3,0,0.088
797,3,2,0.1
798,0,0,0.088
798,0,2,0.1
798,1,0,0.088
798,1,2,0.1
798,2,0,0.088
798,2,2,0.1
798,3,0,0.088
798,3,2,0.1
799,0,0,0.088
799,0,2,0.088
799,0,3,0.088
799,3,0,0.088
799,3,2,0.088
799,3,3,0.088
800,0,0,0.088
800,0,2,0.1
800,0,3,0.088
800,1,0,0.088
800,1,2,0.088
800,1,3,0.088
800,2,0,0.088
800,2,2,0.088
800,2,3,0.088
800,3,0,0.1
800,3,1,0.01200000000000001
800,3,2,0.1
800,3,3,0.1
801,0,0,0.088
801,0,2,0.088
801,0,3,0.088
801,1,0,0.088
801,1,2,0.088
801,1,3,0.088
801,2,0,0.088
801,2,2,0.088
801,2,3,0.088
801,3,0,0.088
801,3,2,0.088
801,3,3,0.088
807,0,0,0.088
807,0,2,0.088
807,0,3,0.088
807,1,0,0.088
807,1,2,0.088
807,1,3,0.088
807,2,0,0.088
807,2,2,0.088
807,2,3,0.088
807,3,0,0.088
807,3,2,0.088
807,3,3,0.088
810,0,0,0.088
810,0,2,0.1
810,1,0,0.088
810,1,2,0.1
810,1,3,0.088
810,2,0,0.088
810,2,2,0.1
810,2,3,0.088
810,3,0,0.088
810,3,2,0.1
810,3,3,0.088
816,0,0,0.1
816,0,1,0.01200000000000001
816,0,2,0.1
816,0,3,0.1
816,1,0,0.06016968018375732
816,1,2,0.06016968018375732
816,1,3,0.06016968018375732
816,2,0,0.1
816,2,1,0.1
816,2,2,0.1
816,2,3,0.1
816,3,0,0.088
816,3,2,0.088
816,3,3,0.088
817,0,0,0.088
817,0,2,0.088
817,0,3,0.088
817,3,0,0.088
817,3,2,0.088
817,3,3,0.088
819,0,0,0.088
819,0,2,0.1
819,1,0,0.088
819,1,2,0.1
819,2,0,0.088
819,2,2,0.1
819,3,0,0.088
819,3,2,0.1
820,0,0,0.048321209160612486
820,0,2,0.048321209160612486
820,0,3,0.048321209160612486
820,3,0,0.1
820,3,1,0.1
820,3,2,0.1
820,3,3,0.1
822,0,0,0.088
822,0,2,0.1
822,1,0,0.088
822,1,2,0.1
822,2,0,0.088
822,2,2,0.1
822,3,0,0.088
822,3,2,0.1
823,0,0,0.088
823,0,2,0.1
823,1,0,0.088
823,1,2,0.1
823,2,0,0.088
823,2,2,0.1
823,3,0,0.088
823,3,2,0.1
831,0,0,0.088
831,0,2,0.088
831,0,3,0.088
831,1,0,0.088
831,1,2,0.088
831,1,3,0.088
831,2,0,0.088
831,2,2,0.088
831,2,3,0.088
831,3,0,0.088
831,3,2,0.088
831,3,3,0.088
832,0,0,0.088
832,0,2,0.088
832,0,3,0.088
832,3,0,0.1
832,3,1,0.1
832,3,2,0.1
832,3,3,0.1
833,0,0,0.088
833,0,2,0.1
833,1,0,0.088
833,1,2,0.1
833,2,0,0.088
833,2,2,0.1
833,3,0,0.088
833,3,2,0.1
835,0,0,0.088
835,0,2,0.088
835,0,3,0.088
835,1,0,0.1
835,1,1,0.1
835,1,2,0.1
835,1,3,0.1
836,0,0,0.088
836,0,2,0.1
836,1,0,0.088
836,1,2,0.1
836,1,3,0.088
836,2,0,0.088
836,2,2,0.1
836,2,3,0.088
836,3,0,0.088
836,3,2,0.1
837,0,0,0.088
837,0,2,0.088
837,0,3,0.088
839,0,0,0.088
839,0,2,0.1
839,1,0,0.1
839,1,1,0.01200000000000026
839,1,2,0.1
839,1,3,0.1
839,2,0,0.1
839,2,1,0.01200000000000001
839,2,2,0.1
839,2,3,0.1
839,3,0,0.088
839,3,2,0.1
839,3,3,0.088
841,0,0,0.088
841,0,2,0.1
841,1,0,0.088
841,1,2,0.1
841,1,3,0.031932359019665235
841,2,0,0.088
841,2,2,0.1
841,2,3,0.07180976387736004
841,3,0,0.088
841,3,2,0.1
843,0,0,0.088
843,0,2,0.088
843,0,3,0.088
843,1,0,0.088
843,1,2,0.088
843,1,3,0.088
843,2,0,0.088
843,2,2,0.088
843,2,3,0.088
843,3,0,0.088
843,3,2,0.088
843,3,3,0.088
845,0,0,0.088
845,0,2,0.1
845,1,0,0.088
845,1,2,0.1
845,1,3,0.088
845,2,0,0.1
845,2,1,0.01200000000000026
845,2,2,0.1
845,2,3,0.1
845,3,0,0.088
845,3,2,0.1
845,3,3,0.07420091408214183
847,0,0,0.088
847,0,2,0.088
847,0,3,0.088
850,0,0,0.088
850,0,2,0.1
850,1,0,0.088
850,1,2,0.1
850,1,3,0.088
850,2,0,0.088
850,2,2,0.1
850,2,3,0.088
850,3,0,0.088
850,3,2,0.1
852,0,0,0.088
852,0,2,0.1
852,1,0,0.088
852,1,2,0.1
852,2,0,0.088
852,2,2,0.1
852,3,0,0.088
852,3,2,0.1
853,0,0,0.088
853,0,2,0.1
853,1,0,0.088
853,1,2,0.1
853,2,0,0.088
853,2,2,0.1
853,3,0,0.088
853,3,2,0.1
854,0,0,0.088
854,0,2,0.1
854,1,0,0.088
854,1,2,0.1
854,2,0,0.088
854,2,2,0.1
854,3,0,0.088
854,3,2,0.1
857,0,0,0.088
857,0,2,0.1
857,1,0,0.088
857,1,2,0.1
857,2,0,0.088
857,2,2,0.1
857,3,0,0.088
857,3,2,0.1
858,0,0,0.088
858,0,2,0.088
858,0,3,0.088
858,2,0,0.1
858,2,1,0.1
858,2,2,0.1
858,2,3,0.1
859,0,0,0.088
859,0,2,0.088
859,0,3,0.088
859,1,0,0.1
859,1,1,0.1
859,1,2,0.1
859,1,3,0.1
859,2,0,0.1
859,2,1,0.1
859,2,2,0.1
859,2,3,0.1
859,3,0,0.1
859,3,1,0.01200000000000001
859,3,2,0.1
859,3,3,0.1
860,0,0,0.088
860,0,2,0.1
860,1,0,0.088
860,1,2,0.1
860,2,0,0.088
860,2,2,0.1
860,3,0,0.088
860,3,2,0.1
862,0,0,0.088
862,0,2,0.1
862,1,0,0.088
862,1,2,0.1
862,2,0,0.088
862,2,2,0.1
862,3,0,0.088
862,3,2,0.1
865,0,0,0.088
865,0,2,0.088
865,0,3,0.088
865,3,0,0.1
865,3,1,0.01200000000000001
865,3,2,0.1
865,3,3,0.1
866,0,0,0.088
866,0,2,0.1
866,0,3,0.088
866,1,0,0.1
866,1,1,0.01200000000000001
866,1,2,0.1
866,1,3,0.1
866,2,0,0.1
866,2,1,0.01200000000000001
866,2,2,0.1
866,2,3,0.1
866,3,0,0.088
866,3,2,0.088
866,3,3,0.088
868,0,0,0.088
868,0,2,0.1
868,1,0,0.088
868,1,2,0.1
868,2,0,0.088
868,2,2,0.1
868,3,0,0.088
868,3,2,0.1
871,0,0,0.088
871,0,2,0.1
871,1,0,0.088
871,1,2,0.1
871,2,0,0.088
871,2,2,0.1
871,3,0,0.088
871,3,2,0.1
873,0,0,0.088
873,0,2,0.1
873,0,3,0.0587456610957639
873,1,0,0.088
873,1,2,0.088
873,1,3,0.088
873,2,0,0.088
873,2,2,0.088
873,2,3,0.088
873,3,0,0.088
873,3,2,0.1
873,3,3,0.088
877,0,0,0.088
877,0,2,0.1
877,1,0,0.088
877,1,2,0.1
877,2,0,0.088
877,2,2,0.1
877,3,0,0.088
877,3,2,0.1
885,0,0,0.088
885,0,2,0.1
885,1,0,0.088
885,1,2,0.1
885,2,0,0.088
885,2,2,0.1
885,2,3,0.0016463437423053229
885,3,0,0.088
885,3,2,0.1
887,0,0,0.1
887,0,1,0.01200000000000001
887,0,2,0.1
887,0,3,0.1
887,1,0,0.1
887,1,1,0.01200000000000001
887,1,2,0.1
887,1,3,0.1
887,2,0,0.1
887,2,1,0.01200000000000001
887,2,2,0.1
887,2,3,0.1
887,3,0,0.088
887,3,2,0.088
887,3,3,0.088
888,0,0,0.088
888,0,2,0.1
888,1,0,0.088
888,1,2,0.1
888,2,0,0.088
888,2,2,0.1
888,3,0,0.088
888,3,2,0.1
889,0,0,0.088
889,0,2,0.1
889,1,0,0.088
889,1,2,0.1
889,2,0,0.088
889,2,2,0.1
889,3,0,0.088
889,3,2,0.1
894,0,0,0.1
894,0,1,0.01200000000000001
894,0,2,0.1
894,0,3,0.1
894,1,0,0.088
894,1,2,0.088
894,1,3,0.088
894,2,0,0.088
894,2,2,0.088
894,2,3,0.088
894,3,0,0.088
894,3,2,0.088
894,3,3,0.088
896,0,0,0.088
896,0,2,0.1
896,1,0,0.088
896,1,2,0.1
896,2,0,0.088
896,2,2,0.1
896,3,0,0.088
896,3,2,0.1
898,0,0,0.088
898,0,2,0.1
898,1,0,0.088
898,1,2,0.1
898,1,3,0.04271011544030229
898,2,0,0.088
898,2,2,0.1
898,2,3,0.088
898,3,0,0.088
898,3,2,0.1
900,0,0,0.088
900,0,2,0.088
900,0,3,0.088
900,3,0,0.088
900,3,2,0.088
900,3,3,0.088
901,0,0,0.088
901,0,2,0.1
901,1,0,0.088
901,1,2,0.1
901,2,0,0.088
901,2,2,0.1
901,3,0,0.088
901,3,2,0.1
902,0,0,0.088
902,0,2,0.1
902,1,0,0.088
902,1,2,0.1
902,2,0,0.088
902,2,2,0.1
902,3,0,0.088
902,3,2,0.1
903,0,0,0.088
903,0,2,0.1
903,1,0,0.088
903,1,2,0.1
903,2,0,0.088
903,2,2,0.1
903,3,0,0.088
903,3,2,0.1
904,0,0,0.1
904,0,1,0.01200000000000001
904,0,2,0.1
904,0,3,0.1
904,3,0,0.1
904,3,1,0.01200000000000001
904,3,2,0.1
904,3,3,0.1
908,0,0,0.088
908,0,2,0.088
908,0,3,0.088
908,3,0,0.088
908,3,2,0.088
908,3,3,0.088
910,0,0,0.088
910,0,2,0.088
910,0,3,0.088
910,1,0,0.088
910,1,2,0.088
910,1,3,0.088
910,2,0,0.088
910,2,2,0.088
910,2,3,0.088
910,3,0,0.088
910,3,2,0.088
910,3,3,0.088
911,0,0,0.088
911,0,2,0.088
911,0,3,0.088
911,1,0,0.088
911,1,2,0.088
911,1,3,0.088
911,2,0,0.088
911,2,2,0.088
911,2,3,0.088
911,3,0,0.088
911,3,2,0.088
911,3,3,0.088
914,0,0,0.088
914,0,2,0.088
914,0,3,0.088
914,1,0,0.088
914,1,2,0.088
914,1,3,0.088
914,2,0,0.088
914,2,2,0.088
914,2,3,0.088
914,3,0,0.088
914,3,2,0.088
914,3,3,0.088
916,0,0,0.088
916,0,2,0.088
916,0,3,0.088
916,3,0,0.088
916,3,2,0.088
916,3,3,0.088
917,0,0,0.07120839100518697
917,0,2,0.07120839100518697
917,0,3,0.07120839100518697
919,0,0,0.088
919,0,2,0.088
919,0,3,0.088
919,1,0,0.1
919,1,1,0.1
919,1,2,0.1
919,1,3,0.1
919,3,0,0.088
919,3,2,0.088
919,3,3,0.088
920,0,0,0.088
920,0,2,0.1
920,0,3,0.088
920,1,0,0.088
920,1,2,0.088
920,1,3,0.088
920,2,0,0.088
920,2,2,0.088
920,2,3,0.088
920,3,0,0.088
920,3,2,0.088
920,3,3,0.088
921,0,0,0.1
921,0,1,0.01200000000000026
921,0,2,0.1
921,0,3,0.1
921,1,0,0.088
921,1,2,0.088
921,1,3,0.088
921,2,0,0.088
921,2,2,0.088
921,2,3,0.088
921,3,0,0.088
921,3,2,0.088
921,3,3,0.088
922,0,0,0.088
922,0,2,0.1
922,1,0,0.088
922,1,2,0.1
922,2,0,0.088
922,2,2,0.1
922,3,0,0.088
922,3,2,0.1
924,0,0,0.088
924,0,2,0.1
924,1,0,0.088
924,1,2,0.1
924,2,0,0.088
924,2,2,0.1
924,3,0,0.088
924,3,2,0.1
927,0,0,0.088
927,0,2,0.088
927,0,3,0.088
927,1,0,0.088
927,1,2,0.088
927,1,3,0.088
927,2,0,0.088
927,2,2,0.088
927,2,3,0.088
927,3,0,0.088
927,3,2,0.088
927,3,3,0.088
928,0,0,0.088
928,0,2,0.1
928,1,0,0.088
928,1,2,0.1
928,1,3,0.015274474511498992
928,2,0,0.088
928,2,2,0.1
928,2,3,0.03530196031149899
928,3,0,0.088
928,3,2,0.1
929,0,0,0.088
929,0,2,0.1
929,1,0,0.088
929,1,2,0.1
929,2,0,0.088
929,2,2,0.1
929,3,0,0.088
929,3,2,0.1
930,0,0,0.088
930,0,2,0.1
930,1,0,0.088
930,1,2,0.1
930,2,0,0.088
930,2,2,0.1
930,3,0,0.088
930,3,2,0.1
931,0,0,0.088
931,0,2,0.1
931,0,3,0.088
931,1,0,0.1
931,1,1,0.01200000000000026
931,1,2,0.1
931,1,3,0.1
931,2,0,0.1
931,2,1,0.01200000000000001
931,2,2,0.1
931,2,3,0.1
931,3,0,0.088
931,3,2,0.1
931,3,3,0.088
932,0,0,0.088
932,0,2,0.088
932,0,3,0.088
932,1,0,0.088
932,1,2,0.088
932,1,3,0.088
932,2,0,0.088
932,2,2,0.088
932,2,3,0.088
932,3,0,0.088
932,3,2,0.088
932,3,3,0.088
933,0,0,0.088
933,0,2,0.1
933,1,0,0.088
933,1,2,0.1
933,2,0,0.088
933,2,2,0.1
933,3,0,0.088
933,3,2,0.1
934,0,0,0.088
934,0,2,0.1
934,1,0,0.088
934,1,2,0.1
934,2,0,0.088
934,2,2,0.1
934,2,3,0.088
934,3,0,0.088
934,3,2,0.1
936,0,0,0.088
936,0,2,0.1
936,1,0,0.088
936,1,2,0.1
936,2,0,0.088
936,2,2,0.1
936,3,0,0.088
936,3,2,0.1
938,0,0,0.088
938,0,2,0.1
938,1,0,0.088
938,1,2,0.1
938,2,0,0.088
938,2,2,0.1
938,3,0,0.088
938,3,2,0.1
941,0,0,0.088
941,0,2,0.088
941,0,3,0.088
944,0,0,0.088
944,0,2,0.088
944,0,3,0.088
944,1,0,0.088
944,1,2,0.088
944,1,3,0.088
944,2,0,0.088
944,2,2,0.088
944,2,3,0.088
944,3,0,0.088
944,3,2,0.088
944,3,3,0.088
946,0,0,0.1
946,0,1,0.01200000000000001
946,0,2,0.1
946,0,3,0.1
946,1,0,0.088
946,1,2,0.088
946,1,3,0.088
946,2,0,0.088
946,2,2,0.088
946,2,3,0.088
946,3,0,0.088
946,3,2,0.088
946,3,3,0.088
951,0,0,0.088
951,0,2,0.088
951,0,3,0.088
951,1,0,0.088
951,1,2,0.088
951,1,3,0.088
951,2,0,0.088
951,2,2,0.088
951,2,3,0.088
951,3,0,0.088
951,3,2,0.088
951,3,3,0.088
953,0,0,0.088
953,0,2,0.088
953,0,3,0.088
953,3,0,0.1
953,3,1,0.1
953,3,2,0.1
953,3,3,0.1
958,0,0,0.088
958,0,2,0.1
958,1,0,0.088
958,1,2,0.1
958,2,0,0.088
958,2,2,0.1
958,3,0,0.088
958,3,2,0.1
960,0,0,0.088
960,0,2,0.1
960,1,0,0.088
960,1,2,0.1
960,2,0,0.088
960,2,2,0.1
960,3,0,0.088
960,3,2,0.1
963,0,0,0.088
963,0,2,0.1
963,1,0,0.088
963,1,2,0.1
963,2,0,0.088
963,2,2,0.1
963,3,0,0.088
963,3,2,0.1
966,0,0,0.088
966,0,2,0.088
966,0,3,0.088
966,1,0,0.1
966,1,1,0.1
966,1,2,0.1
966,1,3,0.1
966,3,0,0.088
966,3,2,0.088
966,3,3,0.088
971,0,0,0.088
971,0,2,0.1
971,1,0,0.088
971,1,2,0.1
971,2,0,0.088
971,2,2,0.1
971,3,0,0.088
971,3,2,0.1
973,0,0,0.1
973,0,1,0.01200000000000001
973,0,2,0.1
973,0,3,0.1
973,1,0,0.088
973,1,2,0.088
973,1,3,0.088
973,2,0,0.088
973,2,2,0.088
973,2,3,0.088
973,3,0,0.088
973,3,2,0.088
973,3,3,0.088
976,0,0,0.09229114818122466
976,0,1,0.004291148181224669
976,0,2,0.1
976,0,3,0.09229114818122466
976,1,0,0.088
976,1,2,0.088
976,1,3,0.088
976,2,0,0.1
976,2,1,0.01200000000000001
976,2,2,0.1
976,2,3,0.1
976,3,0,0.088
976,3,2,0.088
976,3,3,0.088
980,0,0,0.088
980,0,2,0.1
980,1,0,0.088
980,1,2,0.1
980,2,0,0.088
980,2,2,0.1
980,3,0,0.088
980,3,2,0.1
983,0,0,0.088
983,0,2,0.1
983,1,0,0.088
983,1,2,0.1
983,2,0,0.088
983,2,2,0.1
983,3,0,0.088
983,3,2,0.1
985,0,0,0.088
985,0,2,0.1
985,1,0,0.088
985,1,2,0.1
985,2,0,0.088
985,2,2,0.1
985,3,0,0.088
985,3,2,0.1
988,0,0,0.088
988,0,2,0.088
988,0,3,0.088
988,3,0,0.088
988,3,2,0.088
988,3,3,0.088
989,0,0,0.088
989,0,2,0.1
989,1,0,0.088
989,1,2,0.1
989,1,3,0.088
989,2,0,0.088
989,2,2,0.1
989,2,3,0.088
989,3,0,0.088
989,3,2,0.1
989,3,3,0.088
990,0,0,0.088
990,0,2,0.088
990,0,3,0.088
990,1,0,0.088
990,1,2,0.088
990,1,3,0.088
990,2,0,0.088
990,2,2,0.088
990,2,3,0.088
990,3,0,0.088
990,3,2,0.088
990,3,3,0.088
991,0,0,0.088
991,0,2,0.1
991,1,0,0.088
991,1,2,0.1
991,1,3,0.088
991,2,0,0.1
991,2,1,0.01200000000000001
991,2,2,0.1
991,2,3,0.1
991,3,0,0.088
991,3,2,0.1
991,3,3,0.088
992,0,0,0.088
992,0,2,0.1
992,1,0,0.088
992,1,2,0.1
992,2,0,0.088
992,2,2,0.1
992,3,0,0.088
992,3,2,0.1
993,0,0,0.088
993,0,2,0.088
993,0,3,0.088
993,1,0,0.088
993,1,2,0.088
993,1,3,0.088
993,2,0,0.088
993,2,2,0.088
993,2,3,0.088
993,3,0,0.088
993,3,2,0.088
993,3,3,0.088
994,0,0,0.088
994,0,2,0.1
994,1,0,0.088
994,1,2,0.1
994,2,0,0.088
994,2,2,0.1
994,3,0,0.088
994,3,2,0.1
995,0,0,0.088
995,0,2,0.1
995,1,0,0.088
995,1,2,0.1
995,2,0,0.088
995,2,2,0.1
995,3,0,0.088
995,3,2,0.1
997,0,0,0.088
997,0,2,0.1
997,1,0,0.088
997,1,2,0.1
997,2,0,0.088
997,2,2,0.1
997,3,0,0.088
997,3,2,0.1
998,0,0,0.088
998,0,2,0.088
998,0,3,0.088
998,3,0,0.1
998,3,1,0.01200000000000001
998,3,2,0.1
998,3,3,0.1
1001,0,0,0.088
1001,0,2,0.088
1001,0,3,0.088
1001,1,0,0.088
1001,1,2,0.088
1001,1,3,0.088
1001,2,0,0.088
1001,2,2,0.088
1001,2,3,0.088
1001,3,0,0.088
1001,3,2,0.088
1001,3,3,0.088
1004,0,0,0.088
1004,0,2,0.1
1004,1,0,0.088
1004,1,2,0.1
1004,2,0,0.088
1004,2,2,0.1
1004,3,0,0.088
1004,3,2,0.1
1005,0,0,0.088
1005,0,2,0.088
1005,0,3,0.088
1005,1,0,0.088
1005,1,2,0.088
1005,1,3,0.088
1005,2,0,0.1
1005,2,1,0.01200000000000001
1005,2,2,0.1
1005,2,3,0.1
1005,3,0,0.1
1005,3,1,0.01200000000000001
1005,3,2,0.1
1005,3,3,0.1
1007,0,0,0.088
1007,0,2,0.1
1007,1,0,0.088
1007,1,2,0.1
1007,2,0,0.088
1007,2,2,0.1
1007,3,0,0.088
1007,3,2,0.1
1008,0,0,0.088
1008,0,2,0.088
1008,0,3,0.088
1008,1,0,0.1
1008,1,1,0.01200000000000001
1008,1,2,0.1
1008,1,3,0.1
1008,2,0,0.088
1008,2,2,0.088
1008,2,3,0.088
1008,3,0,0.088
1008,3,2,0.088
1008,3,3,0.088
1010,0,0,0.1
1010,0,1,0.1
1010,0,2,0.1
1010,0,3,0.1
1012,0,0,0.088
1012,0,2,0.088
1012,0,3,0.088
1014,0,0,0.088
1014,0,2,0.1
1014,1,0,0.088
1014,1,2,0.1
1014,2,0,0.088
1014,2,2,0.1
1014,3,0,0.088
1014,3,2,0.1
1018,0,0,0.088
1018,0,2,0.1
1018,1,0,0.088
1018,1,2,0.1
1018,2,0,0.088
1018,2,2,0.1
1018,3,0,0.088
1018,3,2,0.1
1021,0,0,0.088
1021,0,2,0.1
1021,1,0,0.088
1021,1,2,0.1
1021,2,0,0.088
1021,2,2,0.1
1021,3,0,0.088
1021,3,2,0.1
1022,0,0,0.088
1022,0,2,0.1
1022,1,0,0.088
1022,1,2,0.1
1022,2,0,0.088
1022,2,2,0.1
1022,3,0,0.088
1022,3,2,0.1
1023,0,0,0.088
1023,0,2,0.1
1023,1,0,0.088
1023,1,2,0.1
1023,2,0,0.088
1023,2,2,0.1
1023,3,0,0.088
1023,3,2,0.1
1026,0,0,0.1
1026,0,1,0.01200000000000001
1026,0,2,0.1
1026,0,3,0.1
1026,1,0,0.088
1026,1,2,0.088
1026,1,3,0.088
1026,2,0,0.088
1026,2,2,0.088
1026,2,3,0.088
1026,3,0,0.1
1026,3,1,0.01200000000000001
1026,3,2,0.1
1026,3,3,0.1
1027,0,0,0.088
1027,0,2,0.1
1027,1,0,0.088
1027,1,2,0.1
1027,2,0,0.088
1027,2,2,0.1
1027,3,0,0.088
1027,3,2,0.1
1031,0,0,0.088
1031,0,2,0.1
1031,1,0,0.088
1031,1,2,0.1
1031,2,0,0.088
1031,2,2,0.1
1031,2,3,0.088
1031,3,0,0.088
1031,3,2,0.1
1032,0,0,0.088
1032,0,2,0.088
1032,0,3,0.088
1032,3,0,0.088
1032,3,2,0.088
1032,3,3,0.088
1039,0,0,0.088
1039,0,2,0.1
1039,1,0,0.088
1039,1,2,0.1
1039,2,0,0.088
1039,2,2,0.1
1039,3,0,0.088
1039,3,2,0.1
1042,0,0,0.1
1042,0,1,0.01200000000000001
1042,0,2,0.1
1042,0,3,0.1
1042,3,0,0.088
1042,3,2,0.088
1042,3,3,0.088
1043,0,0,0.088
1043,0,2,0.1
1043,1,0,0.088
1043,1,2,0.1
1043,2,0,0.088
1043,2,2,0.1
1043,3,0,0.088
1043,3,2,0.1
1044,0,0,0.088
1044,0,2,0.1
1044,1,0,0.088
1044,1,2,0.1
1044,2,0,0.088
1044,2,2,0.1
1044,3,0,0.088
1044,3,2,0.1
1046,0,0,0.088
1046,0,2,0.1
1046,1,0,0.088
1046,1,2,0.1
1046,1,3,0.088
1046,2,0,0.088
1046,2,2,0.1
1046,2,3,0.088
1046,3,0,0.088
1046,3,2,0.1
1046,3,3,0.03039748187360619
1048,0,0,0.088
1048,0,2,0.088
1048,0,3,0.088
1048,1,0,0.088
1048,1,2,0.088
1048,1,3,0.088
1048,2,0,0.088
1048,2,2,0.088
1048,2,3,0.088
1048,3,0,0.1
1048,3,1,0.01200000000000001
1048,3,2,0.1
1048,3,3,0.1
1052,0,0,0.088
1052,0,2,0.1
1052,1,0,0.088
1052,1,2,0.1
1052,2,0,0.088
1052,2,2,0.1
1052,3,0,0.088
1052,3,2,0.1
1057,0,0,0.088
1057,0,2,0.088
1057,0,3,0.088
1057,1,0,0.1
1057,1,1,0.1
1057,1,2,0.1
1057,1,3,0.1
1057,3,0,0.1
1057,3,1,0.01200000000000001
1057,3,2,0.1
1057,3,3,0.1
1058,0,0,0.088
1058,0,2,0.088
1058,0,3,0.088
1058,1,0,0.088
1058,1,2,0.088
1058,1,3,0.088
1058,2,0,0.088
1058,2,2,0.088
1058,2,3,0.088
1058,3,0,0.1
1058,3,1,0.01200000000000001
1058,3,2,0.1
1058,3,3,0.1
1059,0,0,0.088
1059,0,2,0.088
1059,0,3,0.088
1059,1,0,0.088
1059,1,2,0.088
1059,1,3,0.088
1059,2,0,0.088
1059,2,2,0.088
1059,2,3,0.088
1059,3,0,0.088
1059,3,2,0.088
1059,3,3,0.088
1061,0,0,0.088
1061,0,2,0.088
1061,0,3,0.088
1061,2,0,0.1
1061,2,1,0.1
1061,2,2,0.1
1061,2,3,0.1
1062,0,0,0.1
1062,0,1,0.01200000000000001
1062,0,2,0.1
1062,0,3,0.1
1062,3,0,0.088
1062,3,2,0.088
1062,3,3,0.088
1067,0,0,0.1
1067,0,1,0.01200000000000001
1067,0,2,0.1
1067,0,3,0.1
1067,1,0,0.1
1067,1,1,0.01200000000000001
1067,1,2,0.1
1067,1,3,0.1
1067,2,0,0.088
1067,2,2,0.088
1067,2,3,0.088
1067,3,0,0.088
1067,3,2,0.088
1067,3,3,0.088
1069,0,0,0.088
1069,0,2,0.088
1069,0,3,0.088
1069,3,0,0.088
1069,3,2,0.088
1069,3,3,0.088
1070,0,0,0.088
1070,0,2,0.1
1070,1,0,0.088
1070,1,2,0.1
1070,1,3,0.088
1070,2,0,0.088
1070,2,2,0.1
1070,2,3,0.088
1070,3,0,0.088
1070,3,2,0.1
1074,0,0,0.088
1074,0,2,0.1
1074,1,0,0.088
1074,1,2,0.1
1074,2,0,0.088
1074,2,2,0.1
1074,3,0,0.088
1074,3,2,0.1
1076,0,0,0.088
1076,0,2,0.1
1076,1,0,0.088
1076,1,2,0.1
1076,2,0,0.088
1076,2,2,0.1
1076,3,0,0.088
1076,3,2,0.1
1078,0,0,0.088
1078,0,2,0.1
1078,1,0,0.088
1078,1,2,0.1
1078,2,0,0.088
1078,2,2,0.1
1078,3,0,0.088
1078,3,2,0.1
1080,0,0,0.088
1080,0,2,0.1
1080,1,0,0.088
1080,1,2,0.1
1080,1,3,0.088
1080,2,0,0.1
1080,2,1,0.01200000000000001
1080,2,2,0.1
1080,2,3,0.1
1080,3,0,0.088
1080,3,2,0.1
1080,3,3,0.04984171622996675
1082,0,0,0.088
1082,0,2,0.088
1082,0,3,0.088
1082,3,0,0.088
1082,3,2,0.088
1082,3,3,0.088
1084,0,0,0.088
1084,0,2,0.1
1084,1,0,0.088
1084,1,2,0.1
1084,2,0,0.088
1084,2,2,0.1
1084,3,0,0.088
1084,3,2,0.1
1085,0,0,0.088
1085,0,2,0.1
1085,1,0,0.088
1085,1,2,0.1
1085,2,0,0.088
1085,2,2,0.1
1085,3,0,0.088
1085,3,2,0.1
1088,0,0,0.088
1088,0,2,0.088
1088,0,3,0.088
1088,3,0,0.1
1088,3,1,0.01200000000000001
1088,3,2,0.1
1088,3,3,0.1
1091,0,0,0.088
1091,0,2,0.088
1091,0,3,0.088
1091,3,0,0.088
1091,3,2,0.088
1091,3,3,0.088
1093,0,0,0.088
1093,0,2,0.088
1093,0,3,0.088
1093,1,0,0.088
1093,1,2,0.088
1093,1,3,0.088
1093,2,0,0.088
1093,2,2,0.088
1093,2,3,0.088
1093,3,0,0.088
1093,3,2,0.088
1093,3,3,0.088
1095,0,0,0.088
1095,0,2,0.1
1095,1,0,0.088
1095,1,2,0.1
1095,1,3,0.03216790217524307
1095,2,0,0.088
1095,2,2,0.1
1095,2,3,0.088
1095,3,0,0.088
1095,3,2,0.1
1096,0,0,0.1
1096,0,1,0.01200000000000001
1096,0,2,0.1
1096,0,3,0.1
1096,1,0,0.1
1096,1,1,0.01200000000000001
1096,1,2,0.1
1096,1,3,0.1
1096,2,0,0.088
1096,2,2,0.088
1096,2,3,0.088
1096,3,0,0.088
1096,3,2,0.088
1096,3,3,0.088
1098,0,0,0.088
1098,0,2,0.088
1098,0,3,0.088
1098,1,0,0.088
1098,1,2,0.088
1098,1,3,0.088
1098,2,0,0.088
1098,2,2,0.088
1098,2,3,0.088
1098,3,0,0.088
1098,3,2,0.088
1098,3,3,0.088
1099,0,0,0.088
1099,0,2,0.088
1099,0,3,0.088
1099,3,0,0.1
1099,3,1,0.01200000000000001
1099,3,2,0.1
1099,3,3,0.1
1100,0,0,0.088
1100,0,2,0.1
1100,1,0,0.088
1100,1,2,0.1
1100,2,0,0.088
1100,2,2,0.1
1100,3,0,0.088
1100,3,2,0.1
1103,0,0,0.088
1103,0,2,0.1
1103,1,0,0.088
1103,1,2,0.1
1103,1,3,0.088
1103,2,0,0.1
1103,2,1,0.01200000000000001
1103,2,2,0.1
1103,2,3,0.1
1103,3,0,0.088
1103,3,2,0.1
1103,3,3,0.0025265427423050157
1105,0,0,0.088
1105,0,2,0.1
1105,1,0,0.088
1105,1,2,0.1
1105,2,0,0.088
1105,2,2,0.1
1105,3,0,0.088
1105,3,2,0.1
1106,0,0,0.088
1106,0,2,0.088
1106,0,3,0.088
1106,1,0,0.1
1106,1,1,0.01200000000000001
1106,1,2,0.1
1106,1,3,0.1
1106,2,0,0.1
1106,2,1,0.01200000000000001
1106,2,2,0.1
1106,2,3,0.1
1106,3,0,0.088
1106,3,2,0.088
1106,3,3,0.088
1108,0,0,0.088
1108,0,2,0.088
1108,0,3,0.088
1108,3,0,0.088
1108,3,2,0.088
1108,3,3,0.088
1110,0,0,0.088
1110,0,2,0.1
1110,1,0,0.088
1110,1,2,0.1
1110,2,0,0.088
1110,2,2,0.1
1110,3,0,0.088
1110,3,2,0.1
1113,0,0,0.088
1113,0,2,0.1
1113,1,0,0.088
1113,1,2,0.1
1113,2,0,0.088
1113,2,2,0.1
1113,3,0,0.088
1113,3,2,0.1
1114,0,0,0.088
1114,0,2,0.1
1114,1,0,0.088
1114,1,2,0.1
1114,1,3,0.02810567959916907
1114,2,0,0.088
1114,2,2,0.1
1114,2,3,0.027349180399169087
1114,3,0,0.088
1114,3,2,0.1
1116,0,0,0.1
1116,0,1,0.01200000000000001
1116,0,2,0.1
1116,0,3,0.1
1116,3,0,0.06815618897081607
1116,3,2,0.06815618897081607
1116,3,3,0.06815618897081607
1117,0,0,0.088
1117,0,2,0.1
1117,1,0,0.088
1117,1,2,0.1
1117,2,0,0.088
1117,2,2,0.1
1117,3,0,0.088
1117,3,2,0.1
1119,0,0,0.088
1119,0,2,0.088
1119,0,3,0.088
1119,3,0,0.088
1119,3,2,0.088
1119,3,3,0.088
1120,0,0,0.088
1120,0,2,0.1
1120,1,0,0.088
1120,1,2,0.1
1120,2,0,0.088
1120,2,2,0.1
1120,3,0,0.088
1120,3,2,0.1
1127,0,0,0.088
1127,0,2,0.1
1127,0,3,0.088
1127,1,0,0.088
1127,1,2,0.088
1127,1,3,0.088
1127,2,0,0.088
1127,2,2,0.088
1127,2,3,0.088
1127,3,0,0.088
1127,3,2,0.088
1127,3,3,0.088
1130,0,0,0.088
1130,0,2,0.1
1130,1,0,0.088
1130,1,2,0.1
1130,2,0,0.088
1130,2,2,0.1
1130,3,0,0.088
1130,3,2,0.1
1131,0,0,0.088
1131,0,2,0.088
1131,0,3,0.088
1131,1,0,0.088
1131,1,2,0.088
1131,1,3,0.088
1131,2,0,0.1
1131,2,1,0.01200000000000001
1131,2,2,0.1
1131,2,3,0.1
1131,3,0,0.1
1131,3,1,0.01200000000000001
1131,3,2,0.1
1131,3,3,0.1
1132,0,0,0.088
1132,0,2,0.1
1132,1,0,0.088
1132,1,2,0.1
1132,2,0,0.088
1132,2,2,0.1
1132,3,0,0.088
1132,3,2,0.1
1134,0,0,0.088
1134,0,2,0.088
1134,0,3,0.088
1134,1,0,0.088
1134,1,2,0.088
1134,1,3,0.088
1134,2,0,0.088
1134,2,2,0.088
1134,2,3,0.088
1134,3,0,0.1
1134,3,1,0.01200000000000001
1134,3,2,0.1
1134,3,3,0.1
1135,3,0,0.1
1135,3,1,0.1
1135,3,2,0.1
1135,3,3,0.1
1136,0,0,0.088
1136,0,2,0.088
1136,0,3,0.088
1136,1,0,0.088
1136,1,2,0.088
1136,1,3,0.088
1136,2,0,0.06018695131368115
1136,2,2,0.06018695131368115
1136,2,3,0.06018695131368115
1136,3,0,0.1
1136,3,1,0.01200000000000001
1136,3,2,0.1
1136,3,3,0.1
1137,0,0,0.088
1137,0,2,0.088
1137,0,3,0.088
1137,3,0,0.088
1137,3,2,0.088
1137,3,3,0.088
1141,0,0,0.1
1141,0,1,0.01200000000000001
1141,0,2,0.1
1141,0,3,0.1
1141,1,0,0.088
1141,1,2,0.088
1141,1,3,0.088
1141,2,0,0.1
1141,2,1,0.01200000000000001
1141,2,2,0.1
1141,2,3,0.1
1141,3,0,0.088
1141,3,2,0.088
1141,3,3,0.088
1144,0,0,0.088
1144,0,2,0.088
1144,0,3,0.088
1144,1,0,0.088
1144,1,2,0.088
1144,1,3,0.088
1144,2,0,0.088
1144,2,2,0.088
1144,2,3,0.088
1144,3,0,0.1
1144,3,1,0.01200000000000001
1144,3,2,0.1
1144,3,3,0.1
1145,0,0,0.088
1145,0,2,0.1
1145,1,0,0.088
1145,1,2,0.1
1145,2,0,0.088
1145,2,2,0.1
1145,3,0,0.088
1145,3,2,0.1
1147,0,0,0.088
1147,0,2,0.1
1147,1,0,0.088
1147,1,2,0.1
1147,2,0,0.088
1147,2,2,0.1
1147,3,0,0.088
1147,3,2,0.1
1149,0,0,0.088
1149,0,2,0.1
1149,1,0,0.088
1149,1,2,0.1
1149,2,0,0.088
1149,2,2,0.1
1149,3,0,0.088
1149,3,2,0.1
1151,0,0,0.088
1151,0,2,0.088
1151,0,3,0.088
1151,3,0,0.088
1151,3,2,0.088
1151,3,3,0.088
1152,0,0,0.088
1152,0,2,0.1
1152,1,0,0.088
1152,1,2,0.1
1152,2,0,0.088
1152,2,2,0.1
1152,3,0,0.088
1152,3,2,0.1
1155,0,0,0.088
1155,0,2,0.088
1155,0,3,0.088
1155,1,0,0.088
1155,1,2,0.088
1155,1,3,0.088
1155,2,0,0.088
1155,2,2,0.088
1155,2,3,0.088
1155,3,0,0.088
1155,3,2,0.088
1155,3,3,0.088
1156,0,0,0.088
1156,0,2,0.088
1156,0,3,0.088
1156,3,0,0.088
1156,3,2,0.088
1156,3,3,0.088
1157,0,0,0.088
1157,0,2,0.1
1157,1,0,0.088
1157,1,2,0.1
1157,2,0,0.088
1157,2,2,0.1
1157,3,0,0.088
1157,3,2,0.1
1159,0,0,0.088
1159,0,2,0.1
1159,1,0,0.088
1159,1,2,0.1
1159,2,0,0.088
1159,2,2,0.1
1159,3,0,0.088
1159,3,2,0.1
1161,0,0,0.088
1161,0,2,0.088
1161,0,3,0.088
1161,3,0,0.1
1161,3,1,0.01200000000000001
1161,3,2,0.1
1161,3,3,0.1
1162,0,0,0.088
1162,0,2,0.1
1162,1,0,0.088
1162,1,2,0.1
1162,2,0,0.088
1162,2,2,0.1
1162,3,0,0.088
1162,3,2,0.1
1164,0,0,0.088
1164,0,2,0.088
1164,0,3,0.088
1164,3,0,0.088
1164,3,2,0.088
1164,3,3,0.088
1165,0,0,0.088
1165,0,2,0.1
1165,1,0,0.088
1165,1,2,0.1
1165,2,0,0.088
1165,2,2,0.1
1165,3,0,0.088
1165,3,2,0.1
1166,0,0,0.1
1166,0,1,0.01200000000000001
1166,0,2,0.1
1166,0,3,0.1
1166,1,0,0.1
1166,1,1,0.1
1166,1,2,0.1
1166,1,3,0.1
1166,3,0,0.088
1166,3,2,0.088
1166,3,3,0.088
1167,0,0,0.1
1167,0,1,0.01200000000000026
1167,0,2,0.1
1167,0,3,0.1
1167,1,0,0.088
1167,1,2,0.088
1167,1,3,0.088
1167,2,0,0.088
1167,2,2,0.088
1167,2,3,0.088
1167,3,0,0.088
1167,3,2,0.088
1167,3,3,0.088
1169,0,0,0.088
1169,0,2,0.1
1169,0,3,0.06402302381676264
1169,1,0,0.088
1169,1,2,0.088
1169,1,3,0.088
1169,2,0,0.088
1169,2,2,0.088
1169,2,3,0.088
1169,3,0,0.1
1169,3,1,0.01200000000000001
1169,3,2,0.1
1169,3,3,0.1
1170,0,0,0.088
1170,0,2,0.088
1170,0,3,0.088
1172,0,0,0.088
1172,0,2,0.1
1172,1,0,0.088
1172,1,2,0.1
1172,2,0,0.088
1172,2,2,0.1
1172,3,0,0.088
1172,3,2,0.1
1174,0,0,0.088
1174,0,2,0.1
1174,1,0,0.088
1174,1,2,0.1
1174,2,0,0.088
1174,2,2,0.1
1174,3,0,0.088
1174,3,2,0.1
1176,0,0,0.088
1176,0,2,0.1
1176,1,0,0.088
1176,1,2,0.1
1176,2,0,0.088
1176,2,2,0.1
1176,3,0,0.088
1176,3,2,0.1
1180,0,0,0.088
1180,0,2,0.088
1180,0,3,0.088
1181,0,0,0.088
1181,0,2,0.088
1181,0,3,0.088
1181,1,0,0.088
1181,1,2,0.088
1181,1,3,0.088
1181,2,0,0.088
1181,2,2,0.088
1181,2,3,0.088
1181,3,0,0.088
1181,3,2,0.088
1181,3,3,0.088
1182,0,0,0.088
1182,0,2,0.088
1182,0,3,0.088
1182,1,0,0.088
1182,1,2,0.088
1182,1,3,0.088
1182,2,0,0.088
1182,2,2,0.088
1182,2,3,0.088
1182,3,0,0.088
1182,3,2,0.088
1182,3,3,0.088
1183,0,0,0.088
1183,0,2,0.1
1183,1,0,0.088
1183,1,2,0.1
1183,2,0,0.088
1183,2,2,0.1
1183,3,0,0.088
1183,3,2,0.1
1184,0,0,0.088
1184,0,2,0.1
1184,1,0,0.088
1184,1,2,0.1
1184,2,0,0.088
1184,2,2,0.1
1184,3,0,0.088
1184,3,2,0.1
1186,0,0,0.1
1186,0,1,0.01200000000000001
1186,0,2,0.1
1186,0,3,0.1
1186,1,0,0.088
1186,1,2,0.088
1186,1,3,0.088
1186,2,0,0.088
1186,2,2,0.088
1186,2,3,0.088
1186,3,0,0.088
1186,3,2,0.088
1186,3,3,0.088
1189,0,0,0.088
1189,0,2,0.088
1189,0,3,0.088
1189,3,0,0.088
1189,3,2,0.088
1189,3,3,0.088
1190,0,0,0.088
1190,0,2,0.1
1190,1,0,0.088
1190,1,2,0.1
1190,2,0,0.088
1190,2,2,0.1
1190,3,0,0.088
1190,3,2,0.1
1191,0,0,0.088
1191,0,2,0.1
1191,1,0,0.088
1191,1,2,0.1
1191,2,0,0.088
1191,2,2,0.1
1191,3,0,0.088
1191,3,2,0.1
1193,0,0,0.088
1193,0,2,0.1
1193,1,0,0.088
1193,1,2,0.1
1193,1,3,0.015873262075466438
1193,2,0,0.088
1193,2,2,0.1
1193,2,3,0.020323814475466467
1193,3,0,0.088
1193,3,2,0.1
1194,0,0,0.088
1194,0,2,0.1
1194,1,0,0.088
1194,1,2,0.1
1194,2,0,0.088
1194,2,2,0.1
1194,3,0,0.088
1194,3,2,0.1
1196,0,0,0.088
1196,0,2,0.088
1196,0,3,0.088
1199,0,0,0.088
1199,0,2,0.088
1199,0,3,0.088
1199,1,0,0.088
1199,1,2,0.088
1199,1,3,0.088
1199,2,0,0.088
1199,2,2,0.088
1199,2,3,0.088
1199,3,0,0.088
1199,3,2,0.088
1199,3,3,0.088
1201,0,0,0.088
1201,0,2,0.1
1201,0,3,0.088
1201,1,0,0.088
1201,1,2,0.088
1201,1,3,0.088
1201,2,0,0.088
1201,2,2,0.088
1201,2,3,0.088
1201,3,0,0.088
1201,3,2,0.1
1201,3,3,0.088
1202,0,0,0.1
1202,0,1,0.01200000000000001
1202,0,2,0.1
1202,0,3,0.1
1202,1,0,0.088
1202,1,2,0.088
1202,1,3,0.088
1202,2,0,0.088
1202,2,2,0.088
1202,2,3,0.088
1202,3,0,0.088
1202,3,2,0.088
1202,3,3,0.088
1203,0,0,0.088
1203,0,2,0.1
1203,1,0,0.088
1203,1,2,0.1
1203,2,0,0.088
1203,2,2,0.1
1203,3,0,0.088
1203,3,2,0.1
1204,0,0,0.088
1204,0,2,0.088
1204,0,3,0.088
1204,1,0,0.1
1204,1,1,0.01200000000000001
1204,1,2,0.1
1204,1,3,0.1
1204,2,0,0.088
1204,2,2,0.088
1204,2,3,0.088
1204,3,0,0.1
1204,3,1,0.01200000000000001
1204,3,2,0.1
1204,3,3,0.1
1207,0,0,0.088
1207,0,2,0.088
1207,0,3,0.088
1207,3,0,0.088
1207,3,2,0.088
1207,3,3,0.088
1211,0,0,0.088
1211,0,2,0.1
1211,1,0,0.088
1211,1,2,0.1
1211,2,0,0.088
1211,2,2,0.1
1211,3,0,0.088
1211,3,2,0.1
1213,0,0,0.088
1213,0,2,0.1
1213,1,0,0.088
1213,1,2,0.1
1213,2,0,0.088
1213,2,2,0.1
1213,3,0,0.088
1213,3,2,0.1
1214,0,0,0.088
1214,0,2,0.088
1214,0,3,0.088
1214,2,0,0.1
1214,2,1,0.1
1214,2,2,0.1
1214,2,3,0.1
1215,0,0,0.088
1215,0,2,0.1
1215,0,3,0.013805047757746242
1215,1,0,0.1
1215,1,1,0.01200000000000001
1215,1,2,0.1
1215,1,3,0.1
1215,2,0,0.088
1215,2,2,0.088
1215,2,3,0.088
1215,3,0,0.088
1215,3,2,0.1
1215,3,3,0.088
1220,0,0,0.088
1220,0,2,0.088
1220,0,3,0.088
1220,1,0,0.088
1220,1,2,0.088
1220,1,3,0.088
1220,2,0,0.088
1220,2,2,0.088
1220,2,3,0.088
1220,3,0,0.088
1220,3,2,0.088
1220,3,3,0.088
1222,0,0,0.088
1222,0,2,0.088
1222,0,3,0.088
1222,1,0,0.088
1222,1,2,0.088
1222,1,3,0.088
1222,2,0,0.088
1222,2,2,0.088
1222,2,3,0.088
1222,3,0,0.088
1222,3,2,0.088
1222,3,3,0.088
1223,0,0,0.088
1223,0,2,0.1
1223,0,3,0.088
1223,1,0,0.088
1223,1,2,0.088
1223,1,3,0.088
1223,2,0,0.088
1223,2,2,0.088
1223,2,3,0.088
1223,3,0,0.088
1223,3,2,0.1
1223,3,3,0.088
1226,0,0,0.088
1226,0,2,0.1
1226,1,0,0.088
1226,1,2,0.1
1226,2,0,0.088
1226,2,2,0.1
1226,3,0,0.088
1226,3,2,0.1
1228,0,0,0.088
1228,0,2,0.1
1228,0,3,0.088
1228,1,0,0.088
1228,1,2,0.088
1228,1,3,0.088
1228,2,0,0.1
1228,2,1,0.01200000000000001
1228,2,2,0.1
1228,2,3,0.1
1228,3,0,0.088
1228,3,2,0.1
1228,3,3,0.088
1229,0,0,0.088
1229,0,2,0.1
1229,1,0,0.088
1229,1,2,0.1
1229,2,0,0.088
1229,2,2,0.1
1229,3,0,0.088
1229,3,2,0.1
1230,0,0,0.088
1230,0,2,0.088
1230,0,3,0.088
1230,3,0,0.088
1230,3,2,0.088
1230,3,3,0.088
1235,0,0,0.088
1235,0,2,0.088
1235,0,3,0.088
1235,1,0,0.088
1235,1,2,0.088
1235,1,3,0.088
1235,2,0,0.088
1235,2,2,0.088
1235,2,3,0.088
1235,3,0,0.088
1235,3,2,0.088
1235,3,3,0.088
1236,0,0,0.088
1236,0,2,0.088
1236,0,3,0.088
1237,0,0,0.088
1237,0,2,0.088
1237,0,3,0.088
1237,3,0,0.088
1237,3,2,0.088
1237,3,3,0.088
1238,0,0,0.088
1238,0,2,0.1
1238,0,3,0.088
1238,1,0,0.088
1238,1,2,0.088
1238,1,3,0.088
1238,2,0,0.088
1238,2,2,0.088
1238,2,3,0.088
1238,3,0,0.1
1238,3,1,0.01200000000000001
1238,3,2,0.1
1238,3,3,0.1
1239,0,0,0.088
1239,0,2,0.088
1239,0,3,0.088
1239,1,0,0.088
1239,1,2,0.088
1239,1,3,0.088
1239,2,0,0.1
1239,2,1,0.01200000000000001
1239,2,2,0.1
1239,2,3,0.1
1239,3,0,0.088
1239,3,2,0.088
1239,3,3,0.088
1240,0,0,0.088
1240,0,2,0.1
1240,1,0,0.1
1240,1,1,0.01200000000000001
1240,1,2,0.1
1240,1,3,0.1
1240,2,0,0.1
1240,2,1,0.01200000000000001
1240,2,2,0.1
1240,2,3,0.1
1240,3,0,0.088
1240,3,2,0.1
1240,3,3,0.088
1242,0,0,0.088
1242,0,2,0.088
1242,0,3,0.088
1243,0,0,0.088
1243,0,2,0.1
1243,1,0,0.088
1243,1,2,0.1
1243,2,0,0.088
1243,2,2,0.1
1243,3,0,0.088
1243,3,2,0.1
1246,0,0,0.088
1246,0,2,0.1
1246,0,3,0.088
1246,1,0,0.088
1246,1,2,0.088
1246,1,3,0.088
1246,2,0,0.088
1246,2,2,0.088
1246,2,3,0.088
1246,3,0,0.1
1246,3,1,0.01200000000000001
1246,3,2,0.1
1246,3,3,0.1
1250,0,0,0.088
1250,0,2,0.1
1250,0,3,0.088
1250,1,0,0.088
1250,1,2,0.088
1250,1,3,0.088
1250,2,0,0.088
1250,2,2,0.088
1250,2,3,0.088
1250,3,0,0.088
1250,3,2,0.088
1250,3,3,0.088
1251,0,0,0.088
1251,0,2,0.1
1251,1,0,0.088
1251,1,2,0.1
1251,2,0,0.088
1251,2,2,0.1
1251,3,0,0.088
1251,3,2,0.1
1252,0,0,0.088
1252,0,2,0.1
1252,1,0,0.088
1252,1,2,0.1
1252,2,0,0.088
1252,2,2,0.1
1252,3,0,0.088
1252,3,2,0.1
1254,0,0,0.088
1254,0,2,0.1
1254,1,0,0.088
1254,1,2,0.1
1254,2,0,0.088
1254,2,2,0.1
1254,3,0,0.088
1254,3,2,0.1
1255,0,0,0.088
1255,0,2,0.1
1255,1,0,0.088
1255,1,2,0.1
1255,2,0,0.088
1255,2,2,0.1
1255,3,0,0.088
1255,3,2,0.1
1256,0,0,0.088
1256,0,2,0.088
1256,0,3,0.088
1256,3,0,0.088
1256,3,2,0.088
1256,3,3,0.088
1257,0,0,0.088
1257,0,2,0.1
1257,1,0,0.088
1257,1,2,0.1
1257,2,0,0.088
1257,2,2,0.1
1257,3,0,0.088
1257,3,2,0.1
1259,0,0,0.088
1259,0,2,0.1
1259,1,0,0.088
1259,1,2,0.1
1259,1,3,0.088
1259,2,0,0.088
1259,2,2,0.1
1259,2,3,0.088
1259,3,0,0.088
1259,3,2,0.1
1261,0,0,0.088
1261,0,2,0.088
1261,0,3,0.088
1262,0,0,0.088
1262,0,2,0.1
1262,1,0,0.088
1262,1,2,0.1
1262,2,0,0.088
1262,2,2,0.1
1262,3,0,0.088
1262,3,2,0.1
1263,0,0,0.088
1263,0,2,0.1
1263,1,0,0.088
1263,1,2,0.1
1263,1,3,0.088
1263,2,0,0.1
1263,2,1,0.01200000000000026
1263,2,2,0.1
1263,2,3,0.1
1263,3,0,0.088
1263,3,2,0.1
1266,0,0,0.088
1266,0,2,0.1
1266,1,0,0.088
1266,1,2,0.1
1266,2,0,0.088
1266,2,2,0.1
1266,3,0,0.088
1266,3,2,0.1
1267,0,0,0.088
1267,0,2,0.1
1267,1,0,0.088
1267,1,2,0.1
1267,1,3,0.088
1267,2,0,0.088
1267,2,2,0.1
1267,2,3,0.088
1267,3,0,0.088
1267,3,2,0.1
1267,3,3,0.088
1268,0,0,0.088
1268,0,2,0.088
1268,0,3,0.088
1269,0,0,0.088
1269,0,2,0.088
1269,0,3,0.088
1269,1,0,0.088
1269,1,2,0.088
1269,1,3,0.088
1269,2,0,0.088
1269,2,2,0.088
1269,2,3,0.088
1269,3,0,0.1
1269,3,1,0.01200000000000001
1269,3,2,0.1
1269,3,3,0.1
1271,0,0,0.088
1271,0,2,0.1
1271,1,0,0.088
1271,1,2,0.1
1271,2,0,0.088
1271,2,2,0.1
1271,3,0,0.088
1271,3,2,0.1
1272,0,0,0.088
1272,0,2,0.1
1272,1,0,0.088
1272,1,2,0.1
1272,1,3,0.0702427120416061
1272,2,0,0.088
1272,2,2,0.1
1272,2,3,0.088
1272,3,0,0.088
1272,3,2,0.1
1273,0,0,0.088
1273,0,2,0.1
1273,1,0,0.088
1273,1,2,0.1
1273,2,0,0.088
1273,2,2,0.1
1273,3,0,0.088
1273,3,2,0.1
1276,0,0,0.1
1276,0,1,0.01200000000000001
1276,0,2,0.1
1276,0,3,0.1
1276,1,0,0.088
1276,1,2,0.088
1276,1,3,0.088
1276,2,0,0.088
1276,2,2,0.088
1276,2,3,0.088
1276,3,0,0.088
1276,3,2,0.088
1276,3,3,0.088
1277,0,0,0.088
1277,0,2,0.088
1277,0,3,0.088
1277,3,0,0.088
1277,3,2,0.088
1277,3,3,0.088
1279,0,0,0.088
1279,0,2,0.088
1279,0,3,0.088
1279,3,0,0.088
1279,3,2,0.088
1279,3,3,0.088
1280,0,0,0.088
1280,0,2,0.1
1280,0,3,0.088
1280,1,0,0.1
1280,1,1,0.01200000000000001
1280,1,2,0.1
1280,1,3,0.1
1280,2,0,0.088
1280,2,2,0.088
1280,2,3,0.088
1280,3,0,0.1
1280,3,1,0.01200000000000001
1280,3,2,0.1
1280,3,3,0.1
1282,0,0,0.088
1282,0,2,0.1
1282,1,0,0.088
1282,1,2,0.1
1282,2,0,0.088
1282,2,2,0.1
1282,2,3,0.06636161557360643
1282,3,0,0.088
1282,3,2,0.1
1283,0,0,0.088
1283,0,2,0.088
1283,0,3,0.088
1283,3,0,0.088
1283,3,2,0.088
1283,3,3,0.088
1284,0,0,0.088
1284,0,2,0.1
1284,1,0,0.088
1284,1,2,0.1
1284,1,3,0.088
1284,2,0,0.088
1284,2,2,0.1
1284,2,3,0.088
1284,3,0,0.088
1284,3,2,0.1
1286,0,0,0.088
1286,0,2,0.1
1286,1,0,0.088
1286,1,2,0.1
1286,2,0,0.088
1286,2,2,0.1
1286,3,0,0.088
1286,3,2,0.1
1287,0,0,0.088
1287,0,2,0.088
1287,0,3,0.088
1287,3,0,0.0337690701492315
1287,3,2,0.0337690701492315
1287,3,3,0.0337690701492315
1289,0,0,0.088
1289,0,2,0.1
1289,1,0,0.088
1289,1,2,0.1
1289,2,0,0.088
1289,2,2,0.1
1289,3,0,0.088
1289,3,2,0.1
1292,0,0,0.088
1292,0,2,0.1
1292,1,0,0.088
1292,1,2,0.1
1292,2,0,0.088
1292,2,2,0.1
1292,3,0,0.088
1292,3,2,0.1
1293,0,0,0.088
1293,0,2,0.088
1293,0,3,0.088
1293,1,0,0.1
1293,1,1,0.01200000000000001
1293,1,2,0.1
1293,1,3,0.1
1293,2,0,0.1
1293,2,1,0.01200000000000001
1293,2,2,0.1
1293,2,3,0.1
1293,3,0,0.088
1293,3,2,0.088
1293,3,3,0.088
1294,0,0,0.088
1294,0,2,0.1
1294,0,3,0.088
1294,1,0,0.088
1294,1,2,0.088
1294,1,3,0.088
1294,2,0,0.088
1294,2,2,0.088
1294,2,3,0.088
1294,3,0,0.088
1294,3,2,0.088
1294,3,3,0.088
1298,0,0,0.088
1298,0,2,0.1
1298,1,0,0.088
1298,1,2,0.1
1298,2,0,0.088
1298,2,2,0.1
1298,2,3,0.088
1298,3,0,0.088
1298,3,2,0.1
1299,0,0,0.088
1299,0,2,0.1
1299,1,0,0.088
1299,1,2,0.1
1299,1,3,0.088
1299,2,0,0.1
1299,2,1,0.01200000000000001
1299,2,2,0.1
1299,2,3,0.1
1299,3,0,0.088
1299,3,2,0.1
1299,3,3,0.088
1301,0,0,0.088
1301,0,2,0.1
1301,1,0,0.088
1301,1,2,0.1
1301,2,0,0.088
1301,2,2,0.1
1301,3,0,0.088
1301,3,2,0.1
1303,0,0,0.088
1303,0,2,0.1
1303,1,0,0.088
1303,1,2,0.1
1303,1,3,0.088
1303,2,0,0.088
1303,2,2,0.1
1303,2,3,0.088
1303,3,0,0.088
1303,3,2,0.1
1304,0,0,0.088
1304,0,2,0.1
1304,1,0,0.088
1304,1,2,0.1
1304,2,0,0.088
1304,2,2,0.1
1304,3,0,0.088
1304,3,2,0.1
1305,0,0,0.088
1305,0,2,0.088
1305,0,3,0.088
1305,1,0,0.088
1305,1,2,0.088
1305,1,3,0.088
1305,2,0,0.1
1305,2,1,0.01200000000000001
1305,2,2,0.1
1305,2,3,0.1
1305,3,0,0.088
1305,3,2,0.088
1305,3,3,0.088
1308,0,0,0.1
1308,0,1,0.01200000000000001
1308,0,2,0.1
1308,0,3,0.1
1308,1,0,0.088
1308,1,2,0.088
1308,1,3,0.088
1308,2,0,0.088
1308,2,2,0.088
1308,2,3,0.088
1308,3,0,0.088
1308,3,2,0.088
1308,3,3,0.088
1309,0,0,0.088
1309,0,2,0.088
1309,0,3,0.088
1310,0,0,0.088
1310,0,2,0.088
1310,0,3,0.088
1313,0,0,0.088
1313,0,2,0.1
1313,1,0,0.088
1313,1,2,0.1
1313,2,0,0.088
1313,2,2,0.1
1313,3,0,0.088
1313,3,2,0.1
1315,0,0,0.088
1315,0,2,0.1
1315,1,0,0.088
1315,1,2,0.1
1315,2,0,0.088
1315,2,2,0.1
1315,3,0,0.088
1315,3,2,0.1
1316,0,0,0.088
1316,0,2,0.1
1316,1,0,0.088
1316,1,2,0.1
1316,2,0,0.088
1316,2,2,0.1
1316,2,3,0.088
1316,3,0,0.088
1316,3,2,0.1
1317,0,0,0.088
1317,0,2,0.088
1317,0,3,0.088
1317,1,0,0.1
1317,1,1,0.1
1317,1,2,0.1
1317,1,3,0.1
1317,3,0,0.1
1317,3,1,0.1
1317,3,2,0.1
1317,3,3,0.1
1318,0,0,0.088
1318,0,2,0.088
1318,0,3,0.088
1324,0,0,0.088
1324,0,2,0.088
1324,0,3,0.088
1324,3,0,0.088
1324,3,2,0.088
1324,3,3,0.088
1327,0,0,0.088
1327,0,2,0.088
1327,0,3,0.088
1327,1,0,0.1
1327,1,1,0.01200000000000001
1327,1,2,0.1
1327,1,3,0.1
1327,2,0,0.088
1327,2,2,0.088
1327,2,3,0.088
1327,3,0,0.088
1327,3,2,0.088
1327,3,3,0.088
1328,0,0,0.088
1328,0,2,0.088
1328,0,3,0.088
1328,1,0,0.088
1328,1,2,0.088
1328,1,3,0.088
1328,2,0,0.004719386291823613
1328,2,2,0.004719386291823613
1328,2,3,0.004719386291823613
1328,3,0,0.088
1328,3,2,0.088
1328,3,3,0.088
1330,0,0,0.1
1330,0,1,0.01200000000000001
1330,0,2,0.1
1330,0,3,0.1
1332,0,0,0.088
1332,0,2,0.088
1332,0,3,0.088
1333,0,0,0.088
1333,0,2,0.088
1333,0,3,0.088
1333,1,0,0.1
1333,1,1,0.01200000000000001
1333,1,2,0.1
1333,1,3,0.1
1333,2,0,0.088
1333,2,2,0.088
1333,2,3,0.088
1333,3,0,0.088
1333,3,2,0.088
1333,3,3,0.088
1336,0,0,0.088
1336,0,2,0.088
1336,0,3,0.088
1336,3,0,0.088
1336,3,2,0.088
1336,3,3,0.088
1338,0,0,0.088
1338,0,2,0.1
1338,1,0,0.088
1338,1,2,0.1
1338,2,0,0.088
1338,2,2,0.1
1338,3,0,0.088
1338,3,2,0.1
1339,0,0,0.088
1339,0,2,0.088
1339,0,3,0.088
1339,1,0,0.088
1339,1,2,0.088
1339,1,3,0.088
1339,2,0,0.088
1339,2,2,0.088
1339,2,3,0.088
1339,3,0,0.088
1339,3,2,0.088
1339,3,3,0.088
1340,0,0,0.088
1340,0,2,0.1
1340,1,0,0.088
1340,1,2,0.1
1340,2,0,0.088
1340,2,2,0.1
1340,3,0,0.088
1340,3,2,0.1
1344,0,0,0.088
1344,0,2,0.1
1344,1,0,0.088
1344,1,2,0.1
1344,2,0,0.088
1344,2,2,0.1
1344,3,0,0.088
1344,3,2,0.1
1346,0,0,0.088
1346,0,2,0.1
1346,1,0,0.088
1346,1,2,0.1
1346,2,0,0.088
1346,2,2,0.1
1346,3,0,0.088
1346,3,2,0.1
1347,0,0,0.088
1347,0,2,0.1
1347,0,3,0.088
1347,1,0,0.088
1347,1,2,0.088
1347,1,3,0.088
1347,2,0,0.1
1347,2,1,0.01200000000000001
1347,2,2,0.1
1347,2,3,0.1
1347,3,0,0.1
1347,3,1,0.01200000000000001
1347,3,2,0.1
1347,3,3,0.1
1348,0,0,0.088
1348,0,2,0.1
1348,1,0,0.088
1348,1,2,0.1
1348,2,0,0.088
1348,2,2,0.1
1348,3,0,0.088
1348,3,2,0.1
1349,0,0,0.088
1349,0,2,0.088
1349,0,3,0.088
1349,1,0,0.088
1349,1,2,0.088
1349,1,3,0.088
1349,2,0,0.088
1349,2,2,0.088
1349,2,3,0.088
1349,3,0,0.088
1349,3,2,0.088
1349,3,3,0.088
1356,0,0,0.088
1356,0,2,0.1
1356,0,3,0.088
1356,1,0,0.088
1356,1,2,0.088
1356,1,3,0.088
1356,2,0,0.088
1356,2,2,0.088
1356,2,3,0.088
1356,3,0,0.088
1356,3,2,0.088
1356,3,3,0.088
1361,0,0,0.088
1361,0,2,0.088
1361,0,3,0.088
1361,3,0,0.088
1361,3,2,0.088
1361,3,3,0.088
1362,0,0,0.088
1362,0,2,0.1
1362,1,0,0.088
1362,1,2,0.1
1362,2,0,0.088
1362,2,2,0.1
1362,3,0,0.088
1362,3,2,0.1
1363,0,0,0.088
1363,0,2,0.1
1363,1,0,0.088
1363,1,2,0.1
1363,2,0,0.088
1363,2,2,0.1
1363,3,0,0.088
1363,3,2,0.1
1367,0,0,0.088
1367,0,2,0.1
1367,0,3,0.088
1367,1,0,0.1
1367,1,1,0.01200000000000001
1367,1,2,0.1
1367,1,3,0.1
1367,2,0,0.088
1367,2,2,0.088
1367,2,3,0.088
1367,3,0,0.088
1367,3,2,0.088
1367,3,3,0.088
1369,0,0,0.088
1369,0,2,0.088
1369,0,3,0.088
1369,1,0,0.088
1369,1,2,0.088
1369,1,3,0.088
1369,2,0,0.088
1369,2,2,0.088
1369,2,3,0.088
1369,3,0,0.1
1369,3,1,0.01200000000000001
1369,3,2,0.1
1369,3,3,0.1
1370,0,0,0.088
1370,0,2,0.088
1370,0,3,0.088
1370,1,0,0.088
1370,1,2,0.088
1370,1,3,0.088
1370,2,0,0.088
1370,2,2,0.088
1370,2,3,0.088
1370,3,0,0.088
1370,3,2,0.088
1370,3,3,0.088
1371,0,0,0.088
1371,0,2,0.088
1371,0,3,0.088
1371,1,0,0.088
1371,1,2,0.088
1371,1,3,0.088
1371,3,0,0.088
1371,3,2,0.088
1371,3,3,0.088
1373,0,0,0.088
1373,0,2,0.088
1373,0,3,0.088
1373,3,0,0.088
1373,3,2,0.088
1373,3,3,0.088
1375,0,0,0.088
1375,0,2,0.088
1375,0,3,0.088
1375,1,0,0.088
1375,1,2,0.088
1375,1,3,0.088
1375,2,0,0.088
1375,2,2,0.088
1375,2,3,0.088
1375,3,0,0.1
1375,3,1,0.01200000000000001
1375,3,2,0.1
1375,3,3,0.1
1378,0,0,0.088
1378,0,2,0.088
1378,0,3,0.088
1378,3,0,0.1
1378,3,1,0.1
1378,3,2,0.1
1378,3,3,0.1
1380,0,0,0.1
1380,0,1,0.01200000000000001
1380,0,2,0.1
1380,0,3,0.1
1380,1,0,0.088
1380,1,2,0.088
1380,1,3,0.088
1380,2,0,0.088
1380,2,2,0.088
1380,2,3,0.088
1380,3,0,0.088
1380,3,2,0.088
1380,3,3,0.088
1382,0,0,0.088
1382,0,2,0.1
1382,0,3,0.088
1382,1,0,0.088
1382,1,2,0.088
1382,1,3,0.088
1382,2,0,0.088
1382,2,2,0.088
1382,2,3,0.088
1382,3,0,0.088
1382,3,2,0.088
1382,3,3,0.088
1383,2,0,0.1
1383,2,1,0.1
1383,2,2,0.1
1383,2,3,0.1
1384,0,0,0.088
1384,0,2,0.1
1384,1,0,0.088
1384,1,2,0.1
1384,2,0,0.088
1384,2,2,0.1
1384,3,0,0.088
1384,3,2,0.1
1390,0,0,0.088
1390,0,2,0.088
1390,0,3,0.088
1390,3,0,0.088
1390,3,2,0.088
1390,3,3,0.088
1391,0,0,0.088
1391,0,2,0.1
1391,1,0,0.088
1391,1,2,0.1
1391,2,0,0.088
1391,2,2,0.1
1391,3,0,0.088
1391,3,2,0.1
1393,0,0,0.088
1393,0,2,0.1
1393,0,3,0.088
1393,1,0,0.088
1393,1,2,0.088
1393,1,3,0.088
1393,2,0,0.088
1393,2,2,0.088
1393,2,3,0.088
1393,3,0,0.1
1393,3,1,0.01200000000000001
1393,3,2,0.1
1393,3,3,0.1
1395,0,0,0.088
1395,0,2,0.088
1395,0,3,0.088
1395,1,0,0.088
1395,1,2,0.088
1395,1,3,0.088
1395,2,0,0.088
1395,2,2,0.088
1395,2,3,0.088
1395,3,0,0.088
1395,3,2,0.088
1395,3,3,0.088
1396,0,0,0.088
1396,0,2,0.1
1396,1,0,0.088
1396,1,2,0.1
1396,2,0,0.088
1396,2,2,0.1
1396,3,0,0.088
1396,3,2,0.1
1397,0,0,0.088
1397,0,2,0.1
1397,1,0,0.088
1397,1,2,0.1
1397,2,0,0.088
1397,2,2,0.1
1397,3,0,0.088
1397,3,2,0.1
1398,0,0,0.1
1398,0,1,0.01200000000000001
1398,0,2,0.1
1398,0,3,0.1
1398,1,0,0.088
1398,1,2,0.088
1398,1,3,0.088
1398,2,0,0.1
1398,2,1,0.01200000000000001
1398,2,2,0.1
1398,2,3,0.1
1398,3,0,0.1
1398,3,1,0.01200000000000001
1398,3,2,0.1
1398,3,3,0.1
1399,0,0,0.088
1399,0,2,0.088
1399,0,3,0.088
1399,3,0,0.088
1399,3,2,0.088
1399,3,3,0.088
1400,0,0,0.088
1400,0,2,0.1
1400,1,0,0.088
1400,1,2,0.1
1400,2,0,0.088
1400,2,2,0.1
1400,3,0,0.088
1400,3,2,0.1
1402,0,0,0.088
1402,0,2,0.088
1402,0,3,0.088
1402,1,0,0.088
1402,1,2,0.088
1402,1,3,0.088
1402,2,0,0.088
1402,2,2,0.088
1402,2,3,0.088
1402,3,0,0.088
1402,3,2,0.088
1402,3,3,0.088
1406,0,0,0.088
1406,0,2,0.088
1406,0,3,0.088
1406,1,0,0.088
1406,1,2,0.088
1406,1,3,0.088
1406,2,0,0.04014577977200154
1406,2,2,0.04014577977200154
1406,2,3,0.04014577977200154
1406,3,0,0.1
1406,3,1,0.01200000000000001
1406,3,2,0.1
1406,3,3,0.1
1407,0,0,0.1
1407,0,1,0.01200000000000001
1407,0,2,0.1
1407,0,3,0.1
1407,2,0,0.1
1407,2,1,0.1
1407,2,2,0.1
1407,2,3,0.1
1407,3,0,0.1
1407,3,1,0.01200000000000001
1407,3,2,0.1
1407,3,3,0.1
1408,0,0,0.088
1408,0,2,0.088
1408,0,3,0.088
1408,1,0,0.1
1408,1,1,0.01200000000000001
1408,1,2,0.1
1408,1,3,0.1
1408,2,0,0.088
1408,2,2,0.088
1408,2,3,0.088
1408,3,0,0.088
1408,3,2,0.088
1408,3,3,0.088
1409,0,0,0.088
1409,0,2,0.088
1409,0,3,0.088
1409,1,0,0.088
1409,1,2,0.088
1409,1,3,0.088
1409,2,0,0.088
1409,2,2,0.088
1409,2,3,0.088
1409,3,0,0.088
1409,3,2,0.088
1409,3,3,0.088
1410,0,0,0.088
1410,0,2,0.088
1410,0,3,0.088
1410,3,0,0.088
1410,3,2,0.088
1410,3,3,0.088
1411,0,0,0.088
1411,0,2,0.088
1411,0,3,0.088
1411,1,0,0.088
1411,1,2,0.088
1411,1,3,0.088
1411,2,0,0.1
1411,2,1,0.01200000000000001
1411,2,2,0.1
1411,2,3,0.1
1411,3,0,0.1
1411,3,1,0.01200000000000001
1411,3,2,0.1
1411,3,3,0.1
1412,0,0,0.088
1412,0,2,0.1
1412,0,3,0.0333013308768397
1412,1,0,0.1
1412,1,1,0.01200000000000001
1412,1,2,0.1
1412,1,3,0.1
1412,2,0,0.088
1412,2,2,0.088
1412,2,3,0.088
1412,3,0,0.088
1412,3,2,0.1
1412,3,3,0.088
1413,0,0,0.088
1413,0,2,0.1
1413,1,0,0.088
1413,1,2,0.1
1413,2,0,0.088
1413,2,2,0.1
1413,3,0,0.088
1413,3,2,0.1
1414,0,0,0.088
1414,0,2,0.088
1414,0,3,0.088
1414,1,0,0.088
1414,1,2,0.088
1414,1,3,0.088
1414,2,0,0.088
1414,2,2,0.088
1414,2,3,0.088
1414,3,0,0.1
1414,3,1,0.01200000000000001
1414,3,2,0.1
1414,3,3,0.1
1415,0,0,0.088
1415,0,2,0.1
1415,1,0,0.088
1415,1,2,0.1
1415,2,0,0.088
1415,2,2,0.1
1415,3,0,0.088
1415,3,2,0.1
1416,0,0,0.088
1416,0,2,0.1
1416,1,0,0.088
1416,1,2,0.1
1416,2,0,0.088
1416,2,2,0.1
1416,3,0,0.088
1416,3,2,0.1
1417,0,0,0.088
1417,0,2,0.1
1417,1,0,0.088
1417,1,2,0.1
1417,2,0,0.088
1417,2,2,0.1
1417,3,0,0.088
1417,3,2,0.1
1420,0,0,0.088
1420,0,2,0.1
1420,1,0,0.088
1420,1,2,0.1
1420,2,0,0.088
1420,2,2,0.1
1420,3,0,0.088
1420,3,2,0.1
1421,0,0,0.088
1421,0,2,0.088
1421,0,3,0.088
1421,3,0,0.088
1421,3,2,0.088
1421,3,3,0.088
1422,0,0,0.088
1422,0,2,0.1
1422,0,3,0.088
1422,1,0,0.088
1422,1,2,0.088
1422,1,3,0.088
1422,2,0,0.1
1422,2,1,0.01200000000000001
1422,2,2,0.1
1422,2,3,0.1
1422,3,0,0.088
1422,3,2,0.088
1422,3,3,0.088
1423,0,0,0.1
1423,0,1,0.01200000000000001
1423,0,2,0.1
1423,0,3,0.1
1423,1,0,0.088
1423,1,2,0.088
1423,1,3,0.088
1423,2,0,0.042075363943904515
1423,2,2,0.042075363943904515
1423,2,3,0.042075363943904515
1423,3,0,0.1
1423,3,1,0.01200000000000001
1423,3,2,0.1
1423,3,3,0.1
1425,0,0,0.088
1425,0,2,0.1
1425,1,0,0.088
1425,1,2,0.1
1425,2,0,0.088
1425,2,2,0.1
1425,3,0,0.088
1425,3,2,0.1
1426,0,0,0.088
1426,0,2,0.088
1426,0,3,0.088
1426,1,0,0.088
1426,1,2,0.088
1426,1,3,0.088
1426,2,0,0.088
1426,2,2,0.088
1426,2,3,0.088
1426,3,0,0.088
1426,3,2,0.088
1426,3,3,0.088
1427,0,0,0.088
1427,0,2,0.1
1427,1,0,0.088
1427,1,2,0.1
1427,2,0,0.088
1427,2,2,0.1
1427,3,0,0.088
1427,3,2,0.1
1428,0,0,0.088
1428,0,2,0.088
1428,0,3,0.088
1428,1,0,0.088
1428,1,2,0.088
1428,1,3,0.088
1428,2,0,0.088
1428,2,2,0.088
1428,2,3,0.088
1428,3,0,0.088
1428,3,2,0.088
1428,3,3,0.088
1429,0,0,0.088
1429,0,2,0.1
1429,0,3,0.088
1429,1,0,0.088
1429,1,2,0.088
1429,1,3,0.088
1429,2,0,0.088
1429,2,2,0.088
1429,2,3,0.088
1429,3,0,0.088
1429,3,2,0.088
1429,3,3,0.088
1432,0,0,0.088
1432,0,2,0.1
1432,0,3,0.07969907612138113
1432,1,0,0.088
1432,1,2,0.088
1432,1,3,0.088
1432,2,0,0.088
1432,2,2,0.088
1432,2,3,0.088
1432,3,0,0.09137310272138113
1432,3,1,0.003373102721381138
1432,3,2,0.1
1432,3,3,0.09137310272138113
1433,0,0,0.1
1433,0,1,0.01200000000000001
1433,0,2,0.1
1433,0,3,0.1
1433,1,0,0.088
1433,1,2,0.088
1433,1,3,0.088
1433,2,0,0.088
1433,2,2,0.088
1433,2,3,0.088
1433,3,0,0.1
1433,3,1,0.01200000000000001
1433,3,2,0.1
1433,3,3,0.1
1435,0,0,0.088
1435,0,2,0.088
1435,0,3,0.088
1435,1,0,0.020528698010992497
1435,1,2,0.020528698010992497
1435,1,3,0.020528698010992497
1435,3,0,0.088
1435,3,2,0.088
1435,3,3,0.088
1442,0,0,0.1
1442,0,1,0.01200000000000001
1442,0,2,0.1
1442,0,3,0.1
1442,1,0,0.088
1442,1,2,0.088
1442,1,3,0.088
1442,2,0,0.088
1442,2,2,0.088
1442,2,3,0.088
1442,3,0,0.088
1442,3,2,0.088
1442,3,3,0.088
1444,0,0,0.088
1444,0,2,0.1
1444,1,0,0.088
1444,1,2,0.1
1444,1,3,0.0782882520444084
1444,2,0,0.088
1444,2,2,0.1
1444,2,3,0.08531544004440841
1444,3,0,0.088
1444,3,2,0.1
1449,2,0,0.1
1449,2,1,0.1
1449,2,2,0.1
1449,2,3,0.1
1452,0,0,0.1
1452,0,1,0.01200000000000001
1452,0,2,0.1
1452,0,3,0.1
1452,1,0,0.1
1452,1,1,0.01200000000000001
1452,1,2,0.1
1452,1,3,0.1
1452,2,0,0.088
1452,2,2,0.088
1452,2,3,0.088
1452,3,0,0.1
1452,3,1,0.01200000000000001
1452,3,2,0.1
1452,3,3,0.1
1455,0,0,0.088
1455,0,2,0.088
1455,0,3,0.088
1455,1,0,0.088
1455,1,2,0.088
1455,1,3,0.088
1455,2,0,0.088
1455,2,2,0.088
1455,2,3,0.088
1455,3,0,0.1
1455,3,1,0.01200000000000001
1455,3,2,0.1
1455,3,3,0.1
1459,0,0,0.088
1459,0,2,0.1
1459,1,0,0.088
1459,1,2,0.1
1459,1,3,0.088
1459,2,0,0.1
1459,2,1,0.01200000000000001
1459,2,2,0.1
1459,2,3,0.1
1459,3,0,0.088
1459,3,2,0.1
1459,3,3,0.088
1460,0,0,0.088
1460,0,2,0.088
1460,0,3,0.088
1460,1,0,0.013417338747661656
1460,1,2,0.013417338747661656
1460,1,3,0.013417338747661656
1460,3,0,0.088
1460,3,2,0.088
1460,3,3,0.088
1462,0,0,0.1
1462,0,1,0.01200000000000001
1462,0,2,0.1
1462,0,3,0.1
1462,1,0,0.088
1462,1,2,0.088
1462,1,3,0.088
1462,2,0,0.088
1462,2,2,0.088
1462,2,3,0.088
1462,3,0,0.088
1462,3,2,0.088
1462,3,3,0.088
1463,0,0,0.088
1463,0,2,0.1
1463,1,0,0.088
1463,1,2,0.1
1463,2,0,0.088
1463,2,2,0.1
1463,3,0,0.088
1463,3,2,0.1
1465,0,0,0.088
1465,0,2,0.1
1465,1,0,0.088
1465,1,2,0.1
1465,2,0,0.088
1465,2,2,0.1
1465,3,0,0.088
1465,3,2,0.1
1467,0,0,0.088
1467,0,2,0.088
1467,0,3,0.088
1467,1,0,0.1
1467,1,1,0.01200000000000001
1467,1,2,0.1
1467,1,3,0.1
1467,2,0,0.1
1467,2,1,0.01200000000000001
1467,2,2,0.1
1467,2,3,0.1
1467,3,0,0.088
1467,3,2,0.088
1467,3,3,0.088
1468,0,0,0.088
1468,0,2,0.1
1468,1,0,0.1
1468,1,1,0.01200000000000001
1468,1,2,0.1
1468,1,3,0.1
1468,2,0,0.1
1468,2,1,0.01200000000000001
1468,2,2,0.1
1468,2,3,0.1
1468,3,0,0.088
1468,3,2,0.1
1468,3,3,0.088
1470,0,0,0.088
1470,0,2,0.1
1470,1,0,0.088
1470,1,2,0.1
1470,2,0,0.088
1470,2,2,0.1
1470,3,0,0.088
1470,3,2,0.1
1473,0,0,0.088
1473,0,2,0.088
1473,0,3,0.088
1473,1,0,0.088
1473,1,2,0.088
1473,1,3,0.088
1473,2,0,0.012753783817075454
1473,2,2,0.012753783817075454
1473,2,3,0.012753783817075454
1473,3,0,0.088
1473,3,2,0.088
1473,3,3,0.088
1481,0,0,0.088
1481,0,2,0.088
1481,0,3,0.088
1481,1,0,0.088
1481,1,2,0.088
1481,1,3,0.088
1481,2,0,0.088
1481,2,2,0.088
1481,2,3,0.088
1481,3,0,0.088
1481,3,2,0.088
1481,3,3,0.088
1485,0,0,0.088
1485,0,2,0.1
1485,1,0,0.088
1485,1,2,0.088
1485,1,3,0.088
1485,2,0,0.088
1485,2,2,0.088
1485,2,3,0.088
1485,3,0,0.088
1485,3,2,0.1
1485,3,3,0.088
1487,0,0,0.088
1487,0,2,0.088
1487,0,3,0.088
1487,1,0,0.088
1487,1,2,0.088
1487,1,3,0.088
1487,2,0,0.088
1487,2,2,0.088
1487,2,3,0.088
1487,3,0,0.088
1487,3,2,0.088
1487,3,3,0.088
1489,0,0,0.088
1489,0,2,0.088
1489,0,3,0.088
1489,3,0,0.088
1489,3,2,0.088
1489,3,3,0.088
1490,0,0,0.088
1490,0,2,0.1
1490,1,0,0.088
1490,1,2,0.1
1490,2,0,0.088
1490,2,2,0.1
1490,3,0,0.088
1490,3,2,0.1
1491,0,0,0.088
1491,0,2,0.088
1491,0,3,0.088
1491,1,0,0.088
1491,1,2,0.088
1491,1,3,0.088
1491,2,0,0.1
1491,2,1,0.01200000000000001
1491,2,2,0.1
1491,2,3,0.1
1491,3,0,0.088
1491,3,2,0.088
1491,3,3,0.088
1493,0,0,0.088
1493,0,2,0.088
1493,0,3,0.088
1493,1,0,0.088
1493,1,2,0.088
1493,1,3,0.088
1493,2,0,0.088
1493,2,2,0.088
1493,2,3,0.088
1493,3,0,0.088
1493,3,2,0.088
1493,3,3,0.088
1494,0,0,0.088
1494,0,2,0.088
1494,0,3,0.088
1494,1,0,0.088
1494,1,2,0.088
1494,1,3,0.088
1494,2,0,0.088
1494,2,2,0.088
1494,2,3,0.088
1494,3,0,0.088
1494,3,2,0.088
1494,3,3,0.088
1500,0,0,0.088
1500,0,2,0.1
1500,1,0,0.088
1500,1,2,0.1
1500,2,0,0.088
1500,2,2,0.1
1500,3,0,0.088
1500,3,2,0.1
1501,0,0,0.088
1501,0,2,0.1
1501,1,0,0.088
1501,1,2,0.1
1501,2,0,0.088
1501,2,2,0.1
1501,3,0,0.088
1501,3,2,0.1
1503,0,0,0.088
1503,0,2,0.088
1503,0,3,0.088
1504,0,0,0.088
1504,0,2,0.088
1504,0,3,0.088
1504,3,0,0.088
1504,3,2,0.088
1504,3,3,0.088
1506,0,0,0.088
1506,0,2,0.1
1506,1,0,0.088
1506,1,2,0.1
1506,2,0,0.088
1506,2,2,0.1
1506,3,0,0.088
1506,3,2,0.1
1507,0,0,0.088
1507,0,2,0.1
1507,1,0,0.088
1507,1,2,0.1
1507,2,0,0.088
1507,2,2,0.1
1507,3,0,0.088
1507,3,2,0.1
1510,0,0,0.1
1510,0,1,0.01200000000000001
1510,0,2,0.1
1510,0,3,0.1
1510,1,0,0.088
1510,1,2,0.088
1510,1,3,0.088
1510,2,0,0.088
1510,2,2,0.088
1510,2,3,0.088
1510,3,0,0.088
1510,3,2,0.088
1510,3,3,0.088
1511,0,0,0.088
1511,0,2,0.1
1511,1,0,0.088
1511,1,2,0.1
1511,2,0,0.088
1511,2,2,0.1
1511,3,0,0.088
1511,3,2,0.1
1512,0,0,0.088
1512,0,2,0.1
1512,1,0,0.088
1512,1,2,0.1
1512,2,0,0.088
1512,2,2,0.1
1512,3,0,0.088
1512,3,2,0.1
1513,0,0,0.088
1513,0,2,0.088
1513,0,3,0.088
1513,1,0,0.088
1513,1,2,0.088
1513,1,3,0.088
1513,2,0,0.088
1513,2,2,0.088
1513,2,3,0.088
1513,3,0,0.088
1513,3,2,0.088
1513,3,3,0.088
1515,0,0,0.1
1515,0,1,0.01200000000000001
1515,0,2,0.1
1515,0,3,0.1
1515,1,0,0.1
1515,1,1,0.04638878950799852
1515,1,2,0.1
1515,1,3,0.1
1515,2,0,0.1
1515,2,1,0.1
1515,2,2,0.1
1515,2,3,0.1
1515,3,0,0.1
1515,3,1,0.01200000000000001
1515,3,2,0.1
1515,3,3,0.1
1524,0,0,0.088
1524,0,2,0.1
1524,1,0,0.088
1524,1,2,0.1
1524,2,0,0.088
1524,2,2,0.1
1524,3,0,0.088
1524,3,2,0.1
1525,0,0,0.088
1525,0,2,0.1
1525,1,0,0.088
1525,1,2,0.1
1525,2,0,0.088
1525,2,2,0.1
1525,3,0,0.088
1525,3,2,0.1
1526,0,0,0.088
1526,0,2,0.1
1526,0,3,0.088
1526,1,0,0.1
1526,1,1,0.01200000000000026
1526,1,2,0.1
1526,1,3,0.1
1526,2,0,0.1
1526,2,1,0.01200000000000001
1526,2,2,0.1
1526,2,3,0.1
1526,3,0,0.088
1526,3,2,0.1
1526,3,3,0.088
1530,0,0,0.088
1530,0,2,0.1
1530,1,0,0.088
1530,1,2,0.1
1530,2,0,0.088
1530,2,2,0.1
1530,3,0,0.088
1530,3,2,0.1
1534,0,0,0.088
1534,0,2,0.088
1534,0,3,0.088
1534,1,0,0.1
1534,1,1,0.01200000000000001
1534,1,2,0.1
1534,1,3,0.1
1534,2,0,0.088
1534,2,2,0.088
1534,2,3,0.088
1534,3,0,0.088
1534,3,2,0.088
1534,3,3,0.088
1536,0,0,0.1
1536,0,1,0.01200000000000001
1536,0,2,0.1
1536,0,3,0.1
1536,1,0,0.088
1536,1,2,0.088
1536,1,3,0.088
1536,2,0,0.088
1536,2,2,0.088
1536,2,3,0.088
1536,3,0,0.088
1536,3,2,0.088
1536,3,3,0.088
1537,0,0,0.088
1537,0,2,0.088
1537,0,3,0.088
1537,1,0,0.088
1537,1,2,0.088
1537,1,3,0.088
1537,2,0,0.088
1537,2,2,0.088
1537,2,3,0.088
1537,3,0,0.088
1537,3,2,0.088
1537,3,3,0.088
1540,0,0,0.088
1540,0,2,0.1
1540,1,0,0.088
1540,1,2,0.1
1540,2,0,0.088
1540,2,2,0.1
1540,3,0,0.088
1540,3,2,0.1
1541,0,0,0.088
1541,0,2,0.1
1541,1,0,0.088
1541,1,2,0.1
1541,2,0,0.088
1541,2,2,0.1
1541,3,0,0.088
1541,3,2,0.1
1542,0,0,0.088
1542,0,2,0.1
1542,1,0,0.088
1542,1,2,0.1
1542,2,0,0.088
1542,2,2,0.1
1542,3,0,0.088
1542,3,2,0.1
1543,0,0,0.088
1543,0,2,0.1
1543,1,0,0.088
1543,1,2,0.1
1543,2,0,0.088
1543,2,2,0.1
1543,3,0,0.088
1543,3,2,0.1
1545,0,0,0.088
1545,0,2,0.1
1545,1,0,0.088
1545,1,2,0.1
1545,2,0,0.088
1545,2,2,0.1
1545,3,0,0.088
1545,3,2,0.1
1546,0,0,0.088
1546,0,2,0.1
1546,1,0,0.088
1546,1,2,0.1
1546,2,0,0.088
1546,2,2,0.1
1546,3,0,0.088
1546,3,2,0.1
1549,0,0,0.1
1549,0,1,0.01200000000000001
1549,0,2,0.1
1549,0,3,0.1
1549,1,0,0.088
1549,1,2,0.088
1549,1,3,0.088
1549,2,0,0.1
1549,2,1,0.06729936301175574
1549,2,2,0.1
1549,2,3,0.1
1549,3,0,0.1
1549,3,1,0.01200000000000001
1549,3,2,0.1
1549,3,3,0.1
1551,0,0,0.088
1551,0,2,0.088
1551,0,3,0.088
1551,1,0,0.1
1551,1,1,0.1
1551,1,2,0.1
1551,1,3,0.1
1551,3,0,0.088
1551,3,2,0.088
1551,3,3,0.088
1552,0,0,0.088
1552,0,2,0.1
1552,1,0,0.088
1552,1,2,0.1
1552,2,0,0.088
1552,2,2,0.1
1552,3,0,0.088
1552,3,2,0.1
1553,0,0,0.088
1553,0,2,0.1
1553,1,0,0.088
1553,1,2,0.1
1553,1,3,0.088
1553,2,0,0.088
1553,2,2,0.1
1553,2,3,0.088
1553,3,0,0.088
1553,3,2,0.1
1553,3,3,0.088
1554,0,0,0.088
1554,0,2,0.088
1554,0,3,0.088
1554,1,0,0.009758794971753804
1554,1,2,0.009758794971753804
1554,1,3,0.009758794971753804
1554,3,0,0.088
1554,3,2,0.088
1554,3,3,0.088
1560,0,0,0.088
1560,0,2,0.1
1560,1,0,0.088
1560,1,2,0.088
1560,1,3,0.088
1560,2,0,0.088
1560,2,2,0.088
1560,2,3,0.088
1560,3,0,0.088
1560,3,2,0.1
1560,3,3,0.013280066437257432
1561,0,0,0.088
1561,0,2,0.1
1561,1,0,0.088
1561,1,2,0.088
1561,1,3,0.088
1561,2,0,0.1
1561,2,1,0.01200000000000001
1561,2,2,0.1
1561,2,3,0.1
1561,3,0,0.088
1561,3,2,0.1
1562,0,0,0.088
1562,0,2,0.1
1562,0,3,0.0845705900754665
1562,1,0,0.088
1562,1,2,0.1
1562,1,3,0.088
1562,2,0,0.088
1562,2,2,0.1
1562,2,3,0.088
1562,3,0,0.088
1562,3,2,0.1
1562,3,3,0.07723009027546648
1566,0,0,0.088
1566,0,2,0.1
1566,0,3,0.088
1566,1,0,0.088
1566,1,2,0.088
1566,1,3,0.088
1566,2,0,0.1
1566,2,1,0.01200000000000001
1566,2,2,0.1
1566,2,3,0.1
1566,3,0,0.1
1566,3,1,0.01200000000000001
1566,3,2,0.1
1566,3,3,0.1
1567,0,0,0.088
1567,0,2,0.1
1567,1,0,0.088
1567,1,2,0.1
1567,2,0,0.088
1567,2,2,0.1
1567,3,0,0.088
1567,3,2,0.1
1568,0,0,0.088
1568,0,2,0.1
1568,0,3,0.088
1568,1,0,0.088
1568,1,2,0.088
1568,1,3,0.088
1568,2,0,0.1
1568,2,1,0.01200000000000001
1568,2,2,0.1
1568,2,3,0.1
1568,3,0,0.1
1568,3,1,0.01200000000000001
1568,3,2,0.1
1568,3,3,0.1
1569,0,0,0.088
1569,0,2,0.088
1569,0,3,0.088
1569,1,0,0.088
1569,1,2,0.088
1569,1,3,0.088
1569,2,0,0.088
1569,2,2,0.088
1569,2,3,0.088
1569,3,0,0.088
1569,3,2,0.088
1569,3,3,0.088
1570,0,0,0.088
1570,0,2,0.088
1570,0,3,0.088
1570,1,0,0.088
1570,1,2,0.088
1570,1,3,0.088
1570,2,0,0.088
1570,2,2,0.088
1570,2,3,0.088
1570,3,0,0.088
1570,3,2,0.088
1570,3,3,0.088
1572,0,0,0.088
1572,0,2,0.1
1572,1,0,0.088
1572,1,2,0.1
1572,2,0,0.088
1572,2,2,0.1
1572,3,0,0.088
1572,3,2,0.1
1573,0,0,0.088
1573,0,2,0.1
1573,1,0,0.088
1573,1,2,0.1
1573,2,0,0.088
1573,2,2,0.1
1573,3,0,0.088
1573,3,2,0.1
1576,0,0,0.088
1576,0,2,0.1
1576,1,0,0.088
1576,1,2,0.1
1576,2,0,0.088
1576,2,2,0.1
1576,3,0,0.088
1576,3,2,0.1
1579,0,0,0.088
1579,0,2,0.088
1579,0,3,0.088
1579,1,0,0.088
1579,1,2,0.088
1579,1,3,0.088
1579,2,0,0.088
1579,2,2,0.088
1579,2,3,0.088
1579,3,0,0.088
1579,3,2,0.088
1579,3,3,0.088
1580,0,0,0.088
1580,0,2,0.1
1580,1,0,0.088
1580,1,2,0.1
1580,2,0,0.088
1580,2,2,0.1
1580,3,0,0.088
1580,3,2,0.1
1582,0,0,0.088
1582,0,2,0.088
1582,0,3,0.088
1582,2,0,0.1
1582,2,1,0.1
1582,2,2,0.1
1582,2,3,0.1
1582,3,0,0.1
1582,3,1,0.1
1582,3,2,0.1
1582,3,3,0.1
1592,0,0,0.088
1592,0,2,0.088
1592,0,3,0.088
1592,1,0,0.03659239948855558
1592,1,2,0.03659239948855558
1592,1,3,0.03659239948855558
1592,3,0,0.088
1592,3,2,0.088
1592,3,3,0.088
1594,0,0,0.088
1594,0,2,0.1
1594,1,0,0.088
1594,1,2,0.1
1594,2,0,0.088
1594,2,2,0.1
1594,3,0,0.088
1594,3,2,0.1
1595,0,0,0.088
1595,0,2,0.1
1595,1,0,0.088
1595,1,2,0.1
1595,2,0,0.088
1595,2,2,0.1
1595,3,0,0.088
1595,3,2,0.1
1596,0,0,0.088
1596,0,2,0.1
1596,0,3,0.088
1596,1,0,0.088
1596,1,2,0.088
1596,1,3,0.088
1596,2,0,0.088
1596,2,2,0.088
1596,2,3,0.088
1596,3,0,0.088
1596,3,2,0.088
1596,3,3,0.088
1598,0,0,0.088
1598,0,2,0.088
1598,0,3,0.088
1598,1,0,0.088
1598,1,2,0.088
1598,1,3,0.088
1598,2,0,0.088
1598,2,2,0.088
1598,2,3,0.088
1598,3,0,0.088
1598,3,2,0.088
1598,3,3,0.088
1599,0,0,0.088
1599,0,2,0.088
1599,0,3,0.088
1602,0,0,0.1
1602,0,1,0.01200000000000001
1602,0,2,0.1
1602,0,3,0.1
1602,1,0,0.088
1602,1,2,0.088
1602,1,3,0.088
1602,2,0,0.1
1602,2,1,0.01200000000000001
1602,2,2,0.1
1602,2,3,0.1
1602,3,0,0.1
1602,3,1,0.01200000000000001
1602,3,2,0.1
1602,3,3,0.1
1603,0,0,0.088
1603,0,2,0.1
1603,0,3,0.088
1603,1,0,0.1
1603,1,1,0.01200000000000001
1603,1,2,0.1
1603,1,3,0.1
1603,2,0,0.088
1603,2,2,0.088
1603,2,3,0.088
1603,3,0,0.088
1603,3,2,0.1
1603,3,3,0.088
1605,0,0,0.1
1605,0,1,0.01200000000000001
1605,0,2,0.1
1605,0,3,0.1
1605,1,0,0.088
1605,1,2,0.088
1605,1,3,0.088
1605,2,0,0.088
1605,2,2,0.088
1605,2,3,0.088
1605,3,0,0.088
1605,3,2,0.088
1605,3,3,0.088
1606,0,0,0.088
1606,0,2,0.1
1606,1,0,0.088
1606,1,2,0.1
1606,1,3,0.088
1606,2,0,0.088
1606,2,2,0.1
1606,2,3,0.088
1606,3,0,0.088
1606,3,2,0.1
1607,0,0,0.088
1607,0,2,0.088
1607,0,3,0.088
1607,3,0,0.088
1607,3,2,0.088
1607,3,3,0.088
1609,0,0,0.08653120522134558
1609,0,2,0.08653120522134558
1609,0,3,0.08653120522134558
1610,0,0,0.088
1610,0,2,0.1
1610,1,0,0.088
1610,1,2,0.1
1610,2,0,0.088
1610,2,2,0.1
1610,3,0,0.088
1610,3,2,0.1
1611,0,0,0.088
1611,0,2,0.1
1611,1,0,0.088
1611,1,2,0.1
1611,2,0,0.088
1611,2,2,0.1
1611,3,0,0.088
1611,3,2,0.1
1615,0,0,0.088
1615,0,2,0.088
1615,0,3,0.088
1615,1,0,0.088
1615,1,2,0.088
1615,1,3,0.088
1615,2,0,0.088
1615,2,2,0.088
1615,2,3,0.088
1615,3,0,0.088
1615,3,2,0.088
1615,3,3,0.088
1616,0,0,0.088
1616,0,2,0.1
1616,1,0,0.088
1616,1,2,0.1
1616,2,0,0.088
1616,2,2,0.1
1616,3,0,0.088
1616,3,2,0.1
1618,0,0,0.088
1618,0,2,0.088
1618,0,3,0.088
1618,1,0,0.088
1618,1,2,0.088
1618,1,3,0.088
1618,2,0,0.1
1618,2,1,0.01200000000000001
1618,2,2,0.1
1618,2,3,0.1
1618,3,0,0.1
1618,3,1,0.01200000000000001
1618,3,2,0.1
1618,3,3,0.1
1619,0,0,0.088
1619,0,2,0.1
1619,1,0,0.088
1619,1,2,0.1
1619,2,0,0.088
1619,2,2,0.1
1619,3,0,0.088
1619,3,2,0.1
1620,0,0,0.088
1620,0,2,0.1
1620,1,0,0.088
1620,1,2,0.1
1620,2,0,0.088
1620,2,2,0.1
1620,3,0,0.088
1620,3,2,0.1
1621,0,0,0.088
1621,0,2,0.1
1621,1,0,0.088
1621,1,2,0.1
1621,2,0,0.088
1621,2,2,0.1
1621,3,0,0.088
1621,3,2,0.1
1622,0,0,0.1
1622,0,1,0.1
1622,0,2,0.1
1622,0,3,0.1
1623,0,0,0.088
1623,0,2,0.1
1623,1,0,0.088
1623,1,2,0.1
1623,2,0,0.088
1623,2,2,0.1
1623,3,0,0.088
1623,3,2,0.1
1624,0,0,0.088
1624,0,2,0.1
1624,1,0,0.088
1624,1,2,0.088
1624,1,3,0.088
1624,2,0,0.1
1624,2,1,0.01200000000000001
1624,2,2,0.1
1624,2,3,0.1
1624,3,0,0.088
1624,3,2,0.1
1624,3,3,0.088
1625,0,0,0.088
1625,0,2,0.1
1625,1,0,0.088
1625,1,2,0.1
1625,2,0,0.088
1625,2,2,0.1
1625,3,0,0.088
1625,3,2,0.1
1626,0,0,0.088
1626,0,2,0.1
1626,1,0,0.088
1626,1,2,0.1
1626,2,0,0.088
1626,2,2,0.1
1626,3,0,0.088
1626,3,2,0.1
1627,0,0,0.088
1627,0,2,0.1
1627,1,0,0.088
1627,1,2,0.1
1627,2,0,0.088
1627,2,2,0.1
1627,3,0,0.088
1627,3,2,0.1
1630,0,0,0.1
1630,0,1,0.01200000000000001
1630,0,2,0.1
1630,0,3,0.1
1630,1,0,0.088
1630,1,2,0.088
1630,1,3,0.088
1630,2,0,0.088
1630,2,2,0.088
1630,2,3,0.088
1630,3,0,0.088
1630,3,2,0.088
1630,3,3,0.088
1631,0,0,0.088
1631,0,2,0.1
1631,1,0,0.088
1631,1,2,0.1
1631,2,0,0.088
1631,2,2,0.1
1631,3,0,0.088
1631,3,2,0.1
1634,0,0,0.088
1634,0,2,0.1
1634,1,0,0.088
1634,1,2,0.1
1634,2,0,0.088
1634,2,2,0.1
1634,3,0,0.088
1634,3,2,0.1
1635,0,0,0.088
1635,0,2,0.088
1635,0,3,0.088
1635,3,0,0.088
1635,3,2,0.088
1635,3,3,0.088
1641,0,0,0.088
1641,0,2,0.1
1641,1,0,0.088
1641,1,2,0.1
1641,2,0,0.088
1641,2,2,0.1
1641,3,0,0.088
1641,3,2,0.1
1642,0,0,0.088
1642,0,2,0.088
1642,0,3,0.088
1642,1,0,0.088
1642,1,2,0.088
1642,1,3,0.088
1642,2,0,0.088
1642,2,2,0.088
1642,2,3,0.088
1642,3,0,0.088
1642,3,2,0.088
1642,3,3,0.088
1643,0,0,0.1
1643,0,1,0.01200000000000001
1643,0,2,0.1
1643,0,3,0.1
1643,2,0,0.1
1643,2,1,0.1
1643,2,2,0.1
1643,2,3,0.1
1643,3,0,0.1
1643,3,1,0.01200000000000001
1643,3,2,0.1
1643,3,3,0.1
1644,0,0,0.088
1644,0,2,0.088
1644,0,3,0.088
1644,1,0,0.088
1644,1,2,0.088
1644,1,3,0.088
1644,2,0,0.088
1644,2,2,0.088
1644,2,3,0.088
1644,3,0,0.088
1644,3,2,0.088
1644,3,3,0.088
1645,0,0,0.088
1645,0,2,0.1
1645,1,0,0.088
1645,1,2,0.1
1645,2,0,0.088
1645,2,2,0.1
1645,3,0,0.088
1645,3,2,0.1
1646,0,0,0.088
1646,0,2,0.088
1646,0,3,0.088
1646,3,0,0.088
1646,3,2,0.088
1646,3,3,0.088
1647,0,0,0.088
1647,0,2,0.1
1647,0,3,0.088
1647,1,0,0.088
1647,1,2,0.088
1647,1,3,0.088
1647,3,0,0.1
1647,3,1,0.01200000000000001
1647,3,2,0.1
1647,3,3,0.1
1648,0,0,0.088
1648,0,2,0.1
1648,1,0,0.088
1648,1,2,0.1
1648,2,0,0.088
1648,2,2,0.1
1648,3,0,0.088
1648,3,2,0.1
1651,0,0,0.088
1651,0,2,0.1
1651,1,0,0.088
1651,1,2,0.1
1651,2,0,0.088
1651,2,2,0.1
1651,3,0,0.088
1651,3,2,0.1
1653,0,0,0.088
1653,0,2,0.088
1653,0,3,0.088
1653,1,0,0.1
1653,1,1,0.04388885455749472
1653,1,2,0.1
1653,1,3,0.1
1653,3,0,0.088
1653,3,2,0.088
1653,3,3,0.088
1655,0,0,0.088
1655,0,2,0.1
1655,1,0,0.088
1655,1,2,0.1
1655,2,0,0.088
1655,2,2,0.1
1655,3,0,0.088
1655,3,2,0.1
1656,0,0,0.088
1656,0,2,0.1
1656,1,0,0.088
1656,1,2,0.1
1656,2,0,0.088
1656,2,2,0.1
1656,3,0,0.088
1656,3,2,0.1
1659,0,0,0.088
1659,0,2,0.1
1659,0,3,0.088
1659,1,0,0.088
1659,1,2,0.088
1659,1,3,0.088
1659,2,0,0.088
1659,2,2,0.088
1659,2,3,0.088
1659,3,0,0.1
1659,3,1,0.01200000000000001
1659,3,2,0.1
1659,3,3,0.1
1661,0,0,0.088
1661,0,2,0.088
1661,0,3,0.088
1661,3,0,0.088
1661,3,2,0.088
1661,3,3,0.088
1662,0,0,0.088
1662,0,2,0.088
1662,0,3,0.088
1662,1,0,0.088
1662,1,2,0.088
1662,1,3,0.088
1662,2,0,0.08073761442424388
1662,2,2,0.08073761442424388
1662,2,3,0.08073761442424388
1662,3,0,0.1
1662,3,1,0.01200000000000001
1662,3,2,0.1
1662,3,3,0.1
1664,0,0,0.088
1664,0,2,0.088
1664,0,3,0.088
1664,1,0,0.088
1664,1,2,0.088
1664,1,3,0.088
1664,2,0,0.088
1664,2,2,0.088
1664,2,3,0.088
1664,3,0,0.088
1664,3,2,0.088
1664,3,3,0.088
1667,0,0,0.088
1667,0,2,0.1
1667,0,3,0.047166397415781075
1667,1,0,0.088
1667,1,2,0.1
1667,1,3,0.06916742406280349
1667,2,0,0.088
1667,2,2,0.1
1667,2,3,0.07068998146280356
1667,3,0,0.088
1667,3,2,0.1
1667,3,3,0.05900341071578104
1669,0,0,0.088
1669,0,2,0.1
1669,1,0,0.088
1669,1,2,0.1
1669,1,3,0.088
1669,2,0,0.088
1669,2,2,0.1
1669,2,3,0.088
1669,3,0,0.088
1669,3,2,0.1
1671,0,0,0.088
1671,0,2,0.088
1671,0,3,0.088
1675,0,0,0.088
1675,0,2,0.1
1675,1,0,0.088
1675,1,2,0.1
1675,2,0,0.088
1675,2,2,0.1
1675,3,0,0.088
1675,3,2,0.1
1676,0,0,0.088
1676,0,2,0.088
1676,0,3,0.088
1676,1,0,0.088
1676,1,2,0.088
1676,1,3,0.088
1676,2,0,0.088
1676,2,2,0.088
1676,2,3,0.088
1676,3,0,0.1
1676,3,1,0.01200000000000001
1676,3,2,0.1
1676,3,3,0.1
1682,0,0,0.1
1682,0,1,0.01200000000000001
1682,0,2,0.1
1682,0,3,0.1
1682,1,0,0.1
1682,1,1,0.1
1682,1,2,0.1
1682,1,3,0.1
1682,3,0,0.1
1682,3,1,0.01200000000000001
1682,3,2,0.1
1682,3,3,0.1
1684,0,0,0.1
1684,0,1,0.01200000000000001
1684,0,2,0.1
1684,0,3,0.1
1684,1,0,0.088
1684,1,2,0.088
1684,1,3,0.088
1684,2,0,0.1
1684,2,1,0.01200000000000001
1684,2,2,0.1
1684,2,3,0.1
1684,3,0,0.1
1684,3,1,0.01200000000000001
1684,3,2,0.1
1684,3,3,0.1
1687,0,0,0.088
1687,0,2,0.1
1687,0,3,0.088
1687,1,0,0.088
1687,1,2,0.088
1687,1,3,0.088
1687,2,0,0.1
1687,2,1,0.01200000000000001
1687,2,2,0.1
1687,2,3,0.1
1687,3,0,0.088
1687,3,2,0.088
1687,3,3,0.088
1688,0,0,0.088
1688,0,2,0.1
1688,1,0,0.088
1688,1,2,0.1
1688,2,0,0.088
1688,2,2,0.1
1688,3,0,0.088
1688,3,2,0.1
1689,0,0,0.088
1689,0,2,0.1
1689,1,0,0.088
1689,1,2,0.1
1689,2,0,0.088
1689,2,2,0.1
1689,3,0,0.088
1689,3,2,0.1
1691,0,0,0.088
1691,0,2,0.088
1691,0,3,0.088
1691,3,0,0.088
1691,3,2,0.088
1691,3,3,0.088
1692,0,0,0.088
1692,0,2,0.088
1692,0,3,0.088
1692,3,0,0.088
1692,3,2,0.088
1692,3,3,0.088
1693,0,0,0.088
1693,0,2,0.1
1693,1,0,0.088
1693,1,2,0.1
1693,2,0,0.088
1693,2,2,0.1
1693,3,0,0.088
1693,3,2,0.1
1694,0,0,0.088
1694,0,2,0.088
1694,0,3,0.088
1695,0,0,0.1
1695,0,1,0.01200000000000001
1695,0,2,0.1
1695,0,3,0.1
1695,1,0,0.088
1695,1,2,0.088
1695,1,3,0.088
1695,2,0,0.088
1695,2,2,0.088
1695,2,3,0.088
1695,3,0,0.088
1695,3,2,0.088
1695,3,3,0.088
1696,0,0,0.088
1696,0,2,0.088
1696,0,3,0.088
1696,1,0,0.1
1696,1,1,0.1
1696,1,2,0.1
1696,1,3,0.1
1696,3,0,0.088
1696,3,2,0.088
1696,3,3,0.088
1697,0,0,0.088
1697,0,2,0.1
1697,0,3,0.088
1697,1,0,0.088
1697,1,2,0.088
1697,1,3,0.088
1697,2,0,0.088
1697,2,2,0.088
1697,2,3,0.088
1697,3,0,0.1
1697,3,1,0.01200000000000001
1697,3,2,0.1
1697,3,3,0.1
1699,0,0,0.088
1699,0,2,0.1
1699,1,0,0.088
1699,1,2,0.1
1699,2,0,0.088
1699,2,2,0.1
1699,3,0,0.088
1699,3,2,0.1
1700,0,0,0.1
1700,0,1,0.01200000000000001
1700,0,2,0.1
1700,0,3,0.1
1701,0,0,0.088
1701,0,2,0.088
1701,0,3,0.088
1704,0,0,0.088
1704,0,2,0.1
1704,1,0,0.088
1704,1,2,0.1
1704,2,0,0.088
1704,2,2,0.1
1704,3,0,0.088
1704,3,2,0.1
1706,0,0,0.088
1706,0,2,0.1
1706,1,0,0.088
1706,1,2,0.1
1706,1,3,0.088
1706,2,0,0.1
1706,2,1,0.01200000000000001
1706,2,2,0.1
1706,2,3,0.1
1706,3,0,0.088
1706,3,2,0.1
1706,3,3,0.03247882347571898
1707,0,0,0.088
1707,0,2,0.1
1707,0,3,0.088
1707,1,0,0.088
1707,1,2,0.088
1707,1,3,0.088
1707,2,0,0.088
1707,2,2,0.088
1707,2,3,0.088
1707,3,0,0.1
1707,3,1,0.01200000000000001
1707,3,2,0.1
1707,3,3,0.1
1708,0,0,0.1
1708,0,1,0.01200000000000026
1708,0,2,0.1
1708,0,3,0.1
1708,1,0,0.088
1708,1,2,0.088
1708,1,3,0.088
1708,2,0,0.088
1708,2,2,0.088
1708,2,3,0.088
1708,3,0,0.088
1708,3,2,0.088
1708,3,3,0.088
1710,0,0,0.088
1710,0,2,0.088
1710,0,3,0.088
1710,1,0,0.088
1710,1,2,0.088
1710,1,3,0.088
1710,2,0,0.088
1710,2,2,0.088
1710,2,3,0.088
1710,3,0,0.088
1710,3,2,0.088
1710,3,3,0.088
1711,0,0,0.088
1711,0,2,0.088
1711,0,3,0.088
1711,1,0,0.1
1711,1,1,0.01200000000000001
1711,1,2,0.1
1711,1,3,0.1
1711,2,0,0.088
1711,2,2,0.088
1711,2,3,0.088
1711,3,0,0.088
1711,3,2,0.088
1711,3,3,0.088
1713,0,0,0.088
1713,0,2,0.1
1713,1,0,0.088
1713,1,2,0.1
1713,2,0,0.088
1713,2,2,0.1
1713,3,0,0.088
1713,3,2,0.1
1715,0,0,0.088
1715,0,2,0.1
1715,1,0,0.088
1715,1,2,0.1
1715,2,0,0.088
1715,2,2,0.1
1715,3,0,0.088
1715,3,2,0.1
1717,0,0,0.088
1717,0,2,0.1
1717,1,0,0.09448617294003764
1717,1,1,0.006486172940037643
1717,1,2,0.1
1717,1,3,0.09448617294003764
1717,2,0,0.088
1717,2,2,0.088
1717,2,3,0.088
1717,3,0,0.088
1717,3,2,0.1
1717,3,3,0.088
1720,0,0,0.088
1720,0,2,0.1
1720,1,0,0.088
1720,1,2,0.1
1720,2,0,0.088
1720,2,2,0.1
1720,3,0,0.088
1720,3,2,0.1
1721,0,0,0.088
1721,0,2,0.1
1721,1,0,0.088
1721,1,2,0.1
1721,2,0,0.088
1721,2,2,0.1
1721,3,0,0.088
1721,3,2,0.1
1723,0,0,0.088
1723,0,2,0.1
1723,1,0,0.088
1723,1,2,0.1
1723,2,0,0.088
1723,2,2,0.1
1723,2,3,0.0021307368939228605
1723,3,0,0.088
1723,3,2,0.1
1728,0,0,0.088
1728,0,2,0.1
1728,1,0,0.088
1728,1,2,0.1
1728,2,0,0.088
1728,2,2,0.1
1728,3,0,0.088
1728,3,2,0.1
1729,0,0,0.088
1729,0,2,0.1
1729,1,0,0.088
1729,1,2,0.1
1729,1,3,0.088
1729,2,0,0.1
1729,2,1,0.01200000000000001
1729,2,2,0.1
1729,2,3,0.1
1729,3,0,0.088
1729,3,2,0.1
1729,3,3,0.088
1731,0,0,0.088
1731,0,2,0.088
1731,0,3,0.088
1734,0,0,0.1
1734,0,1,0.01200000000000001
1734,0,2,0.1
1734,0,3,0.1
1734,2,0,0.1
1734,2,1,0.1
1734,2,2,0.1
1734,2,3,0.1
1736,0,0,0.088
1736,0,2,0.1
1736,1,0,0.088
1736,1,2,0.1
1736,2,0,0.088
1736,2,2,0.1
1736,3,0,0.088
1736,3,2,0.1
1739,0,0,0.088
1739,0,2,0.1
1739,1,0,0.088
1739,1,2,0.1
1739,2,0,0.088
1739,2,2,0.1
1739,3,0,0.088
1739,3,2,0.1
1740,0,0,0.1
1740,0,1,0.01200000000000001
1740,0,2,0.1
1740,0,3,0.1
1740,1,0,0.088
1740,1,2,0.088
1740,1,3,0.088
1740,2,0,0.088
1740,2,2,0.088
1740,2,3,0.088
1740,3,0,0.088
1740,3,2,0.088
1740,3,3,0.088
1741,0,0,0.088
1741,0,2,0.1
1741,1,0,0.088
1741,1,2,0.1
1741,2,0,0.088
1741,2,2,0.1
1741,3,0,0.088
1741,3,2,0.1
1743,0,0,0.088
1743,0,2,0.1
1743,1,0,0.088
1743,1,2,0.1
1743,2,0,0.088
1743,2,2,0.1
1743,3,0,0.088
1743,3,2,0.1
1744,0,0,0.088
1744,0,2,0.1
1744,1,0,0.088
1744,1,2,0.1
1744,1,3,0.088
1744,2,0,0.088
1744,2,2,0.088
1744,2,3,0.088
1744,3,0,0.088
1744,3,2,0.1
1744,3,3,0.088
1745,0,0,0.088
1745,0,2,0.1
1745,1,0,0.088
1745,1,2,0.1
1745,2,0,0.088
1745,2,2,0.1
1745,3,0,0.088
1745,3,2,0.1
1747,0,0,0.088
1747,0,2,0.1
1747,1,0,0.088
1747,1,2,0.1
1747,2,0,0.088
1747,2,2,0.1
1747,3,0,0.088
1747,3,2,0.1
1748,0,0,0.088
1748,0,2,0.088
1748,0,3,0.088
1748,1,0,0.088
1748,1,2,0.088
1748,1,3,0.088
1748,2,0,0.088
1748,2,2,0.088
1748,2,3,0.088
1748,3,0,0.1
1748,3,1,0.01200000000000001
1748,3,2,0.1
1748,3,3,0.1
1750,0,0,0.088
1750,0,2,0.1
1750,1,0,0.088
1750,1,2,0.1
1750,1,3,0.088
1750,2,0,0.088
1750,2,2,0.1
1750,2,3,0.088
1750,3,0,0.088
1750,3,2,0.1
1750,3,3,0.088
1752,0,0,0.1
1752,0,1,0.01200000000000001
1752,0,2,0.1
1752,0,3,0.1
1752,3,0,0.088
1752,3,2,0.088
1752,3,3,0.088
1753,0,0,0.088
1753,0,2,0.1
1753,1,0,0.088
1753,1,2,0.1
1753,2,0,0.088
1753,2,2,0.1
1753,3,0,0.088
1753,3,2,0.1
1754,0,0,0.088
1754,0,2,0.088
1754,0,3,0.088
1754,3,0,0.088
1754,3,2,0.088
1754,3,3,0.088
1755,0,0,0.088
1755,0,2,0.088
1755,0,3,0.088
1756,0,0,0.088
1756,0,2,0.1
1756,1,0,0.1
1756,1,1,0.01200000000000026
1756,1,2,0.1
1756,1,3,0.1
1756,2,0,0.1
1756,2,1,0.01200000000000001
1756,2,2,0.1
1756,2,3,0.1
1756,3,0,0.088
1756,3,2,0.1
1756,3,3,0.088
1759,0,0,0.088
1759,0,2,0.1
1759,1,0,0.088
1759,1,2,0.1
1759,2,0,0.088
1759,2,2,0.1
1759,3,0,0.088
1759,3,2,0.1
1760,0,0,0.1
1760,0,1,0.01200000000000001
1760,0,2,0.1
1760,0,3,0.1
1760,1,0,0.088
1760,1,2,0.088
1760,1,3,0.088
1760,2,0,0.088
1760,2,2,0.088
1760,2,3,0.088
1760,3,0,0.1
1760,3,1,0.01200000000000001
1760,3,2,0.1
1760,3,3,0.1
1766,0,0,0.088
1766,0,2,0.1
1766,1,0,0.088
1766,1,2,0.1
1766,2,0,0.088
1766,2,2,0.1
1766,3,0,0.088
1766,3,2,0.1
1768,0,0,0.088
1768,0,2,0.1
1768,0,3,0.088
1768,1,0,0.088
1768,1,2,0.088
1768,1,3,0.088
1768,2,0,0.088
1768,2,2,0.088
1768,2,3,0.088
1768,3,0,0.088
1768,3,2,0.088
1768,3,3,0.088
1770,0,0,0.1
1770,0,1,0.01200000000000001
1770,0,2,0.1
1770,0,3,0.1
1770,1,0,0.088
1770,1,2,0.088
1770,1,3,0.088
1770,2,0,0.088
1770,2,2,0.088
1770,2,3,0.088
1770,3,0,0.088
1770,3,2,0.088
1770,3,3,0.088
1779,0,0,0.088
1779,0,2,0.1
1779,1,0,0.088
1779,1,2,0.1
1779,2,0,0.088
1779,2,2,0.1
1779,3,0,0.088
1779,3,2,0.1
1781,0,0,0.088
1781,0,2,0.088
1781,0,3,0.088
1781,1,0,0.088
1781,1,2,0.088
1781,1,3,0.088
1781,2,0,0.088
1781,2,2,0.088
1781,2,3,0.088
1781,3,0,0.088
1781,3,2,0.088
1781,3,3,0.088
1782,0,0,0.088
1782,0,2,0.1
1782,1,0,0.088
1782,1,2,0.1
1782,2,0,0.088
1782,2,2,0.1
1782,3,0,0.088
1782,3,2,0.1
1783,0,0,0.088
1783,0,2,0.088
1783,0,3,0.088
1783,3,0,0.088
1783,3,2,0.088
1783,3,3,0.088
1787,0,0,0.088
1787,0,2,0.088
1787,0,3,0.088
1789,0,0,0.088
1789,0,2,0.088
1789,0,3,0.088
1789,3,0,0.088
1789,3,2,0.088
1789,3,3,0.088
1790,0,0,0.088
1790,0,2,0.1
1790,1,0,0.088
1790,1,2,0.1
1790,2,0,0.088
1790,2,2,0.1
1790,3,0,0.088
1790,3,2,0.1
1793,0,0,0.088
1793,0,2,0.088
1793,0,3,0.088
1793,3,0,0.088
1793,3,2,0.088
1793,3,3,0.088
1795,0,0,0.088
1795,0,2,0.1
1795,1,0,0.088
1795,1,2,0.1
1795,2,0,0.088
1795,2,2,0.1
1795,3,0,0.088
1795,3,2,0.1
1797,0,0,0.088
1797,0,2,0.1
1797,1,0,0.088
1797,1,2,0.1
1797,2,0,0.088
1797,2,2,0.1
1797,3,0,0.088
1797,3,2,0.1
1799,0,0,0.088
1799,0,2,0.088
1799,0,3,0.088
1800,0,0,0.088
1800,0,2,0.1
1800,1,0,0.088
1800,1,2,0.1
1800,2,0,0.088
1800,2,2,0.1
1800,3,0,0.088
1800,3,2,0.1
1806,0,0,0.088
1806,0,2,0.088
1806,0,3,0.088
1806,1,0,0.088
1806,1,2,0.088
1806,1,3,0.088
1806,3,0,0.088
1806,3,2,0.088
1806,3,3,0.088
1811,0,0,0.088
1811,0,2,0.088
1811,0,3,0.088
1811,3,0,0.088
1811,3,2,0.088
1811,3,3,0.088
1812,0,0,0.088
1812,0,2,0.1
1812,1,0,0.088
1812,1,2,0.1
1812,2,0,0.088
1812,2,2,0.1
1812,3,0,0.088
1812,3,2,0.1
1814,0,0,0.088
1814,0,2,0.1
1814,1,0,0.088
1814,1,2,0.1
1814,2,0,0.088
1814,2,2,0.1
1814,3,0,0.088
1814,3,2,0.1
1815,0,0,0.1
1815,0,1,0.01200000000000026
1815,0,2,0.1
1815,0,3,0.1
1815,1,0,0.088
1815,1,2,0.088
1815,1,3,0.088
1815,2,0,0.088
1815,2,2,0.088
1815,2,3,0.088
1815,3,0,0.088
1815,3,2,0.088
1815,3,3,0.088
1816,0,0,0.088
1816,0,2,0.1
1816,1,0,0.088
1816,1,2,0.1
1816,2,0,0.088
1816,2,2,0.1
1816,3,0,0.088
1816,3,2,0.1
1823,0,0,0.088
1823,0,2,0.088
1823,0,3,0.088
1823,3,0,0.088
1823,3,2,0.088
1823,3,3,0.088
1825,0,0,0.088
1825,0,2,0.1
1825,1,0,0.088
1825,1,2,0.1
1825,2,0,0.088
1825,2,2,0.1
1825,3,0,0.088
1825,3,2,0.1
1828,0,0,0.088
1828,0,2,0.088
1828,0,3,0.088
1830,0,0,0.1
1830,0,1,0.01200000000000001
1830,0,2,0.1
1830,0,3,0.1
1830,3,0,0.088
1830,3,2,0.088
1830,3,3,0.088
1832,0,0,0.088
1832,0,2,0.1
1832,1,0,0.088
1832,1,2,0.1
1832,1,3,0.088
1832,2,0,0.088
1832,2,2,0.1
1832,2,3,0.088
1832,3,0,0.088
1832,3,2,0.1
1832,3,3,0.088
1834,0,0,0.088
1834,0,2,0.088
1834,0,3,0.088
1834,2,0,0.1
1834,2,1,0.1
1834,2,2,0.1
1834,2,3,0.1
1834,3,0,0.088
1834,3,2,0.088
1834,3,3,0.088
1836,0,0,0.088
1836,0,2,0.088
1836,0,3,0.088
1839,0,0,0.088
1839,0,2,0.088
1839,0,3,0.088
1839,1,0,0.088
1839,1,2,0.088
1839,1,3,0.088
1839,2,0,0.088
1839,2,2,0.088
1839,2,3,0.088
1839,3,0,0.088
1839,3,2,0.088
1839,3,3,0.088
1840,0,0,0.088
1840,0,2,0.1
1840,1,0,0.088
1840,1,2,0.1
1840,2,0,0.088
1840,2,2,0.1
1840,2,3,0.088
1840,3,0,0.088
1840,3,2,0.1
1841,0,0,0.1
1841,0,1,0.01200000000000001
1841,0,2,0.1
1841,0,3,0.1
1841,3,0,0.088
1841,3,2,0.088
1841,3,3,0.088
1843,0,0,0.088
1843,0,2,0.1
1843,1,0,0.088
1843,1,2,0.1
1843,2,0,0.088
1843,2,2,0.1
1843,3,0,0.088
1843,3,2,0.1
1845,0,0,0.088
1845,0,2,0.1
1845,1,0,0.088
1845,1,2,0.1
1845,2,0,0.088
1845,2,2,0.1
1845,3,0,0.088
1845,3,2,0.1
1848,0,0,0.088
1848,0,2,0.1
1848,1,0,0.088
1848,1,2,0.1
1848,2,0,0.088
1848,2,2,0.1
1848,3,0,0.088
1848,3,2,0.1
1849,0,0,0.088
1849,0,2,0.1
1849,1,0,0.088
1849,1,2,0.1
1849,2,0,0.088
1849,2,2,0.1
1849,3,0,0.088
1849,3,2,0.1
1851,0,0,0.088
1851,0,2,0.088
1851,0,3,0.088
1851,1,0,0.088
1851,1,2,0.088
1851,1,3,0.088
1851,2,0,0.088
1851,2,2,0.088
1851,2,3,0.088
1851,3,0,0.088
1851,3,2,0.088
1851,3,3,0.088
1852,0,0,0.088
1852,0,2,0.1
1852,1,0,0.088
1852,1,2,0.1
1852,1,3,0.088
1852,2,0,0.1
1852,2,1,0.01200000000000001
1852,2,2,0.1
1852,2,3,0.1
1852,3,0,0.088
1852,3,2,0.1
1852,3,3,0.088
1853,0,0,0.088
1853,0,2,0.088
1853,0,3,0.088
1854,0,0,0.088
1854,0,2,0.088
1854,0,3,0.088
1854,1,0,0.088
1854,1,2,0.088
1854,1,3,0.088
1854,2,0,0.088
1854,2,2,0.088
1854,2,3,0.088
1854,3,0,0.088
1854,3,2,0.088
1854,3,3,0.088
1855,0,0,0.088
1855,0,2,0.088
1855,0,3,0.088
1855,3,0,0.088
1855,3,2,0.088
1855,3,3,0.088
1857,0,0,0.1
1857,0,1,0.01200000000000001
1857,0,2,0.1
1857,0,3,0.1
1858,0,0,0.088
1858,0,2,0.088
1858,0,3,0.088
1859,0,0,0.088
1859,0,2,0.1
1859,1,0,0.088
1859,1,2,0.1
1859,1,3,0.088
1859,2,0,0.1
1859,2,1,0.01200000000000026
1859,2,2,0.1
1859,2,3,0.1
1859,3,0,0.088
1859,3,2,0.1
1863,0,0,0.088
1863,0,2,0.088
1863,0,3,0.088
1863,3,0,0.1
1863,3,1,0.1
1863,3,2,0.1
1863,3,3,0.1
1864,0,0,0.088
1864,0,2,0.088
1864,0,3,0.088
1866,0,0,0.088
1866,0,2,0.088
1866,0,3,0.088
1866,1,0,0.088
1866,1,2,0.088
1866,1,3,0.088
1866,2,0,0.088
1866,2,2,0.088
1866,2,3,0.088
1866,3,0,0.1
1866,3,1,0.01200000000000001
1866,3,2,0.1
1866,3,3,0.1
1868,0,0,0.088
1868,0,2,0.1
1868,1,0,0.088
1868,1,2,0.1
1868,2,0,0.088
1868,2,2,0.1
1868,3,0,0.088
1868,3,2,0.1
1869,0,0,0.1
1869,0,1,0.01200000000000001
1869,0,2,0.1
1869,0,3,0.1
1869,1,0,0.088
1869,1,2,0.088
1869,1,3,0.088
1869,2,0,0.088
1869,2,2,0.088
1869,2,3,0.088
1869,3,0,0.1
1869,3,1,0.01200000000000001
1869,3,2,0.1
1869,3,3,0.1
1872,0,0,0.088
1872,0,2,0.088
1872,0,3,0.088
1872,3,0,0.088
1872,3,2,0.088
1872,3,3,0.088
1875,0,0,0.088
1875,0,2,0.1
1875,0,3,0.08540777783864448
1875,1,0,0.088
1875,1,2,0.088
1875,1,3,0.088
1875,2,0,0.088
1875,2,2,0.088
1875,2,3,0.088
1875,3,0,0.088
1875,3,2,0.1
1875,3,3,0.088
1876,0,0,0.088
1876,0,2,0.1
1876,1,0,0.088
1876,1,2,0.1
1876,2,0,0.088
1876,2,2,0.1
1876,3,0,0.088
1876,3,2,0.1
1882,0,0,0.088
1882,0,2,0.088
1882,0,3,0.088
1882,1,0,0.088
1882,1,2,0.088
1882,1,3,0.088
1882,2,0,0.1
1882,2,1,0.01200000000000001
1882,2,2,0.1
1882,2,3,0.1
1882,3,0,0.088
1882,3,2,0.088
1882,3,3,0.088
1883,0,0,0.088
1883,0,2,0.1
1883,0,3,0.088
1883,1,0,0.088
1883,1,2,0.088
1883,1,3,0.088
1883,2,0,0.088
1883,2,2,0.088
1883,2,3,0.088
1883,3,0,0.088
1883,3,2,0.088
1883,3,3,0.088
1885,0,0,0.088
1885,0,2,0.1
1885,1,0,0.088
1885,1,2,0.1
1885,2,0,0.088
1885,2,2,0.1
1885,3,0,0.088
1885,3,2,0.1
1889,0,0,0.088
1889,0,2,0.1
1889,0,3,0.088
1889,1,0,0.088
1889,1,2,0.1
1889,1,3,0.088
1889,2,0,0.088
1889,2,2,0.1
1889,2,3,0.088
1889,3,0,0.088
1889,3,2,0.1
1889,3,3,0.088
1892,0,0,0.088
1892,0,2,0.1
1892,0,3,0.088
1892,1,0,0.08190681044366627
1892,1,2,0.08190681044366627
1892,1,3,0.08190681044366627
1892,3,0,0.088
1892,3,2,0.088
1892,3,3,0.088
1895,0,0,0.088
1895,0,2,0.088
1895,0,3,0.088
1899,0,0,0.088
1899,0,2,0.1
1899,1,0,0.088
1899,1,2,0.1
1899,2,0,0.088
1899,2,2,0.1
1899,3,0,0.088
1899,3,2,0.1
1901,0,0,0.088
1901,0,2,0.1
1901,1,0,0.088
1901,1,2,0.1
1901,2,0,0.088
1901,2,2,0.1
1901,3,0,0.088
1901,3,2,0.1
1905,0,0,0.088
1905,0,2,0.088
1905,0,3,0.088
1905,3,0,0.07906919551695589
1905,3,2,0.07906919551695589
1905,3,3,0.07906919551695589
1909,0,0,0.088
1909,0,2,0.088
1909,0,3,0.088
1909,1,0,0.088
1909,1,2,0.088
1909,1,3,0.088
1909,2,0,0.088
1909,2,2,0.088
1909,2,3,0.088
1909,3,0,0.088
1909,3,2,0.088
1909,3,3,0.088
1911,0,0,0.088
1911,0,2,0.1
1911,1,0,0.088
1911,1,2,0.1
1911,2,0,0.088
1911,2,2,0.1
1911,3,0,0.088
1911,3,2,0.1
1914,0,0,0.088
1914,0,2,0.088
1914,0,3,0.088
1915,0,0,0.088
1915,0,2,0.1
1915,1,0,0.088
1915,1,2,0.1
1915,2,0,0.088
1915,2,2,0.1
1915,3,0,0.088
1915,3,2,0.1
1918,0,0,0.088
1918,0,2,0.1
1918,1,0,0.088
1918,1,2,0.1
1918,2,0,0.088
1918,2,2,0.1
1918,3,0,0.088
1918,3,2,0.1
1919,0,0,0.1
1919,0,1,0.01200000000000001
1919,0,2,0.1
1919,0,3,0.1
1919,1,0,0.088
1919,1,2,0.088
1919,1,3,0.088
1919,2,0,0.088
1919,2,2,0.088
1919,2,3,0.088
1919,3,0,0.088
1919,3,2,0.088
1919,3,3,0.088
1921,0,0,0.088
1921,0,2,0.1
1921,0,3,0.088
1921,1,0,0.088
1921,1,2,0.088
1921,1,3,0.088
1921,2,0,0.088
1921,2,2,0.088
1921,2,3,0.088
1921,3,0,0.088
1921,3,2,0.088
1921,3,3,0.088
1926,0,0,0.088
1926,0,2,0.1
1926,1,0,0.088
1926,1,2,0.1
1926,2,0,0.088
1926,2,2,0.1
1926,3,0,0.088
1926,3,2,0.1
1930,0,0,0.088
1930,0,2,0.1
1930,1,0,0.088
1930,1,2,0.1
1930,2,0,0.088
1930,2,2,0.1
1930,3,0,0.088
1930,3,2,0.1
1932,0,0,0.088
1932,0,2,0.088
1932,0,3,0.088
1932,3,0,0.1
1932,3,1,0.1
1932,3,2,0.1
1932,3,3,0.1
1933,0,0,0.088
1933,0,2,0.1
1933,1,0,0.088
1933,1,2,0.1
1933,2,0,0.088
1933,2,2,0.1
1933,3,0,0.088
1933,3,2,0.1
1936,0,0,0.088
1936,0,2,0.1
1936,1,0,0.088
1936,1,2,0.1
1936,2,0,0.088
1936,2,2,0.1
1936,3,0,0.088
1936,3,2,0.1
1937,0,0,0.088
1937,0,2,0.1
1937,1,0,0.088
1937,1,2,0.1
1937,2,0,0.088
1937,2,2,0.1
1937,3,0,0.088
1937,3,2,0.1
1938,0,0,0.088
1938,0,2,0.088
1938,0,3,0.088
1938,3,0,0.088
1938,3,2,0.088
1938,3,3,0.088
1939,0,0,0.088
1939,0,2,0.088
1939,0,3,0.088
1939,3,0,0.1
1939,3,1,0.1
1939,3,2,0.1
1939,3,3,0.1
1942,0,0,0.088
1942,0,2,0.1
1942,1,0,0.088
1942,1,2,0.1
1942,2,0,0.088
1942,2,2,0.1
1942,3,0,0.088
1942,3,2,0.1
1943,0,0,0.088
1943,0,2,0.088
1943,0,3,0.088
1943,3,0,0.1
1943,3,1,0.01200000000000001
1943,3,2,0.1
1943,3,3,0.1
1944,0,0,0.088
1944,0,2,0.1
1944,1,0,0.088
1944,1,2,0.1
1944,2,0,0.088
1944,2,2,0.1
1944,3,0,0.088
1944,3,2,0.1
1950,0,0,0.1
1950,0,1,0.01200000000000001
1950,0,2,0.1
1950,0,3,0.1
1950,3,0,0.088
1950,3,2,0.088
1950,3,3,0.088
1951,0,0,0.088
1951,0,2,0.1
1951,0,3,0.088
1951,1,0,0.088
1951,1,2,0.088
1951,1,3,0.088
1951,2,0,0.088
1951,2,2,0.088
1951,2,3,0.088
1951,3,0,0.088
1951,3,2,0.088
1951,3,3,0.088
1952,0,0,0.088
1952,0,2,0.088
1952,0,3,0.088
1952,1,0,0.088
1952,1,2,0.088
1952,1,3,0.088
1952,2,0,0.088
1952,2,2,0.088
1952,2,3,0.088
1952,3,0,0.088
1952,3,2,0.088
1952,3,3,0.088
1953,0,0,0.088
1953,0,2,0.1
1953,1,0,0.088
1953,1,2,0.1
1953,2,0,0.088
1953,2,2,0.1
1953,3,0,0.088
1953,3,2,0.1
1954,0,0,0.088
1954,0,2,0.1
1954,1,0,0.088
1954,1,2,0.1
1954,2,0,0.088
1954,2,2,0.1
1954,3,0,0.088
1954,3,2,0.1
1961,0,0,0.088
1961,0,2,0.1
1961,1,0,0.088
1961,1,2,0.1
1961,2,0,0.088
1961,2,2,0.1
1961,3,0,0.088
1961,3,2,0.1
1967,0,0,0.088
1967,0,2,0.1
1967,1,0,0.088
1967,1,2,0.1
1967,1,3,0.088
1967,2,0,0.088
1967,2,2,0.1
1967,2,3,0.088
1967,3,0,0.088
1967,3,2,0.1
1967,3,3,0.088
1968,0,0,0.088
1968,0,2,0.1
1968,1,0,0.088
1968,1,2,0.1
1968,2,0,0.088
1968,2,2,0.1
1968,3,0,0.088
1968,3,2,0.1
1969,0,0,0.1
1969,0,1,0.01200000000000026
1969,0,2,0.1
1969,0,3,0.1
1969,1,0,0.088
1969,1,2,0.088
1969,1,3,0.088
1969,2,0,0.088
1969,2,2,0.088
1969,2,3,0.088
1969,3,0,0.088
1969,3,2,0.088
1969,3,3,0.088
1970,0,0,0.06858564434325211
1970,0,2,0.06858564434325211
1970,0,3,0.06858564434325211
1972,0,0,0.088
1972,0,2,0.1
1972,1,0,0.088
1972,1,2,0.1
1972,2,0,0.088
1972,2,2,0.1
1972,3,0,0.088
1972,3,2,0.1
1974,0,0,0.088
1974,0,2,0.1
1974,1,0,0.088
1974,1,2,0.1
1974,2,0,0.088
1974,2,2,0.1
1974,3,0,0.088
1974,3,2,0.1
1975,0,0,0.088
1975,0,2,0.1
1975,0,3,0.088
1975,1,0,0.1
1975,1,1,0.01200000000000001
1975,1,2,0.1
1975,1,3,0.1
1975,2,0,0.088
1975,2,2,0.088
1975,2,3,0.088
1975,3,0,0.088
1975,3,2,0.088
1975,3,3,0.088
1977,0,0,0.088
1977,0,2,0.1
1977,0,3,0.016369263992381533
1977,1,0,0.1
1977,1,1,0.01200000000000001
1977,1,2,0.1
1977,1,3,0.1
1977,2,0,0.088
1977,2,2,0.088
1977,2,3,0.088
1977,3,0,0.088
1977,3,2,0.1
1977,3,3,0.088
1979,0,0,0.088
1979,0,2,0.088
1979,0,3,0.088
1979,1,0,0.088
1979,1,2,0.088
1979,1,3,0.088
1979,2,0,0.031570359718868485
1979,2,2,0.031570359718868485
1979,2,3,0.031570359718868485
1979,3,0,0.088
1979,3,2,0.088
1979,3,3,0.088
1981,0,0,0.088
1981,0,2,0.1
1981,1,0,0.088
1981,1,2,0.1
1981,2,0,0.088
1981,2,2,0.1
1981,3,0,0.088
1981,3,2,0.1
1985,0,0,0.088
1985,0,2,0.1
1985,1,0,0.088
1985,1,2,0.088
1985,1,3,0.088
1985,2,0,0.088
1985,2,2,0.088
1985,2,3,0.088
1985,3,0,0.088
1985,3,2,0.1
1985,3,3,0.088
1991,0,0,0.088
1991,0,2,0.1
1991,1,0,0.088
1991,1,2,0.1
1991,2,0,0.088
1991,2,2,0.1
1991,3,0,0.088
1991,3,2,0.1
1999,0,0,0.088
1999,0,2,0.1
1999,1,0,0.088
1999,1,2,0.1
1999,2,0,0.088
1999,2,2,0.1
1999,3,0,0.088
1999,3,2,0.1
2001,0,0,0.088
2001,0,2,0.1
2001,0,3,0.088
2001,1,0,0.088
2001,1,2,0.088
2001,1,3,0.088
2001,2,0,0.088
2001,2,2,0.088
2001,2,3,0.088
2001,3,0,0.088
2001,3,2,0.088
2001,3,3,0.088
2002,0,0,0.088
2002,0,2,0.1
2002,1,0,0.088
2002,1,2,0.1
2002,2,0,0.088
2002,2,2,0.1
2002,3,0,0.088
2002,3,2,0.1
2003,0,0,0.088
2003,0,2,0.1
2003,1,0,0.088
2003,1,2,0.1
2003,2,0,0.088
2003,2,2,0.1
2003,3,0,0.088
2003,3,2,0.1
2004,0,0,0.088
2004,0,2,0.1
2004,1,0,0.088
2004,1,2,0.1
2004,2,0,0.088
2004,2,2,0.1
2004,3,0,0.088
2004,3,2,0.1
2006,0,0,0.088
2006,0,2,0.1
2006,1,0,0.088
2006,1,2,0.1
2006,2,0,0.088
2006,2,2,0.1
2006,2,3,0.088
2006,3,0,0.088
2006,3,2,0.1
2009,0,0,0.088
2009,0,2,0.088
2009,0,3,0.088
2009,1,0,0.088
2009,1,2,0.088
2009,1,3,0.088
2009,3,0,0.088
2009,3,2,0.088
2009,3,3,0.088
2012,0,0,0.088
2012,0,2,0.088
2012,0,3,0.088
2013,0,0,0.1
2013,0,1,0.01200000000000001
2013,0,2,0.1
2013,0,3,0.1
2014,0,0,0.088
2014,0,2,0.088
2014,0,3,0.088
2016,0,0,0.088
2016,0,2,0.1
2016,1,0,0.088
2016,1,2,0.1
2016,1,3,0.088
2016,2,0,0.1
2016,2,1,0.01200000000000001
2016,2,2,0.1
2016,2,3,0.1
2016,3,0,0.088
2016,3,2,0.1
2016,3,3,0.088
2017,0,0,0.088
2017,0,2,0.088
2017,0,3,0.088
2020,0,0,0.088
2020,0,2,0.1
2020,1,0,0.088
2020,1,2,0.1
2020,2,0,0.088
2020,2,2,0.1
2020,3,0,0.088
2020,3,2,0.1
2022,0,0,0.088
2022,0,2,0.1
2022,1,0,0.088
2022,1,2,0.1
2022,2,0,0.088
2022,2,2,0.1
2022,3,0,0.088
2022,3,2,0.1
2024,0,0,0.088
2024,0,2,0.1
2024,1,0,0.088
2024,1,2,0.1
2024,2,0,0.088
2024,2,2,0.1
2024,3,0,0.088
2024,3,2,0.1
2026,0,0,0.088
2026,0,2,0.1
2026,1,0,0.088
2026,1,2,0.1
2026,2,0,0.088
2026,2,2,0.1
2026,3,0,0.088
2026,3,2,0.1
2028,0,0,0.088
2028,0,2,0.088
2028,0,3,0.088
2028,1,0,0.088
2028,1,2,0.088
2028,1,3,0.088
2028,2,0,0.088
2028,2,2,0.088
2028,2,3,0.088
2028,3,0,0.088
2028,3,2,0.088
2028,3,3,0.088
2031,0,0,0.088
2031,0,2,0.1
2031,1,0,0.088
2031,1,2,0.1
2031,2,0,0.088
2031,2,2,0.1
2031,3,0,0.088
2031,3,2,0.1
2032,0,0,0.088
2032,0,2,0.088
2032,0,3,0.088
2032,1,0,0.088
2032,1,2,0.088
2032,1,3,0.088
2032,2,0,0.088
2032,2,2,0.088
2032,2,3,0.088
2032,3,0,0.1
2032,3,1,0.01200000000000001
2032,3,2,0.1
2032,3,3,0.1
