demand_i,station_j,m,t,flow_X,travel_time
4,1621,3,2,0.09962040732981725,123.49068450927734
74,1213,2,1,0.088,132.210205078125
95,1646,0,2,0.132,135.58953857421875
85,1052,0,3,0.08457771776655332,115.4173812866211
62,240,2,3,0.154,118.71685791015625
16,902,0,0,0.14537717188808377,130.62660217285156
93,346,2,2,0.132,114.6578369140625
42,648,1,2,0.09647273203632378,124.9762191772461
52,1391,0,1,0.088,111.52420806884766
46,1437,0,2,0.132,134.24464416503906
77,1743,3,1,0.088,117.96814727783203
58,810,3,3,0.01200000000000001,126.07738494873047
67,1422,0,2,0.132,130.15176391601562
66,1549,1,2,0.132,132.06277465820312
92,1485,0,2,0.132,128.9812774658203
33,519,3,1,0.088,129.72862243652344
16,558,1,0,0.12996839971955007,130.5614013671875
88,1413,0,0,0.1517298400100744,127.55491638183594
52,944,2,1,0.088,117.03491973876953
24,475,2,2,0.132,124.61547088623047
93,1816,3,1,0.088,115.24203491210938
24,998,1,2,0.132,128.33494567871094
112,405,0,1,0.088,118.89717102050781
89,85,0,2,0.06490061001232961,147.51055908203125
2,1162,0,3,0.02192329931454068,106.36582946777344
80,448,0,2,0.132,104.89043426513672
105,64,3,2,0.132,132.6448211669922
77,1259,0,2,0.055162976469760205,121.34909057617188
99,922,1,1,0.088,
63,521,2,3,0.02192127927683976,125.10698699951172
63,1688,0,0,0.04282279421554397,123.13948822021484
33,78,2,1,0.088,127.87297821044922
75,862,2,0,0.0012668253191070525,123.18672943115234
34,255,1,3,0.07100112804057329,112.91914367675781
88,1793,3,2,0.132,134.443359375
82,334,1,0,0.12264824130988253,129.0450439453125
71,1113,3,1,0.025425711917124838,135.96240234375
31,1882,1,1,0.088,125.0190658569336
84,401,2,1,0.01020170769918026,110.9894027709961
88,1433,2,2,0.132,131.51849365234375
3,1199,2,2,0.132,149.8568115234375
14,537,0,1,0.088,137.92333984375
70,1942,3,3,0.0013889323887566196,118.0608901977539
83,1537,0,1,0.06718757135830725,127.47322082519531
16,1711,1,1,0.088,138.2382049560547
0,636,0,3,0.01200000000000001,119.20838165283203
49,58,1,1,0.088,121.95406341552734
52,274,2,2,0.132,115.54942321777344
96,1165,0,3,0.006213435919308279,113.66064453125
16,66,1,2,0.03292298816814698,124.69855499267578
16,263,2,0,0.154,126.58838653564453
66,1375,0,2,0.132,131.9874725341797
89,1057,3,1,0.05414723876631866,147.34030151367188
39,313,0,1,0.088,131.6964569091797
51,365,3,3,0.154,119.063232421875
105,744,0,1,0.088,143.1735382080078
92,1004,2,1,0.088,127.17374420166016
1,521,3,2,0.132,125.49390411376953
54,694,0,2,0.132,139.09214782714844
58,1754,2,2,0.132,128.6319580078125
89,1103,1,2,0.132,143.0882568359375
28,1426,2,1,0.088,128.86752319335938
28,319,2,2,0.132,106.76277923583984
92,1240,0,1,0.088,129.37274169921875
36,536,1,2,0.10332102339383897,125.06304931640625
70,659,3,2,0.132,117.70347595214844
44,1889,3,2,0.132,138.0310516357422
16,263,0,3,0.08429997595942676,126.58838653564453
33,1459,3,3,0.01200000000000001,123.2021255493164
52,1338,0,2,0.132,113.72921752929688
57,16,3,1,0.088,127.61872863769531
92,615,2,0,0.154,126.69939422607422
52,1845,1,2,0.132,111.25714111328125
58,1606,3,3,0.1,126.03926849365234
71,678,2,1,0.088,139.04981994628906
112,921,2,1,0.088,121.8759536743164
0,1284,2,2,0.132,118.5784912109375
54,1096,2,1,0.088,140.50599670410156
52,666,3,1,0.027829377793847823,125.88329315185547
16,1545,2,2,0.132,124.85896301269531
63,182,1,1,0.03859693107540205,127.56768798828125
16,1106,3,2,0.132,136.03997802734375
43,1540,0,3,0.03423561549291615,121.15424346923828
52,1937,1,2,0.132,113.63845825195312
52,831,2,1,0.088,119.42169952392578
31,705,3,1,0.088,123.20901489257812
107,223,0,0,0.08678737317536356,123.76400756835938
62,888,0,2,0.132,119.53306579589844
66,341,2,1,0.088,127.13237762451172
24,1415,2,2,0.10918121048002805,97.89253997802734
34,1165,1,2,0.132,125.01331329345703
71,238,0,2,0.132,136.8934326171875
52,894,2,1,0.088,119.27938079833984
8,1235,2,2,0.132,128.80894470214844
63,1699,0,2,0.132,126.42735290527344
59,1795,3,3,0.020270780542253675,132.4958953857422
75,350,3,2,0.132,125.70026397705078
28,1444,1,2,0.132,125.94300079345703
52,877,2,3,0.154,110.40229034423828
30,1756,2,2,0.09250317932855978,114.3449935913086
44,164,1,3,0.1,137.21603393554688
79,718,3,2,0.0875226965004734,150.7630615234375
32,1812,1,2,0.132,128.01446533203125
52,1402,1,2,0.132,118.49024200439453
44,786,0,3,0.01200000000000001,138.05804443359375
70,365,3,1,0.07047282086105625,120.0744400024414
92,615,0,3,0.154,126.69939422607422
61,1723,3,2,0.07097141807033608,133.6435089111328
28,871,3,1,0.088,105.81856536865234
52,1349,3,1,0.088,120.17220306396484
62,553,1,0,0.07336893421409768,117.87826538085938
33,1155,0,2,0.132,127.78056335449219
77,197,3,1,0.088,118.90817260742188
49,426,0,2,0.132,127.85709381103516
11,159,0,2,0.132,140.83978271484375
28,347,2,2,0.132,110.48572540283203
113,456,3,3,0.02237553026738298,123.70520782470703
52,1465,1,2,0.132,110.89873504638672
59,1410,1,2,0.05821877805585718,150.5833282470703
8,901,0,0,0.154,125.13526916503906
18,553,3,3,0.029424783629574958,120.13478088378906
52,1026,2,2,0.132,118.7978515625
24,1648,1,1,0.088,123.50054168701172
106,44,0,1,0.088,137.32847595214844
107,994,1,3,0.154,124.20215606689453
32,674,0,2,0.132,128.83421325683594
28,206,2,2,0.132,108.41876220703125
62,2024,3,0,0.05612160117655443,117.62643432617188
52,1675,1,3,0.154,109.58290100097656
83,670,0,2,0.03603804051443682,121.12739562988281
52,980,0,3,0.154,112.97105407714844
87,1932,0,2,0.132,138.92385864257812
89,755,2,3,0.154,140.21807861328125
102,1144,1,1,0.088,138.52903747558594
70,511,3,0,0.057107286020432385,118.5927734375
38,1339,1,2,0.06311365139238279,127.73104858398438
58,1095,0,1,0.088,125.83617401123047
52,1766,3,3,0.154,111.18428039550781
15,141,0,1,0.0005243501888523017,132.33380126953125
92,1120,2,3,0.154,118.31332397460938
87,1602,3,1,0.001709139414916988,133.7193145751953
39,859,1,2,0.03771409542495785,128.1324462890625
112,224,0,2,0.132,122.56635284423828
33,910,0,1,0.088,124.88729858398438
28,1298,2,1,0.088,125.75482177734375
16,1868,2,1,0.088,130.59153747558594
92,1267,0,2,0.132,128.75852966308594
97,798,0,3,0.154,127.44629669189453
105,165,0,3,0.11539015183712983,133.09605407714844
8,1706,3,1,0.088,127.01868438720703
33,474,1,1,0.088,121.36383056640625
52,1167,3,1,0.088,116.4385986328125
4,748,2,2,0.132,123.77698516845703
24,86,1,0,0.03598538931521561,115.66881561279297
82,1921,3,2,0.132,132.80160522460938
67,232,3,3,0.045936989925877636,124.9438247680664
70,1266,2,2,0.132,119.1239242553711
84,1567,3,2,0.12884190138582285,111.13727569580078
52,541,1,1,0.088,114.38414001464844
46,1156,3,1,0.088,126.96083068847656
14,155,2,3,0.1,133.36865234375
52,637,2,1,0.088,121.20697021484375
16,367,2,2,0.132,140.95721435546875
19,1413,2,1,0.06347708362537174,125.567626953125
19,930,0,0,0.154,125.40093231201172
25,1407,2,2,0.132,143.69317626953125
93,1926,3,3,0.0216547679223221,113.26107788085938
70,699,0,1,0.088,119.8263168334961
52,586,2,2,0.132,115.30518341064453
3,1406,2,1,0.04014577977200154,150.809814453125
52,1435,1,1,0.020528698010992497,123.98721313476562
88,534,2,3,0.1,128.97813415527344
28,850,3,1,0.088,125.78490447998047
8,1979,3,2,0.132,130.64840698242188
19,1721,0,3,0.154,124.97254943847656
74,2004,0,3,0.10574691658819535,131.59996032714844
39,417,0,3,0.06126626921908665,121.426025390625
24,1974,0,1,0.088,123.4227523803711
59,23,2,1,0.088,128.55213928222656
6,1294,0,1,0.00011036465665767436,125.4782943725586
52,1074,2,1,0.088,113.91722106933594
63,2022,0,1,0.088,128.19065856933594
25,1755,0,1,0.07708561465759184,145.55091857910156
32,558,0,2,0.132,129.41836547851562
31,607,2,2,0.132,120.7025375366211
11,356,0,0,0.154,134.0989227294922
48,1687,0,2,0.132,131.5557861328125
58,1070,2,1,0.088,125.97569274902344
3,1736,2,1,0.088,144.87646484375
51,232,0,3,0.006777502253072082,120.64192199707031
58,810,1,2,0.132,126.07738494873047
95,126,1,3,0.01200000000000001,129.99114990234375
13,1721,3,1,0.088,124.41230010986328
28,593,2,2,0.132,128.86752319335938
25,580,1,1,0.04621982265759175,142.3682403564453
83,580,3,1,0.02063235763902138,127.33953857421875
25,9,0,3,0.01200000000000001,140.2499237060547
82,100,0,3,0.1,131.85594177246094
24,475,0,1,0.088,124.61547088623047
0,1815,3,1,0.088,119.75321197509766
0,609,2,2,0.132,118.59825897216797
16,221,3,1,0.088,138.18772888183594
66,699,3,0,0.03230888165511342,123.39932250976562
92,1100,3,1,0.088,127.44430541992188
59,1631,3,2,0.132,124.05435180664062
105,1149,2,3,0.154,130.47317504882812
93,1159,2,2,0.132,115.12866973876953
105,1619,3,3,0.09102099851597353,134.796142578125
16,79,0,2,0.132,138.29283142089844
15,1729,2,2,0.132,131.79469299316406
16,175,1,2,0.132,132.65737915039062
70,1688,1,2,0.132,117.73856353759766
105,64,1,1,0.088,132.6448211669922
52,1572,3,3,0.154,107.89373779296875
82,392,2,2,0.132,134.10595703125
102,178,0,2,0.132,145.2424774169922
42,1201,0,3,0.01200000000000001,125.9603271484375
61,496,3,1,0.088,133.642333984375
1,1942,1,1,0.07568696254332069,123.48729705810547
82,22,0,3,0.154,129.50833129882812
32,1304,1,3,0.154,127.64800262451172
12,1704,0,1,0.088,108.27947235107422
52,1760,2,1,0.088,116.52404022216797
33,401,1,3,0.02612447818779795,115.78392028808594
107,931,0,2,0.132,127.91968536376953
56,545,3,1,0.0197753145292362,124.99694061279297
37,126,0,1,0.02346280652459795,129.0552215576172
58,1754,0,1,0.088,128.6319580078125
112,1211,2,2,0.132,117.7302017211914
36,1001,1,2,0.132,126.90464782714844
24,272,1,1,0.088,127.48859405517578
42,1396,2,1,0.088,124.87837982177734
82,100,1,1,0.088,131.85594177246094
82,960,1,3,0.154,129.9214324951172
105,1152,2,3,0.154,132.8730010986328
16,353,3,2,0.132,132.96995544433594
44,792,2,3,0.1,137.5310821533203
33,1459,1,2,0.132,123.2021255493164
20,254,0,1,0.088,140.82374572753906
62,1605,1,1,0.088,122.32852172851562
18,1384,2,2,0.132,123.27808380126953
26,1305,2,1,0.088,128.8404083251953
102,163,0,2,0.132,142.00946044921875
107,1645,1,3,0.12247029069913676,124.55036163330078
89,841,1,1,0.088,142.83399963378906
71,817,1,2,0.06957761125180617,142.26805114746094
92,368,0,1,0.088,133.63473510742188
23,750,2,3,0.154,105.95929718017578
1,521,1,1,0.088,125.49390411376953
97,1413,2,1,0.02452291637462825,127.59320068359375
97,1507,3,2,0.132,129.354248046875
82,571,1,2,0.132,132.27288818359375
97,1023,0,3,0.1,129.34376525878906
25,409,3,2,0.132,145.30503845214844
95,963,3,3,0.1,128.82626342773438
82,524,2,3,0.14115182574643656,130.2764129638672
115,896,3,0,0.13087865613447786,123.91102600097656
28,545,1,3,0.014388415338457805,125.68897247314453
10,632,3,2,0.132,123.63431549072266
31,1782,0,1,0.0055694844046629,120.04502868652344
18,505,1,3,0.05447436995153432,117.46376037597656
88,1854,2,1,0.088,131.1004638671875
58,1282,0,1,0.05758595005702952,125.79914093017578
14,1396,0,3,0.1,133.37049865722656
16,1409,2,2,0.132,139.1002655029297
37,96,2,2,0.132,
0,1284,0,1,0.0357943927477222,118.5784912109375
15,521,2,3,0.13207872072316024,128.21112060546875
107,152,3,0,0.154,123.06675720214844
109,1747,3,1,0.059579332302174215,111.18113708496094
107,1347,3,2,0.132,127.5682601928711
10,631,0,3,0.011818173353792316,122.96407318115234
34,66,1,3,0.154,112.91914367675781
70,985,0,3,0.154,119.03323364257812
49,289,3,2,0.132,118.84794616699219
19,562,3,1,0.088,129.32229614257812
46,455,0,2,0.132,137.01565551757812
31,1174,2,2,0.132,116.35623931884766
112,230,2,2,0.132,116.66272735595703
62,1308,3,1,0.088,122.13565826416016
52,1561,0,1,0.088,116.0399169921875
107,152,1,3,0.024010946480203188,123.06675720214844
16,1739,2,2,0.132,130.59495544433594
33,1781,2,2,0.132,124.13660430908203
88,1553,3,3,0.01200000000000001,129.2407989501953
24,1541,3,3,0.154,104.03678131103516
74,587,2,1,0.088,136.9042510986328
66,1186,0,2,0.132,129.78236389160156
52,1560,2,1,0.088,116.91202545166016
97,1967,1,3,0.01200000000000001,129.8330535888672
103,836,3,3,0.1,138.1575164794922
25,857,1,2,0.132,128.212646484375
59,1952,3,2,0.132,150.32684326171875
37,182,2,1,0.043024707004597956,127.81034088134766
19,1653,0,2,0.08153526125464164,131.9881591796875
23,1843,3,2,0.132,110.45948028564453
89,86,2,3,0.125946566968355,132.24154663085938
82,766,1,3,0.1,130.58534240722656
63,126,3,2,0.020150603977074244,128.8238067626953
39,479,3,1,0.016638245501916366,126.65436553955078
102,648,0,3,0.1,135.5665283203125
74,1252,1,3,0.154,131.67596435546875
87,1145,1,2,0.132,125.43084716796875
28,206,0,1,0.088,108.41876220703125
83,958,3,0,0.154,
33,606,3,2,0.132,121.33790588378906
83,290,2,1,0.088,122.69511413574219
62,19,0,2,0.132,127.2640380859375
32,1105,2,2,0.132,123.23688507080078
11,378,3,2,0.132,138.10166931152344
32,1400,1,2,0.009995111673880452,131.4143829345703
113,1182,3,1,0.088,125.72270202636719
93,781,0,2,0.132,115.86947631835938
20,755,0,1,0.088,140.11990356445312
43,423,0,3,0.154,120.51534271240234
32,1530,2,1,0.0581728083001887,131.4494171142578
105,1708,0,2,0.132,139.7928924560547
48,1145,3,0,0.154,124.71138763427734
110,1693,2,2,0.132,116.7196044921875
28,1684,3,1,0.088,128.9779815673828
43,90,3,2,0.132,125.09671020507812
31,705,0,1,0.088,123.20901489257812
25,1853,0,1,0.088,145.38912963867188
28,1303,2,1,0.088,125.78490447998047
82,1411,3,2,0.132,134.3938446044922
16,334,1,0,0.03135175869011747,130.50479125976562
39,1266,0,0,0.07610543927614644,120.71858215332031
18,2024,0,1,0.088,119.85236358642578
24,991,0,2,0.132,124.64872741699219
67,232,1,2,0.132,124.9438247680664
71,845,2,1,0.088,136.5570831298828
92,1595,3,2,0.132,128.255615234375
36,983,2,3,0.154,123.01202392578125
48,1145,1,3,0.154,124.71138763427734
97,1669,3,2,0.132,129.59967041015625
42,1467,3,2,0.132,128.49769592285156
8,369,1,2,0.132,125.75128936767578
79,718,0,2,0.132,150.7630615234375
23,1301,2,2,0.132,118.76207733154297
44,862,0,0,0.004989221295678428,136.99960327148438
52,877,1,0,0.154,110.40229034423828
114,336,0,3,0.020784539117886885,133.04322814941406
92,1110,2,3,0.1,128.255615234375
42,1080,2,1,0.012727022967270879,126.8885726928711
83,958,1,3,0.154,
51,456,2,1,0.088,121.81966400146484
69,1540,1,3,0.10061587855554946,129.03858947753906
6,348,0,3,0.07486939077370511,116.49718475341797
82,1169,0,2,0.132,139.19876098632812
113,141,3,2,0.04839763062766317,125.1288833618164
52,868,3,3,0.1,115.0723876953125
3,1367,3,2,0.132,148.56736755371094
11,1113,1,1,0.03814368784287517,135.55572509765625
49,1753,3,0,0.028330420955634678,116.86788940429688
14,911,3,1,0.088,137.05120849609375
112,1512,3,2,0.132,121.16969299316406
92,99,3,2,0.132,129.5775909423828
46,1228,3,3,0.01200000000000001,124.1894760131836
25,174,0,1,0.088,144.17628479003906
57,860,2,1,0.03979005773900243,128.44082641601562
53,1313,0,1,0.088,125.87103271484375
102,372,1,2,0.132,141.55303955078125
16,1715,2,2,0.132,131.66139221191406
62,797,2,3,0.01200000000000001,120.64683532714844
36,592,0,2,0.132,128.6049041748047
52,1766,2,0,0.154,111.18428039550781
16,267,3,1,0.088,140.13809204101562
16,125,0,2,0.132,143.86204528808594
59,1452,2,1,0.088,145.51007080078125
18,1299,1,2,0.132,125.17724609375
74,521,1,0,0.154,131.6038360595703
15,819,3,3,0.1,130.83843994140625
49,1284,0,1,0.0522056072522778,120.80792999267578
74,572,0,2,0.132,150.8647003173828
0,1926,2,0,0.028312220889726875,115.41632843017578
88,11,1,2,0.032600856250930205,130.3158416748047
92,852,1,1,0.088,128.0980682373047
15,650,1,3,0.154,129.66458129882812
44,1667,3,1,0.088,137.72528076171875
15,1370,0,1,0.088,133.263671875
89,639,0,2,0.132,152.26266479492188
97,1553,3,2,0.132,129.82797241210938
62,1594,3,3,0.154,119.08078002929688
52,1373,3,2,0.132,125.73682403564453
102,1279,2,2,0.132,141.78163146972656
68,1184,2,1,0.088,132.22494506835938
52,482,3,2,0.132,114.0463638305664
61,1226,1,0,0.06938963346391959,130.1400604248047
107,1413,2,2,0.08422603024804809,124.6123046875
92,1832,0,1,0.088,128.66969299316406
38,1187,0,2,0.132,135.43179321289062
92,1616,2,3,0.154,126.18171691894531
58,478,3,2,0.132,126.62586975097656
32,1901,1,2,0.132,127.85045623779297
74,1362,0,2,0.132,132.97715759277344
66,1149,2,0,0.020025668429055482,121.4529037475586
19,1692,0,1,0.088,133.19619750976562
74,1580,0,0,0.154,131.71449279785156
48,1969,3,2,0.132,132.56336975097656
13,152,3,3,0.05340591310077994,123.4758071899414
67,1422,2,2,0.03606415320517689,130.15176391601562
93,932,0,2,0.132,118.2464370727539
93,1926,2,0,0.12568777911027312,113.26107788085938
36,1834,0,2,0.132,129.45639038085938
3,15,3,2,0.132,144.45852661132812
95,1549,2,1,0.03270063698824427,134.6069793701172
33,1130,3,0,0.032792210989979045,115.8238754272461
16,481,0,2,0.132,144.2367401123047
56,116,3,1,0.088,121.9650650024414
28,1936,3,2,0.132,109.49082946777344
46,93,2,3,0.1,123.22697448730469
58,1046,2,3,0.01200000000000001,126.0677719116211
92,1892,3,1,0.08156927972569505,130.66262817382812
66,2028,1,2,0.132,131.00221252441406
92,336,0,1,0.088,128.5285186767578
82,1542,2,3,0.09765147243357727,130.88722229003906
0,609,0,1,0.088,118.59825897216797
36,1977,0,1,0.088,125.32139587402344
77,1348,1,2,0.132,118.19152069091797
71,356,3,1,0.08726704952323577,134.4486083984375
105,1423,3,2,0.132,141.85899353027344
59,1631,1,1,0.088,124.05435180664062
8,756,1,2,0.032491893192862886,132.58050537109375
14,487,3,2,0.132,137.53363037109375
71,1642,1,2,0.132,138.83909606933594
44,792,0,2,0.132,137.5310821533203
15,1729,0,1,0.088,131.79469299316406
52,936,1,3,0.1,114.86834716796875
77,1655,1,0,0.04458443003900775,113.22098541259766
43,1254,1,3,0.154,121.11101531982422
27,18,3,3,0.154,115.63247680664062
23,47,1,2,0.132,102.72364807128906
23,938,3,3,0.154,113.87184143066406
105,1919,2,1,0.08350983363831858,140.46762084960938
71,391,1,2,0.132,135.4088134765625
74,934,3,3,0.1,134.19151306152344
32,822,3,0,0.154,125.60336303710938
97,801,2,1,0.088,132.0176544189453
23,750,0,2,0.132,105.95929718017578
71,1545,0,0,0.154,125.43894958496094
24,1250,0,3,0.01200000000000001,125.26699829101562
13,1226,3,1,0.088,120.48226928710938
16,1067,2,2,0.132,138.49380493164062
10,1651,2,3,0.03763432913659273,124.19784545898438
112,1211,0,1,0.088,117.7302017211914
21,576,3,2,0.132,
94,430,0,3,0.154,121.84188842773438
33,299,3,2,0.132,124.50776672363281
84,1130,0,0,0.061875558510166406,110.85670471191406
52,1191,3,2,0.132,113.21483612060547
16,1409,0,1,0.088,139.1002655029297
24,139,1,1,0.088,103.18280792236328
16,1491,1,2,0.132,138.94540405273438
102,741,1,3,0.01200000000000001,136.46253967285156
52,1229,1,3,0.154,111.8994140625
52,512,3,1,0.088,117.43138885498047
24,1707,0,1,0.088,125.15516662597656
33,401,0,0,0.154,115.78392028808594
95,1635,0,1,0.06240084818410227,137.59506225585938
88,528,2,3,0.1,128.91799926757812
83,901,3,3,0.154,121.00437927246094
115,1938,0,2,0.132,131.960205078125
93,466,1,2,0.132,115.08451080322266
92,17,0,3,0.1,128.3962860107422
99,616,2,2,0.132,135.37937927246094
32,822,1,3,0.154,125.60336303710938
69,1979,2,2,0.132,138.60330200195312
28,315,0,1,0.088,106.22738647460938
82,321,1,2,0.132,136.3748779296875
92,1659,3,2,0.132,129.94183349609375
37,96,0,1,0.088,
25,1416,2,3,0.154,136.8102264404297
110,43,2,2,0.132,115.72345733642578
52,1161,2,2,0.132,125.23563385009766
61,1190,3,1,0.088,133.6339874267578
53,359,3,1,0.088,
31,1174,0,1,0.088,116.35623931884766
16,379,2,3,0.154,131.91038513183594
16,575,0,3,0.154,130.64926147460938
115,1852,1,2,0.132,126.32865142822266
113,1770,2,2,0.132,126.32394409179688
28,1390,0,2,0.132,132.60006713867188
102,453,1,0,0.154,
24,1541,1,2,0.132,104.03678131103516
115,1141,0,1,0.036026215031092185,128.27146911621094
68,1301,0,3,0.0638033548685398,132.8715362548828
15,1346,3,1,0.088,129.97227478027344
3,1193,0,1,0.088,147.61444091796875
93,1506,3,2,0.132,115.3077621459961
52,1176,3,0,0.154,112.55447387695312
31,697,2,3,0.004329976720306605,120.9671859741211
15,1412,3,1,0.088,132.0360565185547
23,1843,1,1,0.088,110.45948028564453
107,230,0,0,0.08494738510040203,122.51870727539062
89,951,0,2,0.008737153417897936,144.8352508544922
93,971,3,2,0.132,115.72610473632812
33,1008,3,2,0.132,124.98699188232422
48,1238,0,2,0.132,131.51393127441406
22,637,0,3,0.01200000000000001,137.1995086669922
106,444,1,2,0.132,140.1685028076172
75,116,1,2,0.03269943191715241,124.37731170654297
28,149,1,2,0.132,126.65870666503906
61,717,3,0,0.10711220162346159,133.6162567138672
112,152,0,1,0.02853262707556406,117.5167236328125
63,530,0,3,0.020682567294050797,124.29434967041016
16,902,0,3,0.154,130.62660217285156
3,1611,3,1,0.088,145.66856384277344
61,1194,0,1,0.088,133.6304168701172
87,929,1,3,0.13210806451168336,129.26699829101562
52,1176,1,3,0.154,112.55447387695312
18,505,0,0,0.08111808154549358,117.46376037597656
95,182,0,3,0.1,128.81419372558594
16,575,1,1,0.088,130.64926147460938
46,1414,0,1,0.088,125.1397476196289
85,1149,0,1,0.088,115.0046615600586
32,1105,0,1,0.088,123.23688507080078
16,558,1,3,0.154,130.5614013671875
105,511,2,2,0.132,131.4611358642578
62,1058,2,1,0.088,122.56578063964844
97,1442,1,2,0.132,130.96649169921875
56,767,1,0,0.0885901711679014,120.9582290649414
97,1669,1,1,0.088,129.59967041015625
24,1014,3,3,0.154,123.14542388916016
34,66,0,0,0.14735534237672995,112.91914367675781
51,156,2,2,0.132,121.11630249023438
71,1779,2,3,0.09783170383248899,134.48866271972656
51,1627,1,1,0.088,121.17086029052734
95,417,2,3,0.10422688909065453,126.47764587402344
74,1252,0,0,0.154,131.67596435546875
32,486,0,1,0.088,130.81932067871094
75,862,2,3,0.05648761620833703,123.18672943115234
103,198,0,2,0.132,143.4693603515625
46,223,0,0,0.06721262682463644,121.37569427490234
24,1513,0,1,0.088,127.50452423095703
52,399,3,1,0.088,118.01366424560547
24,588,3,1,0.088,128.02584838867188
0,289,3,3,0.154,117.00543212890625
52,484,0,1,0.088,116.0594253540039
68,1204,2,1,0.088,136.03033447265625
77,1848,0,2,0.03864793918559528,120.97967529296875
66,1745,0,3,0.154,124.75308990478516
16,1715,0,1,0.088,131.66139221191406
92,1110,0,2,0.132,128.255615234375
59,1410,3,2,0.132,150.5833282470703
42,911,1,1,0.088,129.57089233398438
29,253,0,2,0.07946123190586768,124.59071350097656
88,531,1,2,0.132,130.9765167236328
112,405,1,2,0.132,118.89717102050781
1,530,1,2,0.132,124.5787353515625
28,816,1,1,0.06016968018375732,129.8976287841797
51,1899,3,2,0.1290097928515529,120.21414947509766
18,1655,1,0,0.10941556996099225,115.6382827758789
66,248,3,3,0.008430510409216302,124.60636138916016
84,992,2,0,0.03496972515016641,111.88735961914062
57,1328,2,1,0.004719386291823613,133.41651916503906
112,1512,1,1,0.088,121.16969299316406
77,1257,2,1,0.088,119.83209991455078
97,1340,1,0,0.154,127.10184478759766
92,99,1,1,0.088,129.5775909423828
11,1468,0,3,0.1,136.38858032226562
82,741,1,2,0.132,134.1942596435547
71,1183,2,1,0.088,135.33660888671875
54,356,1,3,0.13525582114977558,135.47239685058594
93,1717,3,2,0.132,116.96266174316406
70,1397,3,3,0.154,119.8997573852539
67,1315,1,3,0.154,123.85943603515625
52,944,3,2,0.132,117.03491973876953
32,1655,2,2,0.132,123.6617431640625
31,1882,2,2,0.132,125.0190658569336
67,1840,0,2,0.132,126.37908935546875
91,1032,0,1,0.088,129.37158203125
38,933,2,2,0.132,124.18921661376953
69,1540,0,0,0.12338311327054449,129.03858947753906
63,417,0,3,0.09273373078091335,125.13983154296875
46,709,0,2,0.132,133.33204650878906
42,1968,2,3,0.154,123.21315002441406
4,300,2,1,0.088,128.83099365234375
36,1282,3,2,0.132,124.82917785644531
82,501,0,1,0.088,139.3131561279297
92,1004,3,2,0.132,127.17374420166016
66,123,0,2,0.132,130.14048767089844
62,1043,0,2,0.132,119.8760757446289
0,1369,1,2,0.132,120.30306243896484
66,1069,0,2,0.132,133.51194763183594
71,1393,2,2,0.132,137.13072204589844
52,482,1,1,0.088,114.0463638305664
107,223,0,3,0.154,123.76400756835938
44,841,0,2,0.132,139.9091033935547
16,1841,3,1,0.088,141.8436279296875
105,490,2,2,0.132,139.704345703125
92,1240,1,2,0.132,129.37274169921875
15,600,1,1,0.088,133.11282348632812
89,489,0,3,0.01200000000000001,143.8390350341797
14,1467,0,1,0.018288753496524673,136.2561798095703
48,1789,0,1,0.017779943515569774,134.11978149414062
58,478,1,1,0.088,126.62586975097656
44,315,1,0,0.12854252792252416,126.90003204345703
14,710,2,3,0.04583494633958973,132.7647705078125
16,1220,1,1,0.088,140.44944763183594
4,166,3,0,0.1497565530037935,120.56815338134766
56,995,0,2,0.132,124.78169250488281
4,68,3,2,0.132,118.3462905883789
62,1135,0,2,0.132,137.8618927001953
89,1546,2,2,0.132,142.28213500976562
32,396,3,0,0.154,125.75038146972656
36,536,2,3,0.01200000000000001,125.06304931640625
59,1255,0,0,0.154,123.40805053710938
52,702,3,1,0.088,119.75944519042969
6,1704,3,0,0.05946711142367901,114.21353149414062
27,350,0,2,0.07100010412933988,120.71344757080078
32,379,3,2,0.132,131.42428588867188
62,553,1,3,0.154,117.87826538085938
32,674,2,2,0.132,128.83421325683594
48,782,0,3,0.1,130.6522979736328
52,1845,2,3,0.154,111.25714111328125
52,980,2,3,0.154,112.97105407714844
23,938,1,2,0.132,113.87184143066406
1,1942,3,1,0.088,123.48729705810547
46,363,0,3,0.1,122.91857147216797
46,1752,1,2,0.132,126.3777084350586
71,1930,0,2,0.014705625152150792,133.72776794433594
6,1704,1,3,0.08415429070376312,114.21353149414062
110,432,0,2,0.132,118.38339233398438
97,21,0,1,0.088,129.90463256835938
52,1695,2,1,0.088,116.566162109375
59,1915,1,2,0.132,119.300048828125
97,1273,1,2,0.132,129.48336791992188
24,86,3,0,0.154,115.66881561279297
85,348,3,2,0.132,113.74468994140625
16,1851,0,1,0.088,138.11293029785156
89,1662,1,1,0.088,145.9816131591797
71,898,3,2,0.132,136.22947692871094
30,1756,3,3,0.01200000000000001,114.3449935913086
93,1284,0,2,0.008020493993805944,116.84794616699219
110,43,0,1,0.088,115.72345733642578
102,772,1,1,0.088,140.0235595703125
22,1647,0,3,0.01200000000000001,137.2192840576172
53,359,1,0,0.08193323007871352,
107,1470,3,2,0.132,125.55044555664062
77,1634,1,2,0.132,117.50836181640625
88,562,2,1,0.088,130.7597198486328
79,541,3,3,0.02415252898545933,145.7310028076172
99,616,0,1,0.088,135.37937927246094
93,693,2,1,0.088,115.25421142578125
66,1266,0,0,0.07789456072385356,122.84566497802734
56,631,0,1,0.01661397537705467,123.60497283935547
97,115,2,1,0.088,129.56483459472656
59,1933,2,0,0.154,114.03936004638672
3,628,3,2,0.132,148.63876342773438
43,147,3,2,0.132,123.61209106445312
107,1961,3,1,0.088,125.36363983154297
19,795,2,1,0.088,125.2228775024414
110,641,3,1,0.088,114.7852783203125
17,439,0,1,0.088,132.58995056152344
58,1095,1,2,0.132,125.83617401123047
27,767,1,2,0.132,116.48890686035156
19,930,0,3,0.05175053785069274,125.40093231201172
16,1972,1,2,0.132,131.34901428222656
95,1570,2,2,0.132,131.1246337890625
82,71,0,2,0.132,133.4863739013672
52,1229,0,0,0.154,111.8994140625
53,1460,3,2,0.019658831599061344,138.06039428710938
107,1340,1,1,0.088,123.97386169433594
15,1942,2,0,0.12835400835344354,126.66761016845703
113,1770,0,1,0.088,126.32394409179688
85,2003,3,2,0.132,121.20520782470703
62,2031,0,3,0.154,119.36746978759766
62,630,0,1,0.088,119.26226806640625
62,1246,3,1,0.088,121.61526489257812
34,1251,0,3,0.154,112.91914367675781
16,571,0,3,0.1,133.7557830810547
106,1524,3,0,0.06989311729209202,137.2646942138672
32,1292,3,1,0.088,130.76148986816406
88,1752,0,2,0.132,133.68714904785156
52,833,1,2,0.132,111.75553131103516
24,1014,1,2,0.132,123.14542388916016
52,1954,3,2,0.132,110.34359741210938
16,1868,3,2,0.132,130.59153747558594
59,1933,0,3,0.154,114.03936004638672
83,901,0,3,0.1516324883651053,121.00437927246094
16,1400,1,1,0.088,131.7113037109375
32,889,0,2,0.132,129.6898651123047
11,860,1,3,0.1,135.3519287109375
112,93,2,2,0.132,121.39998626708984
48,1257,2,3,0.1,129.98362731933594
70,722,3,3,0.07194038317438359,118.48468017578125
16,1251,2,0,0.154,124.69855499267578
74,1294,1,1,0.088,135.21688842773438
24,1782,1,1,0.04673753745419748,122.35279083251953
36,1095,0,2,0.021667384221340957,124.87346649169922
52,541,2,2,0.132,114.38414001464844
74,1592,0,1,0.088,139.51210021972656
44,1991,0,1,0.05200901015967921,139.79393005371094
30,1368,0,2,0.132,127.67638397216797
62,1490,1,1,0.088,118.7197265625
92,1624,2,1,0.088,129.1193389892578
54,1779,1,3,0.06836229636691629,135.51866149902344
89,227,2,1,0.088,144.60948181152344
51,156,0,1,0.088,121.11630249023438
31,499,2,2,0.132,122.70281219482422
77,983,1,2,0.132,118.82787322998047
102,1630,3,1,0.088,139.0435791015625
3,614,0,0,0.154,144.80352783203125
62,240,1,3,0.154,118.71685791015625
63,997,2,1,0.088,126.32982635498047
92,284,2,1,0.04852798351666138,130.3267364501953
77,1743,2,1,0.088,117.96814727783203
77,1172,3,0,0.05995562943273233,116.88452911376953
23,625,1,2,0.132,129.48361206054688
24,1398,3,1,0.088,127.61131286621094
94,1855,3,1,0.088,130.75668334960938
66,1549,0,2,0.132,132.06277465820312
52,92,2,2,0.132,114.4842758178711
70,1397,1,2,0.132,119.8997573852539
93,1816,2,1,0.088,115.24203491210938
51,1899,1,1,0.088,120.21414947509766
60,1825,2,3,0.011596553170149779,128.611572265625
58,1282,2,1,0.059130789226991776,125.79914093017578
93,346,1,2,0.132,114.6578369140625
42,648,0,2,0.132,124.9762191772461
66,1399,3,1,0.088,132.9351806640625
99,922,0,1,0.088,
0,1382,0,2,0.132,119.41303253173828
63,521,1,3,0.03181312287683982,125.10698699951172
32,853,0,1,0.088,129.7819061279297
24,1044,1,1,0.05689843288894059,108.1099624633789
71,1113,2,1,0.009262669943747609,135.96240234375
49,439,1,2,0.132,123.97711944580078
89,495,3,2,0.08451056997728318,143.6575927734375
52,944,1,1,0.088,117.03491973876953
59,687,3,1,0.088,129.9551239013672
31,1882,0,1,0.088,125.0190658569336
92,1425,2,3,0.1,127.86184692382812
8,631,3,0,0.07779114348580898,125.21142578125
16,1711,0,1,0.088,138.2382049560547
110,1953,3,2,0.132,118.5645523071289
92,1004,1,1,0.088,127.17374420166016
52,1760,3,2,0.132,116.52404022216797
48,924,1,1,0.032658673870838206,130.04832458496094
18,1420,2,2,0.1284243354660337,123.37781524658203
80,670,0,1,0.015351881416242968,103.23778533935547
1,521,2,2,0.132,125.49390411376953
28,1426,1,1,0.088,128.86752319335938
103,559,3,1,0.088,142.81356811523438
10,631,3,1,0.08521701324071407,122.96407318115234
28,319,1,2,0.132,106.76277923583984
70,659,2,2,0.132,117.70347595214844
52,274,1,2,0.132,115.54942321777344
88,1872,3,2,0.132,134.01016235351562
92,615,1,0,0.154,126.69939422607422
58,1606,2,3,0.01200000000000001,126.03926849365234
71,1378,3,2,0.132,146.09010314941406
49,445,0,2,0.132,120.73532104492188
16,1545,1,2,0.132,124.85896301269531
10,9,3,1,0.088,126.60453796386719
63,182,0,1,0.088,127.56768798828125
16,1106,2,2,0.132,136.03997802734375
34,1271,2,2,0.132,112.84639739990234
77,782,0,2,0.132,120.7154769897461
44,1889,2,2,0.132,138.0310516357422
52,831,1,1,0.088,119.42169952392578
95,728,2,2,0.132,134.49842834472656
89,1738,0,2,0.132,153.34376525878906
66,341,1,1,0.088,127.13237762451172
88,798,3,0,0.154,127.45391082763672
52,1845,0,2,0.132,111.25714111328125
34,1165,0,2,0.132,125.01331329345703
0,1088,0,1,0.088,122.53172302246094
112,921,1,1,0.088,121.8759536743164
77,1286,1,2,0.132,117.00041198730469
77,1759,2,2,0.132,118.9220199584961
32,145,3,3,0.154,126.53097534179688
24,1417,3,2,0.132,123.20803833007812
52,651,0,1,0.088,110.28583526611328
75,350,2,2,0.02323719177957484,125.70026397705078
52,1641,3,2,0.132,112.84413146972656
7,1190,0,2,0.132,133.56678771972656
32,1812,0,2,0.132,128.01446533203125
57,1790,3,2,0.132,126.96075439453125
51,779,3,3,0.154,119.41651153564453
46,135,1,1,0.088,125.76868438720703
16,334,1,3,0.154,130.50479125976562
87,1172,3,1,0.088,129.39439392089844
61,1723,2,2,0.132,133.6435089111328
56,1651,2,1,0.08031644572923602,124.82999420166016
112,230,3,3,0.154,116.66272735595703
28,871,2,1,0.088,105.81856536865234
3,628,1,1,0.088,148.63876342773438
85,777,2,2,0.132,120.99513244628906
52,877,1,3,0.154,110.40229034423828
30,1756,1,2,0.05639605107351764,114.3449935913086
77,197,2,1,0.08647015293115426,118.90817260742188
8,1797,3,3,0.154,125.26116943359375
28,347,1,2,0.132,110.48572540283203
59,473,3,3,0.154,127.71610260009766
113,764,1,2,0.11173692207972849,128.03704833984375
44,1800,1,3,0.1,137.5310821533203
92,1120,3,0,0.154,118.31332397460938
52,1465,0,2,0.132,110.89873504638672
52,927,0,2,0.132,123.58746337890625
52,1026,1,2,0.132,118.7978515625
24,1648,0,1,0.088,123.50054168701172
0,1552,2,3,0.1,118.18480682373047
89,755,1,3,0.154,140.21807861328125
82,321,3,2,0.132,136.3748779296875
43,147,1,1,0.088,123.61209106445312
24,619,0,2,0.132,121.34288787841797
107,771,1,2,0.132,124.8428726196289
89,88,1,2,0.132,144.98692321777344
1,1699,0,1,0.03626350784892024,127.01477813720703
52,1766,2,3,0.154,111.18428039550781
92,1120,1,3,0.154,118.31332397460938
89,1332,0,2,0.132,148.42784118652344
110,704,1,0,0.02041550928599528,113.29430389404297
17,448,1,3,0.1,127.62286376953125
4,1573,3,3,0.154,122.0376205444336
0,1926,2,3,0.026506227783327674,115.41632843017578
24,454,0,0,0.154,101.93009185791016
52,1021,2,2,0.132,113.99590301513672
52,1689,3,1,0.088,114.96037292480469
15,1481,2,2,0.132,134.75033569335938
105,1859,0,1,0.088,137.30618286132812
23,1301,3,3,0.028062343456462996,118.76207733154297
25,1883,0,3,0.01200000000000001,140.6534423828125
52,637,1,1,0.088,121.20697021484375
16,1868,1,1,0.088,130.59153747558594
19,1413,1,1,0.009117300385733579,125.567626953125
15,5,1,2,0.132,130.68153381347656
62,202,1,1,0.088,120.06063079833984
105,1395,2,2,0.132,141.3287353515625
57,356,2,2,0.01682691943604242,127.20714569091797
8,1706,2,1,0.088,127.01868438720703
24,1918,3,2,0.132,122.43537139892578
74,1580,0,3,0.154,131.71449279785156
9,930,0,3,0.10224946214930726,123.63986206054688
74,2004,1,0,0.154,131.59996032714844
82,1127,0,2,0.132,136.31854248046875
112,93,0,1,0.088,121.39998626708984
68,1301,2,3,0.07929707024353691,132.8715362548828
82,1921,2,2,0.132,132.80160522460938
93,1926,2,3,0.12749377221667232,113.26107788085938
25,1537,2,1,0.088,142.23654174804688
91,1919,1,2,0.03420928025214062,126.22821807861328
95,1375,3,1,0.07034604295082691,134.5364990234375
23,47,3,2,0.132,102.72364807128906
31,1748,1,2,0.132,124.78679656982422
38,1463,1,3,0.154,123.50113677978516
52,541,0,1,0.088,114.38414001464844
16,367,1,2,0.132,140.95721435546875
24,1720,3,2,0.132,121.43627166748047
59,23,1,1,0.088,128.55213928222656
52,1074,1,1,0.088,113.91722106933594
31,499,0,1,0.088,122.70281219482422
31,607,1,2,0.04737572679997182,120.7025375366211
58,1070,1,1,0.088,125.97569274902344
77,30,1,2,0.132,118.33349609375
38,277,0,2,0.132,132.56512451171875
112,1228,0,2,0.132,123.30136108398438
71,1545,0,3,0.154,125.43894958496094
3,1713,1,3,0.1,147.02337646484375
58,810,0,2,0.132,126.07738494873047
89,23,3,0,0.154,132.31385803222656
95,126,0,3,0.023796819271567765,129.99114990234375
102,741,3,3,0.1,136.46253967285156
97,1085,2,2,0.132,129.2913818359375
110,1159,0,1,0.088,118.14562225341797
38,1753,1,2,0.132,122.6750259399414
16,67,3,2,0.132,138.2030792236328
28,816,3,1,0.088,129.8976287841797
0,1815,2,1,0.088,119.75321197509766
95,738,3,1,0.088,134.23291015625
103,854,2,3,0.154,134.9759063720703
66,469,2,1,0.088,128.07476806640625
16,221,2,1,0.088,138.18772888183594
74,1999,0,3,0.154,132.97715759277344
92,1100,2,1,0.088,127.44430541992188
105,1149,1,3,0.154,130.47317504882812
93,1159,1,2,0.132,115.12866973876953
82,337,3,3,0.0032563895938691467,129.8768310546875
16,175,0,2,0.132,132.65737915039062
89,1836,0,2,0.04615351414099694,148.20179748535156
70,1688,0,2,0.1298343408489051,117.73856353759766
3,260,3,2,0.132,144.91055297851562
105,64,0,1,0.088,132.6448211669922
82,392,1,2,0.132,134.10595703125
34,1289,0,2,0.050791085431852956,126.35010528564453
68,750,2,0,0.05097825660124117,120.91242218017578
68,973,3,2,0.132,135.23977661132812
88,1793,0,1,0.088,134.443359375
62,896,3,2,0.11881998972143537,118.58523559570312
67,1840,2,2,0.132,126.37908935546875
88,437,3,1,0.088,134.7291717529297
82,710,3,1,0.035438568122539274,132.67506408691406
34,263,0,3,0.06970002404057324,114.9588394165039
23,750,3,0,0.154,105.95929718017578
89,919,0,1,0.088,147.05455017089844
16,666,0,1,0.04966050596919713,143.5006866455078
89,1885,0,0,0.154,132.32723999023438
0,609,1,2,0.132,118.59825897216797
24,1250,3,1,0.088,125.26699829101562
82,960,0,3,0.154,129.9214324951172
59,1631,2,2,0.132,124.05435180664062
105,1152,1,3,0.154,132.8730010986328
115,1852,3,2,0.132,126.32865142822266
67,165,3,2,0.0731285862527935,123.64611053466797
92,1289,2,2,0.132,127.37828826904297
54,131,0,1,0.088,137.56619262695312
24,1189,0,2,0.1035035449388993,134.48272705078125
52,46,1,1,0.088,117.04924774169922
58,1078,1,3,0.1,124.6253890991211
107,1645,0,3,0.154,124.55036163330078
61,1408,3,2,0.132,135.23831176757812
52,1760,1,1,0.088,116.52404022216797
23,750,1,3,0.154,105.95929718017578
3,525,1,2,0.132,151.595458984375
16,1487,1,2,0.132,138.53506469726562
1,521,0,1,0.088,125.49390411376953
4,1694,0,2,0.132,134.3686065673828
23,86,1,2,0.132,109.1586685180664
52,1768,3,2,0.132,116.28379821777344
97,1507,2,2,0.09752141112925833,129.354248046875
106,444,3,2,0.132,140.1685028076172
95,341,3,3,0.1,129.8577117919922
95,963,2,3,0.1,128.82626342773438
4,155,2,2,0.132,123.10820007324219
82,524,1,3,0.1,130.2764129638672
20,1911,0,3,0.0911340340404444,123.4126205444336
102,453,1,3,0.154,
24,186,3,2,0.132,128.54954528808594
0,1939,3,2,0.132,124.44583129882812
88,1854,1,1,0.088,131.1004638671875
0,1895,0,1,0.088,123.22514343261719
46,224,1,3,0.01200000000000001,123.83868408203125
52,1176,3,3,0.154,112.55447387695312
16,1409,1,2,0.132,139.1002655029297
77,536,1,2,0.028678976606161033,121.22920989990234
68,350,2,2,0.10876280822042517,132.3084259033203
102,1507,3,1,0.088,136.5146026611328
15,521,1,3,0.12218687712316018,128.21112060546875
52,1901,2,0,0.006138884667473643,112.04922485351562
61,717,3,3,0.1,133.6162567138672
97,1413,1,1,0.07888269961426642,127.59320068359375
82,571,0,2,0.132,132.27288818359375
14,83,3,2,0.132,138.9224853515625
89,1189,3,2,0.132,146.95565795898438
70,997,0,1,0.07024355874661514,121.35444641113281
3,333,0,2,0.132,155.59324645996094
112,230,1,2,0.132,116.66272735595703
67,546,0,1,0.088,133.0751495361328
16,1739,1,2,0.132,130.59495544433594
33,1781,1,2,0.132,124.13660430908203
16,902,3,1,0.088,130.62660217285156
74,1252,2,0,0.13767193377488543,131.67596435546875
51,165,0,2,0.132,119.36011505126953
37,96,1,2,0.132,
32,145,1,2,0.132,126.53097534179688
56,767,1,3,0.154,120.9582290649414
52,1560,1,1,0.088,116.91202545166016
103,836,2,3,0.01200000000000001,138.1575164794922
23,581,2,2,0.132,109.01860809326172
36,1848,2,2,0.057294296521907095,124.71561431884766
25,857,0,2,0.132,128.212646484375
115,1223,0,3,0.01200000000000001,126.63390350341797
103,169,2,2,0.05733410439159503,134.49481201171875
34,66,0,3,0.154,112.91914367675781
74,1909,3,2,0.132,137.8917694091797
38,1546,0,1,0.088,125.9140625
24,1603,1,2,0.132,125.0352783203125
112,405,3,2,0.132,118.89717102050781
31,1174,1,2,0.132,116.35623931884766
82,1333,3,1,0.088,134.64002990722656
74,1252,0,3,0.154,131.67596435546875
83,136,2,2,0.132,127.1736831665039
62,1308,2,1,0.04757149938123292,122.13565826416016
92,1744,1,3,0.01200000000000001,128.87255859375
3,1562,1,3,0.01200000000000001,148.0016326904297
83,958,2,0,0.15331100300790462,
83,290,1,1,0.088,122.69511413574219
89,1662,3,1,0.088,145.9816131591797
85,777,0,1,0.088,120.99513244628906
16,1293,1,2,0.132,138.1072540283203
48,294,0,1,0.088,133.60263061523438
52,681,1,2,0.132,117.31963348388672
13,930,3,2,0.011542434690029746,124.87963104248047
105,511,3,3,0.154,131.4611358642578
36,1078,1,1,0.088,123.63127899169922
59,1740,3,1,0.088,141.69007873535156
95,340,1,3,0.007433063717157629,130.03944396972656
113,456,0,2,0.0016231450505889145,123.70520782470703
94,1946,0,2,0.132,136.81393432617188
32,1530,1,1,0.088,131.4494171142578
48,1145,2,0,0.0767446512072677,124.71138763427734
24,697,1,2,0.132,122.86732482910156
28,1684,2,1,0.088,128.9779815673828
63,1866,3,2,0.132,132.07614135742188
38,609,3,1,0.04845320716396115,126.13394165039062
103,769,0,2,0.11369791661129713,145.1158447265625
43,90,2,2,0.07237378498960012,125.09671020507812
62,1625,1,1,0.088,119.21498107910156
97,1340,1,3,0.154,127.10184478759766
16,1620,1,2,0.132,124.46698760986328
91,1662,3,2,0.029215550030876614,130.1173858642578
36,1256,3,1,0.088,127.87078857421875
92,1595,2,2,0.132,128.255615234375
25,113,1,2,0.132,143.81182861328125
36,983,1,3,0.154,123.01202392578125
113,1182,2,1,0.015786750931147592,125.72270202636719
62,1043,2,2,0.132,119.8760757446289
8,369,0,2,0.132,125.75128936767578
23,1301,1,2,0.132,118.76207733154297
52,383,3,1,0.088,119.4293212890625
48,976,3,1,0.006257402395569794,132.54937744140625
52,877,0,0,0.154,110.40229034423828
8,656,0,1,0.088,125.69976043701172
92,1110,1,3,0.1,128.255615234375
69,1460,1,1,0.013417338747661656,138.9309844970703
83,958,0,3,0.154,
51,456,1,1,0.088,121.81966400146484
69,1540,0,3,0.11976438450708385,129.03858947753906
66,413,2,1,0.088,129.4929962158203
32,903,3,1,0.088,124.1725845336914
92,1240,3,2,0.132,129.37274169921875
24,1263,1,3,0.01200000000000001,124.50358581542969
52,868,2,3,0.1,115.0723876953125
52,741,2,1,0.08236804619080323,118.51795959472656
52,1338,3,3,0.154,113.72921752929688
11,1113,0,1,0.088,135.55572509765625
49,1753,2,0,0.06164198231563467,116.86788940429688
23,1885,2,1,0.088,108.67815399169922
74,380,2,2,0.132,136.81973266601562
48,1145,0,3,0.154,124.71138763427734
59,2026,0,0,0.06993202087760181,125.88616180419922
61,1273,2,2,0.02320393800578202,133.64407348632812
15,1481,0,1,0.088,134.75033569335938
46,1961,2,3,0.1,122.35499572753906
32,1626,0,2,0.132,125.75038146972656
69,1148,0,2,0.132,147.34828186035156
77,1981,2,2,0.132,120.03325653076172
66,217,3,1,0.088,134.20632934570312
95,273,3,2,0.132,130.6475372314453
10,901,3,2,0.132,122.79722595214844
59,1452,1,1,0.088,145.51007080078125
0,1579,0,1,0.088,120.5157470703125
15,819,2,3,0.1,130.83843994140625
107,223,3,1,0.088,123.76400756835938
0,1384,2,3,0.11846086590438601,117.0033950805664
24,1782,3,1,0.02177416956034814,122.35279083251953
0,916,1,2,0.132,121.3390121459961
44,1667,2,1,0.088,137.72528076171875
32,397,2,0,0.154,125.86174011230469
62,1141,1,2,0.12948558811974242,123.12361145019531
32,396,3,3,0.154,125.75038146972656
59,1255,0,3,0.154,123.40805053710938
102,1279,1,2,0.132,141.78163146972656
83,169,2,1,0.05557319709910588,120.76686096191406
52,482,2,2,0.132,114.0463638305664
107,1413,1,2,0.10956194896804783,124.6123046875
46,190,3,1,0.088,127.7659683227539
62,888,3,3,0.154,119.53306579589844
92,2006,3,1,0.088,128.3962860107422
66,1131,0,2,0.132,128.8333740234375
39,751,0,2,0.054209732272343825,137.7195587158203
58,478,2,2,0.132,126.62586975097656
32,397,0,3,0.154,125.86174011230469
32,1901,0,2,0.132,127.85045623779297
3,500,2,1,0.088,145.1448974609375
77,924,1,2,0.132,120.10166931152344
3,328,0,1,0.088,153.79708862304688
92,852,0,1,0.088,128.0980682373047
44,1991,2,1,0.002581493839679233,139.79393005371094
13,152,2,3,0.041132074600779944,123.4758071899414
67,1422,1,2,0.132,130.15176391601562
48,782,3,1,0.08506088483880989,130.6522979736328
52,1543,0,2,0.132,114.68257904052734
30,298,1,1,0.069914256141269,115.61144256591797
33,1130,2,0,0.04978460837466778,115.8238754272461
89,1103,3,1,0.088,143.0882568359375
38,1463,0,0,0.154,123.50113677978516
39,80,2,3,0.11862654441908665,122.96955871582031
58,1046,1,3,0.01200000000000001,126.0677719116211
105,179,3,2,0.04680692797468211,131.32786560058594
17,1607,3,2,0.132,132.5178680419922
24,1147,1,3,0.154,122.84561157226562
77,1348,0,2,0.132,118.19152069091797
36,1286,3,0,0.154,121.3650131225586
59,1631,0,1,0.088,124.05435180664062
14,487,2,2,0.132,137.53363037109375
71,1642,0,2,0.132,138.83909606933594
113,1656,3,0,0.154,101.03799438476562
68,2002,1,0,0.154,117.34722900390625
92,989,2,3,0.01200000000000001,128.71408081054688
77,1655,0,0,0.154,113.22098541259766
37,340,1,2,0.07225950739289899,129.10951232910156
34,255,2,3,0.055307074840573234,112.91914367675781
97,801,1,1,0.088,132.0176544189453
68,973,1,1,0.088,135.23977661132812
58,1095,3,2,0.12377185905360621,125.83617401123047
52,620,3,1,0.088,116.02381134033203
43,1540,2,2,0.132,121.15424346923828
52,1937,3,1,0.088,113.63845825195312
32,57,2,1,0.088,128.3669891357422
62,896,1,1,0.088,118.58523559570312
52,1768,1,1,0.088,116.28379821777344
49,1926,3,3,0.1323452320776779,116.87115478515625
10,1651,1,3,0.1,124.19784545898438
52,1695,3,2,0.132,116.566162109375
113,1656,1,3,0.154,101.03799438476562
21,576,2,2,0.12692316764094252,
52,188,0,2,0.132,126.22765350341797
107,1340,3,1,0.088,123.97386169433594
8,756,0,2,0.132,132.58050537109375
52,1280,1,2,0.132,115.96705627441406
16,263,3,0,0.1077088495215838,126.58838653564453
7,1991,2,3,0.1,133.53944396972656
39,1119,3,1,0.038951010323521995,129.14157104492188
52,936,0,3,0.1,114.86834716796875
62,873,2,1,0.088,121.38531494140625
23,938,2,3,0.154,113.87184143066406
11,1272,2,2,0.132,135.8681640625
52,1191,2,2,0.132,113.21483612060547
32,822,2,0,0.154,125.60336303710938
44,1157,2,1,0.088,137.33468627929688
15,141,3,2,0.08360236937233684,132.33380126953125
93,1525,3,2,0.132,115.00581359863281
52,1229,0,3,0.154,111.8994140625
13,1226,2,1,0.088,120.48226928710938
16,1067,1,2,0.132,138.49380493164062
88,528,1,3,0.1,128.91799926757812
110,661,3,2,0.132,115.03720092773438
97,1222,3,1,0.088,132.78741455078125
83,901,2,3,0.14784793049491918,121.00437927246094
4,155,0,1,0.088,123.10820007324219
51,1018,2,1,0.088,
97,115,3,2,0.132,129.56483459472656
32,822,0,3,0.154,125.60336303710938
69,1979,1,2,0.0561541304809387,138.60330200195312
6,1756,0,2,0.132,127.26175689697266
71,678,3,1,0.088,139.04981994628906
105,2012,0,2,0.132,147.9235382080078
52,539,1,2,0.132,114.0257797241211
5,164,3,3,0.0010492440470224636,136.124267578125
92,1659,2,2,0.132,129.94183349609375
62,1596,0,3,0.01200000000000001,121.8907699584961
52,1728,2,3,0.1,115.09016418457031
110,43,1,2,0.132,115.72345733642578
52,1161,1,2,0.132,125.23563385009766
110,1427,2,2,0.132,114.03286743164062
107,1347,0,1,0.088,127.5682601928711
112,629,1,2,0.132,116.9473648071289
61,717,1,2,0.132,133.6162567138672
62,1490,3,1,0.088,118.7197265625
93,1944,3,2,0.132,114.08553314208984
32,249,2,2,0.132,124.26079559326172
77,1420,3,3,0.0044287265526611885,119.05506896972656
89,990,3,1,0.088,145.06959533691406
3,1611,1,3,0.154,145.66856384277344
74,1213,3,1,0.088,132.210205078125
115,1852,0,2,0.132,126.32865142822266
22,1697,0,3,0.01200000000000001,137.00833129882812
3,614,2,0,0.154,144.80352783203125
0,205,2,1,0.088,119.66468048095703
102,453,0,0,0.154,
15,1346,2,1,0.088,129.97227478027344
103,315,0,0,0.0876304517167357,122.75009155273438
22,1240,0,3,0.1,136.55499267578125
52,1176,2,0,0.154,112.55447387695312
59,1952,0,1,0.088,150.32684326171875
93,971,2,2,0.132,115.72610473632812
7,1273,3,1,0.02719963033207884,133.5742645263672
3,614,0,3,0.154,144.80352783203125
63,126,0,1,0.06453719347540204,128.8238067626953
92,1267,2,1,0.088,128.75852966308594
36,1598,1,2,0.132,126.35950469970703
16,914,0,1,0.088,138.77146911621094
87,929,0,3,0.14409558546438522,129.26699829101562
95,847,0,2,0.132,138.66896057128906
66,1696,1,2,0.132,133.54762268066406
0,2024,1,0,0.154,115.59487915039062
59,1215,2,1,0.088,139.73147583007812
24,493,2,1,0.088,125.33390045166016
105,511,1,2,0.132,131.4611358642578
92,1595,0,1,0.088,128.255615234375
62,1058,1,1,0.088,122.56578063964844
28,1823,1,2,0.132,129.92921447753906
24,1014,2,3,0.1,123.14542388916016
69,737,0,2,0.030572828146872844,141.67652893066406
59,1576,1,1,0.00950687443430534,136.9058074951172
52,2016,3,2,0.132,115.55853271484375
20,1952,0,2,0.0402824827441437,145.4076385498047
52,686,2,1,0.088,113.4040756225586
16,1711,2,1,0.088,138.2382049560547
82,1411,0,1,0.088,134.3938446044922
95,417,1,3,0.11601430755441014,126.47764587402344
113,1201,0,1,0.088,124.94883728027344
15,507,3,3,0.1,131.41943359375
0,1717,2,2,0.132,118.86351776123047
54,1602,3,1,0.086290860585083,139.63534545898438
52,399,2,1,0.088,118.01366424560547
42,1467,0,1,0.06971124650347532,128.49769592285156
8,631,3,3,0.14162041784993537,125.21142578125
51,529,3,1,0.088,120.22915649414062
52,92,3,3,0.1,114.4842758178711
8,901,1,0,0.03285748735526903,125.13526916503906
105,165,1,3,0.0905411058670973,133.09605407714844
51,156,1,2,0.132,121.11630249023438
51,1899,2,2,0.132,120.21414947509766
61,793,1,3,0.1,133.64122009277344
71,1779,1,3,0.0856377036330837,134.48866271972656
113,141,0,1,0.0874756498111477,125.1288833618164
52,868,0,2,0.132,115.0723876953125
102,282,2,1,0.088,137.45289611816406
84,992,1,0,0.037477321710166406,111.88735961914062
0,560,3,2,0.132,120.1516342163086
68,1032,2,2,0.132,138.9541473388672
92,368,3,2,0.132,133.63473510742188
112,1512,0,1,0.088,121.16969299316406
77,1257,1,1,0.088,119.83209991455078
0,1284,3,2,0.132,118.5784912109375
97,1340,0,0,0.154,127.10184478759766
92,99,0,1,0.088,129.5775909423828
62,90,2,2,0.059626215010399886,118.29218292236328
82,741,0,2,0.132,134.1942596435547
70,1397,2,3,0.11796906886375544,119.8997573852539
67,1315,0,3,0.154,123.85943603515625
97,798,1,3,0.154,127.44629669189453
80,169,0,0,0.05675368421053998,102.01465606689453
6,659,3,3,0.031929773707041365,118.18731689453125
2,1728,0,3,0.00024329935268123382,106.82514190673828
74,2004,3,0,0.154,131.59996032714844
97,44,3,1,0.088,129.64683532714844
26,1313,3,0,0.08467321975939712,121.36239624023438
23,306,0,1,0.088,108.73906707763672
70,1266,3,2,0.132,119.1239242553711
105,1432,3,2,0.132,139.70498657226562
33,1039,1,2,0.132,120.8282241821289
52,894,3,1,0.088,119.27938079833984
62,154,3,2,0.10700369131974241,123.12361145019531
71,817,3,1,0.06986789490338674,142.26805114746094
71,1183,1,1,0.088,135.33660888671875
22,839,3,3,0.01200000000000001,136.32595825195312
52,1243,0,3,0.1,114.40888977050781
93,1876,3,1,0.088,116.03050994873047
103,1950,3,1,0.088,142.43560791015625
62,90,3,0,0.154,118.29218292236328
0,145,1,0,0.154,115.25313568115234
16,98,1,1,0.088,129.21205139160156
71,1393,1,2,0.132,137.13072204589844
11,1806,3,1,0.088,140.4302978515625
110,430,0,2,0.132,113.60810852050781
52,482,0,1,0.088,114.0463638305664
68,231,3,2,0.132,139.82000732421875
58,478,0,1,0.088,126.62586975097656
3,500,0,0,0.05219307375867682,145.1448974609375
88,534,3,3,0.1,128.97813415527344
14,710,1,3,0.06264641713958974,132.7647705078125
23,1911,1,2,0.132,103.0909423828125
66,80,2,1,0.045923316682195486,125.27195739746094
4,166,2,0,0.1195844433437935,120.56815338134766
97,320,3,2,0.132,131.20266723632812
4,68,2,2,0.132,118.3462905883789
89,1546,1,2,0.132,142.28213500976562
24,998,0,1,0.088,128.33494567871094
32,396,2,0,0.09439330909241903,125.75038146972656
8,390,0,3,0.01200000000000001,127.74393463134766
51,413,3,1,0.088,125.22708892822266
52,702,2,1,0.088,119.75944519042969
52,1465,2,2,0.132,110.89873504638672
6,1704,2,0,0.03805464650367902,114.21353149414062
52,800,0,3,0.01200000000000001,115.9950942993164
32,379,2,2,0.132,131.42428588867188
25,1853,3,2,0.132,145.38912963867188
32,674,1,2,0.132,128.83421325683594
4,166,0,3,0.154,120.56815338134766
14,487,0,1,0.088,137.53363037109375
38,488,0,3,0.042893274766745704,122.9383544921875
77,1356,0,2,0.132,121.5615005493164
85,1747,1,1,0.088,113.83522033691406
92,989,0,2,0.132,128.71408081054688
23,938,0,2,0.132,113.87184143066406
11,1272,0,1,0.088,135.8681640625
1,1942,2,1,0.06789118686332068,123.48729705810547
32,1304,2,3,0.154,127.64800262451172
28,593,3,2,0.132,128.86752319335938
66,2022,1,1,0.088,126.51837158203125
34,255,0,2,0.132,112.91914367675781
82,330,1,2,0.132,134.62782287597656
109,1704,3,0,0.07035088344149294,108.84254455566406
59,885,2,3,0.09835365625769468,138.8170623779297
88,1433,1,1,0.088,131.51849365234375
3,1199,1,1,0.088,149.8568115234375
52,1695,1,1,0.088,116.566162109375
83,817,0,2,0.132,128.6211700439453
8,290,3,1,0.088,126.33776092529297
59,1915,0,2,0.132,119.300048828125
39,1734,3,2,0.132,131.90794372558594
8,1132,3,3,0.1,125.74528503417969
68,1843,3,0,0.0788411005546504,124.66500854492188
24,86,2,0,0.0484831779818064,115.66881561279297
85,348,2,2,0.132,113.74468994140625
52,1191,0,1,0.088,113.21483612060547
97,1967,3,2,0.132,129.8330535888672
52,1741,1,3,0.1,114.22257232666016
71,898,2,2,0.132,136.22947692871094
10,1501,2,1,0.08686409858759639,123.82403564453125
77,1634,0,2,0.09924769269471734,117.50836181640625
69,427,0,2,0.132,138.5226593017578
28,545,2,3,0.0935244777686896,125.68897247314453
24,454,0,3,0.154,101.93009185791016
43,505,3,3,0.154,121.37511444091797
89,95,0,2,0.132,149.51170349121094
16,1697,0,2,0.132,140.31817626953125
89,518,1,2,0.132,145.2440948486328
97,115,1,1,0.088,129.56483459472656
59,739,3,2,0.132,145.81541442871094
109,401,0,3,0.02066111264811682,111.2332534790039
52,288,3,2,0.132,108.25174713134766
3,628,2,2,0.132,148.63876342773438
61,385,3,2,0.132,133.62326049804688
29,72,3,1,0.005671525030079144,124.69908905029297
107,1961,2,1,0.088,125.36363983154297
110,641,2,1,0.088,114.7852783203125
15,1370,3,2,0.132,133.263671875
110,466,0,1,0.088,118.08856201171875
16,438,1,2,0.132,139.11532592773438
62,1787,0,2,0.132,131.17129516601562
16,1972,0,2,0.132,131.34901428222656
93,1944,1,1,0.088,114.08553314208984
97,1721,3,0,0.154,127.05683898925781
95,1570,1,2,0.132,131.1246337890625
59,23,3,1,0.088,128.55213928222656
107,1340,0,1,0.088,123.97386169433594
24,1415,1,1,0.088,97.89253997802734
43,147,2,2,0.132,123.61209106445312
8,1235,1,1,0.088,128.80894470214844
77,30,3,2,0.132,118.33349609375
62,1246,2,1,0.088,121.61526489257812
44,1623,3,1,0.088,137.6455078125
52,1671,3,2,0.132,127.53141784667969
68,1500,3,1,0.06813685383673923,131.91673278808594
106,1524,2,0,0.03290795061209202,137.2646942138672
44,164,0,2,0.132,137.21603393554688
32,1292,2,1,0.088,130.76148986816406
97,534,3,2,0.132,129.44595336914062
88,1534,0,1,0.07955941197246139,132.92701721191406
24,1014,0,2,0.132,123.14542388916016
43,423,3,0,0.10992497768969733,120.51534271240234
16,1400,0,1,0.088,131.7113037109375
11,860,0,3,0.07234921738824412,135.3519287109375
52,1021,3,3,0.1,113.99590301513672
52,710,3,2,0.08902041342421219,116.77137756347656
74,1580,3,1,0.088,131.71449279785156
70,722,2,3,0.154,118.48468017578125
52,1402,0,1,0.088,118.49024200439453
34,1616,2,2,0.132,124.25190734863281
62,1490,0,1,0.0665044330865277,118.7197265625
12,1213,0,2,0.132,119.07230377197266
112,1211,3,2,0.132,117.7302017211914
107,994,0,2,0.132,124.20215606689453
31,499,1,2,0.132,122.70281219482422
77,983,0,2,0.132,118.82787322998047
26,720,0,2,0.132,133.0412139892578
52,1675,0,2,0.132,109.58290100097656
102,1630,2,1,0.088,139.0435791015625
48,1257,1,3,0.1,129.98362731933594
0,53,3,2,0.132,118.97344207763672
54,131,2,1,0.088,137.56619262695312
91,2003,1,3,0.154,122.52047729492188
63,997,1,1,0.088,126.32982635498047
16,1251,1,0,0.154,124.69855499267578
77,1172,2,0,0.154,116.88452911376953
23,625,0,2,0.132,129.48361206054688
24,1398,2,1,0.088,127.61131286621094
59,687,1,3,0.154,129.9551239013672
23,750,3,3,0.154,105.95929718017578
52,92,1,2,0.132,114.4842758178711
93,1717,0,1,0.088,116.96266174316406
70,1397,0,2,0.132,119.8997573852539
59,1410,0,1,0.088,150.5833282470703
58,790,3,2,0.132,127.84870910644531
52,94,3,2,0.132,113.03173828125
51,1899,0,1,0.088,120.21414947509766
99,116,1,1,0.01800990904430494,127.26707458496094
60,1825,1,3,0.017803902570149785,128.611572265625
4,748,1,1,0.036306740974814095,123.77698516845703
77,1172,0,3,0.154,116.88452911376953
42,126,0,3,0.07620318072843224,125.64785766601562
67,232,2,2,0.132,124.9438247680664
59,0,2,2,0.132,149.0017547607422
56,1416,3,2,0.132,122.70723724365234
89,445,3,3,0.154,141.5133819580078
46,224,3,3,0.01200000000000001,123.83868408203125
63,467,3,2,0.132,128.60682678222656
95,417,0,0,0.154,126.47764587402344
10,1883,3,1,0.088,127.12923431396484
24,1044,0,1,0.088,108.1099624633789
94,976,1,2,0.132,128.10240173339844
52,944,0,1,0.088,117.03491973876953
92,1324,3,1,0.088,132.34060668945312
92,1425,1,3,0.1,127.86184692382812
88,1336,1,2,0.1063717652123296,133.83050537109375
70,1266,1,1,0.088,119.1239242553711
52,586,1,1,0.088,115.30518341064453
66,638,0,2,0.132,134.35658264160156
87,1930,0,1,0.03608669520541219,128.5451202392578
88,11,2,2,0.132,130.3158416748047
110,1953,2,2,0.132,118.5645523071289
0,1339,2,1,0.061137604991400835,120.36851501464844
46,1526,3,3,0.01200000000000001,123.92827606201172
0,900,3,1,0.088,123.0335922241211
99,862,2,2,0.07440470357768025,125.85360717773438
48,924,0,1,0.088,130.04832458496094
18,1420,1,2,0.0031908068507580656,123.37781524658203
89,495,2,2,0.132,143.6575927734375
28,1426,0,1,0.088,128.86752319335938
71,1825,0,2,0.11413938753126673,135.6825408935547
70,659,1,2,0.03358335911206378,117.70347595214844
112,152,3,2,0.10205026438130715,117.5167236328125
106,1259,1,3,0.01200000000000001,137.3423614501953
0,560,0,2,0.132,120.1516342163086
16,794,0,1,0.047309087244601145,143.50582885742188
3,1193,3,2,0.132,147.61444091796875
0,416,0,2,0.132,122.853515625
97,320,1,1,0.04419386294980593,131.20266723632812
4,2020,0,2,0.132,122.33370208740234
18,171,3,2,0.132,128.98101806640625
56,1797,0,2,0.132,123.69844055175781
59,1892,3,1,0.006430720274304941,149.81495666503906
105,908,3,2,0.132,144.9883575439453
24,843,3,1,0.088,126.95185089111328
34,1271,1,2,0.132,112.84639739990234
6,1875,2,2,0.132,127.27973175048828
48,801,3,1,0.088,132.2356719970703
105,1619,2,2,0.132,134.796142578125
15,1729,1,1,0.088,131.79469299316406
115,1203,3,3,0.1,124.8984375
97,1259,3,3,0.01401680992669771,129.62991333007812
3,1736,1,0,0.154,144.87646484375
28,1303,3,1,0.088,125.78490447998047
52,1572,2,2,0.132,107.89373779296875
43,1254,2,3,0.154,121.11101531982422
32,486,3,2,0.132,130.81932067871094
77,1286,0,2,0.132,117.00041198730469
66,340,2,1,0.088,127.21582794189453
32,1304,0,2,0.132,127.64800262451172
28,593,1,1,0.088,128.86752319335938
71,898,0,1,0.088,136.22947692871094
52,1641,2,2,0.132,112.84413146972656
36,983,3,3,0.154,123.01202392578125
103,169,3,3,0.154,134.49481201171875
89,966,3,1,0.088,146.21444702148438
62,1203,2,2,0.132,119.71988677978516
31,298,0,2,0.132,126.8250961303711
57,1790,2,2,0.132,126.96075439453125
92,1110,3,3,0.1,128.255615234375
88,1136,1,2,0.0679901999526139,132.74337768554688
62,1825,2,2,0.030041592346211177,120.16182708740234
46,135,0,1,0.008908401093932788,125.76868438720703
51,511,0,0,0.09366107007627675,117.60852813720703
16,334,0,3,0.154,130.50479125976562
16,353,2,1,0.088,132.96995544433594
95,728,1,2,0.132,134.49842834472656
52,1280,3,2,0.132,115.96705627441406
61,1723,1,2,0.11276316218069923,133.6435089111328
56,1651,1,1,0.088,124.82999420166016
18,1384,1,1,0.088,123.27808380126953
49,730,0,1,0.088,116.5448226928711
24,1263,3,3,0.1,124.50358581542969
57,1117,2,3,0.154,125.15880584716797
85,777,1,2,0.132,120.99513244628906
66,997,3,3,0.154,124.7254867553711
52,877,0,3,0.154,110.40229034423828
4,1968,3,1,0.088,121.70296478271484
32,1542,2,2,0.132,131.0465850830078
8,1797,2,3,0.154,125.26116943359375
36,1001,0,1,0.088,126.90464782714844
59,473,2,3,0.154,127.71610260009766
16,337,0,3,0.154,131.59617614746094
12,1130,0,1,0.088,110.87495422363281
28,545,0,2,0.12105684130249195,125.68897247314453
10,632,2,1,0.088,123.63431549072266
87,1172,2,1,0.088,129.39439392089844
59,1452,3,1,0.088,145.51007080078125
3,1336,1,2,0.0256282347876704,151.4418182373047
28,871,1,1,0.088,105.81856536865234
52,1098,3,2,0.132,117.78250122070312
42,282,0,1,0.088,127.84058380126953
49,1753,2,3,0.025862645155576403,116.86788940429688
19,189,0,1,0.088,134.4525146484375
0,1552,1,3,0.1,118.18480682373047
59,2026,0,3,0.154,125.88616180419922
99,1222,2,1,0.088,134.15318298339844
3,628,0,1,0.088,148.63876342773438
43,147,0,1,0.088,123.61209106445312
107,771,0,2,0.132,124.8428726196289
89,88,0,2,0.132,144.98692321777344
82,501,3,2,0.132,139.3131561279297
56,18,2,0,0.051099102214785475,120.46205139160156
62,1043,3,3,0.1,119.8760757446289
74,311,0,2,0.132,145.46429443359375
97,534,1,1,0.088,129.44595336914062
71,2001,2,2,0.132,137.4637451171875
68,194,3,1,0.088,140.58995056152344
113,764,0,2,0.132,128.03704833984375
38,1473,3,1,0.088,127.89766693115234
24,585,0,2,0.010056429081604867,142.5700225830078
99,1691,0,2,0.07463325887597214,135.00254821777344
100,1573,0,0,0.017140447043054365,138.5316925048828
44,1800,0,3,0.1,137.5310821533203
17,448,0,3,0.1,127.62286376953125
4,1573,2,3,0.1398428153468936,122.0376205444336
3,602,3,2,0.132,145.33192443847656
95,1646,3,2,0.132,135.58953857421875
92,4,0,2,0.132,128.8118133544922
85,1052,3,3,0.05880656966670064,115.4173812866211
9,152,0,1,0.01576278103245307,122.37383270263672
89,560,3,1,0.088,144.40081787109375
85,2003,0,1,0.088,121.20520782470703
32,397,2,3,0.154,125.86174011230469
52,1021,1,2,0.132,113.99590301513672
32,1901,2,2,0.132,127.85045623779297
52,1391,3,1,0.088,111.52420806884766
97,1967,0,2,0.132,129.8330535888672
52,1689,2,1,0.088,114.96037292480469
74,865,0,1,0.088,141.00088500976562
69,1390,1,2,0.132,140.39895629882812
102,1236,0,2,0.132,143.99102783203125
92,1485,3,2,0.132,128.9812774658203
23,1428,3,2,0.132,126.58661651611328
32,1626,3,0,0.154,125.75038146972656
8,1975,3,2,0.132,127.71907043457031
15,5,0,2,0.132,130.68153381347656
62,202,0,1,0.088,120.06063079833984
13,795,0,1,0.088,124.74412536621094
91,479,3,2,0.132,128.14324951171875
88,1553,2,2,0.09068844967588591,129.2407989501953
33,606,2,1,0.088,121.33790588378906
25,1537,1,1,0.088,142.23654174804688
11,378,2,1,0.088,138.10166931152344
38,1463,0,3,0.154,123.50113677978516
16,464,0,3,0.1,133.3541717529297
105,253,3,2,0.0891063023347285,139.690185546875
59,1255,3,1,0.088,123.40805053710938
16,270,1,2,0.132,139.48440551757812
36,1286,3,3,0.11879762969836302,121.3650131225586
52,1074,0,1,0.088,113.91722106933594
14,537,3,1,0.088,137.92333984375
113,1656,3,3,0.154,101.03799438476562
105,1395,1,2,0.132,141.3287353515625
94,430,1,3,0.12040539581877543,121.84188842773438
24,1918,2,2,0.132,122.43537139892578
68,2002,1,3,0.154,117.34722900390625
0,53,1,1,0.088,118.97344207763672
26,1814,0,0,0.015312249907613207,122.27445983886719
63,1688,3,0,0.05472859900360967,123.13948822021484
31,1748,0,2,0.132,124.78679656982422
102,1621,2,3,0.1,135.43516540527344
6,2004,1,2,0.037289328281043144,120.88168334960938
102,741,2,3,0.01200000000000001,136.46253967285156
110,1693,1,1,0.088,116.7196044921875
97,1085,1,2,0.132,129.2913818359375
33,1747,2,3,0.154,115.68480682373047
16,67,2,2,0.132,138.2030792236328
16,263,3,3,0.14304663455942682,126.58838653564453
11,1276,1,2,0.132,140.25193786621094
103,854,1,3,0.154,134.9759063720703
66,469,1,1,0.088,128.07476806640625
12,1580,0,2,0.11739798947913765,118.500732421875
92,1100,1,1,0.088,127.44430541992188
46,1531,0,2,0.132,135.16525268554688
32,822,2,3,0.154,125.60336303710938
82,392,0,2,0.132,134.10595703125
3,85,0,2,0.0670993899876704,152.93594360351562
54,694,3,2,0.132,139.09214782714844
68,973,2,2,0.132,135.23977661132812
62,896,2,2,0.132,118.58523559570312
39,999,0,2,0.132,136.74493408203125
3,1367,2,1,0.088,148.56736755371094
56,631,3,2,0.08582359154964175,123.60497283935547
115,1852,2,2,0.10870930948025759,126.32865142822266
82,1530,2,1,0.029827191699811295,131.20611572265625
105,1052,1,3,0.020971577024299193,130.897705078125
92,1289,1,2,0.132,127.37828826904297
3,260,2,2,0.132,144.91055297851562
71,238,3,2,0.132,136.8934326171875
19,1340,0,3,0.13394073145017057,125.02093505859375
68,750,1,0,0.061327458814650404,120.91242218017578
62,1594,2,2,0.132,119.08078002929688
62,797,1,2,0.132,120.64683532714844
16,1487,0,2,0.132,138.53506469726562
74,1429,1,2,0.132,135.6409149169922
23,86,0,2,0.132,109.1586685180664
52,1768,2,2,0.132,116.28379821777344
63,662,1,2,0.132,127.27979278564453
106,444,2,2,0.12238875026554763,140.1685028076172
4,155,1,2,0.132,123.10820007324219
102,453,0,3,0.154,
52,1176,2,3,0.154,112.55447387695312
88,1872,0,1,0.088,134.01016235351562
61,1408,2,2,0.132,135.23831176757812
48,1969,2,1,0.088,132.56336975097656
63,1699,3,2,0.132,126.42735290527344
63,467,0,2,0.132,128.60682678222656
33,1155,3,2,0.132,127.78056335449219
3,15,2,1,0.088,144.45852661132812
71,1378,0,1,0.088,146.09010314941406
44,786,3,3,0.01200000000000001,138.05804443359375
11,159,3,2,0.132,140.83978271484375
14,83,2,2,0.002583885798946861,138.9224853515625
14,1144,0,2,0.10739833105024388,136.9856414794922
89,1189,2,2,0.10520067375232534,146.95565795898438
95,963,1,3,0.1,128.82626342773438
51,1018,3,2,0.132,
62,553,2,3,0.154,117.87826538085938
109,1567,0,1,0.005361471972317233,111.4194107055664
105,1423,2,1,0.042075363943904515,141.85899353027344
32,674,3,2,0.132,128.83421325683594
24,186,2,2,0.132,128.54954528808594
83,670,3,2,0.047958937356962716,121.12739562988281
52,980,3,3,0.154,112.97105407714844
39,1829,0,2,0.132,138.62501525878906
43,1254,0,2,0.132,121.11101531982422
33,1781,0,2,0.132,124.13660430908203
27,18,2,2,0.132,115.63247680664062
33,1059,2,2,0.132,127.3032455444336
68,350,1,2,0.11861566550042524,132.3084259033203
71,391,0,1,0.04312486255712478,135.4088134765625
32,145,0,2,0.132,126.53097534179688
113,1201,2,1,0.088,124.94883728027344
52,1560,0,1,0.088,116.91202545166016
46,223,1,0,0.14662422557478139,121.37569427490234
36,1848,1,2,0.033365928841907255,124.71561431884766
0,258,1,3,0.1,117.33564758300781
61,717,2,3,0.1,133.6162567138672
103,169,1,2,0.09215675967033204,134.49481201171875
28,1936,2,1,0.088,109.49082946777344
33,910,3,1,0.088,124.88729858398438
62,1203,0,1,0.088,119.71988677978516
59,473,0,2,0.132,127.71610260009766
77,1849,3,0,0.154,116.3369369506836
82,1333,2,1,0.088,134.64002990722656
18,1655,2,0,0.11776266702831997,115.6382827758789
83,136,1,2,0.132,127.1736831665039
112,230,0,2,0.132,116.66272735595703
3,1380,2,2,0.132,150.60272216796875
87,1661,0,2,0.132,137.1284942626953
18,1084,1,2,0.132,123.05037689208984
33,299,2,1,0.088,124.50776672363281
3,1562,0,3,0.01542940992453351,148.0016326904297
32,1715,3,2,0.132,131.49169921875
74,934,2,2,0.132,134.19151306152344
3,51,1,2,0.132,149.92904663085938
89,1662,2,1,0.08073761442424388,145.9816131591797
42,1664,0,2,0.132,128.19168090820312
105,1814,0,2,0.132,133.7852325439453
74,1262,0,3,0.154,132.89044189453125
24,139,0,0,0.154,103.18280792236328
23,581,1,2,0.132,109.01860809326172
59,1215,3,2,0.132,139.73147583007812
16,1491,0,1,0.088,138.94540405273438
95,340,0,3,0.1,130.03944396972656
32,1530,0,1,0.088,131.4494171142578
92,1267,3,2,0.132,128.75852966308594
97,798,3,3,0.154,127.44629669189453
24,697,0,2,0.132,122.86732482910156
48,801,0,1,0.088,132.2356719970703
91,1830,3,1,0.088,128.07200622558594
4,1573,0,2,0.132,122.0376205444336
43,90,1,2,0.08691847906960015,125.09671020507812
62,1625,0,1,0.088,119.21498107910156
49,1753,0,2,0.132,116.86788940429688
70,699,3,1,0.088,119.8263168334961
82,321,0,1,0.088,136.3748779296875
16,1293,0,2,0.132,138.1072540283203
66,662,0,3,0.1,125.6518325805664
95,2004,0,1,0.07474885113371857,127.45075225830078
89,757,0,2,0.132,151.10458374023438
92,1595,1,2,0.132,128.255615234375
25,113,0,2,0.132,143.81182861328125
62,1043,1,2,0.132,119.8760757446289
19,1721,3,3,0.154,124.97254943847656
87,356,3,3,0.0449661085086181,129.4069061279297
74,2004,3,3,0.10037358728819537,131.59996032714844
69,1460,0,1,0.088,138.9309844970703
24,1974,3,1,0.088,123.4227523803711
23,1428,1,1,0.088,126.58661651611328
63,2022,3,1,0.088,128.19065856933594
32,903,2,1,0.088,124.1725845336914
52,686,3,2,0.132,113.4040756225586
12,1252,0,2,0.132,118.01856994628906
24,1263,0,3,0.1,124.50358581542969
52,741,1,1,0.088,118.51795959472656
48,1687,3,2,0.132,131.5557861328125
16,1620,0,2,0.132,124.46698760986328
24,1541,0,1,0.088,104.03678131103516
52,1391,1,0,0.154,111.52420806884766
23,1885,1,1,0.088,108.67815399169922
52,823,0,2,0.132,115.40406799316406
93,1506,2,1,0.088,115.3077621459961
46,1961,1,3,0.1,122.35499572753906
57,860,0,1,0.088,128.44082641601562
23,1843,0,0,0.0642079315853496,110.45948028564453
33,1008,2,1,0.088,124.98699188232422
82,100,3,3,0.1,131.85594177246094
24,475,3,1,0.088,124.61547088623047
8,1975,1,1,0.088,127.71907043457031
110,430,3,0,0.050030229224880485,113.60810852050781
83,1407,0,1,0.088,128.44703674316406
22,820,0,2,0.132,143.48916625976562
48,782,1,3,0.018826298001636793,130.6522979736328
51,232,3,3,0.021471708065741668,120.64192199707031
42,1201,3,3,0.01200000000000001,125.9603271484375
0,1384,1,3,0.1,117.0033950805664
54,823,0,3,0.1,136.1747283935547
24,1782,2,1,0.04160999477425814,122.35279083251953
74,380,1,2,0.132,136.81973266601562
82,22,3,3,0.154,129.50833129882812
44,1667,1,1,0.088,137.72528076171875
32,397,1,0,0.154,125.86174011230469
32,396,2,3,0.154,125.75038146972656
107,931,3,2,0.132,127.91968536376953
77,1981,1,2,0.132,120.03325653076172
37,126,3,1,0.011820711470752615,129.0552215576172
6,1704,2,3,0.09867714590376314,114.21353149414062
102,1279,0,2,0.132,141.78163146972656
105,253,1,1,0.088,139.690185546875
0,1304,0,0,0.1430770789963375,116.22453308105469
83,169,1,1,0.0862938416952638,120.76686096191406
33,1422,2,1,0.088,125.82379913330078
20,254,3,1,0.088,140.82374572753906
8,390,3,1,0.088,127.74393463134766
46,2014,0,2,0.132,130.42791748046875
63,997,3,1,0.04866977585714716,126.32982635498047
75,862,1,2,0.09332001301299048,123.18672943115234
52,651,3,2,0.132,110.28583526611328
12,1704,3,1,0.03835020380299392,108.27947235107422
84,401,1,3,0.11282709535188318,110.9894027709961
30,298,0,1,0.088,115.61144256591797
0,289,2,2,0.04586791103726506,117.00543212890625
58,1754,3,1,0.088,128.6319580078125
89,1103,2,1,0.088,143.0882568359375
8,632,1,3,0.1,125.59623718261719
87,1540,2,0,0.030282205662630707,125.66931915283203
1,530,0,1,0.088,124.5787353515625
69,427,2,2,0.024718823920938715,138.5226593017578
16,263,1,2,0.132,126.58838653564453
24,1147,0,3,0.154,122.84561157226562
102,163,3,2,0.132,142.00946044921875
58,1282,3,1,0.03283251237929402,125.79914093017578
113,1656,2,0,0.14607475932039626,101.03799438476562
3,500,1,1,0.088,145.1448974609375
14,1396,3,3,0.1,133.37049865722656
77,924,0,2,0.132,120.10166931152344
67,165,0,1,0.002786456839967616,123.64611053466797
92,989,1,3,0.01200000000000001,128.71408081054688
97,97,3,1,0.088,129.30189514160156
24,619,3,3,0.154,121.34288787841797
16,1091,1,2,0.132,141.53334045410156
89,1885,2,3,0.010896224425002932,132.32723999023438
48,440,0,1,0.088,138.4678497314453
37,340,0,2,0.132,129.10951232910156
33,993,0,2,0.132,126.28207397460938
102,1609,0,2,0.132,146.04917907714844
68,973,0,1,0.088,135.23977661132812
61,1160,0,2,0.0088955220694803,144.10780334472656
52,620,2,1,0.088,116.02381134033203
97,1023,3,3,0.1,129.34376525878906
43,1540,1,2,0.132,121.15424346923828
52,1710,2,2,0.132,120.54310607910156
52,1937,2,1,0.088,113.63845825195312
88,531,0,1,0.034131600573736626,130.9765167236328
70,985,3,3,0.154,119.03323364257812
32,1655,1,1,0.088,123.6617431640625
39,80,1,3,0.12987004521908665,122.96955871582031
62,896,0,1,0.088,118.58523559570312
93,289,2,2,0.08613208896273494,115.07907104492188
57,16,2,3,0.05800043290503132,127.61872863769531
113,1656,0,3,0.154,101.03799438476562
31,1782,3,1,0.06622583043965186,120.04502868652344
33,1747,1,0,0.021062448155369007,115.68480682373047
107,1340,2,1,0.088,123.97386169433594
14,487,1,2,0.132,137.53363037109375
52,1099,1,2,0.132,125.83338165283203
7,1991,1,3,0.1,133.53944396972656
30,652,0,2,0.132,126.59564208984375
68,2002,0,0,0.154,117.34722900390625
24,454,3,1,0.088,101.93009185791016
85,1747,2,2,0.132,113.83522033691406
11,1272,1,2,0.132,135.8681640625
52,1191,1,2,0.132,113.21483612060547
59,663,0,2,0.132,156.52516174316406
88,1669,0,3,0.0973573097266977,129.11048889160156
71,103,1,2,0.132,139.6267852783203
28,1444,2,1,0.088,125.94300079345703
44,1157,1,1,0.088,137.33468627929688
44,164,2,2,0.132,137.21603393554688
31,490,0,1,0.07944985948277927,123.93736267089844
93,1525,2,2,0.132,115.00581359863281
44,786,1,2,0.132,138.05804443359375
85,1567,1,2,0.132,114.00334930419922
32,57,1,1,0.088,128.3669891357422
52,1768,0,1,0.088,116.28379821777344
14,1630,0,2,0.132,137.5718994140625
105,490,1,1,0.088,139.704345703125
38,933,1,1,0.088,124.18921661376953
85,1130,1,0,0.11354922326533223,113.92046356201172
102,648,3,3,0.1,135.5665283203125
83,901,1,3,0.154,121.00437927246094
52,1561,3,1,0.088,116.0399169921875
51,1018,1,1,0.088,
24,1566,0,3,0.01200000000000001,125.20452880859375
24,186,0,1,0.088,128.54954528808594
62,873,1,1,0.088,121.38531494140625
1,1704,1,0,0.040224134283883495,120.22327423095703
106,1524,2,3,0.1,137.2646942138672
24,904,0,1,0.088,128.63856506347656
18,1420,3,2,0.0004568060573664212,123.37781524658203
62,19,3,2,0.132,127.2640380859375
16,255,3,0,0.154,124.69855499267578
52,1728,1,3,0.1,115.09016418457031
110,1427,1,2,0.132,114.03286743164062
93,781,3,2,0.132,115.86947631835938
20,755,3,1,0.088,140.11990356445312
70,417,0,2,0.132,120.03707885742188
61,717,0,2,0.132,133.6162567138672
62,1490,2,1,0.088,118.7197265625
43,423,3,3,0.154,120.51534271240234
93,1944,2,2,0.132,114.08553314208984
28,1936,0,0,0.154,109.49082946777344
32,249,1,2,0.132,124.26079559326172
89,990,2,1,0.088,145.06959533691406
59,1425,3,1,0.088,141.6996612548828
62,553,0,2,0.132,117.87826538085938
95,1866,2,1,0.088,132.84616088867188
25,1042,0,2,0.132,144.3134307861328
52,980,1,2,0.132,112.97105407714844
3,614,1,0,0.154,144.80352783203125
0,205,1,1,0.088,119.66468048095703
18,2024,3,1,0.004080864590330496,119.85236358642578
24,493,0,3,0.01200000000000001,125.33390045166016
24,991,3,2,0.132,124.64872741699219
52,539,0,2,0.132,114.0257797241211
15,1346,1,1,0.088,129.97227478027344
63,650,2,2,0.132,126.59700012207031
93,661,2,1,0.08439199280966792,112.53984832763672
92,1267,1,1,0.088,128.75852966308594
89,1381,0,2,0.132,154.47206115722656
36,1598,0,2,0.132,126.35950469970703
57,1930,0,2,0.11729437484784921,126.3050308227539
77,1759,3,2,0.132,118.9220199584961
52,1675,3,0,0.154,109.58290100097656
24,607,2,1,0.088,122.91295623779297
66,1696,0,2,0.132,133.54762268066406
0,2024,0,0,0.154,115.59487915039062
28,1298,1,3,0.1,125.75482177734375
59,1215,1,1,0.088,139.73147583007812
25,174,3,1,0.088,144.17628479003906
24,493,1,1,0.088,125.33390045166016
53,1313,3,1,0.088,125.87103271484375
44,862,3,0,0.09072094361529955,136.99960327148438
28,1823,0,2,0.132,129.92921447753906
94,976,3,2,0.12324674166745919,128.10240173339844
107,1470,2,1,0.088,125.55044555664062
0,284,2,1,0.03947201648333862,120.22148132324219
58,63,0,2,0.132,127.18091583251953
59,1576,0,1,0.003891419526463352,136.9058074951172
103,928,0,3,0.1,137.9528045654297
52,2016,2,2,0.132,115.55853271484375
52,1007,2,1,0.088,108.70890045166016
107,1526,0,2,0.132,128.36705017089844
71,589,1,2,0.132,137.77935791015625
54,131,3,2,0.132,137.56619262695312
10,995,1,3,0.1,124.14836883544922
0,1717,1,2,0.132,118.86351776123047
27,767,0,1,0.05342260630473622,116.48890686035156
52,1162,0,2,0.132,118.1859130859375
33,474,0,3,0.154,121.36383056640625
16,125,3,2,0.132,143.86204528808594
68,525,0,2,0.132,139.92832946777344
92,1832,3,1,0.088,128.66969299316406
52,686,1,1,0.088,113.4040756225586
95,1134,2,1,0.07812217237227426,133.59463500976562
102,282,1,1,0.088,137.45289611816406
48,1687,1,1,0.088,131.5557861328125
15,507,2,3,0.01200000000000001,131.41943359375
36,1834,3,2,0.132,129.45639038085938
62,90,1,2,0.045081520930399854,118.29218292236328
51,529,2,1,0.088,120.22915649414062
10,901,0,1,0.088,122.79722595214844
19,1721,2,0,0.06997084353510312,124.97254943847656
61,793,0,3,0.1,133.64122009277344
36,1977,3,1,0.088,125.32139587402344
74,2004,2,0,0.154,131.59996032714844
97,44,2,1,0.088,129.64683532714844
23,34,2,2,0.132,108.23191833496094
22,1857,0,1,0.088,140.77255249023438
28,850,2,3,0.01200000000000001,125.78490447998047
74,1362,3,2,0.132,132.97715759277344
33,1039,0,2,0.132,120.8282241821289
33,1287,0,1,0.088,130.462158203125
52,1954,2,1,0.088,110.34359741210938
16,98,0,1,0.088,129.21205139160156
23,134,0,2,0.132,126.48271179199219
6,659,2,3,0.02761544122728496,118.18731689453125
92,336,3,1,0.088,128.5285186767578
3,1736,1,3,0.154,144.87646484375
61,11,3,1,0.088,135.0902099609375
54,1117,0,0,0.0017882609967988794,133.8245849609375
44,792,3,2,0.132,137.5310821533203
62,240,0,2,0.132,118.71685791015625
68,231,2,2,0.132,139.82000732421875
1,1942,0,3,0.0981630662599296,123.48729705810547
84,1130,3,0,0.052489014630166406,110.85670471191406
23,1911,0,2,0.132,103.0909423828125
66,80,1,1,0.01580327428219558,125.27195739746094
4,166,1,0,0.12390308186379353,120.56815338134766
97,320,2,2,0.132,131.20266723632812
93,1876,2,1,0.088,116.03050994873047
51,1745,3,1,0.088,120.2622299194336
20,445,3,1,0.05134395507241801,141.5078125
24,1707,3,1,0.088,125.15516662597656
33,401,3,0,0.154,115.78392028808594
52,1610,3,1,0.088,114.71519470214844
109,1130,2,3,0.1382449865300581,111.07571411132812
17,1607,0,1,0.088,132.5178680419922
115,1938,3,2,0.132,131.960205078125
92,17,3,3,0.1,128.3962860107422
31,1782,1,0,0.02805695619540241,120.04502868652344
61,496,2,3,0.1,133.642333984375
93,346,0,1,0.088,114.6578369140625
0,1552,3,3,0.1,118.18480682373047
15,1682,0,2,0.132,137.72415161132812
48,294,3,2,0.132,133.60263061523438
4,68,1,2,0.132,118.3462905883789
89,88,2,2,0.132,144.98692321777344
82,330,0,2,0.132,134.62782287597656
109,1704,2,0,0.04893841852149295,108.84254455566406
93,1525,0,1,0.088,115.00581359863281
59,885,1,3,0.1,138.8170623779297
95,1635,3,1,0.088,137.59506225585938
91,777,2,3,0.11844107867861883,122.40092468261719
3,1199,0,1,0.06791252598667971,149.8568115234375
18,427,2,2,0.10728117607906129,127.44562530517578
52,1695,0,1,0.088,116.566162109375
89,841,0,3,0.1,142.83399963378906
31,1174,3,1,0.088,116.35623931884766
16,575,3,3,0.154,130.64926147460938
82,1511,2,3,0.154,129.96023559570312
28,315,3,1,0.088,106.22738647460938
52,666,0,2,0.132,125.88329315185547
8,1132,2,3,0.1,125.74528503417969
56,18,2,3,0.010962052498646763,120.46205139160156
97,1967,2,2,0.132,129.8330535888672
92,1004,0,0,0.154,127.17374420166016
52,1741,0,3,0.1,114.22257232666016
71,898,1,2,0.132,136.22947692871094
3,525,2,2,0.132,151.595458984375
15,1481,3,2,0.132,134.75033569335938
10,1501,1,1,0.0010983239114384924,123.82403564453125
89,951,3,2,0.132,144.8352508544922
8,656,3,2,0.132,125.69976043701172
70,529,0,2,0.04300575151643565,121.2844009399414
28,319,0,1,0.088,106.76277923583984
63,530,3,3,0.08477554244536456,124.29434967041016
52,274,0,1,0.088,115.54942321777344
63,80,2,2,0.007605420199692486,126.91487884521484
52,1905,0,2,0.132,125.9395751953125
28,1390,3,2,0.132,132.60006713867188
89,518,0,2,0.132,145.2440948486328
61,1194,3,1,0.088,133.6304168701172
97,115,0,1,0.088,129.56483459472656
59,739,2,2,0.132,145.81541442871094
0,1579,3,2,0.132,120.5157470703125
52,288,2,2,0.132,108.25174713134766
82,1127,1,2,0.132,136.31854248046875
95,182,3,3,0.1,128.81419372558594
46,1414,3,1,0.088,125.1397476196289
77,536,2,2,0.026702702891713392,121.22920989990234
61,385,2,2,0.132,133.62326049804688
32,1105,3,1,0.088,123.23688507080078
107,230,3,0,0.10625373766322391,122.51870727539062
16,1106,1,1,0.088,136.03997802734375
49,132,1,2,0.018162781674946893,124.07382202148438
32,1626,3,3,0.154,125.75038146972656
16,438,0,2,0.132,139.11532592773438
93,1944,0,1,0.088,114.08553314208984
97,1721,2,0,0.08402915646489688,127.05683898925781
48,1420,1,3,0.1,129.30145263671875
44,1889,1,1,0.088,138.0310516357422
34,66,3,0,0.07747773793672993,112.91914367675781
52,1349,0,2,0.132,120.17220306396484
15,340,2,2,0.05129518636710095,131.92686462402344
57,1825,1,2,0.132,128.34439086914062
92,1165,1,1,0.088,126.65436553955078
58,1606,1,2,0.132,126.03926849365234
24,991,1,1,0.088,124.64872741699219
77,1759,1,1,0.088,118.9220199584961
8,1235,0,1,0.088,128.80894470214844
77,30,2,2,0.132,118.33349609375
59,1795,1,2,0.132,132.4958953857422
46,223,3,0,0.11667861102745827,121.37569427490234
24,1513,3,1,0.088,127.50452423095703
44,1623,2,1,0.088,137.6455078125
68,1500,2,1,0.088,131.91673278808594
52,1543,3,3,0.1,114.68257904052734
32,1292,1,1,0.088,130.76148986816406
97,534,2,2,0.132,129.44595336914062
66,1745,3,3,0.154,124.75308990478516
16,1715,3,1,0.088,131.66139221191406
3,1230,0,2,0.132,152.07374572753906
61,1524,3,1,0.088,133.6315460205078
92,4,1,3,0.01200000000000001,128.8118133544922
43,423,2,0,0.154,120.51534271240234
16,464,3,1,0.088,133.3541717529297
24,1415,0,1,0.088,97.89253997802734
26,1814,0,3,0.02881136730747938,122.27445983886719
59,557,2,2,0.132,144.07534790039062
66,469,3,1,0.088,128.07476806640625
74,1252,3,0,0.154,131.67596435546875
71,845,1,3,0.01200000000000001,136.5570831298828
56,767,2,3,0.154,120.9582290649414
24,1417,2,1,0.088,123.20803833007812
3,328,3,2,0.132,153.79708862304688
103,198,3,2,0.132,143.4693603515625
52,681,2,2,0.132,117.31963348388672
88,1383,0,2,0.019673613987219035,139.4593048095703
52,484,3,1,0.088,116.0594253540039
28,347,0,1,0.088,110.48572540283203
29,253,3,2,0.026773172705867654,124.59071350097656
27,862,0,3,0.00788790450135321,117.03849792480469
110,1743,0,3,0.08876676578565251,115.97834014892578
52,2016,0,1,0.088,115.55853271484375
69,1540,3,0,0.08844431105054448,129.03858947753906
63,417,3,3,0.11082088918091332,125.13983154296875
48,1257,0,3,0.1,129.98362731933594
88,1119,3,1,0.049048989676478,134.42770385742188
54,131,1,1,0.088,137.56619262695312
91,2003,0,3,0.154,122.52047729492188
52,46,2,1,0.088,117.04924774169922
11,1468,3,3,0.01200000000000001,136.38858032226562
16,1251,0,0,0.154,124.69855499267578
77,1172,1,0,0.154,116.88452911376953
66,123,3,2,0.132,130.14048767089844
34,1616,1,2,0.132,124.25190734863281
52,1766,1,2,0.132,111.18428039550781
59,687,0,3,0.154,129.9551239013672
66,1069,3,2,0.132,133.51194763183594
52,579,3,1,0.088,118.21285247802734
52,1026,0,1,0.088,118.7978515625
58,790,2,2,0.132,127.84870910644531
52,94,2,2,0.132,113.03173828125
53,836,2,2,0.05305126615846523,133.88380432128906
60,1825,0,3,0.0505489519583939,128.611572265625
46,14,2,2,0.132,126.18848419189453
0,53,2,2,0.132,118.97344207763672
48,1789,3,1,0.088,134.11978149414062
4,748,0,1,0.088,123.77698516845703
89,1455,3,2,0.132,145.4037322998047
24,1869,1,2,0.132,126.30242156982422
56,995,3,2,0.132,124.78169250488281
68,1184,1,3,0.1,132.22494506835938
63,467,2,2,0.132,128.60682678222656
94,976,0,2,0.132,128.10240173339844
68,1662,0,2,0.132,139.4690704345703
52,1954,0,0,0.154,110.34359741210938
16,1868,0,0,0.154,130.59153747558594
46,1136,1,2,0.0640098000473861,125.57061004638672
19,531,0,1,0.05386839942626337,129.7573699951172
0,1473,0,2,0.132,120.7234115600586
46,994,0,0,0.154,121.6707534790039
82,1921,1,1,0.088,132.80160522460938
93,1926,1,2,0.132,113.26107788085938
59,0,1,2,0.132,149.0017547607422
70,1266,0,1,0.088,119.1239242553711
52,586,0,1,0.088,115.30518341064453
67,365,2,1,0.06472295763996752,123.66497802734375
23,47,2,1,0.088,102.72364807128906
110,1953,1,2,0.132,118.5645523071289
46,363,3,3,0.1,122.91857147216797
49,258,0,2,0.132,119.26899719238281
105,1432,0,1,0.088,139.70498657226562
71,391,2,1,0.088,135.4088134765625
0,1339,1,1,0.088,120.36851501464844
22,220,0,2,0.132,146.40240478515625
36,1953,3,3,0.053814842391400664,124.67632293701172
24,1720,2,1,0.088,121.43627166748047
52,414,1,2,0.132,116.36569213867188
17,132,3,1,0.088,132.67324829101562
89,254,2,1,0.088,140.8763427734375
106,1259,0,3,0.1,137.3423614501953
68,231,0,1,0.088,139.82000732421875
82,10,2,2,0.132,135.93405151367188
105,1814,2,2,0.132,133.7852325439453
97,320,0,1,0.088,131.20266723632812
18,171,2,2,0.132,128.98101806640625
16,1491,2,1,0.088,138.94540405273438
36,1078,2,1,0.088,123.63127899169922
77,1849,3,3,0.154,116.3369369506836
87,522,3,1,0.088,136.78665161132812
56,1501,2,2,0.132,124.46449279785156
34,1271,0,2,0.132,112.84639739990234
14,772,0,2,0.132,138.68609619140625
99,616,3,1,0.088,135.37937927246094
66,1266,3,0,0.154,122.84566497802734
105,1619,1,2,0.132,134.796142578125
85,401,2,1,0.07779829230081974,113.93543243408203
16,914,3,2,0.132,138.77146911621094
3,1736,0,0,0.154,144.87646484375
113,126,3,1,0.031765542771147764,124.65348815917969
24,139,0,3,0.154,103.18280792236328
52,1572,1,2,0.132,107.89373779296875
16,1851,3,1,0.088,138.11293029785156
28,315,1,0,0.02545747207747584,106.22738647460938
93,1369,0,2,0.12309698432611771,118.54817199707031
63,469,0,2,0.015913730612142574,129.8794403076172
8,1132,0,2,0.132,125.74528503417969
28,593,0,1,0.088,128.86752319335938
62,1203,1,2,0.132,119.71988677978516
57,1790,1,2,0.132,126.96075439453125
82,71,3,2,0.132,133.4863739013672
6,1875,1,2,0.132,127.27973175048828
16,353,1,1,0.088,132.96995544433594
52,1280,2,2,0.132,115.96705627441406
36,430,0,0,0.14268345551674355,120.25457763671875
25,1239,2,2,0.132,142.0098419189453
96,1659,0,3,0.01200000000000001,116.65496063232422
57,1117,1,3,0.154,125.15880584716797
113,1201,3,2,0.132,124.94883728027344
62,2031,3,3,0.154,119.36746978759766
62,630,3,1,0.088,119.26226806640625
53,359,2,3,0.154,
34,1251,3,3,0.154,112.91914367675781
52,823,2,2,0.132,115.40406799316406
66,997,2,3,0.154,124.7254867553711
32,1542,1,2,0.132,131.0465850830078
74,1262,3,1,0.07381291921234856,132.89044189453125
97,1507,1,1,0.08726159224727092,129.354248046875
66,1182,1,1,0.0573304045888523,128.2998504638672
52,1229,3,0,0.154,111.8994140625
59,1933,3,3,0.154,114.03936004638672
32,889,3,2,0.132,129.6898651123047
18,1384,0,1,0.088,123.27808380126953
52,1098,2,2,0.132,117.78250122070312
52,1391,1,3,0.154,111.52420806884766
23,306,3,2,0.132,108.73906707763672
61,1190,2,3,0.08111053412669775,133.6339874267578
3,946,3,1,0.088,149.28436279296875
92,185,1,2,0.132,132.49490356445312
77,536,0,1,0.088,121.22920989990234
16,571,3,3,0.01200000000000001,133.7557830810547
23,1843,0,3,0.154,110.45948028564453
0,916,2,2,0.132,121.3390121459961
36,1095,3,2,0.008228140946393792,124.87346649169922
74,1592,3,1,0.088,139.51210021972656
56,18,1,0,0.06838121390269013,120.46205139160156
97,534,0,1,0.088,129.44595336914062
71,2001,1,2,0.132,137.4637451171875
38,1473,2,1,0.012753783817075454,127.89766693115234
3,1611,2,3,0.154,145.66856384277344
10,632,1,1,0.088,123.63431549072266
3,602,2,2,0.132,145.33192443847656
85,1052,2,3,0.1362658101119454,115.4173812866211
3,614,3,0,0.154,144.80352783203125
75,1500,3,3,0.002887139162179475,125.43285369873047
32,397,1,3,0.154,125.86174011230469
56,767,0,2,0.09584466114233037,120.9582290649414
52,1391,2,1,0.088,111.52420806884766
74,1909,2,1,0.088,137.8917694091797
66,1549,3,2,0.132,132.06277465820312
23,1428,2,2,0.132,126.58661651611328
112,405,2,1,0.088,118.89717102050781
8,1975,2,2,0.132,127.71907043457031
110,1363,2,2,0.06437770315444746,118.74676513671875
66,1134,0,2,0.132,130.98074340820312
33,606,1,1,0.088,121.33790588378906
42,648,3,2,0.132,124.9762191772461
103,836,1,2,0.06252730504153481,138.1575164794922
99,922,3,1,0.088,
52,681,0,1,0.088,117.31963348388672
11,378,1,1,0.088,138.10166931152344
32,853,3,1,0.088,129.7819061279297
89,1914,0,1,0.088,148.59617614746094
92,1485,2,2,0.132,128.9812774658203
33,993,2,2,0.132,126.28207397460938
18,1979,1,2,0.0758458695190613,127.53173828125
32,1655,3,1,0.088,123.6617431640625
31,1882,3,1,0.088,125.0190658569336
16,270,0,2,0.132,139.48440551757812
107,562,3,2,0.03624300381249407,128.44171142578125
46,1470,1,3,0.1,122.52423095703125
113,1656,2,3,0.154,101.03799438476562
105,1395,0,2,0.132,141.3287353515625
24,1918,1,2,0.132,122.43537139892578
16,1711,3,1,0.088,138.2382049560547
46,14,0,1,0.08107335665456161,126.18848419189453
0,53,0,1,0.088,118.97344207763672
70,779,2,2,0.132,120.42570495605469
7,1991,3,3,0.1,133.53944396972656
66,1375,2,2,0.08268415901057993,131.9874725341797
8,1501,0,3,0.1,125.69976043701172
11,1272,3,2,0.132,135.8681640625
56,1416,0,1,0.088,122.70723724365234
63,1688,2,0,0.154,123.13948822021484
102,1621,1,3,0.1,135.43516540527344
92,1750,3,3,0.01200000000000001,128.55224609375
71,1237,0,1,0.088,142.54266357421875
13,629,0,2,0.132,122.93148803710938
110,1693,0,1,0.005204854710332302,116.7196044921875
85,1567,3,2,0.0031580986141771517,114.00334930419922
33,1747,1,3,0.154,115.68480682373047
85,659,1,2,0.09841664088793622,115.39497375488281
16,67,1,2,0.132,138.2030792236328
92,1240,2,1,0.088,129.37274169921875
42,537,2,2,0.132,130.4552001953125
68,2002,0,3,0.154,117.34722900390625
11,1276,0,2,0.132,140.25193786621094
52,1338,2,2,0.132,113.72921752929688
103,854,0,3,0.154,134.9759063720703
7,1723,0,3,0.06739117471390077,133.57383728027344
15,988,0,1,0.0355850750773023,137.69839477539062
61,1273,1,1,0.016044152932624983,133.64407348632812
23,1301,0,1,0.088,118.76207733154297
54,694,2,2,0.132,139.09214782714844
63,182,3,1,0.088,127.56768798828125
16,1569,0,2,0.132,139.63418579101562
0,1316,2,3,0.01200000000000001,118.2163314819336
8,149,0,3,0.1,127.21964263916016
16,263,2,3,0.154,126.58838653564453
15,819,1,2,0.132,130.83843994140625
3,1367,1,1,0.088,148.56736755371094
52,1845,3,2,0.132,111.25714111328125
102,1507,0,3,0.04807160954048506,136.5146026611328
105,1052,0,3,0.06942228223344668,130.897705078125
34,1165,3,2,0.132,125.01331329345703
3,260,1,2,0.132,144.91055297851562
71,238,2,2,0.132,136.8934326171875
0,1088,3,1,0.088,122.53172302246094
74,1942,2,0,0.025645991646556454,130.11325073242188
3,1828,0,2,0.132,154.28904724121094
84,165,0,1,0.013114035982174144,115.27544403076172
16,1180,0,1,0.088,144.27061462402344
62,797,0,2,0.132,120.64683532714844
74,1429,0,2,0.132,135.6409149169922
32,1812,3,2,0.132,128.01446533203125
102,1080,2,1,0.07527297703272912,136.82261657714844
88,1534,3,2,0.06715403413868049,132.92701721191406
71,356,0,2,0.132,134.4486083984375
63,662,0,2,0.132,127.27979278564453
92,615,2,3,0.154,126.69939422607422
62,888,2,2,0.132,119.53306579589844
62,553,3,0,0.154,117.87826538085938
13,152,1,2,0.08893373257869264,123.4758071899414
63,1699,2,2,0.132,126.42735290527344
28,1444,3,2,0.132,125.94300079345703
33,1155,2,2,0.132,127.78056335449219
3,15,1,1,0.088,144.45852661132812
62,1594,1,2,0.132,119.08078002929688
24,493,3,1,0.088,125.33390045166016
52,1402,3,2,0.132,118.49024200439453
44,786,2,3,0.01200000000000001,138.05804443359375
11,159,2,2,0.132,140.83978271484375
105,908,0,1,0.088,144.9883575439453
3,1872,3,1,0.04622182953200141,151.40892028808594
107,1413,0,1,0.088,124.6123046875
58,1046,0,2,0.132,126.0677719116211
115,1137,0,2,0.132,132.39999389648438
105,179,2,1,0.088,131.32786560058594
77,1634,2,1,0.088,117.50836181640625
52,1465,3,2,0.132,110.89873504638672
24,1648,3,1,0.088,123.50054168701172
105,1423,1,1,0.088,141.85899353027344
52,1675,3,3,0.154,109.58290100097656
48,1969,1,1,0.088,132.56336975097656
102,1144,3,1,0.088,138.52903747558594
27,18,1,2,0.132,115.63247680664062
33,1059,1,2,0.132,127.3032455444336
113,1201,1,1,0.088,124.94883728027344
58,1095,2,1,0.088,125.83617401123047
0,258,0,3,0.1,117.33564758300781
89,1332,3,2,0.132,148.42784118652344
27,767,2,1,0.088,116.48890686035156
28,1936,1,1,0.088,109.49082946777344
21,576,1,1,0.025757406985446762,
59,1933,1,2,0.132,114.03936004638672
8,901,2,0,0.003880815995268988,125.13526916503906
107,994,3,3,0.154,124.20215606689453
52,1280,0,1,0.088,115.96705627441406
83,670,2,2,0.132,121.12739562988281
3,1380,1,2,0.132,150.60272216796875
92,799,0,1,0.088,132.8783416748047
18,1084,0,2,0.132,123.05037689208984
33,299,1,1,0.088,124.50776672363281
92,1985,1,2,0.132,128.9812774658203
103,928,3,1,0.030158884942883712,137.9528045654297
74,934,1,2,0.132,134.19151306152344
3,51,0,2,0.132,149.92904663085938
24,607,3,2,0.132,122.91295623779297
38,1339,3,2,0.132,127.73104858398438
53,359,0,2,0.132,
34,1251,1,2,0.132,112.91914367675781
105,1859,3,1,0.088,137.30618286132812
74,1783,0,1,0.088,141.24212646484375
15,141,2,1,0.05567132574615455,132.33380126953125
112,224,2,2,0.132,122.56635284423828
13,1226,1,0,0.08461036653608041,120.48226928710938
33,910,2,1,0.088,124.88729858398438
16,1067,0,1,0.088,138.49380493164062
52,833,2,1,0.088,111.75553131103516
97,798,2,3,0.154,127.44629669189453
33,474,3,1,0.088,121.36383056640625
31,421,0,1,0.088,128.1971893310547
112,93,3,1,0.088,121.39998626708984
23,306,1,1,0.088,108.73906707763672
70,699,2,1,0.088,119.8263168334961
0,932,1,2,0.132,120.03890991210938
52,1161,0,1,0.088,125.23563385009766
52,541,3,1,0.088,114.38414001464844
22,1012,0,2,0.03837573798494237,142.7601776123047
19,1721,2,3,0.11282703253669428,124.97254943847656
52,1243,1,3,0.1,114.40888977050781
77,1420,2,2,0.003575664533966294,119.05506896972656
74,2004,2,3,0.154,131.59996032714844
16,98,2,1,0.088,129.21205139160156
3,1611,0,2,0.132,145.66856384277344
24,1974,2,1,0.088,123.4227523803711
23,1428,0,1,0.088,126.58661651611328
95,1646,0,1,0.088,135.58953857421875
32,558,2,2,0.132,129.41836547851562
85,1052,0,2,0.132,115.4173812866211
74,1294,0,3,0.01200000000000001,135.21688842773438
62,240,2,2,0.132,118.71685791015625
30,777,2,3,0.035558921321381165,112.11457061767578
48,1687,2,2,0.132,131.5557861328125
92,1659,1,1,0.088,129.94183349609375
42,648,1,1,0.088,124.9762191772461
52,1391,0,0,0.154,111.52420806884766
11,391,0,1,0.04487513744287522,135.02073669433594
23,1911,2,2,0.132,103.0909423828125
93,1506,1,1,0.088,115.3077621459961
58,810,3,2,0.132,126.07738494873047
95,126,3,3,0.03178769908451637,129.99114990234375
4,1027,3,3,0.011208748246893718,120.92668151855469
46,1961,0,3,0.1,122.35499572753906
33,1008,1,1,0.088,124.98699188232422
36,1643,1,2,0.132,128.31716918945312
82,100,2,3,0.01200000000000001,131.85594177246094
24,475,2,1,0.088,124.61547088623047
54,1541,1,0,0.02243717980246729,122.4891128540039
89,85,0,1,0.088,147.51055908203125
8,1975,0,1,0.088,127.71907043457031
74,1999,3,3,0.154,132.97715759277344
75,18,1,0,0.028041047677688738,122.32215118408203
16,175,3,2,0.132,132.65737915039062
80,448,0,1,0.06564040457213913,104.89043426513672
105,64,3,1,0.088,132.6448211669922
99,922,1,0,0.14320823216486295,
82,22,2,3,0.154,129.50833129882812
49,1463,3,2,0.132,118.07513427734375
93,1816,1,3,0.1,115.24203491210938
88,1793,3,1,0.088,134.443359375
93,971,1,1,0.088,115.72610473632812
25,580,3,1,0.06736764236097861,142.3682403564453
107,931,2,2,0.132,127.91968536376953
82,330,2,2,0.132,134.62782287597656
89,919,3,1,0.088,147.05455017089844
88,1433,2,1,0.088,131.51849365234375
82,960,3,3,0.154,129.9214324951172
33,1422,1,1,0.051765111509231715,125.82379913330078
16,79,2,2,0.132,138.29283142089844
97,97,1,3,0.1,129.30189514160156
70,1688,3,2,0.132,117.73856353759766
92,1758,0,2,0.132,138.0644073486328
66,1375,0,1,0.088,131.9874725341797
0,1384,0,3,0.06692960872232212,117.0033950805664
61,1330,3,2,0.132,141.5262451171875
107,1645,3,3,0.154,124.55036163330078
74,1799,0,2,0.132,145.28298950195312
77,1693,3,2,0.026773370925552875,118.93521881103516
0,289,1,2,0.007570142428816151,117.00543212890625
1,521,3,1,0.088,125.49390411376953
4,1694,3,2,0.132,134.3686065673828
89,1103,1,1,0.088,143.0882568359375
8,632,0,3,0.154,125.59623718261719
36,1001,3,2,0.132,126.90464782714844
22,1267,3,3,0.01200000000000001,136.41673278808594
93,184,0,2,0.132,118.14990997314453
28,319,2,1,0.088,106.76277923583984
87,1540,1,0,0.0645526919826307,125.66931915283203
71,1779,0,2,0.132,134.48866271972656
33,1459,3,2,0.055282589265506665,123.2021255493164
62,1605,3,1,0.088,122.32852172851562
52,1338,0,1,0.088,113.72921752929688
49,730,3,2,0.132,116.5448226928711
32,22,1,2,0.132,129.44215393066406
92,1004,0,3,0.13637918791157802,127.17374420166016
14,1396,2,3,0.1,133.37049865722656
40,1561,3,3,0.006767589333237359,148.09722900390625
0,1626,1,0,0.024790519040253145,114.48916625976562
0,1284,2,1,0.088,118.5784912109375
16,1091,0,2,0.132,141.53334045410156
89,1885,1,3,0.00176088002500277,132.32723999023438
84,401,0,3,0.13333888735188318,110.9894027709961
93,1717,1,1,0.002767235514540667,116.96266174316406
82,571,3,2,0.132,132.27288818359375
97,1023,2,3,0.1,129.34376525878906
43,1540,0,2,0.132,121.15424346923828
52,1710,1,2,0.132,120.54310607910156
52,1937,1,1,0.088,113.63845825195312
70,985,2,3,0.154,119.03323364257812
32,1655,0,1,0.088,123.6617431640625
97,1691,3,2,0.018901650883632604,133.75352478027344
31,1782,2,1,0.046390005225741854,120.04502868652344
68,1503,0,1,0.088,142.24984741210938
16,1494,1,2,0.132,138.017578125
62,888,0,1,0.088,119.53306579589844
52,1099,0,2,0.132,125.83338165283203
36,759,3,1,0.088,128.41152954101562
71,238,0,1,0.088,136.8934326171875
66,1186,2,2,0.132,129.78236389160156
74,1617,0,2,0.132,146.28355407714844
62,1655,2,0,0.03247100249267232,114.1958236694336
8,1235,2,1,0.088,128.80894470214844
71,103,0,2,0.132,139.6267852783203
10,631,2,3,0.10305563282578359,122.96407318115234
28,1444,1,1,0.088,125.94300079345703
97,1721,2,3,0.04117296746330572,127.05683898925781
44,164,1,2,0.132,137.21603393554688
34,66,3,3,0.154,112.91914367675781
30,859,3,1,0.088,117.45056915283203
56,369,1,1,0.010765871580366543,124.55613708496094
44,786,0,2,0.132,138.05804443359375
71,1393,0,1,0.088,137.13072204589844
85,1567,0,2,0.09652803113331493,114.00334930419922
32,57,0,1,0.088,128.3669891357422
57,16,1,3,0.06163114670503134,127.61872863769531
70,997,3,1,0.03933022414285284,121.35444641113281
105,490,0,1,0.008550140517220722,139.704345703125
38,933,0,1,0.088,124.18921661376953
102,648,2,3,0.1,135.5665283203125
33,1747,0,0,0.154,115.68480682373047
52,1561,2,1,0.088,116.0399169921875
67,546,3,1,0.03346634410102381,133.0751495361328
107,152,3,3,0.03354597258017089,123.06675720214844
95,1682,3,1,0.088,135.42185974121094
36,1282,1,1,0.008018917032186185,124.82917785644531
88,1723,3,3,0.01375112259126074,129.01968383789062
44,1157,0,1,0.088,137.33468627929688
62,19,2,2,2.6528716530860308e-05,127.2640380859375
25,857,3,2,0.132,128.212646484375
16,255,2,0,0.154,124.69855499267578
110,1427,0,2,0.132,114.03286743164062
32,1400,3,2,0.132,131.4143829345703
7,1273,0,3,0.044995536008739206,133.5742645263672
11,159,0,1,0.088,140.83978271484375
28,347,2,1,0.088,110.48572540283203
93,781,2,2,0.132,115.86947631835938
82,766,3,3,0.13687681288637807,130.58534240722656
43,423,2,3,0.154,120.51534271240234
93,609,0,2,0.015060613442735793,116.8697509765625
105,1708,2,2,0.10755567215862039,139.7928924560547
32,249,0,2,0.132,124.26079559326172
105,179,0,0,0.154,131.32786560058594
74,1252,3,3,0.154,131.67596435546875
52,1465,1,1,0.088,110.89873504638672
87,1145,3,2,0.132,125.43084716796875
95,1866,1,1,0.088,132.84616088867188
32,674,0,1,0.088,128.83421325683594
28,206,2,1,0.088,108.41876220703125
52,980,0,2,0.132,112.97105407714844
89,755,2,2,0.132,140.21807861328125
63,650,1,2,0.132,126.59700012207031
48,1568,1,2,0.132,131.47488403320312
8,369,3,2,0.132,125.75128936767578
52,877,3,0,0.154,110.40229034423828
83,958,3,3,0.154,
69,1540,3,3,0.1333550294070838,129.03858947753906
92,1267,0,1,0.088,128.75852966308594
82,1169,2,2,0.132,139.19876098632812
99,116,2,1,0.023325210644304928,127.26707458496094
89,1082,2,2,0.132,146.34326171875
4,748,2,1,0.024448674461819114,123.77698516845703
24,991,2,2,0.132,124.64872741699219
67,232,3,2,0.06301973946240669,124.9438247680664
112,1032,0,2,0.010883135749188977,125.36492919921875
48,1145,3,3,0.154,124.71138763427734
24,607,1,1,0.088,122.91295623779297
59,2026,3,0,0.0057906376976018525,125.88616180419922
28,1298,0,3,0.006761055338457889,125.75482177734375
102,372,3,2,0.132,141.55303955078125
94,976,2,2,0.132,128.10240173339844
92,1832,1,3,0.01200000000000001,128.66969299316406
62,2024,1,2,0.0688581030647244,117.62643432617188
107,1470,1,1,0.088,125.55044555664062
0,1162,2,3,0.07649294671454068,118.20516204833984
16,337,1,3,0.08978170521998621,131.59617614746094
0,284,1,1,0.088,120.22148132324219
0,679,0,2,0.132,121.99736022949219
74,521,3,0,0.0745286140414419,131.6038360595703
52,207,3,1,0.088,124.88583374023438
85,348,1,1,0.088,113.74468994140625
28,780,0,1,0.088,133.98544311523438
11,1113,3,1,0.06257428808287516,135.55572509765625
7,1936,3,0,0.048038993700396965,125.05772399902344
15,1370,2,1,0.088,133.263671875
16,1868,0,3,0.154,130.59153747558594
95,988,1,2,0.132,135.39410400390625
36,592,2,2,0.132,128.6049041748047
8,1706,1,3,0.01200000000000001,127.01868438720703
77,1420,0,1,0.088,119.05506896972656
95,1570,0,1,0.088,131.1246337890625
43,505,2,2,0.132,121.37511444091797
61,1226,3,0,0.05687988936391959,130.1400604248047
18,1299,3,2,0.132,125.17724609375
92,1832,2,1,0.088,128.66969299316406
4,569,2,1,0.088,121.78309631347656
71,589,0,2,0.132,137.77935791015625
48,1687,0,1,0.088,131.5557861328125
32,1901,3,2,0.132,127.85045623779297
10,995,0,3,0.1,124.14836883544922
92,852,3,1,0.088,128.0980682373047
15,650,3,3,0.1348073269231603,129.66458129882812
51,997,1,2,0.002526039386772816,120.31407928466797
4,1027,1,2,0.132,120.92668151855469
58,1070,0,3,0.1,125.97569274902344
95,1134,1,1,0.0020270203830424216,133.59463500976562
36,1977,2,1,0.088,125.32139587402344
77,1348,3,2,0.132,118.19152069091797
23,34,1,2,0.132,108.23191833496094
59,1631,3,1,0.088,124.05435180664062
105,1149,2,2,0.132,130.47317504882812
28,850,1,3,0.01200000000000001,125.78490447998047
24,1202,2,2,0.132,127.7676010131836
15,1729,2,1,0.088,131.79469299316406
70,722,1,2,0.132,118.48468017578125
16,175,1,1,0.088,132.65737915039062
70,1688,1,1,0.088,117.73856353759766
77,1655,3,0,0.08516066524841698,113.22098541259766
43,1254,3,3,0.154,121.11101531982422
36,432,3,3,0.1,124.52709197998047
0,184,1,2,0.132,119.88111877441406
52,1954,1,1,0.088,110.34359741210938
38,1463,3,0,0.06644606525111935,123.50113677978516
112,1211,2,1,0.088,117.7302017211914
4,1621,0,1,0.05431429030181914,123.49068450927734
3,1736,0,3,0.154,144.87646484375
97,44,1,1,0.088,129.64683532714844
42,1573,1,3,0.010526470853106373,123.62488555908203
105,1152,2,2,0.132,132.8730010986328
8,756,3,2,0.132,132.58050537109375
71,1642,3,2,0.132,138.83909606933594
44,792,2,2,0.132,137.5310821533203
52,710,2,1,0.088,116.77137756347656
52,936,3,3,0.1,114.86834716796875
62,505,2,0,0.154,115.80318450927734
107,1645,1,2,0.132,124.55036163330078
71,391,3,2,0.132,135.4088134765625
109,1704,0,2,0.132,108.84254455566406
56,545,1,3,0.06650203109363897,124.99694061279297
23,750,2,2,0.132,105.95929718017578
93,1876,1,1,0.088,116.03050994873047
71,1545,2,0,0.154,125.43894958496094
52,92,0,1,0.088,114.4842758178711
24,1707,2,1,0.088,125.15516662597656
82,571,1,1,0.088,132.27288818359375
94,430,2,3,0.10588254061877536,121.84188842773438
109,1130,1,3,0.13479473193005817,111.07571411132812
115,1938,2,2,0.132,131.960205078125
92,17,2,3,0.08661810027438285,128.3962860107422
31,1782,0,0,0.10125166659540238,120.04502868652344
61,496,1,3,0.1,133.642333984375
32,822,3,3,0.154,125.60336303710938
89,445,2,2,0.132,141.5133819580078
105,2012,3,2,0.132,147.9235382080078
16,1409,2,1,0.088,139.1002655029297
37,96,2,1,0.088,
82,1676,2,2,0.132,134.11521911621094
52,1229,3,3,0.154,111.8994140625
33,1361,0,2,0.132,129.86859130859375
33,401,2,0,0.151100969915369,115.78392028808594
59,885,0,3,0.1,138.8170623779297
91,777,1,3,0.12476554787861885,122.40092468261719
18,427,1,2,0.132,127.44562530517578
31,1174,2,1,0.088,116.35623931884766
16,575,2,3,0.154,130.64926147460938
97,795,0,0,0.154,127.28839874267578
28,315,2,1,0.088,106.22738647460938
16,1739,2,1,0.088,130.59495544433594
8,1132,1,3,0.1,125.74528503417969
102,453,3,0,0.154,
24,1541,3,2,0.132,104.03678131103516
56,18,1,3,0.009205255498646786,120.46205139160156
115,1141,2,1,0.0029097998310922135,128.27146911621094
97,1413,0,3,0.154,127.59320068359375
97,1967,1,2,0.132,129.8330535888672
99,862,1,1,0.088,125.85360717773438
102,1467,2,1,0.088,137.88986206054688
74,1429,2,2,0.132,135.6409149169922
25,857,1,1,0.088,128.212646484375
89,495,1,1,0.088,143.6575927734375
66,529,1,3,0.154,124.72270965576172
23,1843,3,1,0.088,110.45948028564453
3,614,3,3,0.154,144.80352783203125
63,126,3,1,0.044413745758099615,128.8238067626953
88,1336,0,1,0.088,133.83050537109375
70,659,0,1,0.007178118774558512,117.70347595214844
112,152,2,1,0.03668817763556401,117.5167236328125
16,902,2,3,0.154,130.62660217285156
82,1511,1,3,0.154,129.96023559570312
87,1145,1,1,0.088,125.43084716796875
95,847,3,2,0.132,138.66896057128906
95,182,2,3,0.1,128.81419372558594
46,1414,2,1,0.088,125.1397476196289
3,1193,2,1,0.088,147.61444091796875
89,2009,0,2,0.132,146.02102661132812
62,19,0,1,0.088,127.2640380859375
32,1105,2,1,0.088,123.23688507080078
48,1238,2,2,0.132,131.51393127441406
28,149,3,2,0.0079404224917341,126.65870666503906
97,1721,1,0,0.09793002095757372,127.05683898925781
48,1420,0,3,0.09073106384733878,129.30145263671875
44,1889,0,1,0.088,138.0310516357422
63,530,2,3,0.10416610463412118,124.29434967041016
57,1022,2,2,0.132,127.14064025878906
61,1194,2,1,0.088,133.6304168701172
82,1411,3,1,0.088,134.3938446044922
58,1606,0,2,0.132,126.03926849365234
32,486,2,1,0.088,130.81932067871094
24,991,0,1,0.088,124.64872741699219
59,1795,0,2,0.132,132.4958953857422
46,223,2,0,0.154,121.37569427490234
24,1513,2,1,0.088,127.50452423095703
92,1595,3,1,0.088,128.255615234375
97,1442,3,2,0.132,130.96649169921875
56,767,3,0,0.10308225343021266,120.9582290649414
97,1669,3,1,0.088,129.59967041015625
16,1106,0,1,0.088,136.03997802734375
32,524,0,2,0.132,130.3231964111328
42,1467,3,1,0.016190366442414228,128.49769592285156
8,369,1,1,0.07723412841963345,125.75128936767578
79,718,0,1,0.088,150.7630615234375
22,1931,0,2,0.13029405920948725,150.3184814453125
56,1344,0,2,0.132,125.71691131591797
92,1110,2,2,0.132,128.255615234375
83,958,1,2,0.132,
95,728,0,1,0.088,134.49842834472656
1,530,3,2,0.132,124.5787353515625
61,1524,2,1,0.088,133.6315460205078
61,1723,0,1,0.042685880067921206,133.6435089111328
18,1655,3,0,0.06883933475158302,115.6382827758789
52,868,3,2,0.132,115.0723876953125
51,1627,3,1,0.088,121.17086029052734
77,1759,0,1,0.088,118.9220199584961
24,1417,1,1,0.088,123.20803833007812
75,350,0,1,0.088,125.70026397705078
112,1512,3,1,0.088,121.16969299316406
52,1641,1,1,0.088,112.84413146972656
92,99,3,1,0.088,129.5775909423828
30,351,0,2,0.10700422759302208,124.1833724975586
52,484,2,1,0.088,116.0594253540039
0,1876,1,3,0.1,118.05304718017578
66,1745,2,3,0.154,124.75308990478516
70,80,2,2,0.12439457980030752,121.926025390625
59,473,1,2,0.132,127.71610260009766
58,641,2,0,0.154,122.6120834350586
16,1715,2,1,0.088,131.66139221191406
67,1315,3,3,0.154,123.85943603515625
88,531,3,2,0.132,130.9765167236328
80,169,3,0,0.025465204610539985,102.01465606689453
59,557,1,2,0.132,144.07534790039062
18,1299,1,1,0.088,125.17724609375
52,1493,2,2,0.132,117.21272277832031
71,845,0,3,0.1,136.5570831298828
74,256,1,2,0.132,139.3878173828125
97,1340,3,0,0.154,127.10184478759766
82,741,3,2,0.132,134.1942596435547
85,1704,3,0,0.024182005134828044,111.96847534179688
82,501,2,1,0.06342650257959206,139.3131561279297
17,591,0,1,0.009463340988252106,131.45623779296875
66,123,2,2,0.132,130.14048767089844
93,730,2,1,0.04225158359163167,113.01606750488281
54,356,3,3,0.1090338914913819,135.47239685058594
66,1069,2,2,0.132,133.51194763183594
52,1373,3,1,0.088,125.73682403564453
52,482,3,1,0.088,114.0463638305664
4,1573,1,2,0.132,122.0376205444336
107,223,2,3,0.154,123.76400756835938
53,836,1,2,0.0694726949584652,133.88380432128906
46,14,1,2,0.132,126.18848419189453
58,478,3,1,0.088,126.62586975097656
24,1510,0,2,0.132,125.95013427734375
32,1901,1,1,0.08545802318018875,127.85045623779297
89,1455,2,2,0.132,145.4037322998047
48,1299,1,3,0.01200000000000001,131.1255340576172
13,152,3,2,0.029949735618692852,123.4758071899414
93,932,0,1,0.088,118.2464370727539
20,688,0,2,0.132,151.7023162841797
24,1720,0,3,0.154,121.43627166748047
56,995,2,2,0.132,124.78169250488281
52,1766,0,2,0.132,111.18428039550781
68,1184,0,3,0.1144537284128177,132.22494506835938
63,467,1,2,0.132,128.60682678222656
42,456,2,3,0.009267500732617062,124.72962951660156
43,1117,3,1,0.088,123.52989959716797
92,2006,2,3,0.01200000000000001,128.3962860107422
58,1046,2,2,0.132,126.0677719116211
26,733,2,1,0.008057909369920846,126.5064926147461
62,553,3,3,0.12457521637042504,117.87826538085938
82,1921,0,1,0.088,132.80160522460938
52,1021,0,1,0.088,113.99590301513672
44,315,3,0,0.036864557388835706,126.90003204345703
59,0,0,2,0.132,149.0017547607422
24,1869,0,2,0.132,126.30242156982422
77,1356,3,2,0.132,121.5615005493164
67,365,1,1,0.039118672349199246,123.66497802734375
91,190,0,2,0.132,132.81614685058594
16,1220,3,1,0.088,140.44944763183594
23,47,1,1,0.088,102.72364807128906
23,938,3,2,0.132,113.87184143066406
46,363,2,3,0.1,122.91857147216797
84,1567,0,1,0.08263852802768276,111.13727569580078
71,391,1,1,0.088,135.4088134765625
56,116,1,3,0.154,121.9650650024414
16,312,1,2,0.132,138.6106719970703
8,1979,0,1,0.088,130.64840698242188
0,258,2,3,0.1,117.33564758300781
16,1031,1,3,0.1,133.281005859375
24,1720,1,1,0.088,121.43627166748047
24,998,3,1,0.088,128.33494567871094
105,253,2,1,0.088,139.690185546875
97,528,0,2,0.132,129.3751678466797
89,837,0,2,0.132,147.82432556152344
24,1250,0,2,0.132,125.26699829101562
59,1255,2,0,0.154,123.40805053710938
52,414,0,2,0.132,116.36569213867188
4,166,3,3,0.154,120.56815338134766
24,1811,3,1,0.088,128.62359619140625
48,782,2,3,0.01200000000000001,130.6522979736328
95,2022,1,3,0.1,129.2834014892578
23,2002,1,2,0.132,103.55958557128906
24,106,0,2,0.132,134.95428466796875
0,574,0,2,0.132,120.28347778320312
46,1752,3,2,0.132,126.3777084350586
88,437,0,2,0.03389732284610314,134.7291717529297
105,1814,1,2,0.132,133.7852325439453
51,699,0,3,0.02258554801266957,118.86729431152344
24,139,1,0,0.154,103.18280792236328
16,1491,1,1,0.088,138.94540405273438
67,933,0,2,0.132,130.91607666015625
97,1085,0,1,0.088,129.2913818359375
97,21,2,1,0.088,129.90463256835938
83,817,3,2,0.132,128.6211700439453
77,1634,3,2,0.132,117.50836181640625
56,1501,1,2,0.132,124.46449279785156
19,798,2,2,0.132,125.39561462402344
89,95,3,2,0.132,149.51170349121094
59,1915,3,2,0.132,119.300048828125
109,401,3,3,0.02855245484811683,111.2332534790039
32,822,1,2,0.132,125.60336303710938
82,10,1,2,0.132,135.93405151367188
66,156,2,1,0.034661896216553884,125.5184326171875
52,1572,0,2,0.132,107.89373779296875
16,1851,2,1,0.088,138.11293029785156
62,2017,0,2,0.132,129.9738006591797
28,315,0,0,0.0663695482832643,106.22738647460938
13,1226,1,3,0.154,120.48226928710938
110,43,2,1,0.088,115.72345733642578
102,772,3,1,0.088,140.0235595703125
106,1062,3,1,0.088,141.06048583984375
27,767,3,2,0.08081141338700953,116.48890686035156
53,359,3,0,0.154,
77,1363,0,2,0.132,120.9373779296875
57,896,0,2,0.049814226717062704,126.86101531982422
69,251,0,2,0.03120479384039021,143.07058715820312
105,1619,0,2,0.132,134.796142578125
115,1852,1,1,0.088,126.32865142822266
25,1239,1,2,0.132,142.0098419189453
92,1289,0,1,0.088,127.37828826904297
113,1770,2,1,0.088,126.32394409179688
22,1624,3,3,0.01200000000000001,136.23753356933594
62,2031,2,3,0.1189503370502242,119.36746978759766
34,1545,0,1,0.022089907315446855,113.27659606933594
53,359,1,3,0.154,
52,823,1,2,0.132,115.40406799316406
88,1653,1,2,0.132,132.91854858398438
44,164,3,2,0.132,137.21603393554688
54,25,0,2,0.132,151.3863067626953
19,930,2,3,0.154,125.40093231201172
32,1542,0,2,0.132,131.0465850830078
16,1972,3,2,0.132,131.34901428222656
97,1507,0,1,0.088,129.354248046875
74,1213,2,3,0.154,132.210205078125
52,833,3,2,0.132,111.75553131103516
82,71,2,2,0.132,133.4863739013672
106,444,1,1,0.088,140.1685028076172
52,1229,2,0,0.154,111.8994140625
59,1933,2,3,0.154,114.03936004638672
75,116,1,1,0.06999009095569506,124.37731170654297
33,492,0,2,0.132,128.03990173339844
16,1400,3,1,0.088,131.7113037109375
11,860,3,3,0.1,135.3519287109375
92,799,1,2,0.06464337775175022,132.8783416748047
52,1391,0,3,0.154,111.52420806884766
61,1190,1,3,0.1,133.6339874267578
52,1176,1,2,0.132,112.55447387695312
92,185,0,2,0.132,132.49490356445312
61,1408,1,1,0.088,135.23831176757812
62,630,2,1,0.088,119.26226806640625
34,1251,2,3,0.154,112.91914367675781
93,374,0,2,0.132,120.01189422607422
74,1294,3,1,0.088,135.21688842773438
15,530,0,0,0.154,127.52360534667969
62,1166,3,1,0.088,127.26758575439453
24,1014,3,2,0.132,123.14542388916016
102,187,0,2,0.132,146.73594665527344
106,1238,2,1,0.036952763215016504,139.05491638183594
71,2001,0,2,0.132,137.4637451171875
25,409,0,1,0.088,145.30503845214844
99,320,1,1,0.043806137050194066,132.7642059326172
3,617,1,2,0.132,148.67442321777344
51,156,2,1,0.05333810378344611,121.11630249023438
3,602,1,2,0.132,145.33192443847656
62,240,3,3,0.154,118.71685791015625
91,1433,3,2,0.132,127.71246337890625
36,1848,0,1,0.04775857237888376,124.71561431884766
30,165,1,3,0.0634588941329027,110.67765808105469
70,80,0,1,0.088,121.926025390625
54,1779,3,3,0.05356034472530996,135.51866149902344
59,1410,3,1,0.088,150.5833282470703
29,253,0,1,0.03141617897920915,124.59071350097656
112,405,1,1,0.088,118.89717102050781
77,983,3,2,0.132,118.82787322998047
87,1540,3,0,0.06555568894945552,125.66931915283203
46,1114,0,3,0.1,123.41642761230469
33,606,0,1,0.088,121.33790588378906
93,346,3,2,0.132,114.6578369140625
42,648,2,2,0.11101742611632381,124.9762191772461
68,1032,3,1,0.087322426444436,138.9541473388672
23,625,3,2,0.132,129.48361206054688
23,581,0,1,0.088,109.01860809326172
0,1382,2,2,0.132,119.41303253173828
63,521,3,3,0.154,125.10698699951172
32,853,2,1,0.088,129.7819061279297
74,1909,1,1,0.088,137.8917694091797
33,993,1,2,0.132,126.28207397460938
93,1717,3,1,0.08433059448129959,116.96266174316406
70,1397,3,2,0.132,119.8997573852539
52,944,3,1,0.088,117.03491973876953
32,1655,2,1,0.088,123.6617431640625
31,1882,2,1,0.088,125.0190658569336
83,136,0,1,0.088,127.1736831665039
77,1172,3,3,0.154,116.88452911376953
52,1007,3,1,0.088,108.70890045166016
113,232,1,3,0.12024583480838072,122.65115356445312
0,293,0,2,0.132,123.59847259521484
70,779,1,2,0.132,120.42570495605469
66,1375,1,2,0.132,131.9874725341797
95,417,3,0,0.154,126.47764587402344
92,1004,3,1,0.088,127.17374420166016
93,730,0,0,0.11222821906888059,113.01606750488281
62,1043,0,1,0.088,119.8760757446289
24,1044,3,1,0.088,108.1099624633789
52,621,2,2,0.132,121.15032196044922
85,1567,2,2,0.132,114.00334930419922
6,1580,0,2,0.014602010520862352,121.7342529296875
43,90,0,1,0.088,125.09671020507812
46,1470,0,3,0.1,122.52423095703125
84,992,0,2,0.132,111.88735961914062
92,1240,1,1,0.088,129.37274169921875
53,253,3,1,0.014048279650869994,134.63729858398438
52,274,3,2,0.132,115.54942321777344
66,638,3,2,0.132,134.35658264160156
10,995,2,3,0.1,124.14836883544922
71,1183,0,3,0.1,135.33660888671875
16,794,3,1,0.088,143.50582885742188
0,416,3,2,0.132,122.853515625
92,1750,2,3,0.01200000000000001,128.55224609375
54,694,1,2,0.132,139.09214782714844
28,1426,3,1,0.088,128.86752319335938
42,710,2,3,0.10816505366041027,123.59185791015625
56,1797,3,2,0.132,123.69844055175781
38,415,0,2,0.132,139.0328369140625
33,1747,0,3,0.154,115.68480682373047
0,1316,1,3,0.1,118.2163314819336
28,319,3,2,0.132,106.76277923583984
36,536,2,2,0.10529729710828661,125.06304931640625
52,1338,1,2,0.132,113.72921752929688
52,800,1,2,0.132,115.9950942993164
92,615,3,0,0.154,126.69939422607422
52,1845,2,2,0.132,111.25714111328125
16,255,2,3,0.09869292515942676,124.69855499267578
34,1165,2,2,0.132,125.01331329345703
71,238,1,2,0.132,136.8934326171875
74,380,0,1,0.088,136.81973266601562
77,1286,3,2,0.132,117.00041198730469
74,1942,1,0,0.018651757061441898,130.11325073242188
63,182,2,1,0.04497529299540204,127.56768798828125
77,1981,0,1,0.04500977916119009,120.03325653076172
32,1812,2,2,0.132,128.01446533203125
102,1080,1,1,0.088,136.82261657714844
77,782,2,2,0.11297999763871225,120.7154769897461
3,11,2,1,0.088,148.50527954101562
92,615,1,3,0.154,126.69939422607422
3,531,1,1,0.088,148.6453094482422
52,831,3,1,0.088,119.42169952392578
39,469,0,3,0.01200000000000001,125.45539093017578
15,819,0,2,0.132,130.83843994140625
107,223,1,0,0.007375774425218612,123.76400756835938
62,888,1,2,0.132,119.53306579589844
32,835,0,2,0.132,145.14834594726562
59,1915,1,1,0.088,119.300048828125
22,735,0,2,0.132,145.22488403320312
13,152,0,2,0.09933657839699434,123.4758071899414
52,651,2,1,0.088,110.28583526611328
113,365,3,0,0.03295310144039629,121.24214935302734
32,396,1,2,0.132,125.75038146972656
71,898,3,1,0.088,136.22947692871094
52,877,3,3,0.154,110.40229034423828
97,1553,0,1,0.088,129.82797241210938
30,1756,3,2,0.132,114.3449935913086
28,1298,2,3,0.01200000000000001,125.75482177734375
62,1594,0,2,0.132,119.08078002929688
88,1568,2,1,0.088,130.91050720214844
109,1130,3,3,0.1367156977422602,111.07571411132812
77,1634,1,1,0.088,117.50836181640625
46,135,3,1,0.088,125.76868438720703
42,282,3,1,0.088,127.84058380126953
59,2026,3,3,0.154,125.88616180419922
3,628,3,1,0.088,148.63876342773438
43,147,3,1,0.088,123.61209106445312
33,1059,0,2,0.132,127.3032455444336
89,88,3,2,0.132,144.98692321777344
0,693,0,3,0.1,117.3631362915039
74,311,3,2,0.132,145.46429443359375
58,1095,1,1,0.088,125.83617401123047
28,347,3,2,0.132,110.48572540283203
27,767,1,1,0.088,116.48890686035156
21,1500,3,2,0.05565125804094251,130.07064819335938
21,862,3,1,0.012004029785446763,127.78551483154297
82,853,0,3,0.154,129.79232788085938
16,1972,1,1,0.088,131.34901428222656
93,289,1,1,0.088,115.07907104492188
113,764,3,2,0.132,128.03704833984375
105,179,1,1,0.088,131.32786560058594
44,1800,3,3,0.1,137.5310821533203
17,448,3,3,0.154,127.62286376953125
52,927,2,2,0.132,123.58746337890625
52,1026,3,2,0.132,118.7978515625
92,4,3,2,0.132,128.8118133544922
22,211,0,2,0.132,145.14501953125
19,795,0,3,0.031026516536694346,125.2228775024414
89,755,3,3,0.154,140.21807861328125
24,450,3,3,0.1,124.02645111083984
27,18,0,2,0.132,115.63247680664062
24,619,2,2,0.132,121.34288787841797
3,1283,1,2,0.132,151.802490234375
92,1985,0,2,0.132,128.9812774658203
3,713,0,1,0.028713686105321726,155.3379364013672
107,771,3,2,0.132,124.8428726196289
74,934,0,2,0.132,134.19151306152344
62,2031,0,2,0.132,119.36746978759766
38,1339,2,2,0.132,127.73104858398438
34,1251,0,2,0.132,112.91914367675781
105,1859,2,1,0.088,137.30618286132812
74,865,3,1,0.088,141.00088500976562
15,141,1,1,0.062049687666154624,132.33380126953125
92,1120,3,3,0.154,118.31332397460938
93,1525,1,1,0.088,115.00581359863281
59,23,2,3,0.08727164858455871,128.55213928222656
112,224,1,2,0.132,122.56635284423828
13,1226,0,0,0.1049422305360804,120.48226928710938
52,637,3,1,0.088,121.20697021484375
99,1691,3,2,0.07692696503796415,135.00254821777344
52,833,1,1,0.088,111.75553131103516
21,576,0,1,0.088,
16,1868,3,1,0.088,130.59153747558594
59,1933,0,2,0.132,114.03936004638672
110,661,1,1,0.088,115.03720092773438
15,5,3,2,0.132,130.68153381347656
30,135,0,1,0.0790915989060672,118.00969696044922
89,1382,1,1,0.028096630001330697,144.6583251953125
102,1615,2,2,0.132,138.79168701171875
110,641,1,3,0.154,114.7852783203125
24,454,2,0,0.154,101.93009185791016
82,1127,2,2,0.132,136.31854248046875
112,93,2,1,0.088,121.39998626708984
91,1432,0,3,0.02030092387861887,125.11605834960938
36,485,0,2,0.132,130.39788818359375
46,1057,3,1,0.03385276123368133,127.60257720947266
22,484,0,3,0.1,135.9404754638672
52,541,2,1,0.088,114.38414001464844
0,184,3,2,0.11986856121553535,119.88111877441406
16,367,3,2,0.132,140.95721435546875
77,1420,1,2,0.12880919314924194,119.05506896972656
62,202,3,1,0.088,120.06063079833984
23,134,1,2,0.132,126.48271179199219
52,1074,3,1,0.088,113.91722106933594
93,1360,0,2,0.132,130.80239868164062
89,1952,2,2,0.132,145.1626739501953
51,1018,0,0,0.154,
74,1580,2,3,0.154,131.71449279785156
31,499,2,1,0.088,122.70281219482422
32,558,1,2,0.132,129.41836547851562
62,240,1,2,0.132,118.71685791015625
30,777,1,3,0.02923445212138115,112.11457061767578
70,699,1,1,0.088,119.8263168334961
58,1070,3,1,0.088,125.97569274902344
92,1659,0,1,0.088,129.94183349609375
52,1728,0,2,0.132,115.09016418457031
112,1228,2,2,0.132,123.30136108398438
99,462,0,2,0.039175347601991956,139.01760864257812
31,1748,3,2,0.132,124.78679656982422
93,1506,0,1,0.088,115.3077621459961
38,1463,3,3,0.154,123.50113677978516
33,1008,0,1,0.088,124.98699188232422
82,100,1,3,0.01200000000000001,131.85594177246094
74,2004,1,3,0.154,131.59996032714844
94,704,0,0,0.154,121.43252563476562
4,569,3,2,0.06967659920123798,121.78309631347656
74,1999,2,3,0.13355044198819524,132.97715759277344
19,1347,1,2,0.132,128.46119689941406
16,175,2,2,0.132,132.65737915039062
63,341,0,2,0.132,128.81863403320312
17,1116,0,2,0.04288199422056649,133.69140625
93,346,1,1,0.088,114.6578369140625
42,648,0,1,0.088,124.9762191772461
99,922,0,0,0.154,
71,1545,2,3,0.154,125.43894958496094
3,1713,3,3,0.1,147.02337646484375
58,810,2,2,0.132,126.07738494873047
0,1382,0,1,0.088,119.41303253173828
45,1715,3,0,0.063,
93,971,0,1,0.088,115.72610473632812
36,1643,0,2,0.132,128.31716918945312
82,823,0,1,0.088,131.686279296875
107,562,0,1,0.06633013668117652,128.44171142578125
52,2016,1,1,0.088,115.55853271484375
0,609,3,2,0.08564990244823173,118.59825897216797
105,1149,3,3,0.154,130.47317504882812
52,1007,1,0,0.154,108.70890045166016
16,79,1,2,0.132,138.29283142089844
97,97,0,3,0.1,129.30189514160156
70,1688,2,2,0.132,117.73856353759766
105,64,2,1,0.088,132.6448211669922
82,392,3,2,0.132,134.10595703125
19,1340,3,3,0.10931648053752532,125.02093505859375
48,1981,0,3,0.1,130.1066131591797
93,1816,0,3,0.1,115.24203491210938
23,1044,1,1,0.03110156711105941,108.56903839111328
52,1760,3,1,0.088,116.52404022216797
33,401,2,3,0.034259524787797896,115.78392028808594
97,91,3,2,0.132,136.28135681152344
1,521,2,1,0.088,125.49390411376953
87,356,0,1,0.016647086313875487,129.4069061279297
82,960,2,3,0.154,129.9214324951172
28,319,1,1,0.088,106.76277923583984
82,524,3,3,0.154,130.2764129638672
102,453,3,3,0.154,
32,22,0,2,0.132,129.44215393066406
88,1854,3,1,0.088,131.1004638671875
58,1078,3,3,0.10065372778122458,124.6253890991211
62,477,1,2,0.132,121.75650787353516
15,507,1,2,0.132,131.41943359375
53,920,3,2,0.132,135.38690185546875
107,1645,2,3,0.10665911769913665,124.55036163330078
16,1409,3,2,0.132,139.1002655029297
77,536,3,2,0.132,121.22920989990234
11,1806,0,2,0.132,140.4302978515625
23,86,3,2,0.132,109.1586685180664
16,1545,1,1,0.088,124.85896301269531
97,1413,3,1,0.006411020326590217,127.59320068359375
25,1344,2,1,0.024958616257591798,139.10064697265625
82,571,2,2,0.132,132.27288818359375
68,1416,1,2,0.132,131.6280059814453
83,631,2,1,0.062144525139201295,121.1939468383789
66,2028,3,1,0.088,131.00221252441406
14,1144,3,2,0.12131561104410271,136.9856414794922
22,125,0,1,0.088,139.9590301513672
44,1889,2,1,0.088,138.0310516357422
74,1362,2,1,0.088,132.97715759277344
92,1165,2,1,0.088,126.65436553955078
37,96,3,2,0.132,
0,1284,1,1,0.088,118.5784912109375
77,1286,1,1,0.088,117.00041198730469
66,1186,1,2,0.132,129.78236389160156
32,145,3,2,0.132,126.53097534179688
46,931,0,3,0.01200000000000001,123.90172576904297
75,1184,0,2,0.132,125.80225372314453
10,631,1,3,0.034759665899553926,122.96407318115234
97,1721,1,3,0.020091403463305624,127.05683898925781
34,66,2,3,0.154,112.91914367675781
57,1790,3,1,0.088,126.96075439453125
31,705,0,3,0.01200000000000001,123.20901489257812
24,1603,3,2,0.132,125.0352783203125
28,1303,2,3,0.01200000000000001,125.78490447998047
112,230,3,2,0.132,116.66272735595703
16,1494,0,2,0.132,138.017578125
95,2022,3,3,0.1,129.2834014892578
16,1739,3,2,0.132,130.59495544433594
33,1781,3,2,0.132,124.13660430908203
36,1282,0,1,0.030414049942970478,124.82917785644531
62,154,1,1,0.06560076096890777,123.12361145019531
56,767,3,3,0.15268821399864677,120.9582290649414
52,1560,3,1,0.088,116.91202545166016
62,1117,1,0,0.154,117.52323913574219
88,1723,2,3,0.030567446546675578,129.01968383789062
85,777,2,1,0.012281774044621621,120.99513244628906
24,139,3,0,0.154,103.18280792236328
52,681,3,2,0.132,117.31963348388672
52,877,1,2,0.132,110.40229034423828
25,857,2,2,0.132,128.212646484375
16,255,1,0,0.154,124.69855499267578
28,347,1,1,0.088,110.48572540283203
59,473,3,2,0.132,127.71610260009766
95,340,3,3,0.01200000000000001,130.03944396972656
82,766,2,3,0.1,130.58534240722656
24,697,3,2,0.132,122.86732482910156
52,2032,1,2,0.132,117.62117767333984
74,1252,2,3,0.154,131.67596435546875
52,1465,0,1,0.088,110.89873504638672
87,1145,2,2,0.132,125.43084716796875
62,1625,3,1,0.088,119.21498107910156
3,1562,3,3,0.02276990972453352,148.0016326904297
49,1753,3,2,0.132,116.86788940429688
89,755,1,2,0.0985597838178971,140.21807861328125
82,321,3,1,0.088,136.3748779296875
16,1293,3,2,0.132,138.1072540283203
4,68,0,1,0.088,118.3462905883789
66,662,3,3,0.06855688218978823,125.6518325805664
89,88,1,1,0.088,144.98692321777344
16,1491,3,1,0.088,138.94540405273438
36,1078,3,1,0.088,123.63127899169922
63,650,0,2,0.132,126.59700012207031
25,113,3,2,0.132,143.81182861328125
38,1339,0,1,0.088,127.73104858398438
8,369,2,2,0.132,125.75128936767578
89,1332,0,1,0.088,148.42784118652344
30,1875,3,3,0.01200000000000001,114.59889221191406
32,1530,3,1,0.088,131.4494171142578
63,1397,2,3,0.03603093113624456,125.0770034790039
28,871,0,3,0.154,105.81856536865234
83,958,2,3,0.154,
4,1573,3,2,0.132,122.0376205444336
32,379,0,1,0.07880127621258401,131.42428588867188
16,334,2,0,0.0665974214501173,130.50479125976562
89,1082,1,2,0.132,146.34326171875
97,1340,3,3,0.044683519462474675,127.10184478759766
16,1620,3,2,0.132,124.46698760986328
24,450,1,2,0.132,124.02645111083984
32,766,1,2,0.132,130.71188354492188
16,1010,0,2,0.08395949206281289,156.25038146972656
48,1145,2,3,0.154,124.71138763427734
15,1481,2,1,0.088,134.75033569335938
48,1568,0,2,0.132,131.47488403320312
102,372,2,2,0.132,141.55303955078125
23,1301,3,2,0.132,118.76207733154297
24,74,2,2,0.132,128.78443908691406
69,1460,3,1,0.088,138.9309844970703
42,1080,3,1,0.088,126.8885726928711
51,456,3,1,0.088,121.81966400146484
62,2024,0,2,0.132,117.62643432617188
46,1136,2,2,0.132,125.57061004638672
82,1169,1,2,0.132,139.19876098632812
83,1407,3,1,0.088,128.44703674316406
52,1689,1,3,0.1,114.96037292480469
82,1127,0,1,0.088,136.31854248046875
11,1113,2,1,0.07873733005625239,135.55572509765625
0,1926,3,0,0.10882354042084622,115.41632843017578
71,263,0,0,0.08279437667841621,129.57611083984375
15,988,3,2,0.02669583491476385,137.69839477539062
57,860,3,1,0.088,128.44082641601562
89,951,2,1,0.088,144.8352508544922
32,1626,2,2,0.132,125.75038146972656
36,592,1,2,0.132,128.6049041748047
74,1005,3,2,0.132,136.4075164794922
24,1720,3,1,0.088,121.43627166748047
8,1706,0,3,0.1,127.01868438720703
36,1977,0,3,0.08363073600761847,125.32139587402344
43,505,1,2,0.132,121.37511444091797
61,1226,2,0,0.0714792972639196,130.1400604248047
18,1299,2,2,0.132,125.17724609375
17,1489,0,2,0.132,133.46987915039062
59,739,1,1,0.088,145.81541442871094
0,1579,2,1,0.088,120.5157470703125
52,288,1,1,0.088,108.25174713134766
4,569,1,1,0.087126890127005,121.78309631347656
66,1131,2,2,0.132,128.8333740234375
46,2014,3,2,0.132,130.42791748046875
61,385,1,1,0.088,133.62326049804688
77,30,1,1,0.088,118.33349609375
0,916,3,2,0.09842495473349738,121.3390121459961
110,641,0,0,0.154,114.7852783203125
92,852,2,1,0.088,128.0980682373047
24,1170,0,2,0.132,132.68695068359375
112,1228,0,1,0.088,123.30136108398438
15,1370,1,1,0.088,133.263671875
3,1713,1,2,0.132,147.02337646484375
16,1180,3,2,0.132,144.27061462402344
95,988,0,2,0.028523569415703387,135.39410400390625
59,1255,2,3,0.154,123.40805053710938
4,1027,0,2,0.132,120.92668151855469
26,1859,0,3,0.056412450511499096,125.06157684326172
107,1413,3,2,0.132,124.6123046875
59,1103,3,2,0.132,148.15960693359375
24,1147,3,3,0.154,122.84561157226562
23,34,0,2,0.132,108.23191833496094
105,1149,1,2,0.132,130.47317504882812
24,1202,1,2,0.132,127.7676010131836
77,924,3,2,0.053227488439155146,120.10166931152344
70,722,0,2,0.132,118.48468017578125
16,175,0,1,0.088,132.65737915039062
70,1688,0,1,0.088,117.73856353759766
67,1422,3,2,0.132,130.15176391601562
52,1543,2,2,0.132,114.68257904052734
30,298,3,1,0.088,115.61144256591797
49,1463,0,1,0.088,118.07513427734375
62,896,3,1,0.088,118.58523559570312
67,1840,2,1,0.088,126.37908935546875
58,1046,3,3,0.06960251812639381,126.0677719116211
92,1100,0,3,0.1,127.44430541992188
58,137,0,2,0.132,127.98724365234375
70,248,3,1,0.088,121.21420288085938
52,188,2,2,0.02000735487388061,126.22765350341797
0,609,1,1,0.088,118.59825897216797
28,1048,0,2,0.132,128.924560546875
59,1631,2,1,0.088,124.05435180664062
105,1152,1,2,0.132,132.8730010986328
71,1642,2,2,0.132,138.83909606933594
44,792,1,2,0.132,137.5310821533203
52,710,1,1,0.088,116.77137756347656
68,2002,3,0,0.154,117.34722900390625
52,936,2,3,0.1,114.86834716796875
92,1289,2,1,0.088,127.37828826904297
77,1655,2,0,0.003766330479007707,113.22098541259766
11,1468,2,2,0.132,136.38858032226562
61,1330,0,1,0.088,141.5262451171875
107,1645,0,2,0.132,124.55036163330078
110,1926,0,2,0.004559612594447149,116.31251525878906
37,340,3,2,0.132,129.10951232910156
34,1616,0,1,0.088,124.25190734863281
59,488,1,2,0.132,141.45706176757812
23,750,1,2,0.132,105.95929718017578
77,1693,0,1,0.0827951452896677,118.93521881103516
0,1504,0,2,0.132,122.84294891357422
71,1545,1,0,0.154,125.43894958496094
14,2020,0,3,0.154,132.66433715820312
97,21,3,2,0.132,129.90463256835938
4,1694,0,1,0.088,134.3686065673828
23,86,1,1,0.088,109.1586685180664
52,1768,3,1,0.088,116.28379821777344
16,1067,3,2,0.132,138.49380493164062
112,1211,1,1,0.088,117.7302017211914
58,790,1,1,0.088,127.84870910644531
52,94,1,1,0.088,113.03173828125
82,1530,1,3,0.08050592814203067,131.20611572265625
92,799,3,2,0.132,132.8783416748047
24,186,3,1,0.088,128.54954528808594
89,445,1,2,0.132,141.5133819580078
62,505,1,0,0.154,115.80318450927734
24,904,3,1,0.088,128.63856506347656
16,1409,1,1,0.088,139.1002655029297
82,1676,1,2,0.132,134.11521911621094
52,1161,3,2,0.132,125.23563385009766
8,1198,0,2,0.132,145.1238250732422
89,306,0,0,0.03647965810253767,132.44625854492188
52,1229,2,3,0.154,111.8994140625
82,46,1,2,0.132,132.77247619628906
112,629,3,2,0.132,116.9473648071289
82,571,0,1,0.088,132.27288818359375
14,1630,3,2,0.03508092627484416,137.5718994140625
88,528,3,3,0.0049673284873240076,128.91799926757812
3,1611,3,3,0.154,145.66856384277344
93,636,0,2,0.132,117.3006362915039
16,575,1,3,0.154,130.64926147460938
6,1756,2,2,0.039496820671440225,127.26175689697266
16,1739,1,1,0.088,130.59495544433594
52,539,3,2,0.132,114.0257797241211
37,96,1,1,0.088,
89,2013,0,2,0.132,149.66943359375
110,43,3,2,0.132,115.72345733642578
17,439,3,2,0.132,132.58995056152344
102,1467,1,1,0.088,137.88986206054688
25,857,0,1,0.088,128.212646484375
46,543,3,2,0.132,125.18949890136719
115,1223,0,2,0.132,126.63390350341797
89,495,0,1,0.0222518276273629,143.6575927734375
0,1421,1,2,0.132,120.96326446533203
66,529,0,3,0.154,124.72270965576172
1,985,2,2,0.023412949391094895,124.55547332763672
24,1603,1,1,0.088,125.0352783203125
112,152,1,1,0.008011856108017162,117.5167236328125
99,1277,3,1,0.088,135.26292419433594
31,1174,1,1,0.088,116.35623931884766
16,902,1,3,0.154,130.62660217285156
25,1042,3,2,0.132,144.3134307861328
36,1598,3,2,0.132,126.35950469970703
113,1770,3,2,0.132,126.32394409179688
110,1953,0,1,0.088,118.5645523071289
102,453,2,0,0.154,
3,1193,1,1,0.088,147.61444091796875
13,930,3,1,0.03557921325131122,124.87963104248047
7,841,2,3,0.02819023612263996,133.5414276123047
62,1058,3,1,0.088,122.56578063964844
28,1823,3,2,0.132,129.92921447753906
44,871,2,0,0.154,126.40484619140625
77,1849,2,2,0.132,116.3369369506836
48,1238,1,2,0.12378226989445235,131.51393127441406
32,337,1,2,0.132,129.88119506835938
61,1524,0,3,0.1,133.6315460205078
71,1576,1,1,0.07849312556569465,129.24546813964844
75,116,2,2,0.0831757678148326,124.37731170654297
3,614,2,3,0.154,144.80352783203125
24,697,1,1,0.088,122.86732482910156
59,1576,3,1,0.088,136.9058074951172
63,1866,3,1,0.0718393845379598,132.07614135742188
87,1145,0,1,0.088,125.43084716796875
16,914,2,1,0.088,138.77146911621094
57,1022,1,2,0.132,127.14064025878906
8,1618,1,2,0.132,128.6868896484375
87,929,2,3,0.12654965351168332,129.26699829101562
32,486,1,1,0.088,130.81932067871094
66,1696,3,2,0.132,133.54762268066406
0,2024,3,0,0.09787839882344557,115.59487915039062
59,1076,1,2,0.132,135.93972778320312
92,1595,2,1,0.088,128.255615234375
52,1162,3,2,0.132,118.1859130859375
8,369,0,1,0.088,125.75128936767578
82,1093,0,2,0.132,134.21722412109375
57,1790,0,1,0.088,126.96075439453125
92,1110,1,2,0.132,128.255615234375
6,1875,0,1,0.0216547059647981,127.27973175048828
8,901,3,0,0.154,125.13526916503906
83,958,0,2,0.132,
51,156,3,2,0.132,121.11630249023438
97,1259,1,2,0.132,129.62991333007812
87,1932,3,2,0.132,138.92385864257812
71,1779,3,3,0.10043965527469004,134.48866271972656
24,1263,1,2,0.132,124.50358581542969
82,1411,2,1,0.088,134.3938446044922
52,868,2,2,0.132,115.0723876953125
23,1885,2,0,0.154,108.67815399169922
52,1641,0,1,0.088,112.84413146972656
87,16,0,3,0.057042989294968705,129.91400146484375
52,484,1,1,0.088,116.0594253540039
66,1745,1,3,0.154,124.75308990478516
70,80,1,2,0.132,121.926025390625
32,903,1,3,0.154,124.1725845336914
58,641,1,0,0.154,122.6120834350586
66,659,2,0,0.07199095954854545,121.58262634277344
16,1715,1,1,0.088,131.66139221191406
42,911,2,1,0.088,129.57089233398438
68,525,3,2,0.132,139.92832946777344
105,165,3,3,0.0056582258372772365,133.09605407714844
0,1316,3,3,0.1,118.2163314819336
32,889,2,1,0.088,129.6898651123047
14,1567,0,0,0.09195445532494081,128.52069091796875
61,793,3,3,0.1,133.64122009277344
59,557,0,2,0.132,144.07534790039062
49,661,0,3,0.154,116.0782241821289
23,1885,0,3,0.154,108.67815399169922
23,306,2,1,0.088,108.73906707763672
52,1493,1,2,0.132,117.21272277832031
0,932,2,2,0.132,120.03890991210938
82,642,1,2,0.132,136.5513153076172
112,1512,2,1,0.088,121.16969299316406
33,1039,3,2,0.132,120.8282241821289
77,1257,3,1,0.088,119.83209991455078
74,256,0,2,0.132,139.3878173828125
97,1340,2,0,0.154,127.10184478759766
92,99,2,1,0.088,129.5775909423828
24,887,2,2,0.132,125.67606353759766
82,741,2,2,0.132,134.1942596435547
82,501,1,1,0.088,139.3131561279297
69,1930,0,3,0.154,132.07485961914062
0,1876,0,3,0.1,118.05304718017578
71,1183,3,1,0.088,135.33660888671875
67,1315,2,3,0.154,123.85943603515625
74,1005,1,1,0.088,136.4075164794922
16,98,3,1,0.088,129.21205139160156
71,1393,3,2,0.132,137.13072204589844
110,430,2,2,0.132,113.60810852050781
52,482,2,1,0.088,114.0463638305664
92,615,3,3,0.154,126.69939422607422
52,1098,1,1,0.088,117.78250122070312
18,1299,0,1,0.088,125.17724609375
62,888,3,2,0.132,119.53306579589844
89,36,0,2,0.132,147.8580780029297
66,1131,0,1,0.088,128.8333740234375
58,478,2,1,0.088,126.62586975097656
32,397,0,2,0.132,125.86174011230469
32,1901,0,1,0.088,127.85045623779297
23,1911,3,2,0.132,103.0909423828125
48,1299,0,3,0.1,131.1255340576172
33,1287,3,1,0.0337690701492315,130.462158203125
13,152,2,2,0.09878658985869249,123.4758071899414
67,1422,1,1,0.03623488849076828,130.15176391601562
0,1369,2,2,0.132,120.30306243896484
52,1543,0,1,0.088,114.68257904052734
52,1243,2,3,0.1,114.40888977050781
42,456,1,3,0.08672671873261709,124.72962951660156
0,145,3,0,0.029230627816337507,115.25313568115234
54,1541,2,0,0.06809096742905796,122.4891128540039
107,223,1,3,0.154,123.76400756835938
92,2006,1,3,0.1,128.3962860107422
58,1046,1,2,0.132,126.0677719116211
68,1344,1,1,0.088,135.12437438964844
77,1348,0,1,0.088,118.19152069091797
113,1951,0,2,0.132,125.44709777832031
44,1667,0,3,0.05283360258421893,137.72528076171875
44,315,2,0,0.11688428384578844,126.90003204345703
14,710,3,3,0.09171378839910471,132.7647705078125
77,1356,2,2,0.132,121.5615005493164
99,922,2,0,0.10428270284486293,
92,989,2,2,0.132,128.71408081054688
16,1220,2,1,0.088,140.44944763183594
46,363,1,3,0.1,122.91857147216797
56,116,0,3,0.154,121.9650650024414
34,255,2,2,0.132,112.91914367675781
16,312,0,2,0.132,138.6106719970703
92,1485,1,1,0.088,128.9812774658203
82,330,3,2,0.132,134.62782287597656
16,1031,0,3,0.1,133.281005859375
83,1551,0,2,0.132,128.54823303222656
59,1255,1,0,0.154,123.40805053710938
52,1695,3,1,0.088,116.566162109375
113,1656,1,2,0.132,101.03799438476562
3,500,0,3,0.154,145.1448974609375
3,531,2,2,0.00779925494767042,148.6453094482422
24,1918,0,1,0.088,122.43537139892578
52,188,0,1,0.088,126.22765350341797
97,1032,0,2,0.12111686425081103,133.97203063964844
97,97,2,3,0.1,129.30189514160156
4,166,2,3,0.154,120.56815338134766
49,591,2,2,0.132,122.65939331054688
69,1242,0,2,0.132,143.90509033203125
7,1991,2,2,0.04031395061403442,133.53944396972656
52,936,0,2,0.132,114.86834716796875
85,1747,3,1,0.02842066769782578,113.83522033691406
23,47,0,1,0.088,102.72364807128906
23,2002,0,2,0.132,103.55958557128906
23,938,2,2,0.132,113.87184143066406
11,1272,2,1,0.088,135.8681640625
52,1191,2,1,0.088,113.21483612060547
46,1752,2,2,0.132,126.3777084350586
58,1196,0,2,0.132,133.50393676757812
24,1864,0,2,0.132,131.89720153808594
93,1525,3,1,0.088,115.00581359863281
110,432,1,2,0.132,118.38339233398438
97,21,1,1,0.088,129.90463256835938
3,1199,3,1,0.088,149.8568115234375
85,659,0,1,0.08082188122544148,115.39497375488281
69,281,0,2,0.132,144.65896606445312
42,537,1,1,0.08543457260886603,130.4552001953125
110,661,3,1,0.088,115.03720092773438
19,798,1,2,0.132,125.39561462402344
52,1905,3,2,0.132,125.9395751953125
59,1915,2,2,0.132,119.300048828125
32,22,2,2,0.132,129.44215393066406
16,1697,2,2,0.132,140.31817626953125
89,518,3,2,0.132,145.2440948486328
66,722,1,0,0.08546973168561522,122.31620788574219
97,115,3,1,0.088,129.56483459472656
109,401,2,3,0.00902153626031893,111.2332534790039
97,1273,2,2,0.10879606199421799,129.48336791992188
32,822,0,2,0.132,125.60336303710938
82,10,0,2,0.132,135.93405151367188
16,1851,1,1,0.088,138.11293029785156
105,2012,0,1,0.088,147.9235382080078
52,1741,3,3,0.1,114.22257232666016
13,1226,0,3,0.154,120.48226928710938
110,43,1,1,0.088,115.72345733642578
16,1545,3,1,0.088,124.85896301269531
112,629,1,1,0.088,116.9473648071289
16,438,3,2,0.132,139.11532592773438
93,1944,3,1,0.088,114.08553314208984
16,67,0,1,0.088,138.2030792236328
32,249,2,1,0.088,124.26079559326172
18,693,0,2,0.132,124.8909683227539
77,1420,3,2,0.13154319394263359,119.05506896972656
39,165,0,0,0.003726264779004035,121.86800384521484
24,454,2,3,0.154,101.93009185791016
63,985,0,0,0.154,124.26631927490234
36,197,2,1,0.0015298470688457355,123.0203857421875
115,1852,0,1,0.088,126.32865142822266
25,1239,0,2,0.132,142.0098419189453
3,260,0,1,0.088,144.91055297851562
62,2031,1,3,0.1,119.36746978759766
19,930,1,3,0.154,125.40093231201172
16,1972,2,2,0.132,131.34901428222656
51,1018,0,3,0.154,
74,1213,1,3,0.154,132.210205078125
95,1570,3,2,0.132,131.1246337890625
3,614,0,2,0.132,144.80352783203125
3,1230,3,2,0.132,152.07374572753906
16,1400,2,1,0.088,131.7113037109375
24,1415,3,1,0.088,97.89253997802734
39,1318,0,1,0.088,131.2050323486328
15,1346,0,3,0.154,129.97227478027344
113,1770,1,1,0.088,126.32394409179688
8,1235,3,1,0.088,128.80894470214844
61,1408,0,1,0.08783034522384506,135.23831176757812
63,1699,1,1,0.088,126.42735290527344
33,1155,1,1,0.088,127.78056335449219
88,1653,0,2,0.05046473874535837,132.91854858398438
52,1402,2,1,0.088,118.49024200439453
24,1014,2,2,0.132,123.14542388916016
106,444,0,1,0.088,140.1685028076172
106,1238,1,1,0.05041819393501651,139.05491638183594
3,617,0,2,0.132,148.67442321777344
14,83,0,1,0.088,138.9224853515625
28,206,3,1,0.088,108.41876220703125
61,1534,0,2,0.132,137.87881469726562
48,1257,3,3,0.1,129.98362731933594
52,1176,0,2,0.132,112.55447387695312
59,1215,0,3,0.08619495224225376,139.73147583007812
16,1251,3,0,0.154,124.69855499267578
3,15,0,0,0.154,144.45852661132812
0,1717,2,1,0.088,118.86351776123047
30,165,0,3,0.038609848162870164,110.67765808105469
52,92,3,2,0.132,114.4842758178711
89,1189,0,1,0.088,146.95565795898438
52,1007,1,3,0.154,108.70890045166016
105,165,1,2,0.132,133.09605407714844
51,156,1,1,0.06564963657267783,121.11630249023438
107,994,2,2,0.132,124.20215606689453
31,499,3,2,0.132,122.70281219482422
77,983,2,2,0.132,118.82787322998047
52,1675,2,2,0.132,109.58290100097656
83,670,1,1,0.088,121.12739562988281
3,1380,0,1,0.088,150.60272216796875
4,748,3,1,0.05252422392075806,123.77698516845703
53,1313,2,3,0.07874747278189584,125.87103271484375
91,2003,3,3,0.154,122.52047729492188
92,284,3,1,0.07568010087797122,130.3267364501953
97,832,0,2,0.132,136.13668823242188
89,473,0,0,0.154,131.52232360839844
16,1857,0,2,0.132,144.66485595703125
46,917,0,2,0.132,131.14027404785156
23,625,2,2,0.132,129.48361206054688
32,853,1,1,0.088,129.7819061279297
74,1909,0,1,0.088,137.8917694091797
32,1031,1,2,0.132,131.99227905273438
70,1397,2,2,0.132,119.8997573852539
52,686,0,3,0.154,113.4040756225586
52,916,0,2,0.132,125.81197357177734
115,154,0,2,0.12159108388025752,128.27146911621094
102,282,0,3,0.01200000000000001,137.45289611816406
10,656,1,1,0.088,123.82403564453125
60,1825,3,3,0.05496411587014978,128.611572265625
77,1172,2,3,0.154,116.88452911376953
46,994,3,0,0.154,121.6707534790039
23,306,0,0,0.11752034189746233,108.73906707763672
70,1266,3,1,0.088,119.1239242553711
52,586,3,1,0.088,115.30518341064453
20,1410,2,2,0.047165927086245785,145.86549377441406
0,1382,1,2,0.132,119.41303253173828
33,1039,1,1,0.088,120.8282241821289
94,734,0,2,0.132,130.95423889160156
23,1044,2,2,0.05053225025229091,108.56903839111328
24,1044,2,1,0.06433985512894047,108.1099624633789
52,621,1,2,0.132,121.15032196044922
68,1662,3,2,0.10278444996912339,139.4690704345703
52,1243,0,2,0.132,114.40888977050781
16,98,1,0,0.154,129.21205139160156
61,1562,0,2,0.132,134.90249633789062
92,1425,3,3,0.1,127.86184692382812
110,430,0,1,0.088,113.60810852050781
88,1336,3,2,0.132,133.83050537109375
106,1259,3,3,0.0859831900733023,137.3423614501953
113,232,0,3,0.08813327082105032,122.65115356445312
82,57,1,0,0.154,128.61880493164062
68,231,3,1,0.088,139.82000732421875
70,779,0,2,0.132,120.42570495605469
91,1662,0,1,0.04052730862485719,130.1173858642578
49,258,3,2,0.132,119.26899719238281
23,1911,1,1,0.088,103.0909423828125
22,274,0,3,0.1,135.88050842285156
92,1750,1,3,0.01200000000000001,128.55224609375
4,2020,2,2,0.132,122.33370208740234
92,336,2,3,0.01200000000000001,128.5285186767578
42,710,1,3,0.09135358286041026,123.59185791015625
56,1797,2,2,0.132,123.69844055175781
54,594,1,2,0.132,140.0352325439453
0,1316,0,3,0.1,118.2163314819336
8,390,0,2,0.132,127.74393463134766
52,800,0,2,0.132,115.9950942993164
3,1736,3,0,0.154,144.87646484375
19,1692,3,1,0.088,133.19619750976562
4,166,0,2,0.132,120.56815338134766
24,139,3,3,0.154,103.18280792236328
16,255,1,3,0.0829988719594267,124.69855499267578
77,1356,0,1,0.088,121.5615005493164
77,1286,2,2,0.132,117.00041198730469
32,1304,2,2,0.132,127.64800262451172
28,593,3,1,0.088,128.86752319335938
52,1610,2,3,0.1,114.71519470214844
107,931,1,1,0.06680813551273804,127.91968536376953
82,330,1,1,0.088,134.62782287597656
95,273,0,1,0.088,130.6475372314453
16,1647,1,2,0.132,140.54019165039062
34,1271,3,2,0.132,112.84639739990234
77,782,1,2,0.08148366602898899,120.7154769897461
105,1152,3,2,0.132,132.8730010986328
95,728,3,2,0.132,134.49842834472656
15,1729,3,1,0.088,131.79469299316406
59,1915,0,1,0.088,119.300048828125
93,1369,3,2,0.132,118.54817199707031
8,1132,3,2,0.132,125.74528503417969
109,1704,1,2,0.132,108.84254455566406
51,365,2,1,0.023277042360032474,119.063232421875
52,651,1,1,0.088,110.28583526611328
46,562,0,3,0.01200000000000001,124.3049087524414
32,396,0,2,0.132,125.75038146972656
71,898,2,1,0.088,136.22947692871094
46,1462,3,2,0.0649592992414259,125.52714538574219
38,1546,3,2,0.10105001208061454,125.9140625
36,1001,2,1,0.088,126.90464782714844
51,1747,2,0,0.06385620663164573,115.52457427978516
38,395,0,2,0.132,134.2997283935547
42,1573,2,3,0.014157184653106392,123.62488555908203
77,1634,0,1,0.088,117.50836181640625
69,427,0,1,0.0223121745988685,138.5226593017578
16,337,2,3,0.11710250163970767,131.59617614746094
16,334,2,3,0.154,130.50479125976562
28,545,2,2,0.09043574803383636,125.68897247314453
33,1459,2,1,0.088,123.2021255493164
56,1651,3,1,0.088,124.82999420166016
18,1384,3,1,0.088,123.27808380126953
49,730,2,1,0.045748416408368325,116.5448226928711
70,1899,0,2,0.132,121.26781463623047
89,518,1,1,0.088,145.2440948486328
43,1490,0,2,0.09643442146960035,125.5694580078125
59,2026,2,3,0.154,125.88616180419922
3,628,2,1,0.088,148.63876342773438
85,777,3,2,0.132,120.99513244628906
16,1151,3,1,0.088,142.51524353027344
97,1023,1,2,0.132,129.34376525878906
6,1252,3,2,0.132,121.41395568847656
8,290,1,3,0.1,126.33776092529297
95,1262,1,2,0.132,128.1725311279297
70,985,1,2,0.09826500964890511,119.03323364257812
16,438,1,1,0.088,139.11532592773438
62,1787,0,1,0.088,131.17129516601562
16,1972,0,1,0.088,131.34901428222656
88,1568,1,1,0.005579219097012034,130.91050720214844
113,764,2,2,0.12333087271688298,128.03704833984375
44,1800,2,3,0.1,137.5310821533203
52,927,1,2,0.132,123.58746337890625
15,340,3,1,0.012233665106154673,131.92686462402344
24,450,2,3,0.1,124.02645111083984
43,147,2,1,0.088,123.61209106445312
24,619,1,2,0.132,121.34288787841797
107,771,2,2,0.132,124.8428726196289
105,1859,1,1,0.088,137.30618286132812
44,164,0,1,0.088,137.21603393554688
52,1710,0,1,0.088,120.54310607910156
97,534,3,1,0.088,129.44595336914062
59,23,1,3,0.10003104024225343,128.55213928222656
49,1926,0,2,0.12744038740555286,116.87115478515625
110,704,2,0,0.0003547368059952649,113.29430389404297
57,16,0,2,0.132,127.61872863769531
99,1691,2,2,0.06568540722028393,135.00254821777344
17,448,2,3,0.1,127.62286376953125
52,833,0,1,0.088,111.75553131103516
110,661,0,1,0.088,115.03720092773438
15,5,2,2,0.132,130.68153381347656
46,1644,2,2,0.132,125.55789947509766
92,4,2,2,0.132,128.8118133544922
102,1615,1,2,0.132,138.79168701171875
95,467,0,3,0.1,129.6402587890625
110,641,0,3,0.154,114.7852783203125
24,454,1,0,0.154,101.93009185791016
3,1515,2,2,0.132,150.95675659179688
3,1283,0,2,0.132,151.802490234375
68,1301,3,3,0.07193765654353701,132.8715362548828
44,1623,1,3,0.1,137.6455078125
52,1021,3,2,0.132,113.99590301513672
91,1919,2,2,0.132,126.22821807861328
70,722,2,2,0.132,118.48468017578125
10,767,0,0,0.10223214132940847,120.51445770263672
91,1433,0,1,0.088,127.71246337890625
48,366,1,2,0.132,134.43142700195312
93,781,1,1,0.088,115.86947631835938
102,866,0,3,0.01200000000000001,137.46920776367188
62,1490,0,0,0.10993794696866252,118.7197265625
43,423,1,2,0.132,120.51534271240234
0,184,2,2,0.132,119.88111877441406
39,1397,0,0,0.005306688292051276,121.32972717285156
27,862,1,2,0.03867998698700953,117.03849792480469
97,528,3,3,0.095032671512676,129.3751678466797
62,202,2,1,0.088,120.06063079833984
89,1952,1,2,0.132,145.1626739501953
105,1395,3,2,0.132,141.3287353515625
82,1031,0,2,0.132,131.68930053710938
74,1580,1,3,0.154,131.71449279785156
29,733,1,2,0.132,124.13726806640625
74,1213,0,0,0.10946741626144188,132.210205078125
31,499,1,1,0.088,122.70281219482422
28,206,1,0,0.154,108.41876220703125
26,720,0,1,0.088,133.0412139892578
62,1246,0,3,0.01200000000000001,121.61526489257812
112,93,1,1,0.088,121.39998626708984
68,1500,1,3,0.1,131.91673278808594
103,253,0,3,0.01200000000000001,140.0867462158203
0,53,3,1,0.088,118.97344207763672
32,1292,0,3,0.1,130.76148986816406
88,795,3,0,0.03788680405474307,127.34728240966797
25,1537,3,1,0.088,142.23654174804688
56,656,2,2,0.0454456062291988,124.46449279785156
8,1501,3,3,0.1,125.69976043701172
31,1748,2,2,0.132,124.78679656982422
23,625,0,1,0.088,129.48361206054688
38,1463,2,3,0.154,123.50113677978516
71,1237,3,1,0.088,142.54266357421875
32,1511,1,2,0.132,129.948974609375
16,464,2,3,0.01200000000000001,133.3541717529297
14,2020,2,3,0.029681614859514982,132.66433715820312
110,1693,3,1,0.088,116.7196044921875
97,1085,3,2,0.132,129.2913818359375
16,270,3,2,0.132,139.48440551757812
38,1753,2,2,0.004934875072382772,122.6750259399414
58,790,3,1,0.088,127.84870910644531
68,2002,3,3,0.154,117.34722900390625
54,131,0,3,0.1,137.56619262695312
103,854,3,3,0.154,134.9759063720703
67,232,2,1,0.088,124.9438247680664
19,1347,0,2,0.005100176924987654,128.46119689941406
56,1416,3,1,0.088,122.70723724365234
112,1228,1,2,0.132,123.30136108398438
71,1545,1,3,0.154,125.43894958496094
3,1713,2,3,0.1,147.02337646484375
6,2004,3,2,0.07707451484741784,120.88168334960938
94,976,1,1,0.08269741968443012,128.10240173339844
33,1361,1,2,0.09459345118550677,129.86859130859375
18,737,0,1,0.088,130.35581970214844
0,1473,1,1,0.08564154635061072,120.7234115600586
11,1276,3,2,0.132,140.25193786621094
74,1999,1,3,0.1,132.97715759277344
52,1007,0,0,0.154,108.70890045166016
102,1507,3,3,0.01725382557045177,136.5146026611328
105,1052,3,3,0.09519343033329936,130.897705078125
87,1602,0,2,0.02426263799508066,133.7193145751953
48,1356,0,3,0.01200000000000001,131.75442504882812
3,1828,3,2,0.10737008022179656,154.28904724121094
62,797,3,2,0.132,120.64683532714844
74,1429,3,2,0.132,135.6409149169922
8,149,3,3,0.01200000000000001,127.21964263916016
67,1840,3,2,0.132,126.37908935546875
3,966,3,2,0.132,151.40087890625
63,662,3,2,0.132,127.27979278564453
102,97,0,2,0.03165728204515572,136.54327392578125
66,1397,3,0,0.005168665524849542,123.48927307128906
87,1634,0,2,0.03275230730528267,130.53347778320312
28,1651,3,2,0.01517205194210236,125.58226776123047
92,1289,3,2,0.132,127.37828826904297
58,1078,2,3,0.1,124.6253890991211
0,560,0,1,0.088,120.1516342163086
15,507,0,2,0.132,131.41943359375
53,920,2,2,0.132,135.38690185546875
4,648,2,2,0.020982573883676192,123.71459197998047
58,1348,0,0,0.154,123.65321350097656
16,1487,2,2,0.132,138.53506469726562
23,86,2,2,0.132,109.1586685180664
89,254,1,3,0.154,140.8763427734375
44,841,3,2,0.0022993401059654417,139.9091033935547
115,1137,3,2,0.132,132.39999389648438
83,631,1,1,0.043117544063043384,121.1939468383789
4,155,3,2,0.132,123.10820007324219
102,453,2,3,0.154,
28,850,0,2,0.132,125.78490447998047
105,1619,2,1,0.088,134.796142578125
74,1362,1,1,0.088,132.97715759277344
92,839,0,2,0.132,128.94259643554688
62,477,0,2,0.132,121.75650787353516
52,1572,2,1,0.088,107.89373779296875
43,1254,2,2,0.132,121.11101531982422
51,1745,0,2,0.132,120.2622299194336
77,1286,0,1,0.088,117.00041198730469
0,258,3,3,0.1,117.33564758300781
57,1790,2,1,0.088,126.96075439453125
24,1603,2,2,0.132,125.0352783203125
28,1303,1,3,0.01200000000000001,125.78490447998047
77,1348,2,1,0.088,118.19152069091797
95,728,1,1,0.088,134.49842834472656
52,1280,3,1,0.088,115.96705627441406
87,1661,2,2,0.132,137.1284942626953
18,1084,3,2,0.132,123.05037689208984
49,730,0,0,0.04177178093111941,116.5448226928711
95,2022,2,3,0.1,129.2834014892578
83,580,0,2,0.132,127.33953857421875
17,43,0,0,0.12414692255821855,126.64978790283203
32,145,2,2,0.132,126.53097534179688
88,1723,1,3,0.04386532334667578,129.01968383789062
85,777,1,1,0.05019759212462166,120.99513244628906
24,139,2,0,0.154,103.18280792236328
23,581,3,2,0.132,109.01860809326172
52,877,0,2,0.132,110.40229034423828
8,656,0,3,0.10286627482292798,125.69976043701172
85,1688,3,1,0.03228954822043034,115.43688201904297
87,16,2,3,0.04199956709496869,129.91400146484375
54,1727,0,2,0.132,152.208251953125
32,1542,2,1,0.088,131.0465850830078
38,42,1,2,0.132,128.00514221191406
59,473,2,2,0.132,127.71610260009766
24,697,2,2,0.132,122.86732482910156
109,1130,0,2,0.132,111.07571411132812
52,2032,0,2,0.132,117.62117767333984
83,136,3,2,0.132,127.1736831665039
31,421,3,1,0.088,128.1971893310547
3,1562,2,3,0.01200000000000001,148.0016326904297
49,1753,2,2,0.12706512492761723,116.86788940429688
23,1885,2,3,0.14310377557499707,108.67815399169922
3,51,3,2,0.132,149.92904663085938
56,545,0,2,0.01094315869750806,124.99694061279297
42,1664,2,2,0.132,128.19168090820312
16,1293,2,2,0.132,138.1072540283203
74,1262,2,3,0.154,132.89044189453125
44,122,1,2,0.132,138.60826110839844
74,1783,3,1,0.088,141.24212646484375
89,88,0,1,0.088,144.98692321777344
74,256,2,2,0.132,139.3878173828125
8,1327,1,2,0.132,129.27008056640625
74,311,0,1,0.088,145.46429443359375
16,353,0,3,0.1,132.96995544433594
21,1500,0,1,0.058429118985446754,130.07064819335938
113,764,0,1,0.088,128.03704833984375
93,466,2,1,0.088,115.08451080322266
92,17,1,2,0.132,128.3962860107422
4,1573,2,2,0.132,122.0376205444336
3,602,3,1,0.088,145.33192443847656
95,1646,3,1,0.088,135.58953857421875
62,860,2,2,0.132,120.24674987792969
62,1625,2,1,0.088,119.21498107910156
85,1052,3,2,0.132,115.4173812866211
0,495,0,2,0.132,120.92486572265625
39,1734,0,1,0.088,131.90794372558594
66,141,2,1,0.032328674253845446,127.63810729980469
97,1340,2,3,0.154,127.10184478759766
82,321,2,1,0.088,136.3748779296875
16,1620,2,2,0.132,124.46698760986328
24,1541,2,1,0.088,104.03678131103516
24,450,0,2,0.132,124.02645111083984
52,1391,3,0,0.154,111.52420806884766
97,1967,0,1,0.088,129.8330535888672
32,766,0,2,0.132,130.71188354492188
23,1885,3,1,0.088,108.67815399169922
46,1961,3,3,0.1,122.35499572753906
18,427,0,1,0.0656878254011315,127.44562530517578
23,1428,3,1,0.088,126.58661651611328
42,1621,0,1,0.033685709698180855,124.77506256103516
8,1975,3,1,0.088,127.71907043457031
15,5,0,1,0.088,130.68153381347656
14,1169,3,1,0.04916887640514114,137.57933044433594
91,479,3,1,0.07136175449808363,128.14324951171875
89,1082,0,2,0.132,146.34326171875
88,1553,2,1,0.088,129.2407989501953
52,1689,0,3,0.08247211595233742,114.96037292480469
80,448,3,1,0.029232190706090316,104.89043426513672
74,380,3,2,0.132,136.81973266601562
102,46,0,3,0.1,136.0942840576172
49,1607,3,1,0.088,123.89335632324219
15,1481,1,1,0.088,134.75033569335938
19,562,0,2,0.132,129.32229614257812
89,951,1,1,0.088,144.8352508544922
24,74,1,2,0.132,128.78443908691406
32,1626,1,2,0.132,125.75038146972656
77,1981,3,2,0.132,120.03325653076172
74,1005,2,2,0.132,136.4075164794922
28,149,2,1,0.088,126.65870666503906
48,1759,1,3,0.0073450218457019045,129.187744140625
43,505,0,2,0.132,121.37511444091797
59,739,0,1,0.088,145.81541442871094
0,1579,1,1,0.088,120.5157470703125
99,922,2,3,0.154,
52,288,0,1,0.088,108.25174713134766
66,1131,1,2,0.132,128.8333740234375
0,1384,3,3,0.154,117.0033950805664
54,823,2,3,0.1,136.1747283935547
61,385,0,1,0.088,133.62326049804688
32,1105,1,0,0.08534320484391572,123.23688507080078
74,1799,3,2,0.132,145.28298950195312
44,1991,3,1,0.03476540559967925,139.79393005371094
32,397,3,0,0.154,125.86174011230469
31,1748,0,1,0.088,124.78679656982422
97,1442,2,1,0.088,130.96649169921875
62,1141,2,2,0.132,123.12361145019531
59,1255,1,3,0.154,123.40805053710938
103,871,1,0,0.009847202116735732,122.09729766845703
1,530,2,1,0.088,124.5787353515625
16,263,3,2,0.05254891232814707,126.58838653564453
88,1119,0,2,0.132,134.42770385742188
103,854,1,2,0.132,134.9759063720703
3,500,3,1,0.088,145.1448974609375
77,924,2,2,0.132,120.10166931152344
77,30,0,1,0.088,118.33349609375
82,392,0,1,0.088,134.10595703125
16,1091,3,2,0.132,141.53334045410156
3,1713,0,2,0.132,147.02337646484375
52,1543,1,2,0.132,114.68257904052734
84,401,3,3,0.12544754515188317,110.9894027709961
38,839,1,1,0.088,126.17471313476562
54,694,3,1,0.088,139.09214782714844
22,1846,0,2,0.132,143.95028686523438
8,632,3,3,0.1,125.59623718261719
93,184,3,2,0.012131438784464654,118.14990997314453
58,1116,0,2,0.08911800577943352,131.0633087158203
39,80,3,3,0.154,122.96955871582031
62,896,2,1,0.088,118.58523559570312
24,1147,2,3,0.154,122.84561157226562
24,1202,0,2,0.132,127.7676010131836
52,1099,3,2,0.132,125.83338165283203
105,1052,1,2,0.132,130.897705078125
68,2002,2,0,0.154,117.34722900390625
92,1289,1,1,0.088,127.37828826904297
3,260,2,1,0.088,144.91055297851562
71,238,3,1,0.088,136.8934326171875
92,989,3,3,0.01200000000000001,128.71408081054688
11,1468,1,2,0.132,136.38858032226562
37,340,2,2,0.08070481363289905,129.10951232910156
66,123,1,1,0.088,130.14048767089844
34,255,3,3,0.154,112.91914367675781
8,169,1,0,0.154,125.08203125
59,488,0,2,0.132,141.45706176757812
16,267,0,2,0.132,140.13809204101562
71,57,1,3,0.154,133.00607299804688
62,797,1,1,0.088,120.64683532714844
43,1540,3,2,0.132,121.15424346923828
97,91,0,1,0.088,136.28135681152344
32,57,3,1,0.088,128.3669891357422
67,1840,1,1,0.088,126.37908935546875
23,86,0,1,0.088,109.1586685180664
17,132,0,2,0.132,132.67324829101562
52,1768,2,1,0.088,116.28379821777344
3,1367,0,3,0.01200000000000001,148.56736755371094
38,933,3,1,0.088,124.18921661376953
58,790,0,1,0.088,127.84870910644531
53,836,0,1,0.088,133.88380432128906
82,1530,0,3,0.03720325614203067,131.20611572265625
52,188,1,2,0.132,126.22765350341797
33,1747,3,0,0.154,115.68480682373047
103,1859,0,3,0.04358754948850091,139.04727172851562
62,873,3,1,0.088,121.38531494140625
53,920,0,1,0.088,135.38690185546875
66,126,1,1,0.088,127.15756225585938
56,995,1,1,0.088,124.78169250488281
44,1157,3,1,0.088,137.33468627929688
63,467,0,1,0.088,128.60682678222656
82,1676,0,2,0.132,134.11521911621094
70,179,0,2,0.132,118.63557434082031
44,786,3,2,0.132,138.05804443359375
82,46,0,2,0.132,132.77247619628906
11,159,3,1,0.088,140.83978271484375
112,629,2,2,0.132,116.9473648071289
105,490,3,1,0.088,139.704345703125
52,94,0,1,0.088,113.03173828125
14,1144,0,1,0.088,136.9856414794922
51,1018,3,1,0.088,
62,553,2,2,0.132,117.87826538085938
32,674,3,1,0.088,128.83421325683594
89,1455,1,1,0.088,145.4037322998047
52,980,3,2,0.132,112.97105407714844
6,1756,1,2,0.07560394892648237,127.26175689697266
52,539,2,2,0.132,114.0257797241211
68,350,1,1,0.088,132.3084259033203
52,1728,3,3,0.1,115.09016418457031
110,1427,3,2,0.132,114.03286743164062
0,258,1,2,0.132,117.33564758300781
46,543,2,2,0.132,125.18949890136719
70,417,2,2,0.132,120.03707885742188
61,717,2,2,0.132,133.6162567138672
0,1421,0,2,0.132,120.96326446533203
28,1936,2,0,0.12758310115655577,109.49082946777344
32,249,3,2,0.132,124.26079559326172
1,985,1,2,0.033734990351094896,124.55547332763672
24,1603,0,1,0.088,125.0352783203125
0,205,3,1,0.088,119.66468048095703
18,1084,1,1,0.088,123.05037689208984
3,15,0,3,0.154,144.45852661132812
16,1739,0,1,0.088,130.59495544433594
103,1061,0,2,0.132,146.58047485351562
74,934,2,1,0.088,134.19151306152344
28,1936,0,3,0.154,109.49082946777344
105,1814,0,1,0.088,133.7852325439453
59,1215,3,1,0.088,139.73147583007812
7,841,1,3,0.03603726272263999,133.5414276123047
32,334,0,2,0.132,128.88758850097656
28,1823,2,2,0.132,129.92921447753906
24,1648,2,3,0.1,123.50054168701172
43,1105,1,0,0.04888620264875654,119.26374053955078
77,1849,1,2,0.132,116.3369369506836
32,337,0,2,0.132,129.88119506835938
71,1576,0,1,0.08410858047353664,129.24546813964844
3,614,1,3,0.154,144.80352783203125
92,1267,3,1,0.088,128.75852966308594
24,697,0,1,0.088,122.86732482910156
58,63,2,2,0.132,127.18091583251953
103,928,2,3,0.06469803968850102,137.9528045654297
31,762,0,2,0.08761030732349806,146.07687377929688
36,1598,2,2,0.132,126.35950469970703
57,1930,2,2,0.132,126.3050308227539
16,914,1,1,0.088,138.77146911621094
92,1744,0,2,0.132,128.87255859375
57,1022,0,2,0.132,127.14064025878906
107,1526,2,2,0.132,128.36705017089844
26,1619,0,3,0.13159550288402636,123.40469360351562
66,1696,2,2,0.132,133.54762268066406
0,2024,2,0,0.154,115.59487915039062
13,930,2,1,0.023361019927546856,124.87963104248047
18,171,0,1,0.088,128.98101806640625
92,1595,1,1,0.088,128.255615234375
25,113,0,1,0.088,143.81182861328125
52,1162,2,2,0.132,118.1859130859375
44,871,1,0,0.14415279788326427,126.40484619140625
80,169,0,2,0.132,102.01465606689453
22,99,0,3,0.1,136.46917724609375
33,474,2,3,0.1,121.36383056640625
0,679,3,2,0.132,121.99736022949219
23,306,0,3,0.154,108.73906707763672
3,946,0,2,0.132,149.28436279296875
16,379,1,1,0.088,131.91038513183594
52,686,3,1,0.088,113.4040756225586
8,1618,0,2,0.132,128.6868896484375
24,1263,0,2,0.132,124.50358581542969
82,1411,1,1,0.088,134.3938446044922
71,589,3,2,0.132,137.77935791015625
71,788,1,2,0.132,137.59716796875
16,1620,0,1,0.088,124.46698760986328
10,995,3,3,0.042433852955145485,124.14836883544922
71,1183,1,3,0.1,135.33660888671875
23,1885,1,0,0.154,108.67815399169922
59,1076,0,2,0.132,135.93972778320312
16,98,1,3,0.154,129.21205139160156
32,903,0,3,0.154,124.1725845336914
66,659,1,0,0.09680970817956666,121.58262634277344
82,71,1,1,0.088,133.4863739013672
105,165,2,3,0.10793817566709735,133.09605407714844
94,1078,0,3,0.1,125.74641418457031
32,889,1,1,0.088,129.6898651123047
61,793,2,3,0.1,133.64122009277344
52,868,1,2,0.132,115.0723876953125
52,1493,0,2,0.132,117.21272277832031
22,820,0,1,0.048321209160612486,143.48916625976562
93,1552,2,2,0.132,116.08946990966797
82,642,0,2,0.132,136.5513153076172
24,887,1,2,0.132,125.67606353759766
24,1974,1,3,0.1,123.4227523803711
74,1005,0,1,0.088,136.4075164794922
23,134,2,2,0.132,126.48271179199219
110,430,1,2,0.132,113.60810852050781
3,1736,3,3,0.154,144.87646484375
3,602,0,1,0.088,145.33192443847656
9,930,3,3,0.06632705019996768,123.63986206054688
52,1098,0,1,0.088,117.78250122070312
29,1313,0,0,0.0689947903482161,116.83190155029297
46,2014,0,1,0.088,130.42791748046875
15,1412,0,2,0.132,132.0360565185547
33,1039,2,2,0.132,120.8282241821289
0,916,0,1,0.088,121.3390121459961
24,475,1,3,0.01200000000000001,124.61547088623047
84,401,1,2,0.08598014795232692,110.9894027709961
42,456,0,3,0.00675330674528668,124.72962951660156
0,145,2,0,0.154,115.25313568115234
63,248,2,1,0.088,126.2093505859375
105,122,0,2,0.132,139.76271057128906
59,1103,0,1,0.088,148.15960693359375
12,1704,1,3,0.06984570929623687,108.27947235107422
93,346,2,1,0.088,114.6578369140625
3,500,1,0,0.0006856849586768798,145.1448974609375
92,989,1,2,0.132,128.71408081054688
67,1422,0,1,0.088,130.15176391601562
89,31,0,2,0.132,151.2565460205078
16,569,2,2,0.132,133.33192443847656
66,2022,2,1,0.088,126.51837158203125
92,1485,0,1,0.088,128.9812774658203
33,993,0,1,0.088,126.28207397460938
92,2006,0,3,0.1,128.3962860107422
20,1103,0,2,0.132,143.1918487548828
113,1656,0,2,0.132,101.03799438476562
31,1782,3,0,0.07309203495540242,120.04502868652344
4,166,1,3,0.154,120.56815338134766
49,591,1,2,0.132,122.65939331054688
14,487,1,1,0.04793180376514106,137.53363037109375
7,1991,1,2,0.03421456277403445,133.53944396972656
52,666,2,2,0.132,125.88329315185547
77,1356,1,2,0.132,121.5615005493164
85,1747,2,1,0.088,113.83522033691406
1,1688,0,0,0.11117720578445603,123.262451171875
11,1272,1,1,0.088,135.8681640625
89,1103,0,3,0.1,143.0882568359375
52,1191,1,1,0.088,113.21483612060547
32,1304,3,3,0.154,127.64800262451172
16,753,0,2,0.132,144.25210571289062
52,620,0,3,0.01200000000000001,116.02381134033203
34,255,1,2,0.132,112.91914367675781
10,1298,3,3,0.053503532512311686,124.47056579589844
93,1525,2,1,0.088,115.00581359863281
23,460,1,2,0.132,103.38578033447266
31,1782,1,3,0.154,120.04502868652344
34,263,3,3,0.010953365440573182,114.9588394165039
103,419,1,2,0.132,140.38217163085938
85,1567,1,1,0.088,114.00334930419922
59,885,3,3,0.1,138.8170623779297
89,1885,3,0,0.154,132.32723999023438
3,1199,2,1,0.088,149.8568115234375
107,1340,0,3,0.020059268549829423,123.97386169433594
58,1282,1,3,0.08202615075943995,125.79914093017578
110,661,2,1,0.00360800719033208,115.03720092773438
22,312,0,0,0.08875191045855435,135.8302001953125
52,274,2,1,0.088,115.54942321777344
7,1524,0,2,0.044399240703698495,133.5649871826172
24,1566,0,2,0.132,125.20452880859375
66,722,0,0,0.04276705763372965,122.31620788574219
32,100,1,2,0.041358511162317035,132.20623779296875
92,1004,2,0,0.08104547006184165,127.17374420166016
52,1741,2,3,0.1,114.22257232666016
52,1937,0,3,0.154,113.63845825195312
89,2009,3,2,0.132,146.02102661132812
18,1420,3,1,0.009383996260548172,123.37781524658203
54,694,0,1,0.088,139.09214782714844
112,629,0,1,0.088,116.9473648071289
74,1993,0,2,0.132,146.5625
93,1944,2,1,0.088,114.08553314208984
32,249,1,1,0.088,124.26079559326172
36,536,1,1,0.088,125.06304931640625
44,1889,3,1,0.088,138.0310516357422
24,454,1,3,0.154,101.93009185791016
52,1905,2,2,0.132,125.9395751953125
16,1697,1,2,0.132,140.31817626953125
89,518,2,2,0.132,145.2440948486328
109,401,1,3,0.01504842646031887,111.2332534790039
52,1845,1,1,0.088,111.25714111328125
58,1606,3,2,0.132,126.03926849365234
24,991,3,1,0.088,124.64872741699219
22,1597,0,2,0.132,151.8753204345703
52,539,0,1,0.088,114.0257797241211
42,1181,0,2,0.132,128.63478088378906
62,1490,0,3,0.0665918979515342,118.7197265625
63,650,2,1,0.088,126.59700012207031
16,1545,2,1,0.088,124.85896301269531
16,1106,3,1,0.088,136.03997802734375
16,438,2,2,0.132,139.11532592773438
93,661,2,0,0.154,112.53984832763672
48,1420,3,3,0.1495712734473388,129.30145263671875
74,1213,0,3,0.154,132.210205078125
28,206,1,3,0.154,108.41876220703125
52,1349,2,2,0.132,120.17220306396484
24,1415,2,1,0.088,97.89253997802734
26,1814,2,3,0.11049451430747939,122.27445983886719
77,1759,3,1,0.088,118.9220199584961
62,1117,2,0,0.03949220818419985,117.52323913574219
63,1699,0,1,0.051736492151079755,126.42735290527344
59,1795,3,2,0.132,132.4958953857422
75,350,3,1,0.088,125.70026397705078
52,877,2,2,0.132,110.40229034423828
30,1756,2,1,0.025974429581269054,114.3449935913086
28,1298,1,2,0.132,125.75482177734375
32,524,3,2,0.132,130.3231964111328
32,1812,1,1,0.088,128.01446533203125
52,1402,1,1,0.088,118.49024200439453
28,1823,0,1,0.088,129.92921447753906
56,1344,3,2,0.132,125.71691131591797
107,479,0,2,0.132,129.77291870117188
61,1723,3,1,0.088,133.6435089111328
18,2024,1,3,0.154,119.85236358642578
58,63,0,1,0.088,127.18091583251953
103,928,0,2,0.132,137.9528045654297
71,845,3,3,0.025799085917858178,136.5570831298828
71,674,0,0,0.154,133.0519561767578
71,589,1,1,0.088,137.77935791015625
33,1155,0,1,0.088,127.78056335449219
34,1616,3,2,0.132,124.25190734863281
0,1717,1,1,0.08523276448545933,118.86351776123047
33,474,0,2,0.132,121.36383056640625
52,1007,0,3,0.154,108.70890045166016
16,666,3,1,0.06017062220615217,143.5006866455078
52,1026,2,1,0.088,118.7978515625
79,1162,0,3,0.07807670068545933,145.9987030029297
107,994,1,2,0.132,124.20215606689453
52,1675,1,2,0.132,109.58290100097656
87,1932,0,1,0.088,138.92385864257812
53,1313,1,3,0.08284666578189584,125.87103271484375
30,977,0,2,0.132,130.50144958496094
91,2003,2,3,0.154,122.52047729492188
46,1156,2,2,0.01896816676738622,126.96083068847656
32,766,2,2,0.132,130.71188354492188
52,1766,3,2,0.132,111.18428039550781
34,1120,0,2,0.132,112.42078399658203
59,687,2,3,0.154,129.9551239013672
112,224,0,1,0.088,122.56635284423828
97,798,0,2,0.132,127.44629669189453
77,1172,1,3,0.154,116.88452911376953
82,1921,3,1,0.088,132.80160522460938
59,0,3,2,0.132,149.0017547607422
70,1266,2,1,0.088,119.1239242553711
24,1869,3,2,0.132,126.30242156982422
20,1410,1,2,0.07378122194414283,145.86549377441406
68,1184,3,3,0.1,132.22494506835938
0,1084,1,3,0.154,116.44277954101562
33,1039,0,1,0.088,120.8282241821289
52,621,0,2,0.132,121.15032196044922
52,1954,2,0,0.154,110.34359741210938
89,837,3,2,0.132,147.82432556152344
16,98,0,0,0.154,129.21205139160156
23,134,0,1,0.088,126.48271179199219
52,414,3,2,0.132,116.36569213867188
42,1317,0,2,0.132,133.47714233398438
94,1789,1,2,0.05311490373207739,129.7119598388672
62,240,0,1,0.088,118.71685791015625
52,586,2,1,0.088,115.30518341064453
24,106,3,2,0.132,134.95428466796875
88,1057,0,2,0.132,135.211669921875
49,488,2,1,0.03407859868569496,117.05455017089844
52,1954,0,3,0.154,110.34359741210938
23,1911,0,1,0.088,103.0909423828125
16,569,0,1,0.088,133.33192443847656
92,336,1,3,0.01200000000000001,128.5285186767578
115,1223,3,3,0.01200000000000001,126.63390350341797
34,1004,0,2,0.132,125.96566009521484
54,594,0,2,0.132,140.0352325439453
32,558,0,1,0.088,129.41836547851562
106,1259,2,3,0.01200000000000001,137.3423614501953
82,57,0,0,0.154,128.61880493164062
38,1464,0,2,0.132,137.4628448486328
3,1736,2,0,0.154,144.87646484375
24,139,2,3,0.154,103.18280792236328
62,2017,3,2,0.132,129.9738006591797
51,232,0,2,0.132,120.64192199707031
58,810,1,1,0.088,126.07738494873047
4,68,1,1,0.088,118.3462905883789
4,2020,1,2,0.132,122.33370208740234
28,593,2,1,0.088,128.86752319335938
82,100,0,2,0.132,131.85594177246094
42,710,0,3,0.07109736840089534,123.59185791015625
82,330,0,1,0.088,134.62782287597656
56,1797,1,2,0.132,123.69844055175781
58,1953,0,3,0.1,125.68926239013672
42,866,1,2,0.04896055426843157,127.86517333984375
62,1605,0,2,0.132,122.32852172851562
16,1647,0,2,0.132,140.54019165039062
6,1875,3,2,0.024339956345480196,127.27973175048828
8,1785,0,2,0.132,143.83473205566406
0,609,2,1,0.088,118.59825897216797
57,896,3,2,0.013180010278564636,126.86101531982422
93,1159,2,1,0.088,115.12866973876953
105,1619,3,2,0.132,134.796142578125
16,79,0,1,0.088,138.29283142089844
52,1572,3,2,0.132,107.89373779296875
28,315,3,0,0.11713544261116429,106.22738647460938
102,178,0,1,0.088,145.2424774169922
8,1132,2,2,0.132,125.74528503417969
51,365,1,1,0.04888132765080075,119.063232421875
32,1304,1,2,0.132,127.64800262451172
12,1704,0,0,0.059166653098587804,108.27947235107422
60,1970,0,2,0.132,133.41653442382812
71,898,1,1,0.088,136.22947692871094
52,1610,1,3,0.1,114.71519470214844
107,931,0,1,0.088,127.91968536376953
46,1462,2,2,0.132,125.52714538574219
31,1489,0,1,0.05186071810091078,129.515625
62,1203,3,2,0.132,119.71988677978516
36,1001,1,1,0.088,126.90464782714844
8,656,3,1,0.07847120105963362,125.69976043701172
87,1554,0,2,0.132,136.0597381591797
28,319,0,0,0.154,106.76277923583984
33,492,3,2,0.132,128.03990173339844
28,315,1,3,0.154,106.22738647460938
16,353,3,1,0.088,132.96995544433594
33,1459,1,1,0.088,123.2021255493164
36,759,0,2,0.132,128.41152954101562
18,1384,2,1,0.088,123.27808380126953
63,80,2,1,0.04207668331780451,126.91487884521484
3,1336,2,2,0.132,151.4418182373047
49,730,1,1,0.088,116.5448226928711
102,163,0,1,0.088,142.00946044921875
14,233,1,2,0.132,139.0535430908203
89,518,0,1,0.088,145.2440948486328
57,1117,3,3,0.154,125.15880584716797
92,185,3,2,0.132,132.49490356445312
74,117,0,2,0.132,142.64468383789062
32,1542,3,2,0.132,131.0465850830078
56,18,3,0,0.08391251748037887,120.46205139160156
97,1936,1,0,0.006399999566708392,121.48738098144531
8,290,0,3,0.1,126.33776092529297
71,2001,3,2,0.132,137.4637451171875
16,438,0,1,0.088,139.11532592773438
51,1747,1,0,0.06926283327627672,115.52457427978516
28,545,1,2,0.11858676883383656,125.68897247314453
20,1671,0,1,0.06737896605978093,147.551513671875
10,632,3,1,0.088,123.63431549072266
95,1266,1,0,0.154,125.85850524902344
59,2026,1,3,0.154,125.88616180419922
92,1165,1,0,0.154,126.65436553955078
66,1131,3,2,0.132,128.8333740234375
58,1606,1,1,0.088,126.03926849365234
23,1843,2,3,0.154,110.45948028564453
7,1226,0,0,0.0490577694639196,129.52513122558594
10,631,0,2,0.08519168535307786,122.96407318115234
52,746,1,2,0.132,117.75775909423828
34,66,1,2,0.09907701183185302,112.91914367675781
95,1262,0,2,0.132,128.1725311279297
97,534,2,1,0.088,129.44595336914062
59,23,0,3,0.154,128.55213928222656
51,779,2,1,0.04870319558990621,119.41651153564453
61,1194,1,3,0.1,133.6304168701172
99,1691,1,2,0.132,135.00254821777344
0,396,2,0,0.05960669090758097,114.48916625976562
46,1644,1,2,0.132,125.55789947509766
92,4,1,2,0.132,128.8118133544922
112,230,2,1,0.088,116.66272735595703
24,1415,0,0,0.154,97.89253997802734
66,1134,2,2,0.132,130.98074340820312
32,1105,1,3,0.154,123.23688507080078
33,1781,2,1,0.088,124.13660430908203
71,845,1,2,0.132,136.5570831298828
3,1515,1,2,0.132,150.95675659179688
32,397,3,3,0.154,125.86174011230469
44,1623,0,3,0.1,137.6455078125
66,1186,0,1,0.088,129.78236389160156
52,681,2,1,0.088,117.31963348388672
22,1240,3,3,0.01200000000000001,136.55499267578125
48,366,0,2,0.132,134.43142700195312
28,347,0,0,0.03401538022750303,110.48572540283203
61,1524,1,3,0.00012470063277503218,133.6315460205078
89,1795,1,3,0.154,136.0744171142578
29,253,3,1,0.07395172034913,124.59071350097656
27,862,0,2,0.132,117.03849792480469
74,1252,1,2,0.132,131.67596435546875
52,303,1,2,0.132,121.5449447631836
14,1027,3,0,0.01215457865574826,131.72434997558594
24,1417,0,3,0.1,123.20803833007812
92,1744,2,2,0.132,128.87255859375
29,733,0,2,0.132,124.13726806640625
28,206,0,0,0.154,108.41876220703125
87,929,3,3,0.12901556336014905,129.26699829101562
33,606,3,1,0.088,121.33790588378906
68,1500,0,3,0.154,131.91673278808594
0,293,3,2,0.132,123.59847259521484
88,795,2,0,0.03562616905664295,127.34728240966797
56,656,1,2,0.04001090361151871,124.46449279785156
8,1501,2,3,0.1,125.69976043701172
11,378,3,1,0.088,138.10166931152344
93,781,0,1,0.088,115.86947631835938
32,1511,0,2,0.132,129.948974609375
43,423,0,2,0.132,120.51534271240234
16,464,1,3,0.027057430386144388,133.3541717529297
14,2020,1,3,0.03723106245951496,132.66433715820312
110,1693,2,1,0.088,116.7196044921875
52,207,0,2,0.132,124.88583374023438
16,270,2,2,0.132,139.48440551757812
43,90,3,1,0.07965020710233642,125.09671020507812
46,1470,3,3,0.1,122.52423095703125
84,992,3,2,0.132,111.88735961914062
58,790,2,1,0.088,127.84870910644531
68,2002,2,3,0.154,117.34722900390625
0,53,2,1,0.088,118.97344207763672
67,232,1,1,0.088,124.9438247680664
54,1942,0,0,0.04186686731985992,132.94432067871094
102,1621,3,3,0.1,135.43516540527344
6,2004,2,2,0.06307441557608529,120.88168334960938
23,1301,2,1,0.088,118.76207733154297
94,976,0,1,0.088,128.10240173339844
68,1662,0,1,0.0474726913751428,139.4690704345703
33,1747,3,3,0.154,115.68480682373047
16,1569,2,2,0.132,139.63418579101562
46,1136,1,1,0.088,125.57061004638672
87,1117,0,0,0.15221173900320112,127.51499938964844
82,1169,0,1,0.088,139.19876098632812
11,1276,2,2,0.132,140.25193786621094
109,348,0,1,0.06117233731700611,111.1416244506836
3,1367,3,1,0.088,148.56736755371094
105,1052,2,3,0.017734189888054586,130.897705078125
61,1273,3,1,0.025202215267641603,133.64407348632812
48,440,3,2,0.132,138.4678497314453
62,797,2,2,0.132,120.64683532714844
36,592,0,1,0.088,128.6049041748047
66,1635,3,2,0.016182257765053887,135.05809020996094
63,662,2,2,0.132,127.27979278564453
97,857,2,0,0.009609074952774077,126.8304443359375
15,819,3,2,0.132,130.83843994140625
105,1919,1,2,0.09779071974785938,140.46762084960938
39,1318,3,2,0.132,131.2050323486328
82,10,2,1,0.088,135.93405151367188
88,11,1,1,0.088,130.3158416748047
53,920,1,2,0.132,135.38690185546875
4,648,1,2,0.03552726796367622,123.71459197998047
28,1936,2,3,0.154,109.49082946777344
97,1553,3,1,0.088,129.82797241210938
62,1594,3,2,0.132,119.08078002929688
89,254,0,3,0.154,140.8763427734375
0,1084,0,0,0.154,116.44277954101562
71,356,2,2,0.11517308056395759,134.4486083984375
115,1137,2,2,0.132,132.39999389648438
56,1501,2,1,0.001135901412403606,124.46449279785156
105,1619,1,1,0.088,134.796142578125
74,1362,0,1,0.088,132.97715759277344
24,139,0,2,0.132,103.18280792236328
48,1969,3,1,0.088,132.56336975097656
52,1572,1,1,0.088,107.89373779296875
33,1059,3,2,0.132,127.3032455444336
36,1834,0,1,0.088,129.45639038085938
3,15,3,1,0.088,144.45852661132812
46,1462,0,1,0.088,125.52714538574219
28,1936,3,1,0.088,109.49082946777344
62,1203,1,1,0.088,119.71988677978516
57,1790,1,1,0.088,126.96075439453125
28,1303,0,3,0.1,125.78490447998047
77,1348,1,1,0.088,118.19152069091797
66,156,1,3,0.07979452571841322,125.5184326171875
105,1423,3,1,0.088,141.85899353027344
59,1631,1,0,0.05721073607760191,124.05435180664062
105,1152,0,1,0.088,132.8730010986328
14,487,3,1,0.088,137.53363037109375
71,1642,1,1,0.088,138.83909606933594
44,792,0,1,0.088,137.5310821533203
66,779,0,0,0.13175184812521895,123.97967529296875
52,1280,2,1,0.088,115.96705627441406
87,1661,1,2,0.132,137.1284942626953
18,1084,2,2,0.132,123.05037689208984
52,936,1,2,0.132,114.86834716796875
25,1239,2,1,0.088,142.0098419189453
43,1254,1,2,0.132,121.11101531982422
27,18,3,2,0.132,115.63247680664062
74,934,3,2,0.132,134.19151306152344
113,1201,3,1,0.088,124.94883728027344
53,359,2,2,0.132,
23,750,0,1,0.088,105.95929718017578
87,16,1,3,0.03836885329496867,129.91400146484375
52,1027,3,2,0.046698124007378994,116.20853424072266
110,432,2,2,0.132,118.38339233398438
32,1542,1,1,0.088,131.0465850830078
13,1226,3,0,0.0971201106360804,120.48226928710938
16,1067,2,1,0.088,138.49380493164062
112,1211,0,0,0.154,117.7302017211914
21,576,3,1,0.088,
59,1933,3,2,0.132,114.03936004638672
24,47,1,0,0.154,106.25684356689453
93,1753,2,0,0.02093081202888067,113.9438705444336
3,1380,3,2,0.132,150.60272216796875
33,299,3,1,0.088,124.50776672363281
23,1885,1,3,0.15223911997499723,108.67815399169922
52,1191,3,1,0.088,113.21483612060547
23,306,3,1,0.088,108.73906707763672
61,1190,2,2,0.132,133.6339874267578
3,51,2,2,0.132,149.92904663085938
42,1664,1,2,0.132,128.19168090820312
74,1262,1,3,0.154,132.89044189453125
62,1596,1,2,0.132,121.8907699584961
52,1229,1,2,0.132,111.8994140625
22,484,3,3,0.1,135.9404754638672
8,1327,0,2,0.132,129.27008056640625
3,1611,2,2,0.132,145.66856384277344
115,1938,0,1,0.088,131.960205078125
93,466,1,1,0.088,115.08451080322266
92,17,0,2,0.132,128.3962860107422
3,602,2,1,0.088,145.33192443847656
62,630,1,3,0.1,119.26226806640625
62,860,1,2,0.027364916878017786,120.24674987792969
85,1052,2,2,0.04026189161076074,115.4173812866211
36,704,1,0,0.13358449071400472,119.91889953613281
69,1979,2,1,0.031570359718868485,138.60330200195312
58,1848,0,3,0.05526245293468299,125.70427703857422
66,141,1,1,0.02595031233384537,127.63810729980469
82,321,1,1,0.088,136.3748779296875
91,1432,3,3,0.008626897278618872,125.11605834960938
92,1659,3,1,0.088,129.94183349609375
36,485,3,2,0.132,130.39788818359375
37,96,0,0,0.06730067822748705,
70,1747,1,0,0.06367471856835427,116.3930892944336
52,1391,2,0,0.154,111.52420806884766
52,1243,3,3,0.1,114.40888977050781
23,1428,2,1,0.088,126.58661651611328
94,704,3,0,0.10065368664325641,121.43252563476562
31,1174,0,0,0.154,116.35623931884766
29,1313,0,3,0.03126929421810415,116.83190155029297
8,1975,2,1,0.088,127.71907043457031
16,575,0,2,0.132,130.64926147460938
30,1644,3,2,0.12730837023404,117.66521453857422
28,1390,0,1,0.088,132.60006713867188
68,1344,2,1,0.0630413837424082,135.12437438964844
20,86,0,0,0.12212661690824769,131.47494506835938
88,1553,1,1,0.088,129.2407989501953
24,1541,1,1,0.088,104.03678131103516
42,648,3,1,0.088,124.9762191772461
36,1309,0,2,0.132,132.0387420654297
93,1506,3,1,0.088,115.3077621459961
68,1204,1,2,0.132,136.03033447265625
89,951,0,1,0.088,144.8352508544922
24,74,0,2,0.132,128.78443908691406
93,971,3,1,0.088,115.72610473632812
33,1008,3,1,0.088,124.98699188232422
48,1238,0,1,0.088,131.51393127441406
36,1643,3,2,0.132,128.31716918945312
28,149,1,1,0.088,126.65870666503906
16,902,0,2,0.132,130.62660217285156
61,34,1,0,0.03872560054346161,132.35252380371094
3,500,1,3,0.154,145.1448974609375
105,1395,0,1,0.088,141.3287353515625
0,636,2,2,0.132,119.20838165283203
97,97,3,3,0.1,129.30189514160156
63,341,3,2,0.132,128.81863403320312
85,1149,0,0,0.10298735831069483,115.0046615600586
25,1444,2,3,0.014684559955591592,139.22726440429688
54,823,1,3,0.1,136.1747283935547
8,1501,0,2,0.132,125.69976043701172
105,511,2,1,0.088,131.4611358642578
33,348,0,0,0.05262247584536259,115.67303466796875
94,704,1,3,0.154,121.43252563476562
93,1816,3,3,0.1,115.24203491210938
97,1442,1,1,0.088,130.96649169921875
32,1655,1,3,0.154,123.6617431640625
112,405,0,3,0.154,118.89717102050781
30,1875,0,1,0.0663452940352019,114.59889221191406
0,1304,1,0,0.03126701237447388,116.22453308105469
103,871,0,0,0.154,122.09729766845703
71,1779,2,2,0.132,134.48866271972656
89,1795,0,0,0.01768893004914293,136.0744171142578
99,922,1,3,0.154,
52,1338,2,1,0.088,113.72921752929688
103,854,0,2,0.05078527289656276,134.9759063720703
59,1740,0,2,0.132,141.69007873535156
75,862,2,2,0.02595306463531022,123.18672943115234
103,198,0,1,0.088,143.4693603515625
16,1091,2,2,0.132,141.53334045410156
89,1885,3,3,0.0010722642250028114,132.32723999023438
84,401,2,3,0.11071893895188317,110.9894027709961
6,2004,0,1,0.013251148866281426,120.88168334960938
77,1848,0,1,0.04024142762111624,120.97967529296875
54,694,2,1,0.088,139.09214782714844
8,632,2,3,0.1,125.59623718261719
92,1110,0,1,0.088,128.255615234375
15,600,0,2,0.132,133.11282348632812
46,45,0,2,0.10625271844738593,130.48768615722656
1,530,1,1,0.088,124.5787353515625
51,1899,3,1,0.08188068109338492,120.21414947509766
18,920,1,1,0.088,126.92398834228516
16,263,2,2,0.132,126.58838653564453
4,300,1,2,0.132,128.83099365234375
82,1839,0,2,0.132,138.54345703125
92,1004,2,3,0.154,127.17374420166016
48,924,2,3,0.1,130.04832458496094
80,670,1,3,0.08799487163489472,103.23778533935547
89,473,1,0,0.154,131.52232360839844
3,260,1,1,0.088,144.91055297851562
71,238,2,1,0.088,136.8934326171875
11,1468,0,2,0.132,136.38858032226562
46,1228,1,1,0.051882256232453156,124.1894760131836
46,931,3,3,0.01200000000000001,123.90172576904297
3,1828,0,1,0.088,154.28904724121094
8,169,0,0,0.09724631578946002,125.08203125
43,1117,0,2,0.132,123.52989959716797
67,1315,1,2,0.132,123.85943603515625
62,797,0,1,0.088,120.64683532714844
52,1710,3,2,0.132,120.54310607910156
9,629,3,0,0.011301538747748634,121.86211395263672
62,1787,3,2,0.132,131.17129516601562
67,1840,0,1,0.088,126.37908935546875
16,1701,0,2,0.132,144.1066131591797
57,16,3,3,0.08336636580503132,127.61872863769531
38,933,2,1,0.088,124.18921661376953
92,615,2,2,0.132,126.69939422607422
16,1494,3,2,0.132,138.017578125
62,888,2,1,0.088,119.53306579589844
52,1099,2,2,0.132,125.83338165283203
36,1282,3,1,0.055167487620705974,124.82917785644531
13,152,1,1,0.07998814389198283,123.4758071899414
71,103,2,2,0.132,139.6267852783203
66,123,0,1,0.088,130.14048767089844
33,1567,1,0,0.154,115.87422943115234
75,1184,3,2,0.05718478750869804,125.80225372314453
0,1369,1,1,0.088,120.30306243896484
102,1080,0,3,0.1,136.82261657714844
28,1444,3,1,0.088,125.94300079345703
93,661,2,3,0.07058223112232209,112.53984832763672
66,1069,0,1,0.088,133.51194763183594
62,1594,1,1,0.088,119.08078002929688
71,57,0,3,0.154,133.00607299804688
44,786,2,2,0.132,138.05804443359375
71,1393,2,1,0.088,137.13072204589844
107,223,0,2,0.09717376749303541,123.76400756835938
105,490,2,1,0.088,139.704345703125
85,1130,2,0,0.10421539162533222,113.92046356201172
58,1046,0,1,0.088,126.0677719116211
24,1811,0,2,0.132,128.62359619140625
105,179,2,0,0.154,131.32786560058594
52,1465,3,1,0.088,110.89873504638672
106,1408,0,1,0.00016965477615493718,138.7516632080078
1,659,1,0,0.04113300430057254,123.2379379272461
27,169,2,1,0.027440269914930288,119.89189147949219
95,1866,3,1,0.0161606154620402,132.84616088867188
89,1455,0,1,0.040158357573967476,145.4037322998047
1,1704,2,0,0.06700693497482804,120.22327423095703
56,995,0,1,0.088,124.78169250488281
4,68,3,1,0.088,118.3462905883789
63,650,3,2,0.132,126.59700012207031
14,748,0,3,0.1,133.8629150390625
89,1546,2,1,0.088,142.28213500976562
46,543,1,2,0.132,125.18949890136719
70,417,1,2,0.132,120.03707885742188
28,1936,1,0,0.1476000004332916,109.49082946777344
28,871,3,3,0.154,105.81856536865234
1,985,0,2,0.132,124.55547332763672
21,576,1,0,5.500455108951863e-05,
32,379,3,1,0.031100414015186137,131.42428588867188
71,674,0,3,0.154,133.0519561767578
79,1162,2,3,0.023507053285459323,145.9987030029297
62,553,1,2,0.132,117.87826538085938
32,674,2,1,0.088,128.83421325683594
83,670,2,1,0.088,121.12739562988281
52,980,2,2,0.132,112.97105407714844
18,1084,0,1,0.088,123.05037689208984
95,141,3,3,0.01200000000000001,130.43479919433594
91,543,0,2,0.132,128.8759307861328
74,1943,1,2,0.132,139.63780212402344
23,938,1,1,0.088,113.87184143066406
74,934,1,1,0.088,134.19151306152344
24,607,3,1,0.088,122.91295623779297
38,1339,3,1,0.088,127.73104858398438
105,179,0,3,0.154,131.32786560058594
48,1568,3,2,0.132,131.47488403320312
110,432,0,1,0.088,118.38339233398438
24,1648,1,3,0.1,123.50054168701172
43,1105,0,0,0.09090538824875655,119.26374053955078
106,44,0,3,0.1,137.32847595214844
93,693,1,2,0.132,115.25421142578125
62,2024,3,2,0.132,117.62643432617188
18,737,3,2,0.132,130.35581970214844
16,334,3,3,0.154,130.50479125976562
8,39,0,2,0.132,129.86111450195312
103,928,1,3,0.08472552548850101,137.9528045654297
57,1930,1,2,0.132,126.3050308227539
97,1273,1,1,0.07195584706737501,129.48336791992188
85,348,3,1,0.088,113.74468994140625
107,1526,1,2,0.132,128.36705017089844
71,263,3,0,0.0462911504784162,129.57611083984375
110,43,0,0,0.0199148255757981,115.72345733642578
62,191,0,2,0.132,129.4374237060547
16,1868,2,3,0.154,130.59153747558594
75,928,1,2,0.132,127.64459228515625
107,1470,3,1,0.088,125.55044555664062
8,1706,3,3,0.06752117652428102,127.01868438720703
77,1420,2,1,0.02843748477183386,119.05506896972656
16,337,3,3,0.15074361040613085,131.59617614746094
33,474,1,3,0.1,121.36383056640625
58,63,1,2,0.132,127.18091583251953
0,679,2,2,0.132,121.99736022949219
74,1294,0,2,0.0652780645133369,135.21688842773438
71,589,2,2,0.132,137.77935791015625
0,941,0,2,0.132,123.33490753173828
71,788,0,2,0.132,137.59716796875
52,541,1,3,0.1,114.38414001464844
110,641,3,0,0.07538745297091762,114.7852783203125
24,1170,3,2,0.132,132.68695068359375
62,1166,0,2,0.132,127.26758575439453
52,1954,2,3,0.154,110.34359741210938
95,988,3,2,0.10530416508523616,135.39410400390625
52,1162,1,2,0.132,118.1859130859375
4,1027,3,2,0.08530187599262101,120.92668151855469
16,98,0,3,0.154,129.21205139160156
115,1490,1,3,0.154,123.96829986572266
92,336,3,3,0.03962380457438297,128.5285186767578
26,1859,3,3,0.08338020141149896,125.06157684326172
95,1570,2,1,0.088,131.1246337890625
82,71,0,1,0.088,133.4863739013672
70,699,0,3,0.13141445198733043,119.8263168334961
16,379,0,1,0.009198723787415986,131.91038513183594
23,34,3,2,0.132,108.23191833496094
85,2003,3,1,0.088,121.20520782470703
28,850,3,3,0.08045658133845784,125.78490447998047
93,1552,1,2,0.132,116.08946990966797
16,175,3,1,0.088,132.65737915039062
66,278,1,2,0.132,133.26498413085938
24,887,0,2,0.132,125.67606353759766
24,1974,0,3,0.1,123.4227523803711
52,1074,2,3,0.1123747823248177,113.91722106933594
24,1014,1,1,0.088,123.14542388916016
63,248,0,3,0.10312295244209738,126.2093505859375
52,1954,3,1,0.088,110.34359741210938
88,115,2,3,0.01200000000000001,129.08029174804688
32,889,0,1,0.088,129.6898651123047
58,1070,2,3,0.01200000000000001,125.97569274902344
3,1736,2,3,0.154,144.87646484375
11,860,1,2,0.039914001268733346,135.3519287109375
28,1048,3,2,0.132,128.924560546875
77,1743,1,2,0.132,117.96814727783203
70,722,3,2,0.132,118.48468017578125
70,1688,3,1,0.05571045177956965,117.73856353759766
71,1207,0,2,0.05967578725180622,143.63502502441406
107,1645,3,2,0.132,124.55036163330078
33,519,1,2,0.132,129.72862243652344
24,475,0,3,0.1,124.61547088623047
92,1100,3,3,0.1,127.44430541992188
31,351,0,2,0.024995772406977923,136.26145935058594
63,248,1,1,0.088,126.2093505859375
77,983,1,1,0.088,118.82787322998047
105,64,1,3,0.154,132.6448211669922
61,496,3,3,0.1,133.642333984375
49,730,3,1,0.088,116.5448226928711
1,1942,1,3,0.154,123.48729705810547
54,1599,0,2,0.07648117023978973,145.07931518554688
75,1500,0,2,0.014879339559057514,125.43285369873047
12,1704,0,3,0.154,108.27947235107422
68,86,2,0,0.007423672893409228,123.75044250488281
112,363,2,2,0.132,120.81670379638672
71,1113,1,2,0.132,135.96240234375
84,401,0,2,0.132,110.9894027709961
89,306,3,0,0.03532529587179806,132.44625854492188
16,569,1,2,0.132,133.33192443847656
0,1504,3,2,0.132,122.84294891357422
66,1549,0,1,0.088,132.06277465820312
52,92,2,1,0.088,114.4842758178711
28,319,0,3,0.154,106.76277923583984
70,1397,1,1,0.088,119.8997573852539
82,571,3,1,0.088,132.27288818359375
93,1815,0,2,0.132,117.9394760131836
97,1691,3,1,0.088,133.75352478027344
31,1782,2,0,0.020534166515402408,120.04502868652344
89,841,1,3,0.03203037825769478,142.83399963378906
52,1099,0,1,0.088,125.83338165283203
97,795,2,0,0.07742250855139331,127.28839874267578
97,1413,2,3,0.154,127.59320068359375
89,2013,3,2,0.132,149.66943359375
102,1023,3,1,0.009539393235143329,136.52035522460938
25,1344,1,3,0.1,139.10064697265625
24,1044,1,0,0.154,108.1099624633789
44,1889,1,3,0.01200000000000001,138.0310516357422
89,495,3,1,0.088,143.6575927734375
23,460,0,2,0.132,103.38578033447266
31,1782,0,3,0.154,120.04502868652344
103,419,0,2,0.132,140.38217163085938
43,929,2,2,0.132,125.62284851074219
52,1369,0,2,0.008903015673882297,125.00878143310547
91,777,3,3,0.154,122.40092468261719
18,427,3,2,0.132,127.44562530517578
42,1621,3,2,0.032379592670182755,124.77506256103516
92,1165,1,3,0.154,126.65436553955078
82,1511,3,3,0.154,129.96023559570312
0,1284,0,3,0.1,118.5784912109375
52,666,1,2,0.132,125.88329315185547
110,1953,3,1,0.088,118.5645523071289
63,1942,0,0,0.11213313268014008,123.3375473022461
92,1004,1,0,0.09177241090184168,127.17374420166016
99,862,3,1,0.018364019774499002,125.85360717773438
89,2009,2,2,0.132,146.02102661132812
18,1420,2,1,0.059562515228166135,123.37781524658203
16,1487,3,2,0.132,138.53506469726562
92,1750,0,2,0.132,128.55224609375
44,1157,0,0,0.13132705331011002,137.33468627929688
25,857,3,1,0.088,128.212646484375
110,1427,0,1,0.088,114.03286743164062
66,529,3,3,0.154,124.72270965576172
97,841,2,2,0.06920705327033594,130.33065795898438
61,1524,3,3,0.1,133.6315460205078
105,1708,2,1,0.026824241797388904,139.7928924560547
32,249,0,1,0.088,124.26079559326172
70,659,2,1,0.088,117.70347595214844
97,795,0,3,0.12297348346330565,127.28839874267578
87,1145,3,1,0.088,125.43084716796875
52,274,1,1,0.088,115.54942321777344
52,1905,1,2,0.132,125.9395751953125
75,350,1,3,0.07764623956217948,125.70026397705078
88,1872,3,1,0.03678696934971995,134.01016235351562
58,1606,2,2,0.132,126.03926849365234
18,903,0,0,0.09612099237158298,116.17543029785156
28,347,0,3,0.154,110.48572540283203
63,650,1,1,0.088,126.59700012207031
32,960,1,2,0.132,129.90234375
16,1106,2,1,0.088,136.03997802734375
8,369,3,1,0.088,125.75128936767578
82,1093,3,2,0.132,134.21722412109375
34,1271,2,1,0.088,112.84639739990234
93,661,1,0,0.154,112.53984832763672
48,1420,2,3,0.10555823504733877,129.30145263671875
28,206,0,3,0.154,108.41876220703125
83,958,3,2,0.132,
52,1349,1,2,0.132,120.17220306396484
95,728,2,1,0.088,134.49842834472656
26,1814,1,3,0.10288172730747938,122.27445983886719
52,1845,0,1,0.088,111.25714111328125
34,1165,0,1,0.088,125.01331329345703
77,197,1,2,0.132,118.90817260742188
24,991,2,1,0.088,124.64872741699219
77,1759,2,1,0.088,118.9220199584961
24,1417,3,1,0.088,123.20803833007812
52,651,0,0,0.154,110.28583526611328
59,1795,2,2,0.132,132.4958953857422
52,1641,3,1,0.088,112.84413146972656
28,1298,0,2,0.132,125.75482177734375
32,524,2,2,0.132,130.3231964111328
32,1812,0,1,0.088,128.01446533203125
56,1344,2,2,0.132,125.71691131591797
62,2024,1,1,0.0520309578167831,117.62643432617188
61,1723,2,1,0.08030247245262506,133.6435089111328
18,2024,0,3,0.154,119.85236358642578
14,1567,3,0,0.12533314738919255,128.52069091796875
59,557,3,2,0.132,144.07534790039062
0,553,0,0,0.11601884475456495,115.84882354736328
20,460,1,3,0.154,122.80829620361328
88,862,1,0,0.13127173539298828,127.34458923339844
87,1602,1,2,0.09737586656021036,133.7193145751953
52,637,0,2,0.132,121.20697021484375
0,1876,3,3,0.1,118.05304718017578
113,764,1,1,0.088,128.03704833984375
8,1706,1,2,0.132,127.01868438720703
44,1800,1,2,0.132,137.5310821533203
52,1167,1,2,0.132,116.4385986328125
52,927,0,1,0.088,123.58746337890625
43,505,2,1,0.088,121.37511444091797
52,1026,1,1,0.088,118.7978515625
11,1113,1,3,0.1,135.55572509765625
18,1299,3,1,0.088,125.17724609375
53,836,3,2,0.132,133.88380432128906
46,14,3,2,0.132,126.18848419189453
89,36,3,2,0.132,147.8580780029297
24,619,0,1,0.088,121.34288787841797
53,1313,0,3,0.12273070578189585,125.87103271484375
24,1510,2,2,0.132,125.95013427734375
71,589,0,1,0.088,137.77935791015625
32,1901,3,1,0.088,127.85045623779297
107,771,1,1,0.088,124.8428726196289
46,1156,1,2,0.132,126.96083068847656
74,256,3,2,0.132,139.3878173828125
52,1766,2,2,0.132,111.18428039550781
87,594,1,1,0.05583838877491709,134.13429260253906
29,72,0,2,0.132,124.69908905029297
102,1615,0,1,0.088,138.79168701171875
58,1070,0,2,0.132,125.97569274902344
92,852,1,3,0.1,128.0980682373047
44,1667,3,3,0.04099658928421897,137.72528076171875
28,850,1,2,0.132,125.78490447998047
52,1021,2,1,0.088,113.99590301513672
24,1869,2,2,0.132,126.30242156982422
70,722,1,1,0.088,118.48468017578125
48,1299,3,3,0.01200000000000001,131.1255340576172
68,1184,2,3,0.1,132.22494506835938
0,1084,0,3,0.016073423879932325,116.44277954101562
0,184,1,1,0.088,119.88111877441406
52,1954,1,0,0.154,110.34359741210938
95,738,2,2,0.132,134.23291015625
31,607,0,3,0.154,120.7025375366211
97,528,2,2,0.132,129.3751678466797
4,569,0,3,0.154,121.78309631347656
15,5,1,1,0.088,130.68153381347656
105,1395,2,1,0.088,141.3287353515625
115,1490,0,0,0.04406205303133748,123.96829986572266
25,1551,1,2,0.132,143.59536743164062
22,794,0,1,0.04069091275539885,139.64385986328125
24,1918,3,1,0.088,122.43537139892578
9,930,0,2,0.132,123.63986206054688
113,1951,3,2,0.132,125.44709777832031
46,994,1,0,0.04399202321267687,121.6707534790039
82,1921,2,1,0.088,132.80160522460938
93,1926,2,2,0.132,113.26107788085938
91,1919,1,1,0.06154107020168145,126.22821807861328
52,936,3,2,0.132,114.86834716796875
67,365,3,1,0.01752717913894375,123.66497802734375
23,47,3,1,0.088,102.72364807128906
18,1108,0,2,0.132,129.92332458496094
0,574,2,2,0.132,120.28347778320312
24,448,2,2,0.132,124.11146545410156
97,1991,2,1,0.06911175553083443,130.3815460205078
71,391,3,1,0.088,135.4088134765625
56,116,3,3,0.154,121.9650650024414
31,1748,1,1,0.088,124.78679656982422
38,1463,1,2,0.132,123.50113677978516
16,312,3,2,0.132,138.6106719970703
24,1864,3,2,0.132,131.89720153808594
16,1031,3,3,0.1,133.281005859375
0,1815,1,2,0.132,119.75321197509766
83,1551,3,2,0.132,128.54823303222656
92,336,0,3,0.07921546088211312,128.5285186767578
102,1279,3,2,0.132,141.78163146972656
0,609,0,3,0.1,118.59825897216797
24,1250,2,2,0.132,125.26699829101562
59,1631,1,3,0.154,124.05435180664062
15,1729,0,3,0.1,131.79469299316406
52,414,2,2,0.132,116.36569213867188
71,860,1,2,0.0633910606834176,135.75914001464844
32,822,3,2,0.132,125.60336303710938
82,10,3,2,0.132,135.93405151367188
23,2002,3,2,0.132,103.55958557128906
38,277,0,1,0.088,132.56512451171875
89,445,2,1,0.088,141.5133819580078
71,1545,0,2,0.132,125.43894958496094
58,810,0,1,0.088,126.07738494873047
82,486,2,3,0.1,130.70108032226562
13,1226,3,3,0.154,120.48226928710938
112,1211,0,3,0.154,117.7302017211914
102,128,0,2,0.132,144.98818969726562
112,1114,0,2,0.132,121.93586730957031
97,1085,2,1,0.088,129.2913818359375
33,1361,0,1,0.088,129.86859130859375
42,1396,0,2,0.132,124.87837982177734
42,866,0,2,0.132,127.86517333984375
85,659,3,1,0.088,115.39497375488281
24,47,1,3,0.154,106.25684356689453
16,67,3,1,0.088,138.2030792236328
69,281,3,2,0.132,144.65896606445312
5,973,0,2,0.0033651819585778647,138.18096923828125
103,854,2,2,0.132,134.9759063720703
74,1999,0,2,0.132,132.97715759277344
93,1159,1,1,0.088,115.12866973876953
66,1866,1,2,0.00430891982081949,130.3226318359375
25,1239,3,2,0.132,142.0098419189453
89,1836,0,1,0.088,148.20179748535156
24,139,1,3,0.154,103.18280792236328
3,260,3,1,0.088,144.91055297851562
105,64,0,0,0.154,132.6448211669922
28,315,2,0,0.03711571615421155,106.22738647460938
8,1132,1,2,0.132,125.74528503417969
52,1901,1,1,0.002541976819811248,112.04922485351562
24,1707,0,3,0.01200000000000001,125.15516662597656
68,973,3,1,0.088,135.23977661132812
92,1324,0,2,0.132,132.34060668945312
74,1429,2,1,0.088,135.6409149169922
46,1462,1,2,0.132,125.52714538574219
34,263,0,2,0.132,114.9588394165039
63,985,3,0,0.154,124.26631927490234
70,659,0,0,0.154,117.70347595214844
33,492,2,2,0.132,128.03990173339844
28,315,0,3,0.154,106.22738647460938
28,1651,2,1,0.007683554270763976,125.58226776123047
115,1852,3,1,0.088,126.32865142822266
63,80,1,1,0.07219672571780442,126.91487884521484
37,96,0,3,0.154,
16,1268,0,2,0.132,144.13331604003906
91,1462,0,2,0.132,129.17820739746094
61,1190,3,3,0.1,133.6339874267578
92,185,2,2,0.024779896477869157,132.49490356445312
61,1408,3,1,0.044971187024983456,135.23831176757812
3,1534,1,2,0.132,150.27642822265625
53,359,3,3,0.154,
88,1653,3,2,0.132,132.91854858398438
16,1487,1,1,0.088,138.53506469726562
97,1507,2,1,0.088,129.354248046875
31,1174,0,3,0.154,116.35623931884766
66,1182,2,1,0.0722132490688524,128.2998504638672
48,1238,2,1,0.05104723678498349,131.51393127441406
106,444,3,1,0.088,140.1685028076172
106,1190,2,3,0.018889465873302258,137.30320739746094
4,155,2,1,0.088,123.10820007324219
20,86,0,3,0.09777236539120063,131.47494506835938
49,137,2,2,0.132,121.9135513305664
102,453,1,2,0.132,
15,1346,3,3,0.154,129.97227478027344
61,1534,3,2,0.039854864415446,137.87881469726562
14,233,0,2,0.132,139.0535430908203
3,1193,0,3,0.1,147.61444091796875
57,1022,2,1,0.088,127.14064025878906
42,1027,1,3,0.154,122.4774169921875
52,1176,3,2,0.132,112.55447387695312
58,1606,0,1,0.088,126.03926849365234
68,350,2,1,0.088,132.3084259033203
15,1412,3,3,0.01200000000000001,132.0360565185547
23,1843,1,3,0.154,110.45948028564453
93,374,2,2,0.132,120.01189422607422
24,843,0,2,0.132,126.95185089111328
59,1795,0,1,0.088,132.4958953857422
16,284,0,2,0.132,140.48529052734375
15,530,2,0,0.154,127.52360534667969
61,717,3,2,0.132,133.6162567138672
112,152,0,3,0.06006062376970961,117.5167236328125
52,746,0,2,0.132,117.75775909423828
30,165,3,3,0.14834177416272276,110.67765808105469
14,83,3,1,0.088,138.9224853515625
89,1189,3,1,0.088,146.95565795898438
61,1194,0,3,0.1,133.6304168701172
11,1825,2,3,0.08840344682985023,135.27769470214844
112,230,1,1,0.088,116.66272735595703
66,1134,1,2,0.132,130.98074340820312
32,1105,0,3,0.154,123.23688507080078
33,1781,1,1,0.088,124.13660430908203
92,1165,0,0,0.154,126.65436553955078
33,348,0,3,0.021729430187797827,115.67303466796875
32,145,1,1,0.088,126.53097534179688
103,836,2,2,0.07894873384153478,138.1575164794922
16,1857,3,2,0.132,144.66485595703125
23,581,2,1,0.088,109.01860809326172
36,1848,2,1,0.088,124.71561431884766
52,1641,1,0,0.154,112.84413146972656
103,169,2,1,0.004986532985963826,134.49481201171875
34,66,0,2,0.132,112.91914367675781
74,1909,3,1,0.088,137.8917694091797
59,473,1,1,0.088,127.71610260009766
51,779,1,1,0.01716573942990629,119.41651153564453
88,1413,3,0,0.01691171074279285,127.55491638183594
89,1795,0,3,0.154,136.0744171142578
112,405,3,1,0.088,118.89717102050781
89,85,3,2,0.132,147.51055908203125
57,1930,3,2,0.132,126.3050308227539
52,303,0,2,0.132,121.5449447631836
36,1256,2,2,0.132,127.87078857421875
92,1744,1,2,0.132,128.87255859375
59,557,1,1,0.088,144.07534790039062
46,1114,2,3,0.07265081960083092,123.41642761230469
71,845,0,2,0.132,136.5570831298828
3,1515,0,2,0.132,150.95675659179688
97,832,3,2,0.132,136.13668823242188
103,72,0,3,0.01200000000000001,140.14053344726562
16,1293,1,1,0.088,138.1072540283203
52,681,1,1,0.088,117.31963348388672
16,1715,0,3,0.154,131.66139221191406
74,256,1,1,0.088,139.3878173828125
94,734,3,2,0.132,130.95423889160156
82,741,3,1,0.088,134.1942596435547
75,928,3,2,0.04800167636196212,127.64459228515625
42,1080,0,2,0.132,126.8885726928711
17,1282,1,3,0.017973849240560058,128.8165740966797
33,993,3,2,0.132,126.28207397460938
52,916,3,2,0.03357504526650262,125.81197357177734
59,1452,0,2,0.132,145.51007080078125
59,1449,0,2,0.132,156.38046264648438
4,1573,1,1,0.088,122.0376205444336
46,1470,2,3,0.1,122.52423095703125
84,992,2,2,0.132,111.88735961914062
18,553,0,1,0.004328081579194731,120.13478088378906
49,1753,1,1,0.088,116.86788940429688
113,232,3,3,0.0865913020083807,122.65115356445312
70,779,3,2,0.132,120.42570495605469
16,1620,1,1,0.088,124.46698760986328
88,795,1,0,0.06001313766454763,127.34728240966797
66,1375,3,2,0.132,131.9874725341797
36,1743,1,3,0.154,122.16691589355469
24,1510,0,1,0.088,125.95013427734375
71,1183,2,3,0.1,135.33660888671875
8,1501,1,3,0.1,125.69976043701172
58,1363,0,3,0.1,125.68418884277344
22,274,3,3,0.1,135.88050842285156
62,1043,2,1,0.088,119.8760757446289
52,1766,0,1,0.088,111.18428039550781
23,1301,1,1,0.088,118.76207733154297
11,1930,0,0,0.02148942936799708,133.40000915527344
92,2006,2,2,0.132,128.3962860107422
92,1240,3,1,0.088,129.37274169921875
52,1338,3,2,0.132,113.72921752929688
102,318,0,2,0.132,143.64947509765625
33,1567,1,3,0.154,115.87422943115234
67,232,0,1,0.088,124.9438247680664
90,224,0,3,0.001431542964322862,129.07070922851562
24,1869,0,1,0.088,126.30242156982422
74,380,2,1,0.088,136.81973266601562
68,194,0,2,0.132,140.58995056152344
102,372,0,1,0.088,141.55303955078125
52,482,1,3,0.1,114.0463638305664
32,1626,0,1,0.088,125.75038146972656
77,1981,2,1,0.088,120.03325653076172
16,1569,1,2,0.132,139.63418579101562
97,528,0,1,0.088,129.3751678466797
89,837,0,1,0.088,147.82432556152344
71,1755,0,1,0.010914385342408156,144.09130859375
97,857,1,0,0.0012504197527740402,126.8304443359375
52,800,3,2,0.132,115.9950942993164
15,819,2,2,0.132,130.83843994140625
82,464,3,2,0.132,132.94581604003906
107,223,3,0,0.037321388972541725,123.76400756835938
4,166,3,2,0.132,120.56815338134766
105,1919,0,2,0.132,140.46762084960938
18,1105,1,0,0.01977059250732774,115.46424865722656
48,782,2,2,0.019020002361287758,130.6522979736328
23,2002,1,1,0.088,103.55958557128906
24,106,0,1,0.088,134.95428466796875
32,396,3,2,0.132,125.75038146972656
28,1936,1,3,0.154,109.49082946777344
59,1255,0,2,0.132,123.40805053710938
34,654,0,2,0.132,132.59103393554688
92,1892,1,2,0.132,130.66262817382812
70,248,0,2,0.132,121.21420288085938
71,356,1,2,0.132,134.4486083984375
79,34,0,0,0.04241119844813025,136.1969757080078
77,1634,3,1,0.088,117.50836181640625
56,1501,1,1,0.0869016760885615,124.46449279785156
19,798,2,1,0.088,125.39561462402344
70,1899,3,2,0.0029902071484471104,121.26781463623047
1,1942,3,3,0.15261106761124338,123.48729705810547
59,1915,3,1,0.088,119.300048828125
97,1273,3,1,0.03559815440027955,129.48336791992188
43,1490,3,2,0.06455165524829332,125.5694580078125
82,10,1,1,0.088,135.93405151367188
77,924,1,1,0.05534132612916179,120.10166931152344
52,1572,0,1,0.088,107.89373779296875
97,21,0,3,0.03371666316920231,129.90463256835938
0,693,2,3,0.1,117.3631362915039
52,807,0,2,0.132,118.78688049316406
100,1530,2,3,0.015043519457969334,139.27157592773438
115,1137,1,2,0.132,132.39999389648438
105,179,3,1,0.088,131.32786560058594
77,1363,0,1,0.088,120.9373779296875
24,1147,1,2,0.132,122.84561157226562
59,1631,0,0,0.154,124.05435180664062
105,1619,0,1,0.088,134.796142578125
71,1642,0,1,0.088,138.83909606933594
15,1682,3,2,0.132,137.72415161132812
25,1239,1,1,0.088,142.0098419189453
110,43,0,3,0.154,115.72345733642578
92,1985,2,2,0.132,128.9812774658203
52,512,1,2,0.132,117.43138885498047
53,359,1,2,0.132,
42,1169,2,1,0.05483605873620431,130.121337890625
58,1095,3,1,0.088,125.83617401123047
44,164,3,1,0.088,137.21603393554688
43,1540,2,1,0.088,121.15424346923828
51,401,2,0,0.0028990300846309935,115.64785766601562
82,853,2,3,0.154,129.79232788085938
32,1542,0,1,0.088,131.0465850830078
16,1972,3,1,0.088,131.34901428222656
93,289,3,1,0.088,115.07907104492188
36,197,1,3,0.154,123.0203857421875
49,1926,3,2,0.132,116.87115478515625
52,833,3,1,0.088,111.75553131103516
21,576,2,1,0.06735503658544675,
59,1933,2,2,0.132,114.03936004638672
33,492,0,1,0.088,128.03990173339844
8,756,0,1,0.088,132.58050537109375
24,47,0,0,0.154,106.25684356689453
52,1280,1,1,0.088,115.96705627441406
24,1566,1,2,0.132,125.20452880859375
94,610,0,2,0.132,131.24545288085938
110,641,3,3,0.154,114.7852783203125
3,1283,3,2,0.132,151.802490234375
61,1190,1,2,0.132,133.6339874267578
92,185,0,1,0.088,132.49490356445312
93,1552,3,2,0.132,116.08946990966797
11,1779,0,0,0.04807845050968637,134.13778686523438
34,1251,2,2,0.03620639871185305,112.91914367675781
15,141,3,1,0.088,132.33380126953125
93,374,0,1,0.088,120.01189422607422
52,1229,0,2,0.132,111.8994140625
112,224,3,2,0.132,122.56635284423828
13,1226,2,0,0.08252070273608039,120.48226928710938
16,1067,1,1,0.088,138.49380493164062
71,2001,0,1,0.088,137.4637451171875
83,901,2,2,0.132,121.00437927246094
11,1825,0,2,0.017860612468733272,135.27769470214844
51,1018,2,0,0.154,
3,602,1,1,0.088,145.33192443847656
19,1645,1,3,0.03152970930086324,125.6678695678711
62,630,0,3,0.154,119.26226806640625
69,1979,1,1,0.088,138.60330200195312
62,240,3,2,0.132,118.71685791015625
32,1292,3,3,0.1,130.76148986816406
52,539,1,1,0.088,114.0257797241211
10,767,3,0,0.05091774656978734,120.51445770263672
92,1659,2,1,0.088,129.94183349609375
62,1596,0,2,0.132,121.8907699584961
52,1728,2,2,0.132,115.09016418457031
110,1427,2,1,0.088,114.03286743164062
61,717,1,1,0.088,133.6162567138672
39,1397,3,0,0.03507682498720174,121.32972717285156
16,1400,1,3,0.154,131.7113037109375
79,1678,0,2,0.03954373922047333,153.62213134765625
39,417,3,3,0.04317911081908668,121.426025390625
3,1611,1,2,0.132,145.66856384277344
19,930,3,0,0.1375038560428518,125.40093231201172
32,558,3,2,0.132,129.41836547851562
16,1251,2,2,0.09579360128814696,124.69855499267578
75,18,2,0,0.04741282316559339,122.32215118408203
57,1540,1,0,0.05687985394682482,123.23077392578125
42,648,2,1,0.088,124.9762191772461
94,515,0,2,0.132,133.31832885742188
23,625,3,1,0.088,129.48361206054688
23,581,0,0,0.154,109.01860809326172
77,1849,0,1,0.088,116.3369369506836
82,1901,0,0,0.154,128.18276977539062
93,971,2,1,0.088,115.72610473632812
36,1643,2,2,0.132,128.31716918945312
36,1598,1,1,0.088,126.35950469970703
52,1007,3,0,0.154,108.70890045166016
95,847,0,1,0.088,138.66896057128906
77,1257,0,2,0.132,119.83209991455078
63,341,2,2,0.049229991645526244,128.81863403320312
24,588,1,2,0.132,128.02584838867188
102,178,3,2,0.132,145.2424774169922
63,963,1,2,0.132,127.71814727783203
105,511,1,1,0.088,131.4611358642578
94,704,0,3,0.154,121.43252563476562
93,1816,2,3,0.1,115.24203491210938
24,1044,3,0,0.154,108.1099624633789
32,1655,0,3,0.154,123.6617431640625
52,2016,3,1,0.088,115.55853271484375
84,992,0,1,0.088,111.88735961914062
0,636,1,2,0.132,119.20838165283203
16,79,3,2,0.132,138.29283142089844
99,922,0,3,0.154,
66,638,3,1,0.088,134.35658264160156
25,1444,1,3,0.02171174795559161,139.22726440429688
24,1044,1,3,0.154,108.1099624633789
71,1183,0,2,0.132,135.33660888671875
15,507,3,2,0.132,131.41943359375
48,1981,2,3,0.1,130.1066131591797
59,687,3,3,0.154,129.9551239013672
54,694,1,1,0.088,139.09214782714844
31,1489,3,2,0.132,129.515625
82,595,0,2,0.132,135.68536376953125
28,319,3,1,0.088,106.76277923583984
48,1590,0,2,0.054975946972540934,142.637939453125
51,1899,2,1,0.088,120.21414947509766
4,300,0,2,0.132,128.83099365234375
61,793,1,2,0.132,133.64122009277344
71,1779,1,2,0.132,134.48866271972656
52,868,0,1,0.088,115.0723876953125
52,1338,1,1,0.088,113.72921752929688
92,1004,1,3,0.1,127.17374420166016
62,477,3,2,0.132,121.75650787353516
48,924,1,3,0.1,130.04832458496094
80,670,0,3,0.154,103.23778533935547
44,1157,0,3,0.1,137.33468627929688
71,238,1,1,0.088,136.8934326171875
0,1084,2,3,0.154,116.44277954101562
0,1284,3,1,0.088,118.5784912109375
77,1286,3,1,0.088,117.00041198730469
62,90,2,1,0.088,118.29218292236328
82,741,0,1,0.088,134.1942596435547
85,511,0,2,0.10949313838618008,116.2116470336914
36,1743,0,0,0.047455298869136214,122.16691589355469
67,1315,0,2,0.132,123.85943603515625
56,369,2,1,0.03468339620028188,124.55613708496094
67,1415,2,0,0.10543067962099596,102.67819213867188
92,615,1,2,0.132,126.69939422607422
94,1789,2,2,0.11278150710745916,129.7119598388672
15,819,0,1,0.088,130.83843994140625
16,1494,2,2,0.132,138.017578125
62,888,1,1,0.088,119.53306579589844
92,839,3,2,0.132,128.94259643554688
32,835,0,1,0.088,145.14834594726562
87,1930,2,1,0.022461755076238377,128.5451202392578
82,1536,1,2,0.132,133.4152374267578
62,154,3,1,0.036927496568907814,123.12361145019531
66,1186,3,2,0.132,129.78236389160156
24,1911,1,0,0.154,105.58892822265625
13,152,0,1,0.043704591891982864,123.4758071899414
33,1567,0,0,0.06204554467505918,115.87422943115234
93,661,1,3,0.030196730766745727,112.53984832763672
32,396,1,1,0.088,125.75038146972656
62,1594,0,1,0.088,119.08078002929688
52,702,1,2,0.132,119.75944519042969
71,1393,1,1,0.088,137.13072204589844
109,1130,3,2,0.1003793218808623,111.07571411132812
16,1271,1,0,0.034275976023270066,124.66587829589844
27,169,1,1,0.001706158304736194,119.89189147949219
52,651,0,3,0.154,110.28583526611328
36,1282,2,1,0.02886921077300822,124.82917785644531
97,320,3,1,0.088,131.20266723632812
4,68,2,1,0.088,118.3462905883789
89,88,3,1,0.088,144.98692321777344
112,1114,2,2,0.132,121.93586730957031
3,11,0,3,0.01200000000000001,148.50527954101562
68,1863,0,2,0.132,142.23521423339844
28,347,3,1,0.088,110.48572540283203
89,1546,1,1,0.088,142.28213500976562
56,1651,2,3,0.06052892129363899,124.82999420166016
82,1715,0,2,0.12513903636380153,131.2465362548828
28,871,2,3,0.154,105.81856536865234
113,764,3,1,0.088,128.03704833984375
105,179,1,0,0.154,131.32786560058594
52,2032,3,2,0.132,117.62117767333984
59,386,0,2,0.132,155.692138671875
52,1465,2,1,0.088,110.89873504638672
52,1026,3,1,0.088,118.7978515625
79,1162,1,3,0.03791278868545933,145.9987030029297
82,464,0,2,0.132,132.94581604003906
32,674,1,1,0.088,128.83421325683594
7,1991,0,1,0.035990989840320786,133.53944396972656
114,1744,0,3,0.03250893661815765,133.06309509277344
92,989,0,1,0.088,128.71408081054688
24,450,3,2,0.132,124.02645111083984
27,18,0,1,0.088,115.63247680664062
24,619,2,1,0.088,121.34288787841797
23,938,0,1,0.088,113.87184143066406
107,771,3,1,0.088,124.8428726196289
88,1273,1,3,0.1,129.0101318359375
32,766,3,2,0.132,130.71188354492188
74,934,0,1,0.088,134.19151306152344
46,1752,0,1,0.088,126.3777084350586
34,255,0,1,0.088,112.91914367675781
38,1339,2,1,0.02686239500859916,127.73104858398438
48,1568,2,2,0.132,131.47488403320312
59,885,2,2,0.132,138.8170623779297
24,1648,0,3,0.1,123.50054168701172
87,1554,1,2,0.132,136.0597381591797
49,1926,1,1,0.03298857335324118,116.87115478515625
83,817,0,1,0.088,128.6211700439453
62,2024,2,2,0.132,117.62643432617188
87,1849,0,2,0.132,128.9793701171875
6,348,3,3,0.05873803051220211,116.49718475341797
70,1942,2,1,0.02010881313667931,118.0608901977539
21,576,0,0,0.04749602055108952,
82,1169,3,2,0.132,139.19876098632812
89,1082,3,2,0.132,146.34326171875
107,1961,1,2,0.132,125.36363983154297
82,1127,2,1,0.088,136.31854248046875
74,1943,0,2,0.132,139.63780212402344
85,348,2,1,0.088,113.74468994140625
0,971,2,3,0.1,117.81072235107422
97,1967,3,1,0.088,129.8330535888672
52,1741,1,2,0.132,114.22257232666016
102,46,3,3,0.1,136.0942840576172
110,704,1,2,0.132,113.29430389404297
48,1723,0,2,0.132,131.38900756835938
25,1883,2,2,0.034271367948193854,140.6534423828125
77,1420,1,1,0.088,119.05506896972656
24,454,0,2,0.132,101.93009185791016
9,152,1,3,0.05096998214930726,122.37383270263672
43,505,3,2,0.132,121.37511444091797
0,679,1,2,0.132,121.99736022949219
89,95,0,1,0.088,149.51170349121094
39,1347,0,3,0.01200000000000001,125.47748565673828
16,1697,0,1,0.088,140.31817626953125
59,739,3,1,0.088,145.81541442871094
52,1689,3,3,0.1,114.96037292480469
62,1246,1,2,0.132,121.61526489257812
52,288,3,1,0.088,108.25174713134766
61,385,3,1,0.088,133.62326049804688
52,1728,0,1,0.088,115.09016418457031
91,1136,3,2,0.132,129.11305236816406
15,1370,3,1,0.088,133.263671875
52,1954,1,3,0.154,110.34359741210938
31,1748,3,1,0.088,124.78679656982422
16,1868,1,3,0.154,130.59153747558594
95,988,2,2,0.132,135.39410400390625
59,1425,0,2,0.132,141.6996612548828
62,202,1,3,0.1,120.06063079833984
93,1944,1,0,0.0001413808191537691,114.08553314208984
36,592,3,2,0.132,128.6049041748047
115,1490,0,3,0.0874081020484658,123.96829986572266
20,86,2,3,0.02805343303164501,131.47494506835938
95,1570,1,1,0.088,131.1246337890625
85,179,3,2,0.0851930720253179,116.2979965209961
74,2004,1,2,0.09471067171895686,131.59996032714844
102,1630,1,2,0.132,139.0435791015625
38,1753,3,1,0.03414797614171358,122.6750259399414
24,1415,1,0,0.04438999277900402,97.89253997802734
4,569,3,1,0.088,121.78309631347656
24,1398,1,2,0.132,127.61131286621094
77,30,3,1,0.088,118.33349609375
93,1552,0,2,0.132,116.08946990966797
16,175,2,1,0.088,132.65737915039062
63,341,0,1,0.088,128.81863403320312
94,1855,1,2,0.11784537969538178,130.75668334960938
93,932,3,2,0.132,118.2464370727539
66,278,0,2,0.132,133.26498413085938
3,1713,3,2,0.132,147.02337646484375
51,997,2,2,0.006987035469146141,120.31407928466797
4,1027,2,2,0.132,120.92668151855469
52,1074,1,3,0.1,113.91722106933594
31,499,0,3,0.060189821920306585,122.70281219482422
24,1014,0,1,0.088,123.14542388916016
36,1643,0,1,0.088,128.31716918945312
58,1116,3,2,0.08855830177943347,131.0633087158203
58,1070,1,3,0.01200000000000001,125.97569274902344
11,860,0,2,0.132,135.3519287109375
0,609,3,1,0.03954679283603885,118.59825897216797
28,1048,2,2,0.132,128.924560546875
77,1743,0,2,0.132,117.96814727783203
93,1159,3,1,0.088,115.12866973876953
24,1202,3,2,0.132,127.7676010131836
16,79,1,1,0.088,138.29283142089844
74,1580,3,0,0.154,131.71449279785156
16,1012,0,2,0.09362426201505764,146.7617645263672
70,1688,2,1,0.088,117.73856353759766
82,392,3,1,0.088,134.10595703125
26,1371,1,2,0.132,129.1265869140625
34,1616,2,1,0.08190638795299515,124.25190734863281
33,519,0,2,0.132,129.72862243652344
16,481,3,2,0.132,144.2367401123047
92,1100,2,3,0.1,127.44430541992188
112,1211,3,1,0.088,117.7302017211914
88,115,1,3,0.01200000000000001,129.08029174804688
22,1560,0,3,0.1,136.2048797607422
94,430,3,3,0.154,121.84188842773438
107,994,0,1,0.088,124.20215606689453
77,983,0,1,0.088,118.82787322998047
105,64,0,3,0.154,132.6448211669922
52,1675,0,1,0.088,109.58290100097656
91,2003,1,2,0.0813817553017562,122.52047729492188
62,505,3,0,0.154,115.80318450927734
53,920,3,1,0.088,135.38690185546875
107,1645,2,2,0.132,124.55036163330078
112,363,1,2,0.132,120.81670379638672
16,1409,3,1,0.088,139.1002655029297
59,488,3,2,0.132,141.45706176757812
59,687,1,2,0.132,129.9551239013672
82,1676,3,2,0.132,134.11521911621094
23,750,3,2,0.132,105.95929718017578
71,1545,3,0,0.154,125.43894958496094
82,46,3,2,0.132,132.77247619628906
52,92,1,1,0.088,114.4842758178711
23,86,3,1,0.088,109.1586685180664
70,1397,0,1,0.088,119.8997573852539
82,571,2,1,0.088,132.27288818359375
68,1416,1,1,0.088,131.6280059814453
52,94,3,1,0.088,113.03173828125
7,1723,3,3,0.08301338142263995,133.57383728027344
63,467,3,1,0.088,128.60682678222656
37,96,3,1,0.088,
10,9,1,2,0.132,126.60453796386719
25,1344,0,3,0.1,139.10064697265625
24,843,2,2,0.132,126.95185089111328
103,559,1,2,0.016228014395993362,142.81356811523438
24,1044,0,0,0.154,108.1099624633789
44,1889,0,3,0.01200000000000001,138.0310516357422
17,1848,0,3,0.04473754706531702,128.76129150390625
61,1194,2,3,0.1,133.6304168701172
24,1603,3,1,0.088,125.0352783203125
70,1149,0,0,0.051012641689305166,117.41465759277344
94,1789,0,1,0.07022005648443022,129.7119598388672
66,638,0,1,0.088,134.35658264160156
97,795,1,0,0.09398686233545236,127.28839874267578
16,1739,3,1,0.088,130.59495544433594
52,271,2,2,0.132,117.34913635253906
97,1413,1,3,0.154,127.59320068359375
99,862,2,1,0.088,125.85360717773438
89,2009,1,2,0.132,146.02102661132812
102,1467,3,1,0.07180963355758577,137.88986206054688
32,334,3,2,0.132,128.88758850097656
25,857,2,1,0.088,128.212646484375
115,1223,2,2,0.132,126.63390350341797
89,495,2,1,0.088,143.6575927734375
0,1421,3,2,0.132,120.96326446533203
66,529,2,3,0.154,124.72270965576172
43,929,1,2,0.132,125.62284851074219
97,841,1,2,0.03167235887033598,130.33065795898438
32,337,3,2,0.132,129.88119506835938
22,1985,0,3,0.1,136.30667114257812
93,1316,2,2,0.132,116.23680877685547
24,697,3,1,0.088,122.86732482910156
70,659,1,1,0.088,117.70347595214844
16,902,3,3,0.154,130.62660217285156
92,1165,0,3,0.1477865640806917,126.65436553955078
74,1252,2,2,0.132,131.67596435546875
87,1145,2,1,0.088,125.43084716796875
60,1058,0,2,0.002293466940194916,131.06814575195312
92,1744,3,2,0.132,128.87255859375
57,1022,3,2,0.132,127.14064025878906
31,1708,3,2,0.132,123.45301055908203
75,350,0,3,0.1265577280635327,125.70026397705078
49,488,1,0,0.01361829613111934,117.05455017089844
85,1688,2,3,0.09946289860061522,115.43688201904297
4,1968,2,2,0.132,121.70296478271484
3,1193,3,1,0.088,147.61444091796875
0,416,0,1,0.088,122.853515625
4,68,0,0,0.154,118.3462905883789
4,2020,0,1,0.088,122.33370208740234
18,171,3,1,0.088,128.98101806640625
63,650,0,1,0.088,126.59700012207031
32,960,0,2,0.132,129.90234375
61,11,0,2,0.132,135.0902099609375
56,1797,0,1,0.08563112598036682,123.69844055175781
8,369,2,1,0.053316603799718115,125.75128936767578
105,908,3,1,0.088,144.9883575439453
48,1238,3,2,0.132,131.51393127441406
22,99,3,3,0.01200000000000001,136.46917724609375
82,1093,2,2,0.132,134.21722412109375
61,347,2,0,0.154,126.43035888671875
30,1875,3,2,0.10766004365451981,114.59889221191406
34,1271,1,1,0.088,112.84639739990234
105,1708,1,1,0.0025616133574496713,139.7928924560547
28,871,0,2,0.132,105.81856536865234
6,1875,2,1,0.06534408298900626,127.27973175048828
42,83,1,2,0.03182590876105318,131.97927856445312
83,958,2,2,0.132,
74,273,1,2,0.0398307256264161,135.316162109375
97,1259,3,2,0.132,129.62991333007812
8,1618,3,2,0.132,128.6868896484375
32,486,3,1,0.088,130.81932067871094
77,197,0,2,0.132,118.90817260742188
32,1304,0,1,0.088,127.64800262451172
59,1076,3,2,0.132,135.93972778320312
87,1599,0,2,0.055518829760210275,139.17190551757812
52,1610,0,2,0.132,114.71519470214844
52,1641,2,1,0.088,112.84413146972656
48,1568,0,1,0.088,131.47488403320312
32,524,1,2,0.132,130.3231964111328
77,1848,3,2,0.132,120.97967529296875
70,80,3,2,0.132,121.926025390625
62,1203,2,1,0.088,119.71988677978516
93,661,0,0,0.154,112.53984832763672
56,1344,1,2,0.132,125.71691131591797
92,1110,3,2,0.132,128.255615234375
62,1625,1,3,0.154,119.21498107910156
94,1078,3,3,0.053346272218775415,125.74641418457031
99,1222,1,2,0.01794296807796414,134.15318298339844
61,1723,1,1,0.088,133.6435089111328
89,560,2,2,0.132,144.40081787109375
24,1263,3,2,0.132,124.50358581542969
82,1269,1,2,0.132,134.21908569335938
20,460,0,3,0.154,122.80829620361328
85,348,0,0,0.10137752415463741,113.74468994140625
82,642,3,2,0.132,136.5513153076172
30,1756,0,1,0.088,114.3449935913086
69,1930,2,3,0.10081230776037958,132.07485961914062
0,1876,2,3,0.1,118.05304718017578
32,903,3,3,0.154,124.1725845336914
58,641,3,0,0.07861254702908238,122.6120834350586
32,1626,2,1,0.088,125.75038146972656
74,1005,3,1,0.088,136.4075164794922
20,951,0,2,0.12326284658210207,145.0845184326172
8,1706,0,2,0.132,127.01868438720703
28,545,0,1,0.05981055267076377,125.68897247314453
24,1889,0,2,0.132,125.06623840332031
52,1167,0,2,0.132,116.4385986328125
43,505,1,1,0.088,121.37511444091797
52,1098,3,1,0.088,117.78250122070312
11,1113,0,3,0.1,135.55572509765625
18,1299,2,1,0.088,125.17724609375
105,304,3,2,0.132,146.7697296142578
49,661,2,3,0.0834177688776779,116.0782241821289
52,1493,3,2,0.132,117.21272277832031
52,288,1,0,0.154,108.25174713134766
59,2026,0,2,0.132,125.88616180419922
66,1131,2,1,0.088,128.8333740234375
24,1510,1,2,0.132,125.95013427734375
107,771,0,1,0.088,124.8428726196289
0,916,3,1,0.088,121.3390121459961
82,501,3,1,0.088,139.3131561279297
105,1459,3,2,0.07671741073449334,137.90550231933594
62,1043,3,2,0.132,119.8760757446289
24,1720,1,3,0.154,121.43627166748047
95,988,0,1,0.0524149249226977,135.39410400390625
71,2001,2,1,0.088,137.4637451171875
42,456,3,3,0.07762446973261702,124.72962951660156
99,1691,0,1,0.04621907329449895,135.00254821777344
44,1800,0,2,0.132,137.5310821533203
107,223,3,3,0.154,123.76400756835938
92,4,0,1,0.088,128.8118133544922
44,1667,2,3,0.029310018537196447,137.72528076171875
32,397,2,2,0.132,125.86174011230469
52,1021,1,1,0.088,113.99590301513672
32,1901,2,1,0.088,127.85045623779297
70,722,0,1,0.088,118.48468017578125
67,1422,3,1,0.088,130.15176391601562
102,1236,0,1,0.088,143.99102783203125
52,1543,2,1,0.088,114.68257904052734
51,997,0,1,0.017756441253384853,120.31407928466797
62,1254,2,0,0.025935308860546943,115.75745391845703
92,1485,3,1,0.088,128.9812774658203
95,738,1,2,0.132,134.23291015625
97,528,1,2,0.132,129.3751678466797
92,2006,3,3,0.1,128.3962860107422
58,1046,3,2,0.132,126.0677719116211
3,500,2,3,0.154,145.1448974609375
28,1048,0,1,0.088,128.924560546875
92,852,0,3,0.1,128.0980682373047
113,1951,2,2,0.132,125.44709777832031
48,782,3,3,0.1,130.6522979736328
52,936,2,2,0.132,114.86834716796875
13,1721,0,2,0.132,124.41230010986328
89,1103,3,3,0.09747345725769499,143.0882568359375
11,1468,2,1,0.088,136.38858032226562
0,574,1,2,0.132,120.28347778320312
16,753,3,2,0.132,144.25210571289062
24,448,1,2,0.132,124.11146545410156
97,1991,1,1,0.054506936067921175,130.3815460205078
56,116,2,3,0.154,121.9650650024414
59,488,1,1,0.088,141.45706176757812
16,312,2,2,0.132,138.6106719970703
0,184,0,1,0.0772671088870168,119.88111877441406
16,1031,2,3,0.01200000000000001,133.281005859375
16,367,0,1,0.088,140.95721435546875
110,432,3,2,0.132,118.38339233398438
97,21,3,1,0.088,129.90463256835938
24,1250,1,2,0.132,125.26699829101562
59,1255,3,0,0.154,123.40805053710938
36,197,3,3,0.154,123.0203857421875
16,270,1,1,0.088,139.48440551757812
59,1631,0,3,0.154,124.05435180664062
113,1656,3,2,0.132,101.03799438476562
105,1395,1,1,0.088,141.3287353515625
24,1918,2,1,0.088,122.43537139892578
92,1289,0,3,0.1,127.37828826904297
14,769,0,2,0.018302083388702872,141.1082763671875
24,1566,3,2,0.132,125.20452880859375
23,2002,2,2,0.132,103.55958557128906
89,445,1,1,0.088,141.5133819580078
52,1937,3,3,0.154,113.63845825195312
62,896,1,3,0.154,118.58523559570312
82,486,1,3,0.1,130.70108032226562
82,710,1,2,0.05821611986190722,132.67506408691406
97,1507,0,3,0.051928390459514945,129.354248046875
97,1085,1,1,0.088,129.2913818359375
24,47,0,3,0.154,106.25684356689453
16,67,2,1,0.088,138.2030792236328
11,1276,1,1,0.088,140.25193786621094
19,798,3,2,0.10049962151172825,125.39561462402344
91,992,0,0,0.0006390492332292719,118.83440399169922
66,722,3,0,0.154,122.31620788574219
58,432,0,3,0.05856139141621783,125.54712677001953
93,636,0,1,0.088,117.3006362915039
32,822,2,2,0.132,125.60336303710938
44,1157,2,3,0.1,137.33468627929688
102,1507,1,2,0.03914668111358774,136.5146026611328
6,1756,2,1,0.06202557041873094,127.26175689697266
58,1848,1,3,0.1,125.70427703857422
52,579,0,2,0.132,118.21285247802734
52,539,3,1,0.088,114.0257797241211
42,1181,3,2,0.132,128.63478088378906
13,1226,2,3,0.154,120.48226928710938
89,2013,0,1,0.088,149.66943359375
110,43,3,1,0.088,115.72345733642578
17,439,3,1,0.022637954887341327,132.58995056152344
68,973,2,1,0.088,135.23977661132812
51,1018,2,3,0.154,
33,492,1,2,0.132,128.03990173339844
115,1852,2,1,0.088,126.32865142822266
113,1770,3,1,0.088,126.32394409179688
71,103,3,2,0.132,139.6267852783203
88,1653,2,2,0.132,132.91854858398438
62,1594,2,1,0.088,119.08078002929688
16,1487,0,1,0.088,138.53506469726562
74,1429,1,1,0.088,135.6409149169922
19,930,3,3,0.08767294980003232,125.40093231201172
77,1849,2,1,0.088,116.3369369506836
74,1213,3,3,0.154,132.210205078125
63,662,1,1,0.088,127.27979278564453
48,1238,1,1,0.037581806064983486,131.51393127441406
106,444,2,1,0.088,140.1685028076172
32,337,1,1,0.088,129.88119506835938
75,116,2,1,0.06467478935569507,124.37731170654297
3,614,2,2,0.132,144.80352783203125
62,1308,0,2,0.132,122.13565826416016
4,155,1,1,0.088,123.10820007324219
49,137,1,2,0.132,121.9135513305664
102,453,0,2,0.132,
15,1346,2,3,0.1,129.97227478027344
57,1022,1,1,0.088,127.14064025878906
79,441,0,2,0.132,150.81576538085938
8,1618,1,1,0.088,128.6868896484375
52,1176,2,2,0.132,112.55447387695312
61,1408,2,1,0.088,135.23831176757812
63,1699,3,1,0.088,126.42735290527344
63,963,3,2,0.132,127.71814727783203
33,1155,3,1,0.088,127.78056335449219
3,15,2,0,0.154,144.45852661132812
93,374,1,2,0.132,120.01189422607422
15,530,1,0,0.154,127.52360534667969
92,1267,2,3,0.01200000000000001,128.75852966308594
82,1093,0,1,0.088,134.21722412109375
11,1825,1,3,0.08219609742985022,135.27769470214844
52,1007,3,3,0.154,108.70890045166016
51,156,3,1,0.088,121.11630249023438
83,670,3,1,0.088,121.12739562988281
97,1259,1,1,0.088,129.62991333007812
46,1645,0,0,0.09952755156282184,121.91461181640625
42,1027,0,3,0.12920060685310633,122.4774169921875
89,1991,2,1,0.01374345573708674,143.2587890625
43,1254,0,1,0.088,121.11101531982422
33,1781,0,1,0.07754129710923158,124.13660430908203
27,18,2,1,0.05695058678980591,115.63247680664062
33,1059,2,1,0.088,127.3032455444336
92,1595,0,3,0.1,128.255615234375
59,1740,1,2,0.132,141.69007873535156
32,145,0,1,0.088,126.53097534179688
36,1848,1,1,0.088,124.71561431884766
34,1120,3,2,0.132,112.42078399658203
52,1641,0,0,0.154,112.84413146972656
30,165,2,3,0.04606182433290265,110.67765808105469
59,473,0,1,0.088,127.71610260009766
52,686,2,3,0.154,113.4040756225586
68,525,3,1,0.088,139.92832946777344
105,165,3,2,0.0588714137472065,133.09605407714844
8,39,1,2,0.132,129.86111450195312
112,230,0,1,0.088,116.66272735595703
3,1380,2,1,0.088,150.60272216796875
10,656,3,1,4.369140768106794e-05,123.82403564453125
87,1661,0,1,0.088,137.1284942626953
36,1256,1,2,0.132,127.87078857421875
59,557,0,1,0.088,144.07534790039062
95,424,0,2,0.132,138.8199462890625
23,1885,0,2,0.132,108.67815399169922
46,1114,1,3,0.07189432040083094,123.41642761230469
23,306,2,0,0.154,108.73906707763672
3,51,1,1,0.088,149.92904663085938
42,1664,0,1,0.088,128.19168090820312
0,932,2,1,0.088,120.03890991210938
89,473,2,0,0.154,131.52232360839844
23,581,1,1,0.088,109.01860809326172
0,1382,3,2,0.132,119.41303253173828
33,1039,3,1,0.088,120.8282241821289
74,256,0,1,0.088,139.3878173828125
24,887,2,1,0.088,125.67606353759766
82,741,2,1,0.00563195380919676,134.1942596435547
75,928,2,2,0.132,127.64459228515625
93,730,1,0,0.154,113.01606750488281
8,1797,0,1,0.002368874019633177,125.26116943359375
32,1031,3,2,0.003628278356198056,131.99227905273438
16,98,3,0,0.154,129.21205139160156
61,1562,2,2,0.132,134.90249633789062
110,430,2,1,0.088,113.60810852050781
4,1573,0,1,0.088,122.0376205444336
84,992,1,2,0.132,111.88735961914062
42,1317,3,2,0.132,133.47714233398438
49,1753,0,1,0.088,116.86788940429688
113,232,2,3,0.03786758520838074,122.65115356445312
89,36,0,1,0.088,147.8580780029297
91,1432,2,2,0.132,125.11605834960938
16,1293,0,1,0.088,138.1072540283203
36,1743,0,3,0.06523323421434749,122.16691589355469
63,156,0,2,0.08369237522312284,127.1639633178711
23,1911,3,1,0.088,103.0909423828125
48,1172,0,0,0.154,127.2508544921875
17,1282,0,3,0.1,128.8165740966797
62,1043,1,1,0.088,119.8760757446289
52,621,3,2,0.132,121.15032196044922
52,1243,2,2,0.132,114.40888977050781
92,2006,1,2,0.132,128.3962860107422
48,1687,3,1,0.088,131.5557861328125
82,57,3,0,0.154,128.61880493164062
24,1911,1,3,0.154,105.58892822265625
24,1541,0,0,0.154,104.03678131103516
44,1667,0,2,0.132,137.72528076171875
33,1567,0,3,0.154,115.87422943115234
52,482,0,3,0.1,114.0463638305664
82,100,3,2,0.132,131.85594177246094
42,710,3,3,0.062286211600895286,123.59185791015625
82,330,3,1,0.088,134.62782287597656
58,1953,3,3,0.04618515760859934,125.68926239013672
54,594,3,2,0.132,140.0352325439453
62,147,0,0,0.154,117.26025390625
3,500,0,2,0.132,145.1448974609375
3,531,2,1,0.088,148.6453094482422
105,304,0,2,0.132,146.7697296142578
52,800,2,2,0.132,115.9950942993164
97,97,2,2,0.132,129.30189514160156
4,166,2,2,0.132,120.56815338134766
48,782,1,2,0.05051633397101102,130.6522979736328
51,232,3,2,0.06898026053759332,120.64192199707031
74,380,1,1,0.088,136.81973266601562
23,2002,0,1,0.088,103.55958557128906
52,620,1,2,0.132,116.02381134033203
60,1970,3,2,0.04121122902019492,133.41653442382812
62,1141,0,1,0.05197378496890781,123.12361145019531
32,396,2,2,0.132,125.75038146972656
58,1196,0,1,0.088,133.50393676757812
107,931,3,1,0.088,127.91968536376953
24,1864,0,1,0.088,131.89720153808594
105,179,1,3,0.154,131.32786560058594
77,1981,1,1,0.088,120.03325653076172
92,1892,0,2,0.132,130.66262817382812
89,1731,0,2,0.132,148.8513641357422
102,1279,0,1,0.088,141.78163146972656
31,1966,0,2,0.051685808430903424,138.23622131347656
19,798,1,1,0.088,125.39561462402344
11,1272,0,3,0.1,135.8681640625
18,1105,0,0,0.06309461175124345,115.46424865722656
1,1942,2,3,0.154,123.48729705810547
59,1915,2,1,0.088,119.300048828125
32,22,2,1,0.088,129.44215393066406
33,78,1,2,0.132,127.87297821044922
97,1273,2,1,0.088,129.48336791992188
82,10,0,1,0.088,135.93405151367188
105,1830,0,2,0.132,142.3846435546875
74,117,3,2,0.132,142.64468383789062
52,651,3,1,0.088,110.28583526611328
93,1525,1,3,0.1,115.00581359863281
52,1741,3,2,0.132,114.22257232666016
0,289,2,1,0.088,117.00543212890625
0,693,1,3,0.1,117.3631362915039
21,576,0,3,0.154,
8,290,3,3,0.1,126.33776092529297
100,1530,1,3,0.019494071857969336,139.27157592773438
16,438,3,1,0.088,139.11532592773438
69,427,2,1,0.088,138.5226593017578
16,263,1,1,0.088,126.58838653564453
9,152,3,3,0.016194056449339578,122.37383270263672
24,1147,0,2,0.132,122.84561157226562
62,873,0,2,0.132,121.38531494140625
52,1191,0,3,0.154,113.21483612060547
102,163,3,1,0.088,142.00946044921875
74,1875,2,1,0.02265591701099373,138.17396545410156
87,1254,0,0,0.029342725122706387,125.72235107421875
67,165,0,0,0.15027373522099596,123.64611053466797
25,1239,0,1,0.088,142.0098419189453
3,260,0,0,0.154,144.91055297851562
24,619,3,2,0.132,121.34288787841797
52,512,0,2,0.132,117.43138885498047
37,340,0,1,0.088,129.10951232910156
62,2031,1,2,0.132,119.36746978759766
102,1609,0,1,0.08653120522134558,146.04917907714844
97,1023,3,2,0.132,129.34376525878906
43,1540,1,1,0.088,121.15424346923828
52,1710,2,1,0.088,120.54310607910156
97,1222,1,2,0.11405703192203587,132.78741455078125
59,1425,2,2,0.132,141.6996612548828
95,1262,3,2,0.132,128.1725311279297
70,985,3,2,0.0364722509289051,119.03323364257812
82,853,1,3,0.154,129.79232788085938
62,896,0,0,0.154,118.58523559570312
16,1972,2,1,0.088,131.34901428222656
36,197,0,3,0.154,123.0203857421875
57,16,2,2,0.132,127.61872863769531
52,927,3,2,0.132,123.58746337890625
71,678,1,2,0.132,139.04981994628906
54,1858,3,2,0.012630895507709017,146.22364807128906
30,992,1,3,0.154,107.15977478027344
97,795,3,0,0.11611319594525693,127.28839874267578
54,1096,1,2,0.132,140.50599670410156
110,641,2,3,0.154,114.7852783203125
24,454,3,0,0.154,101.93009185791016
71,103,1,1,0.088,139.6267852783203
93,1944,1,3,0.154,114.08553314208984
42,1169,1,1,0.007806359767604215,130.121337890625
44,164,2,1,0.088,137.21603393554688
44,786,1,1,0.088,138.05804443359375
48,366,3,2,0.132,134.43142700195312
59,23,3,3,0.154,128.55213928222656
31,705,2,2,0.132,123.20901489257812
14,1630,0,1,0.088,137.5718994140625
24,1415,1,3,0.154,97.89253997802734
27,862,3,2,0.132,117.03849792480469
83,901,1,2,0.132,121.00437927246094
89,1382,2,1,0.088,144.6583251953125
51,1018,1,0,0.154,
95,467,2,3,0.01200000000000001,129.6402587890625
28,206,3,0,0.154,108.41876220703125
82,1127,3,2,0.132,136.31854248046875
44,1623,3,3,0.1,137.6455078125
68,1500,3,3,0.15111286083782052,131.91673278808594
52,1176,0,1,0.088,112.55447387695312
32,1292,2,3,0.1,130.76148986816406
10,767,2,0,0.05314291026419396,120.51445770263672
62,19,3,1,0.088,127.2640380859375
52,1728,1,2,0.132,115.09016418457031
93,205,0,2,0.132,117.88819885253906
110,1427,1,1,0.088,114.03286743164062
93,781,3,1,0.088,115.86947631835938
46,543,0,1,0.088,125.18949890136719
70,417,0,1,0.088,120.03707885742188
61,717,0,1,0.088,133.6162567138672
32,1511,3,2,0.132,129.948974609375
43,423,3,2,0.132,120.51534271240234
70,1704,1,0,0.020653120210944537,114.57958984375
16,1400,0,3,0.154,131.7113037109375
15,985,2,0,0.0055159278780342325,127.58248901367188
62,553,0,1,0.08367191842080526,117.87826538085938
74,1580,3,3,0.154,131.71449279785156
107,994,2,1,0.088,124.20215606689453
31,499,3,1,0.088,122.70281219482422
25,1042,0,1,0.088,144.3134307861328
52,1675,2,1,0.088,109.58290100097656
57,1825,3,2,0.132,128.34439086914062
52,980,1,1,0.088,112.97105407714844
24,493,0,2,0.132,125.33390045166016
0,1717,0,3,0.1,118.86351776123047
19,1347,2,2,0.132,128.46119689941406
38,277,3,2,0.132,132.56512451171875
112,1228,3,2,0.132,123.30136108398438
97,832,0,1,0.088,136.13668823242188
112,363,3,2,0.132,120.81670379638672
70,365,2,2,0.02107298020994866,120.0744400024414
10,670,0,2,0.09596195948556319,122.95155334472656
87,1117,3,0,0.09341089226740486,127.51499938964844
115,154,0,1,0.088,128.27146911621094
54,131,2,3,0.0029453839075747287,137.56619262695312
100,1383,0,2,0.11232638601278097,152.96807861328125
36,1598,0,1,0.088,126.35950469970703
57,1930,0,1,0.051913304794587806,126.3050308227539
0,553,1,0,0.08063106578590232,115.84882354736328
77,1172,2,2,0.1046723836596366,116.88452911376953
39,14,0,1,0.0069266433454383824,128.07225036621094
63,341,1,2,0.132,128.81863403320312
87,1602,2,2,0.1288111731202103,133.7193145751953
24,588,0,2,0.132,128.02584838867188
66,1696,0,1,0.088,133.54762268066406
63,963,0,2,0.132,127.71814727783203
36,1363,2,2,0.06762229684555254,124.69154357910156
51,529,1,2,0.132,120.22915649414062
71,1545,3,3,0.154,125.43894958496094
0,1382,1,1,0.0599033699986693,119.41303253173828
75,928,0,1,0.004135657941141846,127.64459228515625
23,1044,2,1,0.023660144871059524,108.56903839111328
24,1044,2,0,0.154,108.1099624633789
94,976,3,1,0.0817425976044302,128.10240173339844
87,356,1,1,0.006282026979072153,129.4069061279297
52,2016,2,1,0.088,115.55853271484375
52,1007,2,0,0.154,108.70890045166016
110,1816,0,2,0.132,118.36295318603516
107,1526,0,1,0.01900461774779734,128.36705017089844
89,1836,3,2,0.132,148.20179748535156
54,131,3,1,0.088,137.56619262695312
70,779,0,1,0.088,120.42570495605469
25,1444,0,3,0.1,139.22726440429688
24,1044,0,3,0.154,108.1099624633789
48,1981,1,3,0.1,130.1066131591797
52,1162,0,1,0.088,118.1859130859375
92,1750,1,2,0.132,128.55224609375
92,336,2,2,0.132,128.5285186767578
0,1084,3,0,0.154,116.44277954101562
54,594,1,1,0.0321616112250829,140.0352325439453
68,525,0,1,0.088,139.92832946777344
68,1416,2,2,0.132,131.6280059814453
70,1266,1,3,0.154,119.1239242553711
52,586,1,3,0.01200000000000001,115.30518341064453
97,795,1,3,0.154,127.28839874267578
3,1406,1,2,0.132,150.809814453125
75,1204,0,2,0.132,130.02505493164062
52,1435,0,2,0.132,123.98721313476562
62,477,2,2,0.132,121.75650787353516
48,924,0,3,0.1,130.04832458496094
15,507,2,2,0.132,131.41943359375
36,1834,3,1,0.088,129.45639038085938
51,1745,2,2,0.132,120.2622299194336
77,1286,2,1,0.088,117.00041198730469
62,90,1,1,0.088,118.29218292236328
11,1806,1,2,0.132,140.4302978515625
16,1841,0,2,0.132,141.8436279296875
89,254,3,3,0.154,140.8763427734375
51,413,1,2,0.08643332365576561,125.22708892822266
42,722,2,0,0.06309714243438477,120.94834899902344
83,631,3,1,0.002782986759285927,121.1939468383789
34,1271,3,1,0.088,112.84639739990234
67,1415,1,0,0.10961000722099598,102.67819213867188
19,629,2,0,0.036845763804926795,124.00834655761719
23,34,2,1,0.088,108.23191833496094
105,1152,3,1,0.088,132.8730010986328
49,488,1,3,0.154,117.05455017089844
28,850,2,2,0.132,125.78490447998047
74,1362,3,1,0.088,132.97715759277344
92,839,2,2,0.132,128.94259643554688
4,68,0,3,0.154,118.3462905883789
87,1930,1,1,0.05496735440541234,128.5451202392578
82,1536,0,2,0.132,133.4152374267578
109,1704,1,1,0.088,108.84254455566406
24,1911,0,0,0.154,105.58892822265625
32,396,0,1,0.088,125.75038146972656
46,1462,3,1,0.088,125.52714538574219
52,702,0,2,0.132,119.75944519042969
38,42,3,2,0.132,128.00514221191406
15,1729,1,3,0.01200000000000001,131.79469299316406
3,1736,1,2,0.132,144.87646484375
28,1303,3,3,0.1,125.78490447998047
38,395,0,1,0.07107864218567475,134.2997283935547
44,792,3,1,0.088,137.5310821533203
1,1942,0,2,0.132,123.48729705810547
82,1269,3,2,0.132,134.21908569335938
71,898,0,3,0.1,136.22947692871094
43,1490,0,1,0.02149556691347229,125.5694580078125
20,460,2,3,0.154,122.80829620361328
56,545,2,2,0.041564251966163646,124.99694061279297
85,777,3,1,0.088,120.99513244628906
97,320,2,1,0.088,131.20266723632812
8,656,2,3,0.1,125.69976043701172
24,272,0,2,0.132,127.48859405517578
112,1114,1,2,0.132,121.93586730957031
95,1397,1,0,0.05787765250794871,126.43560791015625
42,1396,1,2,0.132,124.87837982177734
8,1327,3,2,0.132,129.27008056640625
70,1942,0,3,0.0558369337400704,118.0608901977539
16,353,2,3,0.1,132.96995544433594
33,1459,0,3,0.1,123.2021255493164
97,1023,1,1,0.088,129.34376525878906
95,1262,1,1,0.044537469457476025,128.1725311279297
70,985,1,1,0.088,119.03323364257812
49,730,0,3,0.154,116.5448226928711
109,1130,2,2,0.132,111.07571411132812
113,764,2,1,0.088,128.03704833984375
63,278,0,1,0.04952010556672476,135.07261657714844
52,2032,2,2,0.132,117.62117767333984
115,1938,3,1,0.088,131.960205078125
92,17,3,2,0.132,128.3962860107422
61,496,2,2,0.132,133.642333984375
102,2020,1,3,0.11676893754048503,134.759521484375
15,1682,0,1,0.088,137.72415161132812
24,450,2,2,0.132,124.02645111083984
24,619,1,1,0.088,121.34288787841797
44,122,3,2,0.132,138.60826110839844
48,294,3,1,0.088,133.60263061523438
89,925,0,2,0.132,154.13101196289062
107,771,2,1,0.088,124.8428726196289
89,88,2,1,0.088,144.98692321777344
38,1010,0,2,0.048040507937187116,142.13180541992188
12,1130,0,3,0.05714916529623687,110.87495422363281
26,1305,1,2,0.132,128.8404083251953
59,885,1,2,0.132,138.8170623779297
28,871,1,3,0.154,105.81856536865234
49,1926,0,1,0.088,116.87115478515625
57,16,0,1,0.088,127.61872863769531
70,1942,1,1,0.012313037456679304,118.0608901977539
69,251,3,2,0.132,143.07058715820312
31,1174,3,0,0.154,116.35623931884766
16,575,3,2,0.132,130.64926147460938
46,1644,2,1,0.088,125.55789947509766
61,385,1,3,0.1,133.62326049804688
29,72,1,2,0.07451031990586768,124.69908905029297
95,1005,0,2,0.10119382193706078,135.11264038085938
52,666,0,1,0.03833949403080286,125.88329315185547
107,1961,0,2,0.132,125.36363983154297
110,641,0,2,0.132,114.7852783203125
0,971,1,3,0.1,117.81072235107422
88,1273,0,3,0.0550044639912608,129.0101318359375
97,1967,2,1,0.088,129.8330535888672
52,1741,0,2,0.132,114.22257232666016
48,1442,0,1,0.088,132.10121154785156
102,46,2,3,0.1,136.0942840576172
15,1481,3,1,0.088,134.75033569335938
110,704,0,2,0.132,113.29430389404297
69,1390,3,1,0.088,140.39895629882812
19,562,2,2,0.08457201482953497,129.32229614257812
89,951,3,1,0.088,144.8352508544922
24,74,3,2,0.132,128.78443908691406
43,423,1,1,0.088,120.51534271240234
58,30,0,0,0.08914187697933337,123.87108612060547
42,1621,2,1,0.088,124.77506256103516
71,1755,3,2,0.10292966761433203,144.09130859375
52,1905,0,1,0.088,125.9395751953125
74,587,1,2,0.132,136.9042510986328
52,1391,3,3,0.154,111.52420806884766
59,739,2,1,0.088,145.81541442871094
0,1579,3,1,0.088,120.5157470703125
52,1689,2,3,0.1,114.96037292480469
62,1246,0,2,0.132,121.61526489257812
52,288,2,1,0.088,108.25174713134766
82,1127,1,1,0.088,136.31854248046875
14,1621,0,3,0.1,133.44232177734375
68,1500,1,2,0.132,131.91673278808594
85,1149,3,0,0.053898012876358786,115.0046615600586
32,1292,0,2,0.132,130.76148986816406
56,656,2,1,0.088,124.46449279785156
30,992,0,0,0.15336095076677073,107.15977478027344
61,385,2,1,0.088,133.62326049804688
8,1501,3,2,0.132,125.69976043701172
24,448,3,2,0.132,124.11146545410156
31,1748,2,1,0.088,124.78679656982422
66,1899,1,3,0.154,124.70618438720703
32,1626,3,2,0.132,125.75038146972656
62,202,0,3,0.1,120.06063079833984
16,464,2,2,0.132,133.3541717529297
93,1944,0,0,0.154,114.08553314208984
20,86,1,3,0.04304476743164501,131.47494506835938
52,1349,0,1,0.088,120.17220306396484
33,606,2,3,0.1,121.33790588378906
103,871,3,0,0.1524582848567357,122.09729766845703
70,511,0,0,0.029469129040432362,118.5927734375
57,1825,1,1,0.088,128.34439086914062
77,30,2,1,0.088,118.33349609375
59,1795,1,1,0.088,132.4958953857422
94,1855,0,2,0.132,130.75668334960938
112,1228,1,1,0.03611774376754684,123.30136108398438
3,1713,2,2,0.132,147.02337646484375
52,1543,3,2,0.132,114.68257904052734
59,1255,3,3,0.154,123.40805053710938
52,1074,0,3,0.1,113.91722106933594
26,1859,1,3,0.01200000000000001,125.06157684326172
3,1230,0,1,0.088,152.07374572753906
46,45,3,2,0.132,130.48768615722656
77,1363,3,2,0.132,120.9373779296875
59,557,2,1,0.088,144.07534790039062
28,1048,1,2,0.132,128.924560546875
82,1839,3,2,0.132,138.54345703125
74,1999,1,2,0.132,132.97715759277344
24,1398,0,2,0.132,127.61131286621094
103,198,3,1,0.088,143.4693603515625
87,1602,0,1,0.07333366006385764,133.7193145751953
41,1543,0,3,0.016064266474837836,120.962646484375
110,1693,1,3,0.103194569604428,116.7196044921875
38,839,3,1,0.088,126.17471313476562
8,169,3,0,0.12853479538946,125.08203125
15,600,3,2,0.132,133.11282348632812
62,797,3,1,0.088,120.64683532714844
8,149,3,2,0.1240595775082659,127.21964263916016
67,1840,3,1,0.088,126.37908935546875
92,1100,1,3,0.1,127.44430541992188
88,115,0,3,0.1,129.08029174804688
52,188,3,2,0.132,126.22765350341797
66,1399,0,2,0.132,132.9351806640625
92,1289,3,1,0.088,127.37828826904297
46,1156,0,1,0.088,126.96083068847656
11,1468,3,2,0.132,136.38858032226562
15,507,0,1,0.088,131.41943359375
53,920,2,1,0.006545156576156147,135.38690185546875
26,1371,0,2,0.132,129.1265869140625
112,363,0,2,0.132,120.81670379638672
66,123,3,1,0.088,130.14048767089844
34,1616,1,1,0.088,124.25190734863281
59,488,2,2,0.132,141.45706176757812
52,1766,1,1,0.088,111.18428039550781
59,687,0,2,0.132,129.9551239013672
16,267,2,2,0.132,140.13809204101562
66,1069,3,1,0.088,133.51194763183594
71,57,3,3,0.154,133.00607299804688
2,1931,0,2,0.0017059407905127555,119.6435317993164
82,46,2,2,0.11622735281578789,132.77247619628906
6,1580,3,2,0.07327156473462748,121.7342529296875
22,285,0,2,0.132,149.83026123046875
23,86,2,1,0.088,109.1586685180664
52,94,2,1,0.088,113.03173828125
53,836,2,1,0.06791557476636848,133.88380432128906
82,1530,2,3,0.08495648054203067,131.20611572265625
89,489,3,2,0.132,143.8390350341797
4,155,3,1,0.088,123.10820007324219
28,850,0,1,0.088,125.78490447998047
89,1455,3,1,0.088,145.4037322998047
24,1869,1,1,0.088,126.30242156982422
62,477,0,1,0.088,121.75650787353516
56,995,3,1,0.088,124.78169250488281
68,1184,1,2,0.132,132.22494506835938
63,467,2,1,0.088,128.60682678222656
93,374,3,2,0.132,120.01189422607422
24,843,1,2,0.132,126.95185089111328
103,559,0,2,0.132,142.81356811523438
15,530,3,0,0.154,127.52360534667969
1,985,3,2,0.0955277490710949,124.55547332763672
24,1603,2,1,0.088,125.0352783203125
93,1926,1,1,0.055011426646758815,113.26107788085938
18,90,1,3,0.07145725347804058,120.5414047241211
58,43,3,0,0.09047882342111477,123.50727844238281
18,1084,3,1,0.088,123.05037689208984
3,15,2,3,0.154,144.45852661132812
88,479,2,2,0.132,131.97064208984375
52,271,1,2,0.132,117.34913635253906
49,258,0,1,0.088,119.26899719238281
83,580,0,1,0.088,127.33953857421875
10,9,0,2,0.132,126.60453796386719
14,748,3,3,0.1,133.8629150390625
57,1790,0,3,0.154,126.96075439453125
115,1223,1,2,0.132,126.63390350341797
0,1421,2,2,0.132,120.96326446533203
106,44,3,3,0.1,137.32847595214844
43,929,0,2,0.132,125.62284851074219
71,1576,2,1,0.088,129.24546813964844
52,414,1,1,0.088,116.36569213867188
93,1316,1,2,0.132,116.23680877685547
24,697,2,1,0.088,122.86732482910156
52,1641,0,3,0.154,112.84413146972656
49,488,0,0,0.154,117.05455017089844
85,1688,1,3,0.12764680313685986,115.43688201904297
56,545,0,1,0.028189447329236228,124.99694061279297
105,1814,2,1,0.088,133.7852325439453
44,122,1,1,0.088,138.60826110839844
89,966,1,2,0.132,146.21444702148438
32,334,2,2,0.132,128.88758850097656
44,871,3,0,0.0015417151432642884,126.40484619140625
77,1849,3,2,0.08678631550603866,116.3369369506836
82,1093,1,2,0.132,134.21722412109375
16,353,0,2,0.132,132.96995544433594
32,337,2,2,0.132,129.88119506835938
61,347,1,0,0.154,126.43035888671875
34,1271,0,1,0.088,112.84639739990234
42,748,1,1,0.0516932590251859,125.06758117675781
14,772,0,1,0.042777795868616464,138.68609619140625
92,17,1,1,0.088,128.3962860107422
16,914,3,1,0.088,138.77146911621094
97,1259,2,2,0.132,129.62991333007812
31,1708,2,2,0.02444432784137962,123.45301055908203
8,1618,2,2,0.132,128.6868896484375
93,1369,0,1,0.088,118.54817199707031
63,469,0,1,0.088,129.8794403076172
8,1132,0,1,0.088,125.74528503417969
4,1968,1,2,0.132,121.70296478271484
26,1619,2,3,0.06862489239552544,123.40469360351562
71,1183,3,3,0.1,135.33660888671875
59,1076,2,2,0.132,135.93972778320312
82,71,3,1,0.088,133.4863739013672
6,1875,1,1,0.047165429087737215,127.27973175048828
62,1625,0,3,0.154,119.21498107910156
70,699,3,3,0.154,119.8263168334961
16,379,3,1,0.05689958598481386,131.91038513183594
89,560,1,2,0.132,144.40081787109375
24,1263,2,2,0.132,124.50358581542969
89,1082,0,1,0.088,146.34326171875
92,1985,3,2,0.132,128.9812774658203
71,788,3,2,0.132,137.59716796875
82,1269,0,2,0.132,134.21908569335938
63,699,0,0,0.01591724102614253,124.97227478027344
52,1689,0,2,0.132,114.96037292480469
62,2031,3,2,0.132,119.36746978759766
34,1251,3,2,0.132,112.91914367675781
102,2020,0,0,0.01958372588804519,134.759521484375
52,823,2,1,0.088,115.40406799316406
49,289,0,2,0.132,118.84794616699219
69,1930,1,3,0.11328579781060402,132.07485961914062
24,1974,3,3,0.1,123.4227523803711
19,562,0,1,0.02166986331882348,129.32229614257812
32,903,2,3,0.154,124.1725845336914
32,1626,1,1,0.088,125.75038146972656
74,1005,2,1,0.088,136.4075164794922
32,889,3,1,0.088,129.6898651123047
88,1553,0,3,0.1,129.2407989501953
24,1541,0,3,0.154,104.03678131103516
43,505,0,1,0.088,121.37511444091797
19,1645,2,3,0.04734088230086335,125.6678695678711
52,1098,2,1,0.088,117.78250122070312
52,1391,1,2,0.132,111.52420806884766
49,661,1,3,0.12380326923325427,116.0782241821289
11,391,1,3,0.1,135.02073669433594
93,1506,2,3,0.1,115.3077621459961
52,288,0,0,0.154,108.25174713134766
66,1131,1,1,0.088,128.8333740234375
71,1207,3,2,0.132,143.63502502441406
15,1412,2,2,0.132,132.0360565185547
23,1843,0,2,0.132,110.45948028564453
82,642,2,2,0.132,136.5513153076172
61,385,0,0,0.1128662998913616,133.62326049804688
24,887,3,2,0.132,125.67606353759766
24,475,3,3,0.01200000000000001,124.61547088623047
6,1252,0,1,0.088,121.41395568847656
71,2001,1,1,0.088,137.4637451171875
58,58,0,2,0.132,128.08712768554688
58,1693,2,3,0.06069976979146102,123.98524475097656
110,430,3,2,0.132,113.60810852050781
91,437,0,2,0.09810267715389687,131.21070861816406
29,1313,2,0,0.024151734748216094,116.83190155029297
44,1667,1,3,0.030832575937196516,137.72528076171875
75,1500,3,2,0.0763487419590575,125.43285369873047
32,397,1,2,0.132,125.86174011230469
56,767,0,1,0.034577393695263775,120.9582290649414
3,500,3,0,0.03237703667867681,145.1448974609375
57,1540,2,0,0.10048417190682482,123.23077392578125
52,1543,1,1,0.088,114.68257904052734
84,401,3,2,0.007695958246504098,110.9894027709961
22,302,0,2,0.132,150.45481872558594
85,659,0,3,0.12318328345446167,115.39497375488281
0,693,3,3,0.1,117.3631362915039
95,738,0,2,0.132,134.23291015625
51,1627,0,2,0.132,121.17086029052734
66,1134,0,1,0.088,130.98074340820312
24,1147,2,2,0.132,122.84561157226562
113,1951,1,2,0.132,125.44709777832031
105,744,1,2,0.132,143.1735382080078
12,1704,3,3,0.154,108.27947235107422
49,591,3,2,0.132,122.65939331054688
24,1202,0,1,0.088,127.7676010131836
38,488,3,3,0.07560108644442359,122.9383544921875
52,1099,3,1,0.088,125.83338165283203
97,1669,0,2,0.13118391996939527,129.59967041015625
99,922,3,0,0.12472187390486295,
92,989,3,2,0.132,128.71408081054688
11,1468,1,1,0.088,136.38858032226562
80,854,0,2,0.049745064329667965,103.67593383789062
66,985,1,0,0.154,122.71105194091797
34,255,3,2,0.132,112.91914367675781
59,488,0,1,0.088,141.45706176757812
92,1485,2,1,0.088,128.9812774658203
33,993,2,1,0.088,126.28207397460938
1,530,0,3,0.1333174327059492,124.5787353515625
28,816,0,2,0.132,129.8976287841797
82,823,3,1,0.088,131.686279296875
24,460,3,1,0.012350459208940595,105.09680938720703
36,197,2,3,0.154,123.0203857421875
16,270,0,1,0.088,139.48440551757812
3,1367,0,2,0.132,148.56736755371094
25,817,1,2,0.062422388748193836,143.44607543945312
58,1282,3,3,0.06302363793468305,125.79914093017578
113,1656,2,2,0.132,101.03799438476562
24,1918,1,1,0.088,122.43537139892578
3,260,0,3,0.154,144.91055297851562
57,1328,1,2,0.132,133.41651916503906
70,779,2,1,0.03929680441009378,120.42570495605469
24,1566,2,2,0.132,125.20452880859375
11,1272,3,1,0.088,135.8681640625
52,1937,2,3,0.154,113.63845825195312
62,896,0,3,0.154,118.58523559570312
92,1750,3,2,0.132,128.55224609375
44,1157,3,0,0.0004098878783889287,137.33468627929688
82,710,0,2,0.09335167313578807,132.67506408691406
23,460,3,2,0.132,103.38578033447266
31,1782,3,3,0.154,120.04502868652344
82,46,0,1,0.088,132.77247619628906
85,1567,3,1,0.088,114.00334930419922
112,629,2,1,0.088,116.9473648071289
16,67,1,1,0.088,138.2030792236328
97,795,3,3,0.154,127.28839874267578
24,454,3,3,0.154,101.93009185791016
11,1276,0,1,0.088,140.25193786621094
32,22,3,2,0.132,129.44215393066406
16,1697,3,2,0.132,140.31817626953125
66,722,2,0,0.09090285756561522,122.31620788574219
44,1157,1,3,0.1,137.33468627929688
6,1756,1,1,0.088,127.26175689697266
52,1373,0,2,0.132,125.73682403564453
52,539,2,1,0.088,114.0257797241211
42,1181,2,2,0.132,128.63478088378906
82,486,0,3,0.1,130.70108032226562
52,1768,0,3,0.01200000000000001,116.28379821777344
110,1427,3,1,0.088,114.03286743164062
38,933,1,3,0.14266021004442356,124.18921661376953
22,312,0,3,0.1,135.8302001953125
16,1569,0,1,0.088,139.63418579101562
8,149,0,2,0.09336345462826523,127.21964263916016
0,1421,0,1,0.088,120.96326446533203
32,249,3,1,0.088,124.26079559326172
51,1018,1,3,0.154,
28,206,3,3,0.154,108.41876220703125
91,1422,0,3,0.01200000000000001,125.73275756835938
15,819,1,1,0.088,130.83843994140625
48,1969,0,2,0.132,132.56336975097656
52,1845,3,1,0.088,111.25714111328125
102,1507,0,2,0.132,136.5146026611328
34,1165,3,1,0.088,125.01331329345703
3,15,0,2,0.132,144.45852661132812
28,1936,0,2,0.132,109.49082946777344
38,426,3,2,0.132,132.5028533935547
28,1298,3,2,0.132,125.75482177734375
74,1429,0,1,0.088,135.6409149169922
32,1812,3,1,0.088,128.01446533203125
36,1953,1,1,0.088,124.67632293701172
77,1849,1,1,0.088,116.3369369506836
71,356,0,1,0.07135291368612451,134.4486083984375
63,662,0,1,0.088,127.27979278564453
34,615,0,2,0.132,125.21662902832031
32,337,0,1,0.088,129.88119506835938
3,614,1,2,0.132,144.80352783203125
18,2024,3,3,0.154,119.85236358642578
36,1598,2,1,0.088,126.35950469970703
15,1346,1,3,0.1,129.97227478027344
57,1022,0,1,0.088,127.14064025878906
31,1708,0,1,0.088,123.45301055908203
71,674,2,0,0.1321605802784163,133.0519561767578
63,1699,2,1,0.088,126.42735290527344
63,963,2,2,0.132,127.71814727783203
33,1155,2,1,0.088,127.78056335449219
3,15,1,0,0.154,144.45852661132812
52,1402,3,1,0.088,118.49024200439453
92,1267,1,3,0.01200000000000001,128.75852966308594
91,1830,1,2,0.132,128.07200622558594
74,1966,0,2,0.08031419156909658,149.75341796875
115,1137,0,1,0.088,132.39999389648438
30,1130,0,0,0.007541263859854569,106.7188491821289
33,299,0,2,0.132,124.50776672363281
16,392,2,1,0.088,135.11073303222656
26,720,3,2,0.132,133.0412139892578
52,1675,3,2,0.132,109.58290100097656
97,1259,0,1,0.08273645924113843,129.62991333007812
8,1618,0,1,0.088,128.6868896484375
27,18,1,1,0.088,115.63247680664062
53,1313,3,3,0.10738642928189582,125.87103271484375
71,589,3,1,0.088,137.77935791015625
33,1059,1,1,0.088,127.3032455444336
0,1717,3,1,0.0036694055187004027,118.86351776123047
34,1120,2,2,0.132,112.42078399658203
63,2022,1,2,0.132,128.19065856933594
59,1933,1,1,0.088,114.03936004638672
52,1007,2,3,0.154,108.70890045166016
105,165,2,2,0.132,133.09605407714844
107,994,3,2,0.132,124.20215606689453
3,1380,1,1,0.088,150.60272216796875
19,795,1,2,0.132,125.2228775024414
61,1854,0,2,0.132,136.08560180664062
36,1256,0,2,0.132,127.87078857421875
92,1985,1,1,0.088,128.9812774658203
61,1190,0,1,0.088,133.6339874267578
58,1348,2,3,0.06363381339836316,123.65321350097656
93,1552,2,1,0.088,116.08946990966797
3,51,0,1,0.088,149.92904663085938
53,359,0,1,0.088,
34,1251,1,1,0.004705061671780558,112.91914367675781
24,887,1,1,0.088,125.67606353759766
66,217,0,2,0.132,134.20632934570312
112,224,2,1,0.088,122.56635284423828
32,1031,2,2,0.132,131.99227905273438
102,866,2,2,0.132,137.46920776367188
92,1832,3,3,0.01200000000000001,128.66969299316406
52,833,2,0,0.154,111.75553131103516
52,686,1,3,0.154,113.4040756225586
31,607,3,3,0.154,120.7025375366211
61,1562,1,2,0.132,134.90249633789062
23,134,2,1,0.088,126.48271179199219
110,430,1,1,0.088,113.60810852050781
11,860,2,1,0.028625625466622673,135.3519287109375
9,930,3,2,0.12045756530997026,123.63986206054688
23,306,1,0,0.154,108.73906707763672
91,1432,1,2,0.132,125.11605834960938
0,932,1,1,0.088,120.03890991210938
87,1930,3,1,0.07720605992541218,128.5451202392578
15,1412,0,1,0.088,132.0360565185547
56,1132,2,1,0.088,124.5455093383789
33,1039,2,1,0.088,120.8282241821289
22,1012,0,1,0.088,142.7601776123047
52,1243,1,2,0.132,114.40888977050781
36,1977,3,3,0.01200000000000001,125.32139587402344
74,2004,2,2,0.06892558442391472,131.59996032714844
16,98,2,0,0.154,129.21205139160156
3,1611,0,1,0.088,145.66856384277344
15,1729,3,3,0.01200000000000001,131.79469299316406
32,558,2,1,0.088,129.41836547851562
85,1052,0,1,0.088,115.4173812866211
24,1782,0,2,0.132,122.35279083251953
62,240,2,1,0.088,118.71685791015625
48,1687,2,1,0.088,131.5557861328125
82,57,2,0,0.154,128.61880493164062
24,1911,0,3,0.0628659659595556,105.58892822265625
23,1911,2,1,0.088,103.0909423828125
92,1624,1,2,0.132,129.1193389892578
37,126,1,2,0.0386422842608696,129.0552215576172
58,810,3,1,0.088,126.07738494873047
77,903,0,0,0.05787900762841702,113.80306243896484
4,2020,3,2,0.132,122.33370208740234
24,272,2,2,0.132,127.48859405517578
89,227,1,2,0.132,144.60948181152344
102,128,3,2,0.132,144.98818969726562
112,1114,3,2,0.132,121.93586730957031
62,367,0,2,0.132,126.21637725830078
42,1396,3,2,0.132,124.87837982177734
82,100,2,2,0.11677352052380241,131.85594177246094
58,1953,2,3,0.1,125.68926239013672
54,594,2,2,0.132,140.0352325439453
62,1605,2,2,0.132,122.32852172851562
8,390,1,2,0.132,127.74393463134766
92,2006,0,2,0.132,128.3962860107422
49,730,2,3,0.154,116.5448226928711
74,1999,3,2,0.132,132.97715759277344
46,1512,2,3,0.1,123.14752197265625
4,166,1,2,0.132,120.56815338134766
105,64,3,0,0.154,132.6448211669922
77,1356,1,1,0.088,121.5615005493164
32,1304,3,2,0.132,127.64800262451172
52,620,0,2,0.132,116.02381134033203
93,1816,1,2,0.132,115.24203491210938
82,674,2,0,0.021839419721583708,129.00064086914062
52,1610,3,3,0.1,114.71519470214844
107,931,2,1,0.047673049752738145,127.91968536376953
82,330,2,1,0.088,134.62782287597656
95,2028,2,1,0.088,133.58998107910156
42,866,3,2,0.132,127.86517333984375
16,1647,2,2,0.132,140.54019165039062
23,460,1,1,0.088,103.38578033447266
31,1782,1,2,0.132,120.04502868652344
34,263,3,2,0.07945108767185294,114.9588394165039
58,137,3,2,0.132,127.98724365234375
58,1282,1,2,0.132,125.79914093017578
93,346,0,3,0.154,114.6578369140625
16,79,2,1,0.088,138.29283142089844
97,97,1,2,0.132,129.30189514160156
16,1268,3,2,0.132,144.13331604003906
18,147,1,3,0.154,119.28112030029297
33,78,0,2,0.132,127.87297821044922
109,1704,2,2,0.132,108.84254455566406
74,1799,0,1,0.088,145.28298950195312
93,1525,0,3,0.12800927241892665,115.00581359863281
52,1741,2,2,0.132,114.22257232666016
0,1261,3,2,0.132,124.80725860595703
36,1001,3,1,0.088,126.90464782714844
31,1174,3,3,0.154,116.35623931884766
22,1744,0,3,0.06749106338184235,136.3607177734375
8,290,2,3,0.1,126.33776092529297
93,184,0,1,0.0107328911129832,118.14990997314453
28,319,2,0,0.154,106.76277923583984
52,1561,1,2,0.132,116.0399169921875
69,427,1,1,0.0418947014512068,138.5226593017578
70,659,3,0,0.1535666377319343,117.70347595214844
51,511,3,0,0.08427452619627673,117.60852813720703
28,315,3,3,0.154,106.22738647460938
28,545,3,2,0.132,125.68897247314453
71,1779,0,1,0.088,134.48866271972656
9,152,2,3,0.04569959114930726,122.37383270263672
36,759,2,2,0.132,128.41152954101562
19,798,0,1,0.088,125.39561462402344
32,22,1,1,0.088,129.44215393066406
74,1875,1,1,0.04083457091226278,138.17396545410156
16,1697,1,1,0.088,140.31817626953125
14,233,3,2,0.132,139.0535430908203
89,518,2,1,0.088,145.2440948486328
58,1606,3,1,0.088,126.03926849365234
16,1091,0,1,0.088,141.53334045410156
54,1930,0,0,0.13251057063200292,134.63890075683594
16,284,3,2,0.032393609474041796,140.48529052734375
97,1023,2,2,0.132,129.34376525878906
43,1540,0,1,0.088,121.15424346923828
52,1710,1,1,0.088,120.54310607910156
97,1222,0,2,0.132,132.78741455078125
59,1425,1,2,0.132,141.6996612548828
95,1262,2,2,0.007109207003344303,128.1725311279297
70,985,2,2,0.10858705060890511,119.03323364257812
100,1530,0,3,0.06279674385796934,139.27157592773438
16,438,2,1,0.088,139.11532592773438
14,1968,0,0,0.154,132.48391723632812
61,1194,3,3,0.1,133.6304168701172
106,1669,2,3,0.01200000000000001,137.3670654296875
71,678,0,2,0.132,139.04981994628906
46,1644,3,2,0.004691629765959993,125.55789947509766
16,1494,1,1,0.088,138.017578125
57,1602,0,2,0.10773736200491935,131.71575927734375
30,992,0,3,0.154,107.15977478027344
24,1415,2,0,0.048569320379004036,97.89253997802734
32,1105,3,3,0.154,123.23688507080078
92,1165,3,0,0.154,126.65436553955078
66,1186,2,1,0.088,129.78236389160156
42,1951,0,3,0.01200000000000001,126.4673843383789
71,103,0,1,0.088,139.6267852783203
59,1795,3,1,0.088,132.4958953857422
93,1944,0,3,0.154,114.08553314208984
52,877,2,1,0.088,110.40229034423828
52,746,3,2,0.132,117.75775909423828
44,164,1,1,0.088,137.21603393554688
34,66,3,2,0.132,112.91914367675781
44,786,0,1,0.088,138.05804443359375
52,831,0,2,0.132,119.42169952392578
56,1344,3,1,0.088,125.71691131591797
57,16,1,2,0.132,127.61872863769531
31,705,1,2,0.132,123.20901489257812
89,1795,3,3,0.13372921945774632,136.0744171142578
112,921,0,2,0.132,121.8759536743164
24,991,1,3,0.01200000000000001,124.64872741699219
77,1759,1,3,0.1466549781542981,118.9220199584961
54,1096,0,2,0.132,140.50599670410156
95,467,1,3,0.01200000000000001,129.6402587890625
71,845,3,2,0.132,136.5570831298828
3,1515,3,2,0.132,150.95675659179688
44,1623,2,3,0.1,137.6455078125
68,1500,2,3,0.1,131.91673278808594
32,1292,1,3,0.1,130.76148986816406
85,722,0,3,0.08454874086426073,116.1856918334961
10,767,1,0,0.06150156546419398,120.51445770263672
16,1715,3,3,0.154,131.66139221191406
102,1236,3,2,0.132,143.99102783203125
107,1470,0,2,0.132,125.55044555664062
7,1273,0,2,0.132,133.5742645263672
48,366,2,2,0.132,134.43142700195312
93,781,2,1,0.088,115.86947631835938
32,1511,2,2,0.132,129.948974609375
43,423,2,2,0.132,120.51534271240234
16,464,3,3,0.1,133.3541717529297
24,1415,0,3,0.154,97.89253997802734
27,862,2,2,0.031642231787009534,117.03849792480469
52,207,2,2,0.132,124.88583374023438
52,1465,1,0,0.154,110.89873504638672
52,303,3,2,0.132,121.5449447631836
24,1417,2,3,0.1,123.20803833007812
29,733,2,2,0.132,124.13726806640625
107,994,1,1,0.088,124.20215606689453
28,206,2,0,0.154,108.41876220703125
67,1152,0,2,0.03807583930070668,123.63451385498047
52,1675,1,1,0.088,109.58290100097656
57,1825,2,2,0.10195840765378883,128.34439086914062
52,980,0,1,0.088,112.97105407714844
115,929,2,3,0.02745034648831668,124.01800537109375
89,755,2,1,0.088,140.21807861328125
91,2003,2,2,0.07342965978458063,122.52047729492188
32,766,2,1,0.088,130.71188354492188
70,365,1,2,0.08011452708479982,120.0744400024414
48,1568,1,1,0.08242078090298796,131.47488403320312
52,1766,3,1,0.088,111.18428039550781
34,1120,0,1,0.088,112.42078399658203
11,1930,3,0,0.154,133.40000915527344
14,2020,3,3,0.154,132.66433715820312
52,2016,0,3,0.1,115.55853271484375
82,1169,2,1,0.03316394126379568,139.19876098632812
54,131,1,3,0.01200000000000001,137.56619262695312
103,384,0,2,0.132,148.4199981689453
77,1172,1,2,0.04039421949963673,116.88452911376953
67,232,3,1,0.088,124.9438247680664
93,636,3,2,0.132,117.3006362915039
24,1869,3,1,0.088,126.30242156982422
97,1723,1,2,0.019236837819300773,129.4945068359375
36,1363,1,2,0.132,124.69154357910156
51,529,0,2,0.08899424848356435,120.22915649414062
102,372,3,1,0.088,141.55303955078125
94,976,2,1,0.03875759312443017,128.10240173339844
92,1832,1,2,0.132,128.66969299316406
36,1977,1,2,0.132,125.32139587402344
0,679,0,1,0.088,121.99736022949219
42,1317,0,1,0.088,133.47714233398438
102,318,3,2,0.132,143.64947509765625
48,1259,0,2,0.0768370235302398,131.2509765625
52,1954,0,2,0.132,110.34359741210938
16,1868,0,2,0.132,130.59153747558594
34,654,3,2,0.132,132.59103393554688
92,336,1,2,0.132,128.5285186767578
77,1348,2,3,0.09036618660163684,118.19152069091797
42,156,0,3,0.1,124.04914093017578
97,44,0,2,0.0734155926249721,129.64683532714844
34,1004,0,1,0.00461542315633387,125.96566009521484
54,594,0,1,0.088,140.0352325439453
70,1266,0,3,0.154,119.1239242553711
105,733,2,1,0.006673836084501533,139.34446716308594
52,586,0,3,0.1,115.30518341064453
95,1375,2,2,0.04931584098942007,134.5364990234375
3,1406,0,2,0.132,150.809814453125
24,1720,2,3,0.154,121.43627166748047
93,1876,0,2,0.132,116.03050994873047
4,1027,1,1,0.088,120.92668151855469
52,807,3,2,0.132,118.78688049316406
89,254,2,3,0.154,140.8763427734375
82,100,0,1,0.0798654866323954,131.85594177246094
51,413,0,2,0.132,125.22708892822266
56,1797,1,1,0.088,123.69844055175781
61,347,3,0,0.154,126.43035888671875
42,722,1,0,0.06853026831438477,120.94834899902344
58,137,1,1,0.06576894388921567,127.98724365234375
19,629,1,0,0.057015619697603645,124.00834655761719
42,1144,0,2,0.024601668949756128,129.45460510253906
77,1348,3,1,0.088,118.19152069091797
23,34,1,1,0.088,108.23191833496094
59,1631,3,0,0.154,124.05435180664062
49,488,0,3,0.1111067252332543,117.05455017089844
105,1149,2,1,0.088,130.47317504882812
105,1619,3,1,0.088,134.796142578125
24,1202,2,1,0.088,127.7676010131836
92,839,1,2,0.132,128.94259643554688
52,1572,3,1,0.088,107.89373779296875
43,1254,3,2,0.132,121.11101531982422
51,1745,1,2,0.132,120.2622299194336
24,1707,1,2,0.132,125.15516662597656
60,1970,0,1,0.06858564434325211,133.41653442382812
46,1462,2,1,0.088,125.52714538574219
16,221,1,2,0.132,138.18772888183594
93,1159,0,3,0.1,115.12866973876953
112,1211,2,0,0.13075759953254176,117.7302017211914
62,1203,3,1,0.088,119.71988677978516
3,1736,0,2,0.132,144.87646484375
62,1625,2,3,0.154,119.21498107910156
66,156,3,3,0.05854537845889801,125.5184326171875
33,492,3,1,0.088,128.03990173339844
105,1152,2,1,0.088,132.8730010986328
8,756,3,1,0.088,132.58050537109375
28,315,1,2,0.132,106.22738647460938
24,47,3,0,0.154,106.25684356689453
71,1642,3,1,0.088,138.83909606933594
44,792,2,1,0.088,137.5310821533203
94,610,3,2,0.132,131.24545288085938
87,1661,3,2,0.132,137.1284942626953
23,1885,3,3,0.1529277357749972,108.67815399169922
82,1269,2,2,0.132,134.21908569335938
0,781,2,3,0.1,118.01658630371094
107,1645,1,1,0.088,124.55036163330078
92,185,3,1,0.088,132.49490356445312
56,545,1,2,0.013413231166163442,124.99694061279297
42,1664,3,2,0.132,128.19168090820312
74,117,0,1,0.088,142.64468383789062
105,1814,3,2,0.132,133.7852325439453
23,750,2,1,0.088,105.95929718017578
8,656,1,3,0.1,125.69976043701172
87,16,3,3,0.07063363419496868,129.91400146484375
8,631,0,0,0.154,125.21142578125
61,1199,0,2,0.132,137.73202514648438
95,1397,0,0,0.14869331170794872,126.43560791015625
32,1542,3,1,0.088,131.0465850830078
38,42,2,2,0.132,128.00514221191406
8,1327,2,2,0.132,129.27008056640625
42,1052,1,0,0.154,120.08419036865234
16,353,1,3,0.1,132.96995544433594
17,1095,1,3,0.06783209782475694,128.83815002441406
97,1023,0,1,0.088,129.34376525878906
109,1130,1,2,0.132,111.07571411132812
28,545,1,1,0.05677508048700661,125.68897247314453
92,17,2,2,0.132,128.3962860107422
82,1812,0,0,0.154,128.33775329589844
61,496,1,2,0.132,133.642333984375
62,630,3,3,0.1425300156515343,119.26226806640625
46,1414,1,2,0.132,125.1397476196289
52,1760,0,2,0.132,116.52404022216797
74,1262,3,3,0.154,132.89044189453125
62,1596,3,2,0.132,121.8907699584961
44,122,2,2,0.132,138.60826110839844
37,96,2,0,0.09439484486748703,
82,1676,2,1,0.088,134.11521911621094
97,1507,1,3,0.051870730368091034,129.354248046875
23,1843,2,2,0.132,110.45948028564453
52,1229,3,2,0.132,111.8994140625
10,631,0,1,0.07138602462294533,122.96407318115234
95,1262,0,1,0.088,128.1725311279297
103,1310,0,2,0.132,147.650146484375
26,1305,0,2,0.132,128.8404083251953
70,985,0,1,0.06072575490559956,119.03323364257812
59,885,0,2,0.132,138.8170623779297
18,427,1,1,0.046105298548793194,127.44562530517578
61,1194,1,2,0.132,133.6304168701172
93,466,3,1,0.088,115.08451080322266
31,1174,2,0,0.154,116.35623931884766
16,575,2,2,0.132,130.64926147460938
46,1644,1,1,0.088,125.55789947509766
112,230,2,0,0.06298274180423438,116.66272735595703
36,704,3,0,0.053346313356743585,119.91889953613281
58,1848,2,3,0.07740040736107659,125.70427703857422
61,385,0,3,0.1,133.62326049804688
24,1513,1,2,0.132,127.50452423095703
24,1541,3,1,0.088,104.03678131103516
0,971,0,3,0.1,117.81072235107422
97,1413,0,2,0.132,127.59320068359375
97,1967,1,1,0.088,129.8330535888672
52,823,3,2,0.132,115.40406799316406
103,836,3,1,0.028938555108345337,138.1575164794922
94,515,3,2,0.132,133.31832885742188
97,534,0,3,0.012436756739373722,129.44595336914062
7,841,3,2,0.12970065989403456,133.5414276123047
25,857,1,0,0.15274958024722596,128.212646484375
19,562,1,2,0.132,129.32229614257812
23,1843,3,0,0.05210260149460999,110.45948028564453
0,1261,0,2,0.132,124.80725860595703
61,1524,1,2,0.132,133.6315460205078
3,614,3,2,0.132,144.80352783203125
42,1621,1,1,0.088,124.77506256103516
29,1313,2,3,0.07525252721810416,116.83190155029297
16,902,2,2,0.132,130.62660217285156
74,1252,1,1,0.088,131.67596435546875
87,1145,1,0,0.05273662687273231,125.43084716796875
52,1391,2,3,0.154,111.52420806884766
24,1417,0,2,0.132,123.20803833007812
92,1744,2,1,0.088,128.87255859375
87,929,3,2,0.02256156161869305,129.26699829101562
68,1204,3,2,0.132,136.03033447265625
89,2009,0,1,0.088,146.02102661132812
102,46,1,3,0.1,136.0942840576172
32,1105,2,0,0.10943243587124346,123.23688507080078
51,779,0,3,0.154,119.41651153564453
94,704,3,3,0.154,121.43252563476562
66,1899,0,3,0.154,124.70618438720703
112,405,2,3,0.154,118.89717102050781
43,423,0,1,0.088,120.51534271240234
16,464,1,2,0.132,133.3541717529297
3,617,3,2,0.132,148.67442321777344
62,1308,1,2,0.132,122.13565826416016
28,149,3,1,0.088,126.65870666503906
0,1304,3,0,0.154,116.22453308105469
33,606,1,3,0.1,121.33790588378906
74,587,0,2,0.132,136.9042510986328
84,992,3,1,0.088,111.88735961914062
88,1119,1,2,0.06520721576280678,134.42770385742188
99,922,3,3,0.154,
57,1328,3,2,0.132,133.41651916503906
57,1825,0,1,0.088,128.34439086914062
59,1740,2,2,0.132,141.69007873535156
54,823,3,3,0.1,136.1747283935547
97,1442,3,1,0.088,130.96649169921875
32,1655,3,3,0.154,123.6617431640625
32,524,0,1,0.088,130.3231964111328
28,1684,1,2,0.132,128.9779815673828
58,1196,3,2,0.132,133.50393676757812
56,1344,0,1,0.088,125.71691131591797
92,1110,2,1,0.088,128.255615234375
83,958,1,1,0.088,
82,595,3,2,0.132,135.68536376953125
1,530,3,1,0.088,124.5787353515625
0,53,0,3,0.1,118.97344207763672
4,300,3,2,0.132,128.83099365234375
52,868,3,1,0.088,115.0723876953125
56,1416,0,3,0.03391561204440843,122.70723724365234
82,1839,2,2,0.132,138.54345703125
113,1182,1,2,0.132,125.72270202636719
80,670,3,3,0.1300630376348947,103.23778533935547
89,473,3,0,0.154,131.52232360839844
105,1052,2,2,0.09173810838923926,130.897705078125
52,383,2,2,0.132,119.4293212890625
87,1825,0,3,0.049451048041606105,130.60597229003906
110,1693,0,3,0.154,116.7196044921875
51,456,0,2,0.1303768549494111,121.81966400146484
38,839,2,1,0.088,126.17471313476562
66,413,1,2,0.04556667634423439,129.4929962158203
8,169,2,0,0.154,125.08203125
67,1315,3,2,0.132,123.85943603515625
52,94,0,3,0.154,113.03173828125
15,600,2,2,0.132,133.11282348632812
62,797,2,1,0.088,120.64683532714844
88,531,3,1,0.088,130.9765167236328
20,1546,3,2,0.03094998791938547,142.33384704589844
52,1493,2,1,0.088,117.21272277832031
23,1301,0,3,0.0361966451314602,118.76207733154297
10,1883,0,2,0.132,127.12923431396484
66,123,2,1,0.088,130.14048767089844
93,730,2,0,0.154,113.01606750488281
0,1369,3,1,0.088,120.30306243896484
43,1117,2,2,0.132,123.52989959716797
16,267,1,2,0.132,140.13809204101562
71,57,2,3,0.154,133.00607299804688
17,132,1,2,0.01812743422056662,132.67324829101562
107,223,2,2,0.132,123.76400756835938
57,1254,0,0,0.12465727487729361,123.23664093017578
53,836,1,1,0.0868631017425246,133.88380432128906
1,659,3,0,0.0004333622680657012,123.2379379272461
19,444,2,2,0.009611249734452376,131.12782287597656
92,1616,2,1,0.006093612047004843,126.18171691894531
23,1858,0,2,0.132,132.25367736816406
89,1455,2,1,0.088,145.4037322998047
0,900,0,2,0.132,123.0335922241211
88,1669,3,3,0.1,129.11048889160156
13,152,3,1,0.07622891184067163,123.4758071899414
66,126,2,1,0.088,127.15756225585938
33,1567,3,0,0.028666852610807453,115.87422943115234
24,1720,0,2,0.132,121.43627166748047
56,995,2,1,0.088,124.78169250488281
63,467,1,1,0.088,128.60682678222656
3,15,3,0,0.154,144.45852661132812
70,417,3,2,0.132,120.03707885742188
28,1936,3,0,0.10596100629960303,109.49082946777344
58,1046,2,1,0.088,126.0677719116211
24,1811,2,2,0.132,128.62359619140625
89,489,2,2,0.132,143.8390350341797
71,674,2,3,0.154,133.0519561767578
62,553,3,2,0.132,117.87826538085938
59,0,0,1,0.088,149.0017547607422
18,90,0,3,0.154,120.5414047241211
18,1084,2,1,0.088,123.05037689208984
52,936,1,1,0.088,114.86834716796875
77,1356,3,1,0.088,121.5615005493164
3,15,1,3,0.154,144.45852661132812
27,18,3,1,0.088,115.63247680664062
23,938,3,1,0.088,113.87184143066406
102,772,2,2,0.132,140.0235595703125
56,116,1,2,0.0993005680828476,121.9650650024414
74,934,3,1,0.088,134.19151306152344
36,432,1,1,0.05143712288966784,124.52709197998047
68,1863,3,2,0.132,142.23521423339844
16,312,1,1,0.088,138.6106719970703
87,522,1,2,0.132,136.78665161132812
14,748,2,3,0.1,133.8629150390625
105,179,2,3,0.154,131.32786560058594
77,1634,2,3,0.154,117.50836181640625
0,258,2,2,0.132,117.33564758300781
110,432,2,1,0.088,118.38339233398438
24,1648,3,3,0.1,123.50054168701172
24,1250,0,1,0.088,125.26699829101562
43,1105,2,0,0.04456756412875654,119.26374053955078
93,693,3,2,0.023959768432271433,115.25421142578125
52,414,0,1,0.088,116.36569213867188
21,576,3,0,0.02924440745108952,
93,1316,0,2,0.132,116.23680877685547
113,126,1,2,0.03308260731709181,124.65348815917969
88,479,1,2,0.132,131.97064208984375
91,546,2,2,0.016825457049316234,128.4584503173828
74,1943,3,2,0.132,139.63780212402344
52,271,0,2,0.132,117.34913635253906
0,574,0,1,0.088,120.28347778320312
46,1752,3,1,0.088,126.3777084350586
88,437,0,1,0.088,134.7291717529297
105,1814,1,1,0.088,133.7852325439453
44,122,0,1,0.088,138.60826110839844
32,334,1,2,0.132,128.88758850097656
21,576,1,3,0.07906050200470377,
106,44,2,3,0.01200000000000001,137.32847595214844
80,169,1,2,0.03984324032966796,102.01465606689453
52,1280,0,3,0.01200000000000001,115.96705627441406
61,347,0,0,0.0860645933160196,126.43035888671875
58,63,3,2,0.132,127.18091583251953
0,1939,0,2,0.132,124.44583129882812
103,928,3,3,0.1,137.9528045654297
92,17,0,1,0.088,128.3962860107422
109,401,3,2,0.12430404175349591,111.2332534790039
32,822,1,1,0.088,125.60336303710938
31,1708,1,2,0.132,123.45301055908203
107,1526,3,2,0.09299208019555388,128.36705017089844
114,1832,0,3,0.1,133.05128479003906
62,2017,0,1,0.088,129.9738006591797
85,1688,0,3,0.154,115.43688201904297
4,1968,0,2,0.132,121.70296478271484
26,1619,1,3,0.06775127339552545,123.40469360351562
13,1226,1,2,0.132,120.48226928710938
52,833,2,3,0.154,111.75553131103516
27,767,3,1,0.088,116.48890686035156
115,1490,3,3,0.154,123.96829986572266
33,474,3,3,0.154,121.36383056640625
3,602,0,3,0.154,145.33192443847656
23,306,1,3,0.154,108.73906707763672
3,946,1,2,0.132,149.28436279296875
69,251,0,1,0.088,143.07058715820312
16,379,2,1,0.088,131.91038513183594
16,575,0,1,0.088,130.64926147460938
74,1294,2,2,0.132,135.21688842773438
22,491,0,2,0.132,152.28292846679688
71,788,2,2,0.132,137.59716796875
52,541,3,3,0.07584747101454067,114.38414001464844
74,1592,1,2,0.132,139.51210021972656
24,1541,1,0,0.1315628201975327,104.03678131103516
62,2031,2,2,0.132,119.36746978759766
52,823,1,1,0.088,115.40406799316406
88,1653,1,1,0.056111145442505284,132.91854858398438
66,278,3,2,0.132,133.26498413085938
16,98,2,3,0.154,129.21205139160156
24,1974,2,3,0.1,123.4227523803711
19,930,2,2,0.07496322266169814,125.40093231201172
74,1213,2,2,0.132,132.210205078125
24,74,0,1,0.088,128.78443908691406
82,71,2,1,0.088,133.4863739013672
63,248,2,3,0.0744513499605107,126.2093505859375
36,1643,3,1,0.088,128.31716918945312
16,902,0,1,0.088,130.62660217285156
11,860,3,2,0.05677837454873336,135.3519287109375
52,1391,0,2,0.132,111.52420806884766
11,391,0,3,0.1,135.02073669433594
93,1506,1,3,0.1,115.3077621459961
52,1176,1,1,0.088,112.55447387695312
16,1012,3,2,0.132,146.7617645263672
63,341,3,1,0.088,128.81863403320312
89,34,1,0,0.11527439945653839,131.45555114746094
15,1412,1,2,0.132,132.0360565185547
33,519,3,2,0.132,129.72862243652344
42,365,0,0,0.09914496283960372,122.30636596679688
105,511,2,0,0.154,131.4611358642578
99,1277,0,2,0.132,135.26292419433594
24,1014,3,1,0.088,123.14542388916016
8,1975,0,3,0.01200000000000001,127.71907043457031
3,617,1,1,0.088,148.67442321777344
58,1693,1,3,0.025680949591460833,123.98524475097656
23,134,3,2,0.132,126.48271179199219
22,1485,0,3,0.1,136.30667114257812
105,64,3,3,0.154,132.6448211669922
99,922,1,2,0.132,
74,598,0,2,0.132,144.3267364501953
29,1313,1,0,0.028331062348216106,116.83190155029297
62,1058,0,2,0.1297065330598051,122.56578063964844
59,1740,0,1,0.088,141.69007873535156
62,1852,2,2,0.02329069051974242,121.1866455078125
31,1882,1,2,0.132,125.0190658569336
63,1866,0,2,0.132,132.07614135742188
84,401,2,2,0.07753484171232694,110.9894027709961
16,569,3,2,0.06232340079876203,133.33192443847656
16,1711,1,2,0.132,138.2382049560547
77,983,3,1,0.088,118.82787322998047
54,1117,3,0,0.018659384834911683,133.8245849609375
105,744,0,2,0.132,143.1735382080078
54,1602,2,2,0.003188826879789719,139.63534545898438
12,1704,2,3,0.055322854096236856,108.27947235107422
52,399,1,2,0.132,118.01366424560547
93,346,3,1,0.088,114.6578369140625
89,1103,1,3,0.01200000000000001,143.0882568359375
28,1426,2,2,0.132,128.86752319335938
11,1468,0,1,0.088,136.38858032226562
28,319,2,3,0.154,106.76277923583984
33,993,1,1,0.088,126.28207397460938
70,1397,3,1,0.088,119.8997573852539
92,1240,0,2,0.132,129.37274169921875
67,1315,1,1,0.088,123.85943603515625
52,1338,0,3,0.154,113.72921752929688
99,1164,0,2,0.132,136.6811065673828
89,841,3,3,0.1,142.83399963378906
57,1328,0,2,0.132,133.41651916503906
0,1284,2,3,0.01200000000000001,118.5784912109375
0,293,0,1,0.088,123.59847259521484
70,779,1,1,0.0708342605700937,120.42570495605469
52,666,3,2,0.132,125.88329315185547
32,100,2,2,0.015226479476197596,132.20623779296875
63,182,1,2,0.132,127.56768798828125
25,1344,3,3,0.1,139.10064697265625
92,1004,3,0,0.154,127.17374420166016
52,1937,1,3,0.154,113.63845825195312
52,621,2,1,0.088,121.15032196044922
49,439,3,1,0.06536204511265867,123.97711944580078
13,798,3,2,0.03150037848827175,124.97022247314453
23,460,2,2,0.132,103.38578033447266
31,1782,2,3,0.154,120.04502868652344
42,156,2,3,0.0726548354815868,124.04914093017578
85,1567,2,1,0.088,114.00334930419922
6,1580,0,1,0.088,121.7342529296875
22,1985,3,3,0.01200000000000001,136.30667114257812
107,223,0,1,0.07965259388376432,123.76400756835938
62,888,0,3,0.1,119.53306579589844
66,341,2,2,0.08277000835447376,127.13237762451172
97,795,2,3,0.154,127.28839874267578
89,489,0,1,0.088,143.8390350341797
92,1165,3,3,0.154,126.65436553955078
71,238,0,3,0.1,136.8934326171875
52,274,3,1,0.088,115.54942321777344
52,894,2,2,0.132,119.27938079833984
16,66,2,1,0.088,124.69855499267578
0,416,3,1,0.088,122.853515625
71,1393,0,3,0.01200000000000001,137.13072204589844
92,1750,2,2,0.132,128.55224609375
4,68,3,0,0.154,118.3462905883789
11,1806,2,2,0.132,140.4302978515625
63,650,3,1,0.088,126.59700012207031
38,933,0,3,0.154,124.18921661376953
56,1797,3,1,0.088,123.69844055175781
70,417,1,1,0.088,120.03707885742188
36,536,2,1,0.088,125.06304931640625
66,1635,0,1,0.025599151815897725,135.05809020996094
36,1286,0,0,0.154,121.3650131225586
1,985,0,1,0.027274245094400434,124.55547332763672
52,1349,3,2,0.132,120.17220306396484
52,800,1,1,0.088,115.9950942993164
62,553,1,1,0.088,117.87826538085938
82,889,0,3,0.154,129.714599609375
48,782,0,1,0.088,130.6522979736328
52,1845,2,1,0.088,111.25714111328125
77,197,3,2,0.132,118.90817260742188
42,1181,1,2,0.132,128.63478088378906
28,347,2,3,0.154,110.48572540283203
89,1546,0,3,0.1,142.28213500976562
32,960,3,2,0.132,129.90234375
32,1812,2,1,0.088,128.01446533203125
52,1465,1,3,0.154,110.89873504638672
93,661,3,0,0.154,112.53984832763672
24,1648,1,2,0.132,123.50054168701172
77,782,2,1,0.0046920079461738595,120.7154769897461
28,206,2,3,0.154,108.41876220703125
62,2024,3,1,0.0839191354096695,117.62643432617188
18,2024,2,3,0.154,119.85236358642578
26,1814,3,3,0.05730788080747942,122.27445983886719
59,1915,1,0,0.154,119.300048828125
0,553,2,0,0.0321916859233215,115.84882354736328
20,460,3,3,0.154,122.80829620361328
71,674,1,0,0.1419123446784162,133.0519561767578
58,1095,0,2,0.11033261577865905,125.83617401123047
52,651,2,0,0.154,110.28583526611328
87,1602,3,2,0.053819724147919246,133.7193145751953
52,877,3,2,0.132,110.40229034423828
71,1812,0,3,0.02426372961385545,132.73162841796875
30,1756,3,1,0.088,114.3449935913086
28,1298,2,2,0.132,125.75482177734375
25,1416,0,0,0.01531228054991604,136.8102264404297
52,1167,3,2,0.132,116.4385986328125
58,63,1,1,0.088,127.18091583251953
16,392,1,1,0.088,135.11073303222656
59,2026,3,2,0.132,125.88616180419922
71,589,2,1,0.088,137.77935791015625
0,941,0,1,0.088,123.33490753173828
33,1059,0,1,0.088,127.3032455444336
46,1156,3,2,0.132,126.96083068847656
52,637,2,2,0.132,121.20697021484375
19,1413,2,2,0.04777396975195192,125.567626953125
34,1120,1,2,0.132,112.42078399658203
95,988,3,1,0.088,135.39410400390625
44,1800,3,2,0.132,137.5310821533203
52,927,2,1,0.088,123.58746337890625
11,1117,2,0,0.11450779181580015,132.69049072265625
110,1743,3,3,0.047994831085652445,115.97834014892578
11,1113,3,3,0.1,135.55572509765625
92,4,3,1,0.088,128.8118133544922
70,699,0,2,0.132,119.8263168334961
29,72,2,2,0.06043480950586769,124.69908905029297
92,1985,0,1,0.088,128.9812774658203
93,1552,1,1,0.088,116.08946990966797
62,2031,0,1,0.088,119.36746978759766
34,1251,0,1,0.088,112.91914367675781
77,1420,0,3,0.06326893615266121,119.05506896972656
24,887,0,1,0.088,125.67606353759766
56,850,3,3,0.01954341866154216,125.14161682128906
59,23,2,2,0.132,128.55213928222656
52,1074,2,2,0.132,113.91722106933594
112,224,1,1,0.088,122.56635284423828
63,2022,0,2,0.132,128.19065856933594
25,1755,0,2,0.132,145.55091857910156
102,866,1,2,0.08303944573156843,137.46920776367188
92,1832,2,3,0.01200000000000001,128.66969299316406
52,833,1,0,0.154,111.75553131103516
52,1954,3,0,0.154,110.34359741210938
16,1868,3,0,0.154,130.59153747558594
31,607,2,3,0.154,120.7025375366211
59,1933,0,1,0.088,114.03936004638672
4,569,2,3,0.154,121.78309631347656
15,5,3,1,0.088,130.68153381347656
48,1687,0,3,0.01200000000000001,131.5557861328125
102,1615,2,1,0.088,138.79168701171875
58,1070,2,2,0.132,125.97569274902344
28,1048,3,1,0.088,128.924560546875
110,641,1,2,0.132,114.7852783203125
92,852,3,3,0.1,128.0980682373047
51,248,2,2,0.132,120.18030548095703
91,1919,3,1,0.088,126.22821807861328
70,722,3,1,0.088,118.48468017578125
13,1721,3,2,0.132,124.41230010986328
71,1207,0,1,0.088,143.63502502441406
36,485,0,1,0.088,130.39788818359375
56,1132,1,1,0.088,124.5455093383789
83,580,3,2,0.132,127.33953857421875
24,475,0,2,0.132,124.61547088623047
0,184,3,1,0.088,119.88111877441406
16,367,3,1,0.088,140.95721435546875
0,609,2,3,0.01200000000000001,118.59825897216797
59,1631,3,3,0.154,124.05435180664062
23,134,1,1,0.088,126.48271179199219
93,1159,2,3,0.1,115.12866973876953
89,1952,2,1,0.088,145.1626739501953
74,1580,2,2,0.132,131.71449279785156
16,175,1,3,0.1,132.65737915039062
70,1688,1,3,0.026353196863140138,117.73856353759766
32,558,1,1,0.088,129.41836547851562
48,496,0,2,0.132,131.38006591796875
62,240,1,1,0.088,118.71685791015625
54,1599,0,1,0.088,145.07931518554688
75,1500,0,1,0.02957088101455324,125.43285369873047
9,223,0,2,0.034826232506964594,123.11300659179688
112,363,2,1,0.088,120.81670379638672
92,1624,0,2,0.132,129.1193389892578
37,126,0,2,0.061072338853768615,129.0552215576172
112,1211,2,3,0.154,117.7302017211914
89,919,1,2,0.03526109441442837,147.05455017089844
24,272,1,2,0.132,127.48859405517578
16,569,1,1,0.0008731098729949927,133.33192443847656
42,1396,2,2,0.132,124.87837982177734
82,100,1,2,0.09064148883768297,131.85594177246094
58,1953,1,3,0.1,125.68926239013672
20,254,0,2,0.132,140.82374572753906
62,1605,1,2,0.132,122.32852172851562
49,730,1,3,0.154,116.5448226928711
14,769,3,2,0.132,141.1082763671875
63,997,0,2,0.132,126.32982635498047
30,1644,0,1,0.088,117.66521453857422
74,1999,2,2,0.132,132.97715759277344
46,1512,1,3,0.1,123.14752197265625
54,1602,0,1,0.014666339936142359,139.63534545898438
19,1347,1,1,0.06607975387209122,128.46119689941406
17,1116,0,1,0.088,133.69140625
63,469,3,2,0.132,129.8794403076172
8,631,0,3,0.03146416275128852,125.21142578125
52,92,0,3,0.1,114.4842758178711
58,810,2,1,0.088,126.07738494873047
97,1507,3,3,0.08274617442954824,129.354248046875
95,2028,1,1,0.088,133.58998107910156
82,1812,0,3,0.061747236086377943,128.33775329589844
23,460,0,1,0.088,103.38578033447266
43,929,2,1,0.07121229506827423,125.62284851074219
18,427,3,1,0.06655871044113149,127.44562530517578
36,430,3,0,0.10396977077511951,120.25457763671875
97,97,0,2,0.10034271795484428,129.30189514160156
37,96,2,3,0.12117359674046982,
82,674,1,0,0.01208765532158379,129.00064086914062
92,1324,2,2,0.132,132.34060668945312
16,1487,3,1,0.088,138.53506469726562
92,1750,0,1,0.088,128.55224609375
0,1700,0,2,0.132,123.50120544433594
12,348,0,1,0.026827662682993886,110.96928405761719
31,1174,2,3,0.154,116.35623931884766
26,1313,0,0,0.0850052096517839,121.36239624023438
82,1530,3,3,0.053862756342030665,131.20611572265625
103,1859,3,3,0.016619798588501045,139.04727172851562
28,319,1,0,0.154,106.76277923583984
52,1561,0,2,0.132,116.0399169921875
97,795,0,2,0.132,127.28839874267578
28,315,2,3,0.154,106.22738647460938
16,1739,2,3,0.154,130.59495544433594
95,1682,1,2,0.132,135.42185974121094
36,759,1,2,0.132,128.41152954101562
102,453,3,2,0.132,
102,1027,0,0,0.1420777325362065,133.94491577148438
62,154,0,2,0.010408916119742484,123.12361145019531
18,147,0,3,0.154,119.28112030029297
16,66,0,0,0.006644657623270045,124.69855499267578
32,22,0,1,0.088,129.44215393066406
52,1560,2,2,0.132,116.91202545166016
14,233,2,2,0.132,139.0535430908203
99,862,1,3,0.099971899591663,125.85360717773438
62,477,1,1,0.088,121.75650787353516
15,507,1,1,0.088,131.41943359375
25,857,1,3,0.154,128.212646484375
3,1534,3,2,0.02499110144587352,150.27642822265625
58,1606,2,1,0.088,126.03926849365234
77,536,3,1,0.088,121.22920989990234
62,90,0,0,0.154,118.29218292236328
23,1843,3,3,0.154,110.45948028564453
11,1806,0,1,0.088,140.4302978515625
16,284,2,2,0.04557530483191097,140.48529052734375
32,960,1,1,0.088,129.90234375
112,152,2,3,0.03367068396970957,117.5167236328125
97,1936,2,0,0.026416898843444225,121.48738098144531
34,1271,2,0,0.10105636069672991,112.84639739990234
106,1669,1,3,0.01200000000000001,137.3670654296875
83,290,2,2,0.07093529979569985,122.69511413574219
95,1266,2,0,0.154,125.85850524902344
3,1193,2,3,0.07967618552453354,147.61444091796875
42,1027,3,3,0.14279125175310628,122.4774169921875
52,1845,0,0,0.154,111.25714111328125
32,1105,2,3,0.154,123.23688507080078
92,1165,2,0,0.154,126.65436553955078
77,1286,1,0,0.04465500766214159,117.00041198730469
66,1186,1,1,0.088,129.78236389160156
32,145,3,1,0.088,126.53097534179688
93,781,0,3,0.1,115.86947631835938
75,1184,0,1,0.088,125.80225372314453
20,755,0,2,0.132,140.11990356445312
59,1795,2,1,0.088,132.4958953857422
32,1530,2,2,0.132,131.4494171142578
52,1641,3,0,0.154,112.84413146972656
52,746,2,2,0.132,117.75775909423828
34,66,2,2,0.132,112.91914367675781
48,801,2,2,0.0003688771995573603,132.2356719970703
28,1684,3,2,0.132,128.9779815673828
31,705,0,2,0.132,123.20901489257812
25,1853,0,2,0.132,145.38912963867188
28,1303,2,2,0.132,125.78490447998047
24,991,0,3,0.1,124.64872741699219
112,230,3,1,0.088,116.66272735595703
16,1494,0,1,0.088,138.017578125
59,1896,0,2,0.132,156.6049041748047
28,251,0,2,0.1007952061596098,136.01771545410156
59,557,3,1,0.088,144.07534790039062
66,1134,3,2,0.132,130.98074340820312
33,1781,3,1,0.088,124.13660430908203
33,348,2,3,0.154,115.67303466796875
71,845,2,2,0.132,136.5570831298828
92,1595,3,3,0.1,128.255615234375
26,1950,2,2,0.0723233211947305,130.5976104736328
103,1061,3,2,0.132,146.58047485351562
56,767,3,2,0.05118858661299047,120.9582290649414
8,369,1,3,0.1,125.75128936767578
52,681,3,1,0.088,117.31963348388672
52,877,1,1,0.088,110.40229034423828
68,1455,0,2,0.132,139.15538024902344
42,1080,2,2,0.132,126.8885726928711
51,456,2,2,0.132,121.81966400146484
59,473,3,1,0.088,127.71610260009766
61,1723,0,3,0.032608825286099236,133.6435089111328
56,1651,0,2,0.132,124.82999420166016
89,1795,2,3,0.154,136.0744171142578
52,2032,1,1,0.088,117.62117767333984
52,1465,0,0,0.154,110.89873504638672
68,1843,0,0,0.0897920684146504,124.66500854492188
52,303,2,2,0.132,121.5449447631836
77,1759,0,3,0.154,118.9220199584961
58,1743,0,0,0.10654470113086378,123.26072692871094
24,1417,1,3,0.1,123.20803833007812
95,424,3,2,0.132,138.8199462890625
49,1753,3,1,0.05385202385828641,116.86788940429688
52,1641,1,3,0.154,112.84413146972656
115,929,1,3,0.02189193548831664,124.01800537109375
89,755,1,1,0.088,140.21807861328125
46,14,3,1,0.088,126.18848419189453
16,1293,3,1,0.088,138.1072540283203
36,1743,3,3,0.10600516891434755,122.16691589355469
24,1510,2,1,0.088,125.95013427734375
16,1715,2,3,0.154,131.66139221191406
74,256,3,1,0.088,139.3878173828125
58,1363,2,3,0.1,125.68418884277344
25,113,3,1,0.088,143.81182861328125
17,1282,3,3,0.03697636206531696,128.8165740966797
70,365,0,2,0.132,120.0744400024414
80,169,3,2,0.132,102.01465606689453
52,1766,2,1,0.088,111.18428039550781
87,1172,1,2,0.09160578050036328,129.39439392089844
114,4,0,3,0.1,133.05953979492188
59,1452,2,2,0.132,145.51007080078125
11,1930,2,0,0.029837356501883294,133.40000915527344
52,207,1,2,0.132,124.88583374023438
4,1573,3,1,0.08410926978360035,122.0376205444336
29,72,0,1,0.088,124.69908905029297
92,852,1,2,0.132,128.0980682373047
16,1620,3,1,0.088,124.46698760986328
61,1872,0,2,0.132,139.4178466796875
24,450,1,1,0.088,124.02645111083984
44,1667,3,2,0.132,137.72528076171875
15,1370,0,2,0.132,133.263671875
16,1151,0,2,0.132,142.51524353027344
54,1942,1,0,0.0608386779065907,132.94432067871094
32,766,1,1,0.088,130.71188354492188
24,1869,2,1,0.088,126.30242156982422
52,482,3,3,0.1,114.0463638305664
23,1301,3,1,0.088,118.76207733154297
16,1569,3,2,0.132,139.63418579101562
92,1832,0,2,0.132,128.66969299316406
62,147,3,0,0.154,117.26025390625
46,1136,2,1,0.06018695131368115,125.57061004638672
97,528,2,1,0.088,129.3751678466797
82,1169,1,1,0.08019364023239578,139.19876098632812
32,1901,1,3,0.13424414629976658,127.85045623779297
52,1689,1,2,0.132,114.96037292480469
33,1567,3,3,0.154,115.87422943115234
97,1104,0,2,0.132,139.1619415283203
95,1549,2,2,0.132,134.6069793701172
24,448,2,1,0.088,124.11146545410156
28,1936,3,3,0.154,109.49082946777344
16,312,3,1,0.088,138.6106719970703
83,631,0,3,0.11071766389491916,121.1939468383789
92,336,0,2,0.132,128.5285186767578
102,1279,3,1,0.088,141.78163146972656
36,1977,0,2,0.132,125.32139587402344
77,1348,1,3,0.154,118.19152069091797
71,356,3,2,0.132,134.4486083984375
105,62,0,2,0.132,159.7332763671875
82,1921,0,3,0.01200000000000001,132.80160522460938
52,1021,0,3,0.1,113.99590301513672
52,414,2,1,0.088,116.36569213867188
106,1160,0,2,0.1231044779305197,147.53765869140625
17,1489,0,1,0.036139281899089215,133.46987915039062
18,1105,3,0,0.035185303900940795,115.46424865722656
82,10,3,1,0.088,135.93405151367188
105,1830,3,2,0.132,142.3846435546875
23,2002,3,1,0.088,103.55958557128906
97,801,2,2,0.13163112280044265,132.0176544189453
24,1170,0,1,0.088,132.68695068359375
62,1141,3,1,0.088,123.12361145019531
71,1545,0,1,0.06591009268455314,125.43894958496094
3,1713,1,1,0.088,147.02337646484375
59,1255,2,2,0.132,123.40805053710938
4,1027,0,1,0.088,120.92668151855469
89,1731,3,2,0.132,148.8513641357422
38,1753,1,0,0.08870175973548466,122.6750259399414
107,1413,3,1,0.08158897967340978,124.6123046875
24,1147,3,2,0.132,122.84561157226562
89,445,0,3,0.1,141.5133819580078
103,854,2,1,0.088,134.9759063720703
52,1191,3,3,0.154,113.21483612060547
23,34,0,1,0.088,108.23191833496094
74,1999,0,1,0.088,132.97715759277344
105,1149,1,1,0.088,130.47317504882812
24,1202,1,1,0.088,127.7676010131836
87,1254,3,0,0.01670154343850265,125.72235107421875
77,924,3,1,0.088,120.10166931152344
25,1239,3,1,0.088,142.0098419189453
24,139,1,2,0.132,103.18280792236328
3,260,3,0,0.154,144.91055297851562
52,512,3,2,0.132,117.43138885498047
97,1085,0,3,0.1,129.2913818359375
24,1707,0,2,0.132,125.15516662597656
52,807,2,2,0.132,118.78688049316406
92,1324,0,1,0.088,132.34060668945312
38,1214,0,2,0.06319334213680022,133.30722045898438
46,1462,1,1,0.088,125.52714538574219
49,58,3,2,0.10244923991494692,121.95406341552734
62,896,3,0,0.0026645196333393295,118.58523559570312
16,221,0,2,0.132,138.18772888183594
92,1100,0,2,0.132,127.44430541992188
58,137,0,1,0.088,127.98724365234375
66,156,2,3,0.027345164518413206,125.5184326171875
59,1631,2,0,0.040075492917601874,124.05435180664062
33,492,2,1,0.04007144798923171,128.03990173339844
105,1152,1,1,0.088,132.8730010986328
28,315,0,2,0.132,106.22738647460938
24,47,2,0,0.154,106.25684356689453
71,1642,2,1,0.088,138.83909606933594
44,792,1,1,0.088,137.5310821533203
49,1116,3,1,0.023050738413080557,124.9521255493164
16,1268,0,1,0.088,144.13331604003906
110,43,2,3,0.154,115.72345733642578
107,1645,0,1,0.088,124.55036163330078
37,340,3,1,0.07576633489384532,129.10951232910156
3,1534,1,1,0.088,150.27642822265625
53,359,3,2,0.132,
23,750,1,1,0.088,105.95929718017578
57,505,0,0,0.07288191845450642,123.51416015625
0,1504,0,1,0.088,122.84294891357422
42,1052,0,0,0.154,120.08419036865234
16,1067,3,1,0.088,138.49380493164062
112,1211,1,0,0.154,117.7302017211914
17,1095,0,3,0.1,128.83815002441406
115,1852,1,3,0.01200000000000001,126.32865142822266
102,453,1,1,0.088,
92,799,3,1,0.088,132.8783416748047
115,1141,0,2,0.132,128.27146911621094
0,781,1,3,0.07979625822775135,118.01658630371094
62,1596,2,2,0.132,121.8907699584961
82,1676,1,1,0.088,134.11521911621094
23,1843,1,2,0.132,110.45948028564453
52,1161,3,1,0.088,125.23563385009766
48,1238,0,3,0.01200000000000001,131.51393127441406
24,843,0,1,0.088,126.95185089111328
52,1229,2,2,0.132,111.8994140625
112,629,3,1,0.088,116.9473648071289
61,717,3,1,0.088,133.6162567138672
52,746,0,1,0.088,117.75775909423828
16,1400,3,3,0.154,131.7113037109375
22,1701,0,1,0.088,140.20164489746094
77,1078,3,2,0.037222724390648,119.92849731445312
3,1611,3,2,0.132,145.66856384277344
61,1194,0,2,0.132,133.6304168701172
4,710,3,1,0.05256143187746072,122.12718200683594
62,630,2,3,0.154,119.26226806640625
16,575,1,2,0.132,130.64926147460938
85,1149,0,2,0.132,115.0046615600586
112,230,1,0,0.062835726549453,116.66272735595703
89,34,1,3,0.154,131.45555114746094
36,704,2,0,0.15364526319400473,119.91889953613281
69,1979,3,1,0.088,138.60330200195312
105,511,2,3,0.154,131.4611358642578
109,1747,0,2,0.13132127371435814,111.18113708496094
62,1058,2,2,0.132,122.56578063964844
37,96,1,0,0.042902441427487045,
70,1747,2,0,0.09014379336835426,116.3930892944336
93,205,3,2,0.132,117.88819885253906
23,581,2,0,0.04731639116405306,109.01860809326172
25,857,0,0,0.154,128.212646484375
46,543,3,1,0.088,125.18949890136719
115,1223,0,1,0.088,126.63390350341797
34,66,0,1,0.088,112.91914367675781
82,1901,2,0,0.14786111533252635,128.18276977539062
115,1203,0,3,0.1,124.8984375
31,1174,1,0,0.154,116.35623931884766
89,85,3,1,0.0666946031874299,147.51055908203125
29,1313,1,3,0.07115333421810416,116.83190155029297
16,902,1,2,0.132,130.62660217285156
25,1042,3,1,0.088,144.3134307861328
32,486,0,2,0.132,130.81932067871094
36,1598,3,1,0.088,126.35950469970703
57,1930,3,1,0.01079394007458781,126.3050308227539
92,1744,1,1,0.088,128.87255859375
3,1562,1,1,0.088,148.0016326904297
24,1513,0,2,0.132,127.50452423095703
52,399,3,2,0.132,118.01366424560547
30,2027,0,2,0.132,125.35150909423828
103,169,0,3,0.154,134.49481201171875
24,588,3,2,0.132,128.02584838867188
52,484,0,2,0.132,116.0594253540039
68,1204,2,2,0.132,136.03033447265625
7,841,2,2,0.06279294672966407,133.5414276123047
105,511,3,1,0.088,131.4611358642578
88,1507,2,3,0.05896763063190914,128.90032958984375
94,704,2,3,0.154,121.43252563476562
75,928,3,1,0.05784111505711628,127.64459228515625
28,1823,3,1,0.088,129.92921447753906
66,985,2,0,0.14848407212196577,122.71105194091797
112,405,1,3,0.154,118.89717102050781
82,1333,1,2,0.132,134.64002990722656
1,530,1,3,0.052410530965878804,124.5787353515625
61,1524,0,2,0.08760075929630151,133.6315460205078
71,1576,1,0,0.154,129.24546813964844
3,617,2,2,0.132,148.67442321777344
33,606,0,3,0.154,121.33790588378906
61,34,2,0,0.027302105103461566,132.35252380371094
84,992,2,1,0.088,111.88735961914062
49,1753,1,0,0.06529824026451533,116.86788940429688
57,1328,2,2,0.132,133.41651916503906
23,581,0,3,0.154,109.01860809326172
22,802,0,2,0.132,150.40455627441406
77,1257,2,2,0.132,119.83209991455078
70,779,3,1,0.088,120.42570495605469
16,1620,1,0,0.154,124.46698760986328
66,1696,3,1,0.088,133.54762268066406
25,1444,3,3,0.1,139.22726440429688
66,1375,3,1,0.01765395704917308,131.9874725341797
71,1183,2,2,0.132,135.33660888671875
59,1076,1,1,0.088,135.93972778320312
52,1162,3,1,0.088,118.1859130859375
32,1655,2,3,0.154,123.6617431640625
28,1684,0,2,0.132,128.9779815673828
92,1110,1,1,0.088,128.255615234375
83,958,0,1,0.088,
49,1214,0,2,0.06880665786319978,128.86093139648438
4,300,2,2,0.132,128.83099365234375
71,1779,3,2,0.132,134.48866271972656
24,1263,1,1,0.088,124.50358581542969
52,868,2,1,0.088,115.0723876953125
52,1338,3,1,0.088,113.72921752929688
87,1022,1,3,0.154,129.40524291992188
82,501,0,2,0.132,139.3131561279297
92,1004,3,3,0.1,127.17374420166016
102,318,0,1,0.088,143.64947509765625
113,1182,0,2,0.132,125.72270202636719
62,1043,0,3,0.1,119.8760757446289
24,1044,3,3,0.154,108.1099624633789
80,670,2,3,0.08096768363489472,103.23778533935547
68,194,0,1,0.088,140.58995056152344
115,929,0,0,0.11549770940314036,124.01800537109375
32,903,1,2,0.132,124.1725845336914
32,1626,0,0,0.154,125.75038146972656
15,600,1,2,0.132,133.11282348632812
16,1569,1,1,0.088,139.63418579101562
82,595,2,2,0.132,135.68536376953125
48,1789,0,2,0.132,134.11978149414062
18,920,2,1,0.08145484342384385,126.92398834228516
61,793,3,2,0.132,133.64122009277344
52,1435,3,2,0.132,123.98721313476562
82,1839,1,2,0.132,138.54345703125
52,1493,1,1,0.088,117.21272277832031
16,1220,1,2,0.132,140.44944763183594
48,924,3,3,0.1,130.04832458496094
52,383,1,2,0.132,119.4293212890625
82,642,1,1,0.088,136.5513153076172
46,1228,2,1,0.088,124.1894760131836
89,1076,1,3,0.154,139.35000610351562
32,396,3,1,0.088,125.75038146972656
43,1117,1,2,0.132,123.52989959716797
105,72,2,2,0.07156519049413232,139.81045532226562
29,1814,1,3,0.05111827269252062,118.74163055419922
67,1315,2,2,0.132,123.85943603515625
36,1286,0,3,0.14826450999836313,121.3650131225586
52,702,3,2,0.132,119.75944519042969
71,1393,3,1,0.088,137.13072204589844
71,356,1,1,0.08171797302092784,134.4486083984375
14,911,0,2,0.132,137.05120849609375
62,888,3,1,0.088,119.53306579589844
15,699,1,0,0.12586818896147614,128.24664306640625
1,1942,3,2,0.132,123.48729705810547
32,397,0,1,0.088,125.86174011230469
82,1536,3,2,0.132,133.4152374267578
24,1911,3,0,0.154,105.58892822265625
13,152,2,1,0.05131182236443599,123.4758071899414
33,1567,2,0,0.154,115.87422943115234
0,1369,2,1,0.088,120.30306243896484
102,1080,1,3,0.01200000000000001,136.82261657714844
105,253,0,2,0.05105646384199147,139.690185546875
115,1254,1,0,0.055359846215024794,121.09066009521484
107,223,1,2,0.132,123.76400756835938
8,390,2,2,0.132,127.74393463134766
59,1915,1,3,0.154,119.300048828125
58,1046,1,1,0.088,126.0677719116211
24,1811,1,2,0.132,128.62359619140625
105,179,3,0,0.154,131.32786560058594
89,489,1,2,0.132,143.8390350341797
1,659,2,0,0.011285363369627988,123.2379379272461
71,674,1,3,0.154,133.0519561767578
24,1147,1,1,0.088,122.84561157226562
79,1162,3,3,0.1,145.9987030029297
113,1951,0,1,0.088,125.44709777832031
16,1851,0,2,0.132,138.11293029785156
52,651,2,3,0.154,110.28583526611328
71,898,3,3,0.1,136.22947692871094
77,1356,2,1,0.088,121.5615005493164
92,989,2,1,0.088,128.71408081054688
102,772,1,2,0.132,140.0235595703125
52,512,1,1,0.088,117.43138885498047
24,272,3,2,0.132,127.48859405517578
56,116,0,2,0.132,121.9650650024414
34,255,2,1,0.051315312758785425,112.91914367675781
16,312,0,1,0.088,138.6106719970703
87,522,0,2,0.132,136.78665161132812
14,748,1,3,0.1,133.8629150390625
77,1634,1,3,0.154,117.50836181640625
12,1130,3,3,0.002786585696236882,110.87495422363281
89,1546,3,1,0.088,142.28213500976562
83,1551,0,1,0.088,128.54823303222656
16,1647,3,2,0.132,140.54019165039062
99,616,0,2,0.132,135.37937927246094
93,693,2,2,0.132,115.25421142578125
56,631,0,2,0.046808314646922144,123.60497283935547
113,1656,1,1,0.088,101.03799438476562
113,126,0,2,0.07092766114623139,124.65348815917969
69,1242,0,1,0.088,143.90509033203125
24,1566,1,1,0.088,125.20452880859375
7,1991,2,1,0.0025632948923995924,133.53944396972656
94,610,0,1,0.088,131.24545288085938
107,1961,3,2,0.132,125.36363983154297
52,936,0,1,0.088,114.86834716796875
91,546,1,2,0.132,128.4584503173828
74,1943,2,2,0.132,139.63780212402344
23,938,2,1,0.088,113.87184143066406
106,1062,1,2,0.132,141.06048583984375
88,1273,3,3,0.1,129.0101318359375
16,1972,1,3,0.154,131.34901428222656
93,1036,0,2,0.132,131.84986877441406
56,1298,0,3,0.0828152585478773,125.09577178955078
110,432,1,1,0.036562877110332154,118.38339233398438
87,1554,3,2,0.132,136.0597381591797
106,44,1,3,0.0354647189060773,137.32847595214844
107,1340,1,2,0.132,123.97386169433594
10,545,0,3,0.1,124.37067413330078
69,281,0,1,0.088,144.65896606445312
22,438,0,3,0.1,136.02891540527344
52,1905,3,1,0.07906919551695589,125.9395751953125
16,1697,2,1,0.088,140.31817626953125
89,518,3,1,0.088,145.2440948486328
109,401,2,2,0.020568563954358188,111.2332534790039
62,630,0,2,0.132,119.26226806640625
32,822,0,1,0.088,125.60336303710938
93,1084,0,3,0.13792657612006767,114.3272933959961
30,992,3,0,0.027520582406770716,107.15977478027344
0,489,0,2,0.132,120.92341613769531
62,1596,0,1,0.088,121.8907699584961
13,1226,0,2,0.132,120.48226928710938
110,704,3,2,0.132,113.29430389404297
110,1427,2,0,0.03454661640980283,114.03286743164062
52,833,1,3,0.154,111.75553131103516
52,1954,3,3,0.154,110.34359741210938
10,1537,0,1,0.02081242864169275,129.2998504638672
16,1868,3,3,0.154,130.59153747558594
112,629,1,0,0.09698438030239635,116.9473648071289
93,1944,3,0,0.154,114.08553314208984
115,1490,2,3,0.154,123.96829986572266
16,1400,1,2,0.12200488832611955,131.7113037109375
32,249,2,0,0.154,124.26079559326172
18,693,0,1,0.03077501615168393,124.8909683227539
77,1420,3,1,0.07861600373945182,119.05506896972656
24,454,2,2,0.132,101.93009185791016
3,1611,1,1,0.088,145.66856384277344
74,1294,1,2,0.132,135.21688842773438
52,541,2,3,0.1,114.38414001464844
74,1592,0,2,0.132,139.51210021972656
62,1490,1,2,0.132,118.7197265625
62,1166,1,2,0.132,127.26758575439453
68,1836,0,2,0.08584648585900306,142.36790466308594
66,278,2,2,0.132,133.26498413085938
7,841,0,1,0.088,133.5414276123047
89,990,1,2,0.132,145.06959533691406
62,202,3,3,0.1,120.06063079833984
19,930,1,2,0.05807261018169829,125.40093231201172
52,1074,3,3,0.10280603921027745,113.91722106933594
51,1018,0,2,0.132,
77,1849,0,0,0.154,116.3369369506836
74,1213,1,2,0.132,132.210205078125
29,836,2,1,0.02008442523363152,124.64337158203125
95,1570,3,1,0.088,131.1246337890625
63,248,1,3,0.12280151816051066,126.2093505859375
102,1630,3,2,0.09691907372515585,139.0435791015625
3,614,0,1,0.088,144.80352783203125
3,1230,3,1,0.088,152.07374572753906
102,1615,3,2,0.132,138.79168701171875
24,1415,3,0,0.019370504579004022,97.89253997802734
58,1070,3,3,0.1,125.97569274902344
15,1346,0,2,0.132,129.97227478027344
93,1506,0,3,0.1,115.3077621459961
24,1398,3,2,0.132,127.61131286621094
94,1855,3,2,0.132,130.75668334960938
89,34,0,0,0.10780333558964215,131.45555114746094
63,963,1,1,0.088,127.71814727783203
88,1653,0,1,0.088,132.91854858398438
52,92,2,3,0.1,114.4842758178711
105,511,1,0,0.154,131.4611358642578
24,1014,2,1,0.088,123.14542388916016
3,617,0,1,0.088,148.67442321777344
88,115,3,3,0.1,129.08029174804688
29,733,3,2,0.132,124.13726806640625
32,1715,0,2,0.0068609636361984805,131.49169921875
61,1534,0,1,0.00844058802753861,137.87881469726562
93,346,1,3,0.154,114.6578369140625
66,1399,3,2,0.132,132.9351806640625
16,79,3,1,0.088,138.29283142089844
99,922,0,2,0.132,
59,1215,0,2,0.132,139.73147583007812
0,1382,0,3,0.01200000000000001,119.41303253173828
32,853,0,2,0.132,129.7819061279297
24,1044,1,2,0.07161489246770925,108.1099624633789
26,1371,3,2,0.132,129.1265869140625
71,1113,2,2,0.11695273377126669,135.96240234375
52,944,1,2,0.132,117.03491973876953
59,687,3,2,0.132,129.9551239013672
31,1882,0,2,0.132,125.0190658569336
22,1561,0,3,0.1,135.87631225585938
52,92,3,1,0.088,114.4842758178711
52,2016,1,3,0.01200000000000001,115.55853271484375
38,1798,0,2,0.132,142.52561950683594
16,1711,0,2,0.132,138.2382049560547
52,1007,1,2,0.132,108.70890045166016
105,165,1,1,0.088,133.09605407714844
20,495,3,2,0.04748943002271683,143.80772399902344
82,595,0,1,0.088,135.68536376953125
77,983,2,1,0.088,118.82787322998047
105,64,2,3,0.154,132.6448211669922
61,793,1,1,0.088,133.64122009277344
71,1779,1,1,0.088,134.48866271972656
53,1313,2,2,0.132,125.87103271484375
52,399,0,2,0.132,118.01366424560547
62,477,3,1,0.088,121.75650787353516
46,917,0,1,0.07120839100518697,131.14027404785156
87,356,0,3,0.05911375604531238,129.4069061279297
28,1426,1,2,0.132,128.86752319335938
33,1361,3,2,0.132,129.86859130859375
28,319,1,3,0.154,106.76277923583984
70,1397,2,1,0.088,119.8997573852539
52,686,0,2,0.132,113.4040756225586
67,1315,0,1,0.088,123.85943603515625
17,1848,2,3,0.022599592638923416,128.76129150390625
52,274,1,3,0.01200000000000001,115.54942321777344
54,1602,1,2,0.03462413343978965,139.63534545898438
97,1413,3,3,0.154,127.59320068359375
10,9,3,2,0.132,126.60453796386719
94,734,0,1,0.088,130.95423889160156
63,182,0,2,0.132,127.56768798828125
25,1344,2,3,0.1,139.10064697265625
52,621,1,1,0.088,121.15032196044922
52,1243,0,1,0.088,114.40888977050781
44,1889,2,3,0.01200000000000001,138.0310516357422
42,156,1,3,0.020205474281586783,124.04914093017578
43,929,3,2,0.10943843838130696,125.62284851074219
61,1562,0,1,0.088,134.90249633789062
42,779,0,0,0.022248151874781047,122.55684661865234
74,1362,2,3,0.154,132.97715759277344
88,1336,3,1,0.088,133.83050537109375
70,1149,2,0,0.0014214288876535919,117.41465759277344
92,1165,2,3,0.154,126.65436553955078
0,1088,0,2,0.132,122.53172302246094
112,921,1,2,0.132,121.8759536743164
0,1284,1,3,0.01200000000000001,118.5784912109375
63,1942,1,0,0.06400022120196577,123.3375473022461
49,488,3,0,0.154,117.05455017089844
4,68,2,0,0.154,118.3462905883789
4,2020,2,1,0.088,122.33370208740234
57,1790,3,3,0.154,126.96075439453125
112,1114,2,1,0.088,121.93586730957031
56,1797,2,1,0.088,123.69844055175781
46,135,1,2,0.132,125.76868438720703
56,1651,2,2,0.132,124.82999420166016
105,1708,3,1,0.000973048931298931,139.7928924560547
8,390,0,1,0.088,127.74393463134766
52,800,0,1,0.088,115.9950942993164
52,894,1,2,0.132,119.27938079833984
83,116,0,0,0.048638364167904624,120.08336639404297
26,72,2,1,0.088,126.94015502929688
4,166,0,1,0.088,120.56815338134766
24,139,3,2,0.132,103.18280792236328
77,197,2,2,0.132,118.90817260742188
28,347,1,3,0.154,110.48572540283203
32,1304,2,1,0.088,127.64800262451172
52,1610,2,2,0.132,114.71519470214844
32,960,2,2,0.132,129.90234375
52,1465,0,3,0.154,110.89873504638672
16,1647,1,1,0.088,140.54019165039062
24,1648,0,2,0.132,123.50054168701172
87,1554,1,1,0.009758794971753804,136.0597381591797
62,1625,3,3,0.154,119.21498107910156
42,282,1,2,0.132,127.84058380126953
62,2024,2,1,0.088,117.62643432617188
95,728,3,1,0.088,134.49842834472656
24,619,0,3,0.154,121.34288787841797
59,1915,0,0,0.154,119.300048828125
107,771,1,3,0.154,124.8428726196289
89,1082,3,1,0.088,146.34326171875
8,1132,3,1,0.088,125.74528503417969
63,699,3,0,0.049773278591966924,124.97227478027344
14,372,0,2,0.132,141.16204833984375
74,1943,0,1,0.088,139.63780212402344
52,651,1,0,0.154,110.28583526611328
52,1741,1,1,0.088,114.22257232666016
110,704,1,1,0.088,113.29430389404297
77,1634,0,0,0.1221760892727323,117.50836181640625
28,545,2,1,0.088,125.68897247314453
24,454,0,1,0.088,101.93009185791016
63,699,1,3,0.154,124.97227478027344
43,505,3,1,0.088,121.37511444091797
109,401,0,1,0.088,111.2332534790039
52,1689,3,2,0.132,114.96037292480469
59,2026,2,2,0.132,125.88616180419922
88,862,2,0,0.15273317468089295,127.34458923339844
105,1859,0,2,0.132,137.30618286132812
74,865,1,2,0.132,141.00088500976562
52,637,1,2,0.132,121.20697021484375
16,1868,1,2,0.132,130.59153747558594
19,1413,1,2,0.022438051031952178,125.567626953125
6,1252,3,1,0.07479416890900634,121.41395568847656
8,290,1,2,0.11460796268556328,126.33776092529297
59,1425,0,1,0.088,141.6996612548828
15,5,1,3,0.1,130.68153381347656
62,202,1,2,0.132,120.06063079833984
58,58,3,2,0.029550760085053085,128.08712768554688
36,592,3,1,0.088,128.6049041748047
113,1627,2,3,0.1,123.12427520751953
8,1706,2,2,0.132,127.01868438720703
44,1800,2,2,0.132,137.5310821533203
52,1167,2,2,0.132,116.4385986328125
52,927,1,1,0.088,123.58746337890625
11,1113,2,3,0.1,135.55572509765625
54,328,0,2,0.132,147.95851135253906
24,1510,3,2,0.132,125.95013427734375
71,1237,2,2,0.132,142.54266357421875
93,1552,0,1,0.088,116.08946990966797
24,1720,3,3,0.154,121.43627166748047
44,164,0,0,0.154,137.21603393554688
66,278,0,1,0.038479894433275236,133.26498413085938
4,1027,2,1,0.088,120.92668151855469
59,23,1,2,0.132,128.55213928222656
52,1074,1,2,0.132,113.91722106933594
52,833,0,0,0.154,111.75553131103516
68,1308,1,1,0.02291130660117527,135.2805633544922
31,607,1,3,0.154,120.7025375366211
52,288,1,3,0.154,108.25174713134766
4,569,1,3,0.154,121.78309631347656
15,5,2,1,0.088,130.68153381347656
92,4,2,1,0.088,128.8118133544922
87,594,2,1,0.07958006925491706,134.13429260253906
102,1615,1,1,0.088,138.79168701171875
58,1070,1,2,0.132,125.97569274902344
77,30,1,3,0.154,118.33349609375
28,1048,2,1,0.088,128.924560546875
92,852,2,3,0.1,128.0980682373047
3,1283,0,1,0.088,151.802490234375
51,248,1,2,0.05847297866660778,120.18030548095703
44,1623,1,2,0.132,137.6455078125
52,1021,3,1,0.088,113.99590301513672
24,1202,3,1,0.088,127.7676010131836
92,42,0,2,0.132,131.1463623046875
91,1919,2,1,0.004490166361681411,126.22821807861328
70,722,2,1,0.088,118.48468017578125
13,1721,2,2,0.132,124.41230010986328
80,854,3,2,0.02192900127491354,103.67593383789062
97,1085,2,3,0.1,129.2913818359375
26,1371,1,1,0.088,129.1265869140625
85,659,3,3,0.12207022629295863,115.39497375488281
38,1753,1,3,0.154,122.6750259399414
28,816,3,2,0.132,129.8976287841797
0,184,2,1,0.088,119.88111877441406
0,1815,2,2,0.132,119.75321197509766
95,738,3,2,0.132,134.23291015625
97,528,3,2,0.132,129.3751678466797
66,469,2,2,0.132,128.07476806640625
93,1159,1,3,0.1,115.12866973876953
89,1952,1,1,0.088,145.1626739501953
105,1395,3,1,0.088,141.3287353515625
25,1551,2,2,0.132,143.59536743164062
74,1580,1,2,0.132,131.71449279785156
29,733,1,1,0.088,124.13726806640625
16,175,0,3,0.1,132.65737915039062
52,1675,0,0,0.154,109.58290100097656
91,2003,1,1,0.088,122.52047729492188
0,574,3,2,0.132,120.28347778320312
88,1793,0,2,0.132,134.443359375
112,363,1,1,0.088,120.81670379638672
38,1463,2,2,0.132,123.50113677978516
62,896,3,3,0.154,118.58523559570312
67,1840,2,3,0.01200000000000001,126.37908935546875
59,488,3,1,0.088,141.45706176757812
88,437,3,2,0.132,134.7291717529297
82,710,3,2,0.04297958657578782,132.67506408691406
32,1511,1,1,0.088,129.948974609375
89,919,0,2,0.132,147.05455017089844
97,858,3,2,0.132,138.6623077392578
0,609,1,3,0.01200000000000001,118.59825897216797
97,1085,3,1,0.088,129.2913818359375
24,1250,3,2,0.132,125.26699829101562
16,270,3,1,0.088,139.48440551757812
59,1631,2,3,0.154,124.05435180664062
24,47,2,3,0.154,106.25684356689453
92,1289,2,3,0.1,127.37828826904297
91,992,2,0,0.07392154915322927,118.83440399169922
103,854,3,2,0.11007099872508647,134.9759063720703
7,1723,3,2,0.06102858192966393,133.57383728027344
77,1172,0,1,0.030295108457187747,116.88452911376953
46,1512,0,3,0.1,123.14752197265625
89,445,3,1,0.03665604492758198,141.5133819580078
52,579,2,2,0.132,118.21285247802734
82,486,3,3,0.1,130.70108032226562
6,2004,3,1,0.088,120.88168334960938
97,1507,2,3,0.04103236936809086,129.354248046875
112,1211,1,3,0.154,117.7302017211914
52,94,1,3,0.154,113.03173828125
22,312,3,3,0.1,135.8302001953125
11,1276,3,1,0.088,140.25193786621094
0,1895,0,2,0.132,123.22514343261719
58,432,2,3,0.1,125.54712677001953
10,1883,1,2,0.132,127.12923431396484
60,929,0,0,0.01903625636126692,127.4666976928711
92,1324,1,2,0.132,132.34060668945312
74,1429,3,1,0.088,135.6409149169922
16,1701,3,2,0.132,144.1066131591797
0,1421,3,1,0.088,120.96326446533203
43,929,1,1,0.08219725170827424,125.62284851074219
63,662,3,1,0.088,127.27979278564453
34,615,3,2,0.132,125.21662902832031
32,337,3,1,0.088,129.88119506835938
93,1316,2,1,0.088,116.23680877685547
40,1169,0,3,0.035976976183237364,149.0241241455078
67,546,0,2,0.132,133.0751495361328
16,1739,1,3,0.154,130.59495544433594
37,96,1,3,0.12328175314046982,
52,1560,1,2,0.132,116.91202545166016
57,1022,3,1,0.088,127.14064025878906
31,1708,3,1,0.08702695106870106,123.45301055908203
99,862,0,3,0.123902323591663,125.85360717773438
25,857,0,3,0.154,128.212646484375
3,1534,2,2,0.132,150.27642822265625
89,495,0,3,0.01200000000000001,143.6575927734375
30,859,0,2,0.132,117.45056915283203
16,1487,2,1,0.088,138.53506469726562
16,284,1,2,0.132,140.48529052734375
89,254,1,2,0.132,140.8763427734375
32,960,0,1,0.088,129.90234375
61,11,0,1,0.088,135.0902099609375
112,152,1,3,0.0361301997697096,117.5167236328125
31,1174,1,3,0.154,116.35623931884766
48,1238,3,1,0.088,131.51393127441406
82,1093,2,1,0.088,134.21722412109375
115,1137,3,1,0.088,132.39999389648438
30,1130,3,0,0.06871877437985455,106.7188491821289
34,1271,1,0,0.11972402397672993,112.84639739990234
62,1308,2,2,0.132,122.13565826416016
11,1825,3,3,0.03711359868824407,135.27769470214844
106,1669,0,3,0.0026426902733023006,137.3670654296875
102,453,2,2,0.132,
83,290,1,2,0.017392037314436726,122.69511413574219
74,273,1,1,0.088,135.316162109375
3,1193,1,3,0.08412673792453357,147.61444091796875
92,839,0,1,0.088,128.94259643554688
8,1618,3,1,0.088,128.6868896484375
48,294,0,2,0.132,133.60263061523438
42,1027,2,3,0.154,122.4774169921875
30,273,0,3,0.1,114.31838989257812
52,1572,2,0,0.154,107.89373779296875
43,1254,2,1,0.088,121.11101531982422
36,1078,1,2,0.132,123.63127899169922
51,1745,0,1,0.088,120.2622299194336
59,1740,3,2,0.132,141.69007873535156
32,1304,0,0,0.010922921003662489,127.64800262451172
113,456,0,3,0.09324669325471333,123.70520782470703
71,1576,1,3,0.154,129.24546813964844
32,1530,1,2,0.132,131.4494171142578
33,348,3,0,0.0626539377658546,115.67303466796875
36,1848,3,1,0.088,124.71561431884766
52,1610,0,1,0.088,114.71519470214844
52,1641,2,0,0.154,112.84413146972656
24,697,1,3,0.13149207998306503,122.86732482910156
103,169,3,1,0.017231316854734974,134.49481201171875
28,1684,2,2,0.132,128.9779815673828
38,609,3,2,0.04635009755176828,126.13394165039062
92,1521,0,2,0.132,138.62620544433594
70,80,3,1,0.088,121.926025390625
85,401,1,2,0.0151292471333149,113.93543243408203
18,553,0,3,0.06537423142957494,120.13478088378906
28,1303,1,2,0.132,125.78490447998047
62,1625,1,2,0.132,119.21498107910156
82,1269,1,1,0.088,134.21908569335938
33,348,1,3,0.154,115.67303466796875
92,1595,2,3,0.1,128.255615234375
26,1950,1,2,0.0863988315947305,130.5976104736328
113,1182,2,2,0.132,125.72270202636719
32,145,2,1,0.088,126.53097534179688
8,369,0,3,0.1,125.75128936767578
30,1130,1,3,0.019205268069941828,106.7188491821289
23,581,3,1,0.088,109.01860809326172
48,976,3,2,0.008753258332540814,132.54937744140625
52,877,0,1,0.088,110.40229034423828
8,656,0,2,0.132,125.69976043701172
69,1460,1,2,0.132,138.9309844970703
42,1080,1,2,0.132,126.8885726928711
51,456,1,2,0.132,121.81966400146484
38,42,1,1,0.08119755173628532,128.00514221191406
43,1105,3,0,0.1188146960990592,119.26374053955078
22,284,0,3,0.01200000000000001,137.0123291015625
59,473,2,1,0.088,127.71610260009766
8,39,3,2,0.132,129.86111450195312
31,611,0,2,0.132,136.22976684570312
52,2032,0,1,0.088,117.62117767333984
52,1167,0,1,0.088,116.4385986328125
61,496,0,1,0.088,133.642333984375
83,136,3,1,0.088,127.1736831665039
11,1113,0,2,0.132,135.55572509765625
49,1753,2,1,0.088,116.86788940429688
23,1885,2,2,0.132,108.67815399169922
46,1114,3,3,0.1,123.41642761230469
115,929,0,3,0.009904414535614775,124.01800537109375
59,2026,0,1,0.088,125.88616180419922
3,51,3,1,0.088,149.92904663085938
42,1664,2,1,0.088,128.19168090820312
16,1293,2,1,0.088,138.1072540283203
36,1743,2,3,0.154,122.16691589355469
74,1262,2,2,0.1248907929966557,132.89044189453125
115,630,3,3,0.01146998434846569,124.53998565673828
57,860,1,2,0.0013300211698312747,128.44082641601562
24,1510,1,1,0.088,125.95013427734375
16,1715,1,3,0.154,131.66139221191406
32,1626,0,3,0.154,125.75038146972656
74,256,2,1,0.07449190345234874,139.3878173828125
17,1282,2,3,0.03363838442639358,128.8165740966797
66,217,3,2,0.132,134.20632934570312
93,730,3,0,0.154,113.01606750488281
62,1043,3,1,0.088,119.8760757446289
8,1327,1,1,0.088,129.27008056640625
80,169,2,2,0.01169221952966798,102.01465606689453
87,1172,0,2,0.132,129.39439392089844
59,1452,1,2,0.132,145.51007080078125
44,1800,0,1,0.088,137.5310821533203
23,306,2,3,0.154,108.73906707763672
4,1573,2,1,0.088,122.0376205444336
3,946,2,2,0.132,149.28436279296875
83,1407,1,2,0.132,128.44703674316406
62,860,2,1,0.01958431679437489,120.24674987792969
85,1052,3,1,0.01924078026718537,115.4173812866211
24,1782,3,2,0.08046161174773914,122.35279083251953
20,34,0,0,0.003785465962227591,130.7204132080078
107,152,0,0,0.154,123.06675720214844
16,1620,2,1,0.088,124.46698760986328
74,1592,2,2,0.132,139.51210021972656
24,1541,2,0,0.08590903257094204,104.03678131103516
24,450,0,1,0.088,124.02645111083984
44,1667,2,2,0.132,137.72528076171875
32,766,0,1,0.088,130.71188354492188
58,1363,1,3,0.1,125.68418884277344
38,1473,1,2,0.132,127.89766693115234
102,1080,3,3,0.05015828377003326,136.82261657714844
16,98,3,3,0.154,129.21205139160156
10,632,0,2,0.132,123.63431549072266
83,169,2,2,0.062973676078737,120.76686096191406
52,482,2,3,0.1,114.0463638305664
89,86,1,0,0.11801461068478439,132.24154663085938
11,1930,1,0,0.15172862707768342,133.40000915527344
62,147,2,0,0.154,117.26025390625
46,190,3,2,0.132,127.7659683227539
97,528,1,1,0.088,129.3751678466797
92,2006,3,2,0.132,128.3962860107422
32,1901,0,3,0.154,127.85045623779297
3,500,2,2,0.132,145.1448974609375
92,852,0,2,0.132,128.0980682373047
24,1911,3,3,0.154,105.58892822265625
44,1991,2,2,0.09168604938596558,139.79393005371094
33,1567,2,3,0.154,115.87422943115234
48,782,3,2,0.132,130.6522979736328
52,1543,0,3,0.08393573352516218,114.68257904052734
93,1582,0,2,0.132,124.49070739746094
30,298,1,2,0.132,115.61144256591797
13,1721,0,1,0.088,124.41230010986328
74,380,3,1,0.088,136.81973266601562
103,920,0,3,0.01200000000000001,140.20042419433594
91,1136,0,1,0.088,129.11305236816406
24,448,1,1,0.088,124.11146545410156
16,312,2,1,0.088,138.6106719970703
114,1750,0,3,0.1,133.04457092285156
77,1981,3,1,0.088,120.03325653076172
92,1892,2,2,0.132,130.66262817382812
16,464,0,1,0.088,133.3541717529297
70,248,1,2,0.07352702133339223,121.21420288085938
85,179,0,1,0.088,116.2979965209961
77,1348,0,3,0.154,118.19152069091797
99,922,2,2,0.132,
14,769,0,1,0.088,141.1082763671875
22,481,0,1,0.088,140.291015625
11,378,0,2,0.132,138.10166931152344
32,835,3,2,0.132,145.14834594726562
23,2002,2,1,0.088,103.55958557128906
97,801,1,2,0.132,132.0176544189453
52,620,3,2,0.132,116.02381134033203
62,1141,2,1,0.08509020016890778,123.12361145019531
59,1255,1,2,0.132,123.40805053710938
21,576,2,3,0.12896130900470376,
24,1918,0,3,0.154,122.43537139892578
22,1744,3,3,0.01200000000000001,136.3607177734375
38,1753,0,0,0.1027785021354847,122.6750259399414
16,263,3,1,0.06303643960821925,126.58838653564453
88,1119,0,1,0.088,134.42770385742188
60,860,0,3,0.02765078261175588,128.6891632080078
19,798,3,1,0.015848862345086784,125.39561462402344
62,873,2,2,0.132,121.38531494140625
11,1272,2,3,0.01200000000000001,135.8681640625
103,854,1,1,0.088,134.9759063720703
52,1191,2,3,0.154,113.21483612060547
33,78,3,2,0.132,127.87297821044922
24,904,1,2,0.132,128.63856506347656
75,862,3,1,0.024105810935318023,123.18672943115234
77,924,2,1,0.088,120.10166931152344
44,1157,2,2,0.132,137.33468627929688
93,1525,3,3,0.154,115.00581359863281
52,579,0,1,0.088,118.21285247802734
16,1091,3,1,0.088,141.53334045410156
32,776,0,2,0.132,150.38034057617188
3,1713,0,1,0.088,147.02337646484375
97,21,1,3,0.01200000000000001,129.90463256835938
52,807,1,2,0.132,118.78688049316406
42,764,1,2,0.020263077920271516,129.01547241210938
97,1222,3,2,0.132,132.78741455078125
93,1815,3,2,0.132,117.9394760131836
100,1530,3,3,0.04613724365796934,139.27157592773438
49,58,2,2,0.132,121.95406341552734
93,466,0,3,0.1,115.08451080322266
63,659,1,0,0.016057287519860797,123.11795806884766
71,678,3,2,0.132,139.04981994628906
33,492,1,1,0.088,128.03990173339844
52,539,1,3,0.1,114.0257797241211
30,992,3,3,0.154,107.15977478027344
105,1052,1,1,0.088,130.897705078125
3,260,2,0,0.14939186999867685,144.91055297851562
110,43,1,3,0.154,115.72345733642578
110,1427,2,3,0.154,114.03286743164062
0,941,3,2,0.132,123.33490753173828
52,512,2,2,0.132,117.43138885498047
112,629,1,3,0.154,116.9473648071289
71,103,3,1,0.088,139.6267852783203
93,1944,3,3,0.154,114.08553314208984
16,267,0,1,0.088,140.13809204101562
32,249,2,3,0.154,124.26079559326172
43,1540,3,1,0.088,121.15424346923828
103,419,3,2,0.132,140.38217163085938
82,853,3,3,0.154,129.79232788085938
17,132,0,1,0.088,132.67324829101562
115,1852,0,3,0.1,126.32865142822266
0,205,2,2,0.132,119.66468048095703
112,921,3,2,0.132,121.8759536743164
102,453,0,1,0.088,
54,1096,3,2,0.132,140.50599670410156
92,1616,1,0,0.154,126.18171691894531
103,953,0,2,0.132,144.8365478515625
85,722,3,3,0.08205961682561641,116.1856918334961
82,1676,0,1,0.088,134.11521911621094
77,1849,0,3,0.154,116.3369369506836
7,1273,3,2,0.132,133.5742645263672
44,786,3,1,0.088,138.05804443359375
99,1277,1,2,0.132,135.26292419433594
16,1400,2,3,0.154,131.7113037109375
24,1415,3,3,0.154,97.89253997802734
19,1691,3,2,0.03617138407840326,131.79995727539062
16,914,0,2,0.132,138.77146911621094
51,1018,3,0,0.154,
62,553,2,1,0.088,117.87826538085938
63,1699,1,3,0.154,126.42735290527344
52,980,3,1,0.088,112.97105407714844
89,34,0,3,0.154,131.45555114746094
18,903,3,0,0.09354812489579617,116.17543029785156
13,930,1,2,0.07392738981830171,124.87963104248047
24,493,2,2,0.132,125.33390045166016
27,18,2,0,0.055488074619621124,115.63247680664062
105,511,1,3,0.154,131.4611358642578
62,1058,1,2,0.132,122.56578063964844
52,1728,3,2,0.132,115.09016418457031
32,145,0,0,0.154,126.53097534179688
3,1872,2,2,0.132,151.40892028808594
34,1120,3,1,0.088,112.42078399658203
0,258,1,1,0.088,117.33564758300781
46,543,2,1,0.088,125.18949890136719
70,417,2,1,0.088,120.03707885742188
61,717,2,1,0.088,133.6162567138672
59,1576,1,2,0.132,136.9058074951172
52,2016,3,3,0.01200000000000001,115.55853271484375
19,462,0,2,0.09282465239800805,135.62139892578125
8,39,1,1,0.088,129.86111450195312
82,1411,0,2,0.132,134.3938446044922
82,889,1,3,0.154,129.714599609375
112,230,0,0,0.06905261489959796,116.66272735595703
113,1201,0,2,0.132,124.94883728027344
95,424,0,1,0.088,138.8199462890625
16,1739,0,0,0.154,130.59495544433594
54,1599,3,2,0.132,145.07931518554688
112,1032,3,1,0.0006775735555639983,125.36492919921875
103,1061,0,1,0.088,146.58047485351562
52,399,2,2,0.132,118.01366424560547
17,1116,3,2,0.04344169822056654,133.69140625
24,588,2,2,0.132,128.02584838867188
23,581,1,0,0.06059112269746231,109.01860809326172
7,841,1,2,0.10032764112966402,133.5414276123047
32,334,0,1,0.088,128.88758850097656
0,1382,3,1,0.088,119.41303253173828
88,1507,1,3,0.04812926963190897,128.90032958984375
75,928,2,1,0.088,127.64459228515625
24,1648,2,2,0.132,123.50054168701172
82,1901,1,0,0.13657693081252634,128.18276977539062
105,1423,0,2,0.132,141.85899353027344
82,1333,0,2,0.132,134.64002990722656
71,1576,0,0,0.154,129.24546813964844
83,670,1,3,0.06600512836510528,121.12739562988281
102,1144,2,2,0.132,138.52903747558594
58,63,2,1,0.088,127.18091583251953
115,154,2,1,0.088,128.27146911621094
57,1930,2,1,0.06553824492376162,126.3050308227539
84,992,1,1,0.088,111.88735961914062
92,1744,0,1,0.088,128.87255859375
107,1526,2,1,0.088,128.36705017089844
49,1753,0,0,0.0512214978645153,116.86788940429688
77,1257,1,2,0.132,119.83209991455078
51,1152,0,2,0.09392416069929332,119.46376037597656
91,1432,2,1,0.088,125.11605834960938
33,910,1,2,0.132,124.88729858398438
25,116,0,0,0.06476475569730988,136.343017578125
52,1162,2,1,0.088,118.1859130859375
80,169,0,1,0.088,102.01465606689453
33,474,2,2,0.132,121.36383056640625
87,356,3,1,0.0007329504767642214,129.4069061279297
97,44,3,2,0.01704932301445239,129.64683532714844
0,679,3,1,0.088,121.99736022949219
23,306,0,2,0.132,108.73906707763672
3,946,0,1,0.088,149.28436279296875
70,1266,3,3,0.154,119.1239242553711
52,586,3,3,0.1,115.30518341064453
87,1930,2,3,0.053187692239620415,128.5451202392578
24,1263,0,1,0.088,124.50358581542969
33,1039,1,3,0.154,120.8282241821289
71,788,1,1,0.088,137.59716796875
16,1620,0,0,0.154,124.46698760986328
24,1044,2,3,0.154,108.1099624633789
71,1183,1,2,0.132,135.33660888671875
48,1981,3,3,0.1,130.1066131591797
59,1076,0,1,0.088,135.93972778320312
62,90,3,1,0.008349792897663577,118.29218292236328
16,98,1,2,0.132,129.21205139160156
11,1806,3,2,0.132,140.4302978515625
32,903,0,2,0.132,124.1725845336914
54,594,3,1,0.088,140.0352325439453
67,1415,3,0,0.13462949542099598,102.67819213867188
82,595,1,2,0.132,135.68536376953125
61,793,2,2,0.132,133.64122009277344
42,1144,3,2,0.010684388955897295,129.45460510253906
3,1406,3,2,0.132,150.809814453125
52,1435,2,2,0.132,123.98721313476562
52,868,1,1,0.088,115.0723876953125
105,304,0,1,0.088,146.7697296142578
49,488,3,3,0.0783989135555764,117.05455017089844
87,1022,0,3,0.154,129.40524291992188
52,1493,0,1,0.088,117.21272277832031
52,383,0,2,0.132,119.4293212890625
82,642,0,1,0.088,136.5513153076172
0,1084,3,3,0.0873929459833277,116.44277954101562
24,1974,1,2,0.132,123.4227523803711
89,1076,0,3,0.154,139.35000610351562
16,1841,2,2,0.132,141.8436279296875
24,998,0,2,0.132,128.33494567871094
32,396,2,1,0.088,125.75038146972656
105,72,1,2,0.05748968009413233,139.81045532226562
29,1814,0,3,0.12518863269252062,118.74163055419922
51,413,3,2,0.132,125.22708892822266
52,702,2,2,0.132,119.75944519042969
3,1736,3,2,0.132,144.87646484375
16,1271,2,0,0.05294363930327009,124.66587829589844
80,901,0,3,0.002367511634894709,103.3081283569336
16,1220,0,2,0.132,140.44944763183594
1,1942,2,2,0.132,123.48729705810547
33,78,1,1,0.088,127.87297821044922
18,1108,3,2,0.132,129.92332458496094
75,862,1,0,0.022728264607011717,123.18672943115234
82,1536,2,2,0.132,133.4152374267578
25,580,2,2,0.132,142.3682403564453
82,334,0,0,0.154,129.0450439453125
105,1830,0,1,0.088,142.3846435546875
109,1704,3,1,0.049649796197006074,108.84254455566406
16,558,0,0,0.154,130.5614013671875
24,1911,2,0,0.154,105.58892822265625
105,1459,0,1,0.088,137.90550231933594
52,651,3,0,0.154,110.28583526611328
24,475,1,2,0.132,124.61547088623047
84,401,1,1,0.02437584529918027,110.9894027709961
88,1433,1,2,0.132,131.51849365234375
3,1199,1,2,0.132,149.8568115234375
95,1397,3,0,0.11375450948794871,126.43560791015625
52,1695,1,2,0.132,116.566162109375
49,58,0,1,0.088,121.95406341552734
59,1915,0,3,0.154,119.300048828125
82,1812,3,0,0.154,128.33775329589844
24,1147,0,1,0.088,122.84561157226562
51,365,2,3,0.154,119.063232421875
15,699,0,0,0.006775769591477798,128.24664306640625
52,651,1,3,0.154,110.28583526611328
71,898,2,3,0.01200000000000001,136.22947692871094
0,289,0,3,0.154,117.00543212890625
38,783,0,2,0.132,140.804931640625
92,989,1,1,0.088,128.71408081054688
58,1754,1,2,0.132,128.6319580078125
52,512,0,1,0.088,117.43138885498047
77,1634,0,3,0.154,117.50836181640625
97,1023,3,1,0.07846060676485667,129.34376525878906
95,1262,3,1,0.014187080787651435,128.1725311279297
26,1305,3,2,0.132,128.8404083251953
70,985,3,1,0.0536437316966793,119.03323364257812
113,1656,0,1,0.088,101.03799438476562
71,678,1,1,0.088,139.04981994628906
29,72,3,2,0.132,124.69908905029297
54,1096,1,1,0.088,140.50599670410156
7,1991,1,1,0.026304975372399564,133.53944396972656
107,1961,2,2,0.132,125.36363983154297
0,971,3,3,0.1,117.81072235107422
110,466,0,2,0.132,118.08856201171875
106,1062,0,2,0.132,141.06048583984375
88,1273,2,3,0.1,129.0101318359375
16,753,0,1,0.088,144.25210571289062
34,255,1,1,0.088,112.91914367675781
16,1972,0,3,0.154,131.34901428222656
66,248,0,3,0.05087704755790262,124.60636138916016
103,419,1,1,0.06558097122596393,140.38217163085938
103,1310,3,2,0.013403870504735793,147.650146484375
59,885,3,2,0.132,138.8170623779297
87,1554,2,2,0.132,136.0597381591797
107,1340,0,2,0.132,123.97386169433594
24,1415,1,2,0.132,97.89253997802734
83,901,1,1,0.088,121.00437927246094
16,66,1,0,0.154,124.69855499267578
8,1235,1,2,0.132,128.80894470214844
24,1566,0,1,0.088,125.20452880859375
8,670,0,0,0.06354635236580894,125.25389862060547
62,1246,2,2,0.132,121.61526489257812
82,1127,3,1,0.088,136.31854248046875
44,164,0,3,0.09281304535297755,137.21603393554688
32,1292,2,2,0.132,130.76148986816406
52,1937,0,2,0.132,113.63845825195312
89,2009,3,1,0.088,146.02102661132812
110,704,2,2,0.132,113.29430389404297
52,1728,1,1,0.088,115.09016418457031
93,205,0,1,0.088,117.88819885253906
110,1427,1,0,0.02744175948980282,114.03286743164062
52,833,0,3,0.154,111.75553131103516
66,1899,3,3,0.154,124.70618438720703
112,629,0,0,0.11923210155225136,116.9473648071289
43,423,3,1,0.088,120.51534271240234
32,249,1,0,0.154,124.26079559326172
20,86,3,3,0.13279018823164504,131.47494506835938
24,454,1,2,0.132,101.93009185791016
74,587,3,2,0.132,136.9042510986328
115,873,0,3,0.041254338904236104,126.61619567871094
62,553,0,0,0.03798115524543505,117.87826538085938
82,1031,2,1,0.088,131.68930053710938
109,401,1,2,0.03089060491435819,111.2332534790039
28,1444,0,2,0.132,125.94300079345703
57,1825,3,1,0.088,128.34439086914062
52,1845,1,0,0.154,111.25714111328125
52,1402,0,2,0.132,118.49024200439453
42,1181,0,1,0.088,128.63478088378906
93,781,1,3,0.02020374177224865,115.86947631835938
62,1490,0,2,0.035565578530399655,118.7197265625
112,1228,3,1,0.088,123.30136108398438
89,990,0,2,0.132,145.06959533691406
62,202,2,3,0.1,120.06063079833984
107,994,0,3,0.154,124.20215606689453
31,499,1,3,0.010654445920306677,122.70281219482422
29,836,1,1,0.0011368982574753994,124.64337158203125
28,206,1,2,0.132,108.41876220703125
52,1349,2,1,0.088,120.17220306396484
52,1675,0,3,0.154,109.58290100097656
102,1630,2,2,0.132,139.0435791015625
0,53,3,3,0.01200000000000001,118.97344207763672
95,662,2,3,0.1,128.5762481689453
16,1251,1,1,0.08329493832821944,124.69855499267578
24,1398,2,2,0.132,127.61131286621094
87,1602,2,1,0.088,133.7193145751953
63,963,0,1,0.088,127.71814727783203
87,1825,3,3,0.007922285441606156,130.60597229003906
71,1545,3,2,0.09465232752089187,125.43894958496094
110,1693,3,3,0.154,116.7196044921875
52,92,1,3,0.1,114.4842758178711
28,1298,1,1,0.088,125.75482177734375
32,524,3,1,0.088,130.3231964111328
105,511,0,0,0.030869800883290888,131.4611358642578
59,1410,0,2,0.132,150.5833282470703
4,748,1,2,0.132,123.77698516845703
18,2024,1,2,0.06314189693527561,119.85236358642578
67,232,2,3,0.10938931292587764,124.9438247680664
103,928,0,1,0.08386434205885815,137.9528045654297
56,1416,3,3,0.036220086044408434,122.70723724365234
24,607,0,2,0.132,122.91295623779297
66,1399,2,2,0.132,132.9351806640625
91,1462,3,2,0.0670407007585741,129.17820739746094
24,1044,0,2,0.10774925406770908,108.1099624633789
26,1371,2,2,0.132,129.1265869140625
34,1616,3,1,0.088,124.25190734863281
52,944,0,2,0.132,117.03491973876953
33,474,0,1,0.088,121.36383056640625
39,45,0,2,0.025747281552614076,132.92088317871094
52,1007,0,2,0.132,108.70890045166016
68,1416,2,1,0.088,131.6280059814453
70,1266,1,2,0.132,119.1239242553711
52,586,1,2,0.132,115.30518341064453
3,1406,1,1,0.088,150.809814453125
52,1435,0,1,0.088,123.98721313476562
53,1313,1,2,0.132,125.87103271484375
23,1858,3,2,0.11936910449229099,132.25367736816406
62,477,2,1,0.088,121.75650787353516
14,155,1,3,0.1,133.36865234375
15,507,2,1,0.088,131.41943359375
59,687,2,2,0.132,129.9551239013672
28,1426,0,2,0.132,128.86752319335938
105,165,0,1,0.07209950717785824,133.09605407714844
53,253,0,2,0.0014823042521408536,134.63729858398438
61,793,0,1,0.088,133.64122009277344
28,850,2,1,0.088,125.78490447998047
59,0,3,1,0.088,149.0017547607422
16,794,0,2,0.132,143.50582885742188
68,1184,3,2,0.07481521249130196,132.22494506835938
10,9,2,2,0.132,126.60453796386719
24,843,3,2,0.132,126.95185089111328
32,1031,0,1,0.088,131.99227905273438
52,621,0,1,0.088,121.15032196044922
83,631,1,3,0.004740071894919179,121.1939468383789
34,1271,1,3,0.154,112.84639739990234
105,1619,2,3,0.03756133263139819,134.796142578125
74,1362,1,3,0.10739746858819546,132.97715759277344
15,1729,1,2,0.132,131.79469299316406
52,414,3,1,0.088,116.36569213867188
3,1736,1,1,0.088,144.87646484375
70,1149,1,0,0.01657121511670906,117.41465759277344
52,1572,2,3,0.154,107.89373779296875
105,1919,3,2,0.132,140.46762084960938
62,240,0,0,0.154,118.71685791015625
18,90,3,3,0.154,120.5414047241211
77,1286,0,3,0.005735490001636867,117.00041198730469
52,271,3,2,0.132,117.34913635253906
28,593,1,2,0.132,128.86752319335938
103,1950,0,2,0.040650256405269536,142.43560791015625
57,1790,2,3,0.154,126.96075439453125
24,272,0,1,0.088,127.48859405517578
112,1114,1,1,0.088,121.93586730957031
115,1223,3,2,0.132,126.63390350341797
61,11,1,2,0.07387608238508295,135.0902099609375
42,1396,1,1,0.088,124.87837982177734
16,353,2,2,0.132,132.96995544433594
33,1459,0,2,0.132,123.2021255493164
56,1651,1,2,0.132,124.82999420166016
18,1384,1,2,0.132,123.27808380126953
93,1316,3,2,0.132,116.23680877685547
109,1130,2,1,0.07088724320932335,111.07571411132812
52,894,0,2,0.132,119.27938079833984
61,496,2,1,0.088,133.642333984375
26,72,1,1,0.01868851256992085,126.94015502929688
24,139,2,2,0.132,103.18280792236328
85,1688,3,3,0.154,115.43688201904297
30,1756,0,3,0.1,114.3449935913086
4,1968,3,2,0.132,121.70296478271484
44,122,3,1,0.088,138.60826110839844
4,68,1,0,0.154,118.3462905883789
36,1001,0,2,0.132,126.90464782714844
4,2020,1,1,0.088,122.33370208740234
97,1691,0,2,0.05736674112402787,133.75352478027344
62,1605,0,1,0.088,122.32852172851562
87,1172,2,2,0.027327616340363403,129.39439392089844
16,1647,0,1,0.088,140.54019165039062
26,1305,1,1,0.088,128.8404083251953
42,748,3,1,0.03547577607924193,125.06758117675781
59,885,1,1,0.088,138.8170623779297
28,871,1,2,0.132,105.81856536865234
91,777,2,1,0.07571822595537837,122.40092468261719
58,1427,2,0,0.11945338359019717,121.86862182617188
6,1875,3,1,0.01904056593873088,127.27973175048828
42,83,2,2,0.12941611420105315,131.97927856445312
42,282,0,2,0.132,127.84058380126953
19,189,0,2,0.132,134.4525146484375
74,273,2,2,0.132,135.316162109375
107,771,0,3,0.154,124.8428726196289
32,1304,1,1,0.088,127.64800262451172
52,1741,0,1,0.088,114.22257232666016
7,793,0,2,0.132,133.57212829589844
52,1610,1,2,0.132,114.71519470214844
110,704,0,1,0.088,113.29430389404297
38,1473,3,2,0.132,127.89766693115234
93,466,2,3,0.1,115.08451080322266
3,602,3,3,0.154,145.33192443847656
24,74,3,1,0.088,128.78443908691406
87,1554,0,1,0.088,136.0597381591797
107,152,0,3,0.033957344629510444,123.06675720214844
9,152,0,2,0.03266342160300567,122.37383270263672
36,759,0,1,0.088,128.41152954101562
24,1541,2,3,0.154,104.03678131103516
115,1141,1,2,0.0025144118802575832,128.27146911621094
74,587,1,1,0.088,136.9042510986328
52,1391,3,2,0.132,111.52420806884766
97,1967,0,3,0.1,129.8330535888672
11,391,3,3,0.1,135.02073669433594
52,1689,2,2,0.132,114.96037292480469
74,865,0,2,0.132,141.00088500976562
42,365,3,0,0.10105560297438479,122.30636596679688
69,1930,3,3,0.12752276565906964,132.07485961914062
22,1689,0,3,0.01752788404766259,136.08180236816406
32,1626,3,1,0.088,125.75038146972656
8,290,0,2,0.132,126.33776092529297
15,5,0,3,0.1,130.68153381347656
71,2001,3,1,0.088,137.4637451171875
62,202,0,2,0.132,120.06063079833984
113,1627,1,3,0.1,123.12427520751953
22,1485,3,3,0.01200000000000001,136.30667114257812
88,1553,2,3,0.01200000000000001,129.2407989501953
33,606,2,2,0.132,121.33790588378906
49,661,3,3,0.154,116.0782241821289
54,1858,0,1,0.07249540568894064,146.22364807128906
59,2026,1,2,0.132,125.88616180419922
74,598,3,2,0.132,144.3267364501953
66,1131,3,1,0.088,128.8333740234375
32,1400,0,2,0.132,131.4143829345703
71,1237,1,2,0.132,142.54266357421875
52,746,1,1,0.088,117.75775909423828
34,66,1,1,0.088,112.91914367675781
52,1543,3,1,0.088,114.68257904052734
59,23,0,2,0.132,128.55213928222656
52,1074,0,2,0.132,113.91722106933594
22,1671,0,1,0.020621033940219066,140.505126953125
52,288,0,3,0.154,108.25174713134766
92,4,1,1,0.088,128.8118133544922
91,1156,0,2,0.132,131.63558959960938
66,1134,2,1,0.009877827627725738,130.98074340820312
32,1105,1,2,0.132,123.23688507080078
28,1048,1,1,0.088,128.924560546875
71,845,1,1,0.088,136.5570831298828
3,1515,1,1,0.05361121049200149,150.95675659179688
32,397,3,2,0.132,125.86174011230469
44,1623,0,2,0.132,137.6455078125
97,1669,2,2,0.132,129.59967041015625
17,478,0,3,0.01200000000000001,129.60791015625
110,1693,1,2,0.132,116.7196044921875
97,1085,1,3,0.1,129.2913818359375
82,1901,3,0,0.154,128.18276977539062
85,659,2,3,0.12638455877271504,115.39497375488281
48,366,0,1,0.088,134.43142700195312
38,1753,0,3,0.154,122.6750259399414
1,530,2,3,0.049833895365878816,124.5787353515625
28,816,2,2,0.132,129.8976287841797
27,862,0,1,0.088,117.03849792480469
51,1627,2,2,0.132,121.17086029052734
66,469,1,2,0.132,128.07476806640625
52,303,1,1,0.088,121.5449447631836
3,500,3,3,0.154,145.1448974609375
29,733,0,1,0.088,124.13726806640625
77,30,0,3,0.154,118.33349609375
105,744,3,2,0.132,143.1735382080078
69,1242,3,2,0.132,143.90509033203125
13,1721,1,2,0.132,124.41230010986328
11,1468,3,1,0.088,136.38858032226562
26,1371,0,1,0.088,129.1265869140625
100,1828,3,2,0.024629919778203446,150.5879669189453
112,363,0,1,0.088,120.81670379638672
62,896,2,3,0.154,118.58523559570312
59,488,2,1,0.053921401314305034,141.45706176757812
52,1766,1,0,0.154,111.18428039550781
16,267,2,1,0.088,140.13809204101562
92,1120,0,0,0.154,118.31332397460938
32,1511,0,1,0.088,129.948974609375
52,207,0,1,0.088,124.88583374023438
95,650,3,3,0.019192673076839695,127.90753173828125
16,270,2,1,0.088,139.48440551757812
3,1367,2,2,0.132,148.56736755371094
99,1164,3,2,0.132,136.6811065673828
92,1289,1,3,0.1,127.37828826904297
3,260,2,3,0.154,144.91055297851562
71,238,3,3,0.01200000000000001,136.8934326171875
62,797,1,3,0.1,120.64683532714844
52,579,1,2,0.132,118.21285247802734
67,1840,1,3,0.1,126.37908935546875
68,1184,1,1,0.088,132.22494506835938
38,933,3,3,0.154,124.18921661376953
16,1569,2,1,0.088,139.63418579101562
18,693,3,2,0.10804023156772857,124.8909683227539
92,1616,1,3,0.154,126.18171691894531
1,985,3,1,0.0343562683033207,124.55547332763672
11,1276,2,1,0.088,140.25193786621094
91,992,1,0,0.08144433883322927,118.83440399169922
48,1969,2,2,0.132,132.56336975097656
58,432,1,3,0.1,125.54712677001953
93,636,1,1,0.088,117.3006362915039
93,1926,1,0,0.154,113.26107788085938
44,1157,3,3,0.1,137.33468627929688
102,1507,2,2,0.03447858887074168,136.5146026611328
97,1553,2,2,0.0413115503241141,129.82797241210938
3,15,2,2,0.132,144.45852661132812
95,1549,1,1,0.088,134.6069793701172
52,1373,2,2,0.132,125.73682403564453
46,93,1,3,0.1,123.22697448730469
66,2028,0,2,0.09356539077719611,131.00221252441406
82,1542,1,3,0.1,130.88722229003906
51,1018,3,3,0.154,
43,929,0,1,0.0795823439948021,125.62284851074219
63,662,2,1,0.088,127.27979278564453
93,1316,1,1,0.088,116.23680877685547
19,1854,3,2,0.132,129.85150146484375
15,819,3,1,0.088,130.83843994140625
106,1259,0,1,0.005263540758861568,137.3423614501953
27,18,2,3,0.14303794750135324,115.63247680664062
105,1919,1,1,0.026458929798318542,140.46762084960938
82,889,3,3,0.154,129.714599609375
68,350,1,3,0.02235376043782053,132.3084259033203
71,391,0,2,0.132,135.4088134765625
36,432,0,3,0.04143860858378218,124.52709197998047
52,1560,0,2,0.132,116.91202545166016
84,1747,0,2,0.0006787262856418619,110.95344543457031
28,1936,2,2,0.132,109.49082946777344
71,1812,3,3,0.11976837400023324,132.73162841796875
62,1594,3,1,0.088,119.08078002929688
24,1603,0,3,0.01200000000000001,125.0352783203125
77,1849,3,1,0.088,116.3369369506836
71,356,2,1,0.088,134.4486083984375
82,1333,2,2,0.132,134.64002990722656
82,1093,1,1,0.088,134.21722412109375
32,337,2,1,0.088,129.88119506835938
34,1271,0,0,0.154,112.84639739990234
112,230,0,3,0.154,116.66272735595703
33,299,2,2,0.132,124.50776672363281
16,1739,0,3,0.154,130.59495544433594
74,934,2,3,0.01200000000000001,134.19151306152344
89,1662,2,2,0.132,145.9816131591797
97,1259,2,1,0.088,129.62991333007812
31,1708,2,1,0.06117575820261109,123.45301055908203
8,1618,2,1,0.088,128.6868896484375
74,1783,1,2,0.132,141.24212646484375
24,139,0,1,0.088,103.18280792236328
23,581,1,3,0.154,109.01860809326172
59,1215,3,3,0.01200000000000001,139.73147583007812
52,1572,1,0,0.154,107.89373779296875
16,1491,0,2,0.132,138.94540405273438
33,1059,3,1,0.088,127.3032455444336
4,1968,1,1,0.088,121.70296478271484
82,1901,1,3,0.019755853700233417,128.18276977539062
71,1576,0,3,0.154,129.24546813964844
32,1530,0,2,0.132,131.4494171142578
24,697,0,3,0.13565126602350902,122.86732482910156
48,801,0,2,0.132,132.2356719970703
99,616,1,2,0.132,135.37937927246094
31,421,1,2,0.002404519761407764,128.1971893310547
28,1303,0,2,0.132,125.78490447998047
62,1625,0,2,0.132,119.21498107910156
105,1152,0,0,0.154,132.8730010986328
70,699,3,2,0.132,119.8263168334961
82,321,0,2,0.132,136.3748779296875
25,1416,1,3,0.154,136.8102264404297
43,1254,1,1,0.088,121.11101531982422
92,1985,3,1,0.088,128.9812774658203
95,2004,0,2,0.132,127.45075225830078
36,1078,0,2,0.132,123.63127899169922
82,1269,0,1,0.088,134.21908569335938
92,1595,1,3,0.1,128.255615234375
26,1950,0,2,0.09134974359473047,130.5976104736328
62,2031,3,1,0.088,119.36746978759766
53,359,2,1,0.088,
34,1251,3,1,0.088,112.91914367675781
23,750,0,0,0.154,105.95929718017578
69,1460,0,2,0.03623354529367567,138.9309844970703
38,42,0,1,0.088,128.00514221191406
63,2022,3,2,0.132,128.19065856933594
25,1755,3,2,0.029070332385667974,145.55091857910156
16,379,1,3,0.1,131.91038513183594
52,686,3,3,0.154,113.4040756225586
59,1933,3,1,0.088,114.03936004638672
8,39,2,2,0.132,129.86111450195312
16,1620,0,3,0.154,124.46698760986328
24,1541,0,2,0.132,104.03678131103516
3,1380,3,1,0.088,150.60272216796875
23,1885,1,2,0.132,108.67815399169922
23,306,3,0,0.11867470412820194,108.73906707763672
93,1506,2,2,0.132,115.3077621459961
61,1190,2,1,0.088,133.6339874267578
3,51,2,1,0.088,149.92904663085938
42,1664,1,1,0.088,128.19168090820312
0,932,3,1,0.088,120.03890991210938
62,1596,1,1,0.088,121.8907699584961
71,1207,3,1,0.088,143.63502502441406
15,521,0,0,0.154,128.21112060546875
23,1843,0,1,0.088,110.45948028564453
82,642,2,1,0.088,136.5513153076172
33,1008,2,2,0.132,124.98699188232422
24,887,3,1,0.088,125.67606353759766
52,1229,1,1,0.088,111.8994140625
28,149,0,2,0.038636545371734776,126.65870666503906
8,1327,0,1,0.088,129.27008056640625
16,1542,0,3,0.026236927606130667,132.64990234375
83,901,3,1,0.088,121.00437927246094
115,154,3,2,0.024996308680257595,128.27146911621094
3,1611,2,1,0.088,145.66856384277344
61,1562,3,2,0.132,134.90249633789062
110,430,3,1,0.088,113.60810852050781
83,1407,0,2,0.132,128.44703674316406
62,630,1,2,0.132,119.26226806640625
62,860,1,1,0.088,120.24674987792969
44,1667,1,2,0.132,137.72528076171875
75,1500,3,1,0.019863146163260764,125.43285369873047
56,767,0,0,0.05176785867059153,120.9582290649414
37,126,3,2,0.029459503333768622,129.0552215576172
10,901,2,3,0.0061520695050808205,122.79722595214844
52,1243,3,2,0.132,114.40888977050781
20,254,3,2,0.132,140.82374572753906
51,1627,0,1,0.088,121.17086029052734
8,390,3,2,0.132,127.74393463134766
63,997,3,2,0.09378550297819144,126.32982635498047
16,558,0,3,0.154,130.5614013671875
24,1911,2,3,0.154,105.58892822265625
44,1991,1,2,0.09778543722596555,139.79393005371094
97,1669,0,1,0.088,129.59967041015625
36,1309,0,1,0.088,132.0387420654297
0,289,2,3,0.1,117.00543212890625
92,1624,3,2,0.132,129.1193389892578
68,1204,1,1,0.088,136.03033447265625
89,227,3,2,0.132,144.60948181152344
1,530,0,2,0.132,124.5787353515625
28,816,0,1,0.088,129.8976287841797
62,147,1,0,0.154,117.26025390625
93,346,2,3,0.154,114.6578369140625
3,500,1,2,0.132,145.1448974609375
77,1743,3,2,0.132,117.96814727783203
0,636,2,1,0.088,119.20838165283203
57,1328,1,1,0.088,133.41651916503906
97,97,3,2,0.132,129.30189514160156
8,1501,0,1,0.088,125.69976043701172
52,944,2,2,0.132,117.03491973876953
52,620,2,2,0.132,116.02381134033203
24,448,0,1,0.022359595427860868,124.11146545410156
93,1816,3,2,0.132,115.24203491210938
32,1655,1,2,0.132,123.6617431640625
112,405,0,2,0.132,118.89717102050781
92,1750,3,1,0.088,128.55224609375
66,248,2,3,0.0795486500394893,124.60636138916016
23,460,3,1,0.0756495407910594,103.38578033447266
31,1782,3,2,0.05153838825226087,120.04502868652344
97,858,0,1,0.088,138.6623077392578
69,427,3,1,0.02144128955886851,138.5226593017578
42,1968,1,3,0.154,123.21315002441406
71,1779,2,1,0.088,134.48866271972656
1,1688,0,2,0.002165659151094901,123.262451171875
102,1027,3,0,0.14184542134425174,133.94491577148438
11,1272,1,3,0.0297572879583939,135.8681640625
103,854,0,1,0.07740554493702678,134.9759063720703
52,1191,1,3,0.154,113.21483612060547
112,1644,0,2,0.132,125.69442749023438
18,147,3,3,0.154,119.28112030029297
16,66,3,0,0.07652226206327006,124.69855499267578
32,22,3,1,0.088,129.44215393066406
33,78,2,2,0.132,127.87297821044922
44,1157,1,2,0.132,137.33468627929688
93,1525,2,3,0.1,115.00581359863281
52,1373,0,1,0.088,125.73682403564453
32,57,1,2,0.132,128.3669891357422
14,537,0,2,0.132,137.92333984375
105,490,1,2,0.132,139.704345703125
38,933,1,2,0.132,124.18921661376953
83,1537,0,2,0.132,127.47322082519531
15,600,0,1,0.088,133.11282348632812
8,149,0,1,0.088,127.21964263916016
49,58,1,2,0.132,121.95406341552734
46,45,0,1,0.088,130.48768615722656
52,1561,3,2,0.132,116.0399169921875
16,263,2,1,0.088,126.58838653564453
4,300,1,1,0.088,128.83099365234375
62,873,1,2,0.132,121.38531494140625
82,1839,0,1,0.088,138.54345703125
92,1004,2,2,0.132,127.17374420166016
24,904,0,2,0.132,128.63856506347656
52,1845,3,0,0.154,111.25714111328125
3,260,1,0,0.154,144.91055297851562
110,1427,1,3,0.154,114.03286743164062
112,629,0,3,0.154,116.9473648071289
93,1944,2,3,0.154,114.08553314208984
43,1117,0,1,0.088,123.52989959716797
32,249,1,3,0.154,124.26079559326172
36,536,1,3,0.01200000000000001,125.06304931640625
44,1889,3,3,0.01200000000000001,138.0310516357422
52,1710,3,1,0.088,120.54310607910156
97,1222,2,2,0.132,132.78741455078125
59,1425,3,2,0.132,141.6996612548828
103,419,2,2,0.132,140.38217163085938
57,16,3,2,0.132,127.61872863769531
62,553,0,3,0.08862576857042506,117.87826538085938
95,1866,2,2,0.132,132.84616088867188
34,615,0,1,0.088,125.21662902832031
92,615,2,1,0.088,126.69939422607422
52,1845,1,3,0.154,111.25714111328125
0,205,1,2,0.132,119.66468048095703
71,678,2,2,0.132,139.04981994628906
0,1088,1,2,0.02524427792083117,122.53172302246094
112,921,2,2,0.132,121.8759536743164
24,991,3,3,0.01200000000000001,124.64872741699219
16,1494,3,1,0.088,138.017578125
52,539,0,3,0.1,114.0257797241211
30,992,2,3,0.154,107.15977478027344
54,1096,2,2,0.132,140.50599670410156
95,467,3,3,0.1,129.6402587890625
92,1616,0,0,0.154,126.18171691894531
71,103,2,1,0.088,139.6267852783203
93,661,2,2,0.132,112.53984832763672
15,2028,0,2,0.038434609222803895,135.84884643554688
44,786,2,1,0.088,138.05804443359375
52,831,2,2,0.132,119.42169952392578
100,1872,3,1,0.0049912011182786375,147.75143432617188
31,705,3,2,0.132,123.20901489257812
24,1415,2,3,0.154,97.89253997802734
24,1811,0,1,0.088,128.62359619140625
52,1465,3,0,0.154,110.89873504638672
89,1354,0,2,0.132,153.74661254882812
77,1759,3,3,0.154,118.9220199584961
63,1699,0,3,0.154,126.42735290527344
75,350,3,3,0.1,125.70026397705078
18,1944,0,2,0.132,123.79332733154297
24,493,1,2,0.132,125.33390045166016
27,18,1,0,0.05757773841962113,115.63247680664062
105,511,0,3,0.154,131.4611358642578
70,365,3,2,0.132,120.0744400024414
3,1872,1,2,0.132,151.40892028808594
107,1470,2,2,0.132,125.55044555664062
34,1120,2,1,0.088,112.42078399658203
46,543,1,1,0.088,125.18949890136719
61,1723,3,3,0.003235495986099318,133.6435089111328
28,871,3,2,0.132,105.81856536865234
46,1211,2,0,0.023242400467458235,121.25321197509766
82,1031,3,2,0.12837172164380195,131.68930053710938
107,994,3,1,0.088,124.20215606689453
54,131,3,3,0.1,137.56619262695312
52,980,2,1,0.088,112.97105407714844
19,795,1,1,0.088,125.2228775024414
0,1717,1,3,0.005513827059962367,118.86351776123047
102,772,0,1,0.04522220413138353,140.0235595703125
27,767,0,2,0.03615533885766964,116.48890686035156
53,359,0,0,0.1293742460787135,
48,1568,3,1,0.088,131.47488403320312
88,562,1,1,0.088,130.7597198486328
16,99,1,2,0.04931164274579214,139.86102294921875
106,44,0,2,0.0585844073750279,137.32847595214844
102,866,2,1,0.088,137.46920776367188
93,693,1,1,0.088,115.25421142578125
92,1832,3,2,0.132,128.66969299316406
18,737,3,1,0.088,130.35581970214844
8,39,0,1,0.088,129.86111450195312
22,1624,0,3,0.1,136.23753356933594
102,1144,1,2,0.132,138.52903747558594
115,154,1,1,0.022399239031092227,128.27146911621094
57,1930,1,1,0.033032645594587656,126.3050308227539
85,348,3,0,0.0913460622341454,113.74468994140625
107,1526,1,1,0.088,128.36705017089844
91,1432,1,1,0.088,125.11605834960938
51,529,2,2,0.132,120.22915649414062
33,910,0,2,0.11323945438550653,124.88729858398438
62,191,0,1,0.088,129.4374237060547
16,1868,2,2,0.132,130.59153747558594
75,928,1,1,0.088,127.64459228515625
10,901,0,2,0.132,122.79722595214844
8,1706,3,2,0.132,127.01868438720703
33,474,1,2,0.132,121.36383056640625
36,1977,3,2,0.132,125.32139587402344
74,2004,2,1,0.088,131.59996032714844
97,44,2,2,0.132,129.64683532714844
85,2003,2,2,0.058570340215419375,121.20520782470703
70,1266,2,3,0.154,119.1239242553711
70,1149,3,0,0.10010198712364121,117.41465759277344
87,1930,1,3,0.040714202189395976,128.5451202392578
74,1294,0,1,0.08788963534334232,135.21688842773438
33,1039,0,3,0.154,120.8282241821289
71,788,0,1,0.088,137.59716796875
33,1287,0,2,0.132,130.462158203125
52,541,1,2,0.132,114.38414001464844
62,1166,0,1,0.088,127.26758575439453
52,1954,2,2,0.132,110.34359741210938
92,1624,1,1,0.088,129.1193389892578
52,1162,1,1,0.088,118.1859130859375
4,1027,3,1,0.088,120.92668151855469
16,98,0,2,0.132,129.21205139160156
54,1779,0,3,0.1135680614210739,135.51866149902344
89,227,1,1,0.088,144.60948181152344
92,336,3,2,0.132,128.5285186767578
4,1621,1,2,0.132,123.49068450927734
54,594,2,1,0.008419930745082932,140.0352325439453
62,240,0,3,0.154,118.71685791015625
52,586,2,3,0.01200000000000001,115.30518341064453
3,1406,2,2,0.132,150.809814453125
52,1435,1,2,0.132,123.98721313476562
114,989,0,3,0.1,133.05384826660156
23,34,3,1,0.088,108.23191833496094
74,1999,3,1,0.088,132.97715759277344
49,488,2,3,0.154,117.05455017089844
28,850,3,2,0.132,125.78490447998047
40,239,0,2,0.020244301235446932,153.7590789794922
93,1876,2,2,0.132,116.03050994873047
51,1745,3,2,0.132,120.2622299194336
20,445,3,2,0.132,141.5078125
24,1707,3,2,0.132,125.15516662597656
24,1974,0,2,0.132,123.4227523803711
6,1294,0,2,0.06672193548666311,125.4782943725586
93,1816,1,1,0.088,115.24203491210938
16,1841,1,2,0.132,141.8436279296875
38,1214,3,2,0.132,133.30722045898438
25,9,2,1,0.088,140.2499237060547
58,137,3,1,0.088,127.98724365234375
19,629,3,0,0.013110974997178115,124.00834655761719
3,1736,2,2,0.132,144.87646484375
93,346,0,2,0.132,114.6578369140625
77,1743,1,1,0.088,117.96814727783203
58,810,1,3,0.01200000000000001,126.07738494873047
97,97,1,1,0.088,129.30189514160156
63,521,0,3,0.154,125.10698699951172
4,68,1,3,0.154,118.3462905883789
33,78,0,1,0.088,127.87297821044922
75,862,0,0,0.07110117628470045,123.18672943115234
25,580,1,2,0.132,142.3682403564453
107,1645,3,1,0.088,124.55036163330078
17,43,3,0,0.045925723558218556,126.64978790283203
109,1704,2,1,0.088,108.84254455566406
52,1695,0,2,0.132,116.566162109375
16,221,3,2,0.132,138.18772888183594
42,1052,3,0,0.154,120.08419036865234
92,1100,3,2,0.132,127.44430541992188
8,632,0,1,0.088,125.59623718261719
17,1095,3,3,0.1,128.83815002441406
105,64,1,2,0.132,132.6448211669922
28,315,3,2,0.132,106.22738647460938
28,545,3,1,0.0682246854707638,125.68897247314453
63,699,2,3,0.154,124.97227478027344
82,1812,2,0,0.154,128.33775329589844
61,496,3,2,0.132,133.642333984375
51,365,1,3,0.154,119.063232421875
1,1942,1,2,0.132,123.48729705810547
92,1004,0,1,0.08338457684366612,127.17374420166016
52,1760,2,2,0.132,116.52404022216797
71,898,1,3,0.05728988455969772,136.22947692871094
71,1113,1,1,0.04985631215712483,135.96240234375
58,1754,0,2,0.132,128.6319580078125
8,656,3,3,0.1,125.69976043701172
0,1504,3,1,0.088,122.84294891357422
95,1397,2,0,0.0485438208679487,126.43560791015625
28,319,0,2,0.132,106.76277923583984
24,47,3,3,0.154,106.25684356689453
16,353,3,3,0.1,132.96995544433594
33,1459,1,3,0.01200000000000001,123.2021255493164
97,1023,2,1,0.088,129.34376525878906
93,1815,0,1,0.088,117.9394760131836
26,1305,2,2,0.132,128.8404083251953
70,985,2,1,0.088,119.03323364257812
52,274,0,2,0.132,115.54942321777344
61,1194,3,2,0.132,133.6304168701172
92,368,0,2,0.132,133.63473510742188
46,1414,3,2,0.132,125.1397476196289
71,678,0,1,0.088,139.04981994628906
46,1644,3,1,0.088,125.55789947509766
102,2020,2,3,0.12431838514048502,134.759521484375
49,591,0,1,0.07853665901174789,122.65939331054688
61,385,2,3,0.1,133.62326049804688
1,521,1,2,0.132,125.49390411376953
24,912,0,2,0.132,137.96328735351562
10,631,2,1,0.0258554748607987,122.96407318115234
44,1889,1,2,0.132,138.0310516357422
52,746,3,1,0.088,117.75775909423828
34,66,3,1,0.088,112.91914367675781
105,1781,0,1,0.010458702890768418,139.02029418945312
103,419,0,1,0.088,140.38217163085938
24,460,0,0,0.154,105.09680938720703
52,831,0,1,0.088,119.42169952392578
57,16,1,1,0.088,127.61872863769531
88,1854,2,2,0.132,131.1004638671875
42,1621,3,1,0.088,124.77506256103516
92,615,0,0,0.154,126.69939422607422
58,1606,1,3,0.01200000000000001,126.03926849365234
112,921,0,1,0.088,121.8759536743164
8,1235,0,2,0.132,128.80894470214844
54,1096,0,1,0.088,140.50599670410156
107,152,3,1,0.011771088159328369,123.06675720214844
109,1747,3,2,0.132,111.18113708496094
24,1513,3,2,0.132,127.50452423095703
32,100,0,1,0.008134513367604596,132.20623779296875
68,1500,2,2,0.132,131.91673278808594
32,1292,1,2,0.132,130.76148986816406
25,857,3,0,0.154,128.212646484375
51,779,2,3,0.154,119.41651153564453
110,1427,0,0,0.154,114.03286743164062
19,562,3,2,0.09575699618750594,129.32229614257812
66,1899,2,3,0.154,124.70618438720703
61,1524,3,2,0.132,133.6315460205078
43,423,2,1,0.088,120.51534271240234
112,230,2,3,0.154,116.66272735595703
62,1308,3,2,0.132,122.13565826416016
32,249,0,0,0.154,124.26079559326172
24,1415,0,2,0.132,97.89253997802734
74,1252,3,1,0.013205831090993658,131.67596435546875
52,303,3,1,0.088,121.5449447631836
74,587,2,2,0.132,136.9042510986328
24,1417,2,2,0.132,123.20803833007812
82,1031,1,1,0.088,131.68930053710938
75,350,1,2,0.013384334499574768,125.70026397705078
57,1825,2,1,0.088,128.34439086914062
52,980,0,0,0.1272151347874735,112.97105407714844
52,484,3,2,0.132,116.0594253540039
56,656,3,1,0.009485107532685305,124.46449279785156
28,347,0,2,0.132,110.48572540283203
113,456,1,3,0.01327328126738292,123.70520782470703
38,426,0,1,0.088,132.5028533935547
82,1093,3,1,0.088,134.21722412109375
92,1120,2,0,0.154,118.31332397460938
28,206,0,2,0.132,108.41876220703125
83,958,3,1,0.088,
52,1349,1,1,0.088,120.17220306396484
33,606,3,3,0.154,121.33790588378906
88,1119,3,2,0.132,134.42770385742188
95,662,1,3,0.1,128.5762481689453
99,18,2,1,0.031049413210194082,124.87741088867188
77,197,1,1,0.088,118.90817260742188
113,1182,3,2,0.132,125.72270202636719
52,1766,1,3,0.154,111.18428039550781
92,1120,0,3,0.154,118.31332397460938
110,1693,2,3,0.07777957300442781,116.7196044921875
28,1298,0,1,0.088,125.75482177734375
32,524,2,1,0.088,130.3231964111328
52,1026,0,2,0.132,118.7978515625
89,755,0,3,0.154,140.21807861328125
38,1384,0,3,0.08707039127767788,124.4804916381836
48,1789,3,2,0.132,134.11978149414062
4,748,0,2,0.132,123.77698516845703
67,232,1,3,0.0249029069258776,124.9438247680664
23,1301,2,3,0.020702929756463095,118.76207733154297
87,1602,1,1,0.088,133.7193145751953
94,976,0,3,0.007708851818775342,128.10240173339844
52,637,0,1,0.088,121.20697021484375
16,1868,0,1,0.088,130.59153747558594
112,135,0,2,0.12804877007211857,126.07093811035156
19,531,0,2,0.132,129.7573699951172
8,1706,1,1,0.088,127.01868438720703
109,348,0,3,0.05740117903849706,111.1416244506836
44,1800,1,1,0.088,137.5310821533203
52,1167,1,1,0.088,116.4385986328125
82,1921,1,2,0.132,132.80160522460938
53,836,3,1,0.05906144489165466,133.88380432128906
70,1266,0,2,0.132,119.1239242553711
14,911,3,2,0.132,137.05120849609375
52,586,0,2,0.132,115.30518341064453
67,365,2,2,0.11092701979005135,123.66497802734375
66,1399,1,2,0.132,132.9351806640625
3,1406,0,1,0.088,150.809814453125
25,174,0,2,0.132,144.17628479003906
46,1057,0,1,0.088,127.60257720947266
0,1339,1,2,0.06888634860761722,120.36851501464844
53,1313,0,2,0.132,125.87103271484375
14,155,0,3,0.1,133.36865234375
48,1172,3,0,0.09404437056726767,127.2508544921875
24,1720,2,2,0.132,121.43627166748047
16,267,3,2,0.132,140.13809204101562
19,11,1,2,0.025523061363986854,128.9326171875
17,132,3,2,0.132,132.67324829101562
89,254,2,2,0.132,140.8763427734375
49,1284,0,2,0.12397950600619406,120.80792999267578
57,1254,2,0,0.0507171973049752,123.23664093017578
58,1070,0,1,0.088,125.97569274902344
105,1149,2,0,0.13255290268329092,130.47317504882812
28,850,1,1,0.088,125.78490447998047
89,23,2,0,0.154,132.31385803222656
68,1184,2,2,0.132,132.22494506835938
82,22,0,0,0.1015695026439927,129.50833129882812
87,522,3,2,0.132,136.78665161132812
34,1271,0,3,0.154,112.84639739990234
95,738,2,1,0.088,134.23291015625
4,569,0,2,0.132,121.78309631347656
16,221,1,1,0.088,138.18772888183594
105,1619,1,3,0.05582020829515369,134.796142578125
74,1362,0,3,0.154,132.97715759277344
3,1736,0,1,0.088,144.87646484375
19,1692,0,2,0.132,133.19619750976562
9,930,0,1,0.088,123.63986206054688
113,126,3,2,0.08238989268915714,124.65348815917969
113,1951,3,1,0.088,125.44709777832031
52,1572,1,3,0.154,107.89373779296875
16,1851,3,2,0.132,138.11293029785156
114,1267,0,3,0.1,133.05642700195312
93,1926,2,1,0.088,113.26107788085938
18,90,2,3,0.06284917952826496,120.5414047241211
52,936,3,1,0.088,114.86834716796875
3,15,3,3,0.154,144.45852661132812
28,593,0,2,0.132,128.86752319335938
18,1108,0,1,0.088,129.92332458496094
0,574,2,1,0.088,120.28347778320312
97,460,3,0,0.09596385076725159,114.92618560791016
56,116,3,2,0.132,121.9650650024414
56,545,1,1,0.031224919512993388,124.99694061279297
38,1463,1,1,0.088,123.50113677978516
105,1814,3,1,0.088,133.7852325439453
33,546,2,2,0.11517454295068377,128.7323455810547
23,750,2,0,0.10302174339875883,105.95929718017578
92,1892,3,2,0.132,130.66262817382812
30,1130,2,3,0.015755013469941903,106.7188491821289
57,1790,1,3,0.154,126.96075439453125
0,1815,1,1,0.088,119.75321197509766
83,1551,3,1,0.088,128.54823303222656
56,1298,3,3,0.04649646748768832,125.09577178955078
61,1199,0,1,0.020087474013320283,137.73202514648438
0,609,0,2,0.11693938655726421,118.59825897216797
24,1250,2,1,0.088,125.26699829101562
59,1631,1,2,0.132,124.05435180664062
105,1152,0,3,0.154,132.8730010986328
105,1149,0,3,0.154,130.47317504882812
25,817,3,1,0.018132105096613255,143.44607543945312
16,353,1,2,0.132,132.96995544433594
44,792,0,3,0.1,137.5310821533203
22,438,3,3,0.1,136.02891540527344
15,1729,0,2,0.132,131.79469299316406
109,1130,1,1,0.07868301888932336,111.07571411132812
61,496,1,1,0.088,133.642333984375
32,822,3,1,0.088,125.60336303710938
10,116,0,0,0.04059688013478549,121.49310302734375
52,1760,0,1,0.088,116.52404022216797
23,750,0,3,0.154,105.95929718017578
62,1596,3,1,0.088,121.8907699584961
44,122,2,1,0.088,138.60826110839844
89,966,2,2,0.132,146.21444702148438
13,1226,3,2,0.132,120.48226928710938
97,1507,1,2,0.09285331888641227,129.354248046875
112,1211,0,2,0.132,117.7302017211914
102,128,0,1,0.088,144.98818969726562
112,1114,0,1,0.088,121.93586730957031
21,576,3,3,0.10360026550470375,
52,1229,3,1,0.088,111.8994140625
42,1396,0,1,0.088,124.87837982177734
42,866,0,1,0.088,127.86517333984375
18,1384,0,2,0.132,123.27808380126953
26,1305,0,1,0.088,128.8404083251953
42,748,2,1,0.06355132553818088,125.06758117675781
59,885,0,1,0.088,138.8170623779297
91,777,1,1,0.037802407875378335,122.40092468261719
58,1427,1,0,0.12655824051019718,121.86862182617188
23,306,3,3,0.154,108.73906707763672
3,946,3,2,0.132,149.28436279296875
16,1409,0,2,0.132,139.1002655029297
93,1084,3,3,0.0666070540166723,114.3272933959961
107,1433,0,2,0.132,129.2367401123047
58,1848,2,2,0.07470570347809291,125.70427703857422
74,1592,3,2,0.132,139.51210021972656
26,1619,3,3,0.06297900148402646,123.40469360351562
24,1541,3,0,0.154,104.03678131103516
52,1901,1,0,0.01742306918747366,112.04922485351562
95,1635,0,2,0.132,137.59506225585938
38,1473,2,2,0.132,127.89766693115234
93,466,1,3,0.1,115.08451080322266
10,632,1,2,0.132,123.63431549072266
34,263,0,1,0.088,114.9588394165039
0,1261,0,1,0.088,124.80725860595703
3,602,2,3,0.154,145.33192443847656
3,614,3,1,0.088,144.80352783203125
16,902,2,1,0.088,130.62660217285156
37,96,0,2,0.132,
52,1391,2,2,0.132,111.52420806884766
61,1190,3,2,0.132,133.6339874267578
74,1909,2,2,0.132,137.8917694091797
88,1653,3,1,0.088,132.91854858398438
99,1277,2,2,0.132,135.26292419433594
31,1174,0,2,0.132,116.35623931884766
3,617,3,1,0.088,148.67442321777344
62,1308,1,1,0.06508869339882473,122.13565826416016
49,137,2,1,0.019452787809962263,121.9135513305664
88,1553,1,3,0.01200000000000001,129.2407989501953
24,1541,1,3,0.154,104.03678131103516
33,606,1,2,0.132,121.33790588378906
15,1346,3,2,0.132,129.97227478027344
74,587,0,1,0.088,136.9042510986328
14,233,0,1,0.088,139.0535430908203
3,1193,0,2,0.132,147.61444091796875
11,391,2,3,0.1,135.02073669433594
103,836,1,3,0.01200000000000001,138.1575164794922
99,922,3,2,0.132,
93,1506,3,3,0.1,115.3077621459961
52,681,0,2,0.132,117.31963348388672
52,1176,3,1,0.088,112.55447387695312
32,853,3,2,0.132,129.7819061279297
59,1740,2,1,0.088,141.69007873535156
89,34,3,0,0.09483667360952475,131.45555114746094
15,1412,3,2,0.132,132.0360565185547
89,86,0,3,0.05622763460879937,132.24154663085938
89,1914,0,2,0.132,148.59617614746094
89,313,0,2,0.132,149.27333068847656
16,284,0,1,0.088,140.48529052734375
63,126,1,2,0.06027510842203859,128.8238067626953
28,1684,1,1,0.088,128.9779815673828
22,1561,3,3,0.09323241066676265,135.87631225585938
113,1627,0,3,0.1,123.12427520751953
16,1711,3,2,0.132,138.2382049560547
83,958,1,0,0.154,
82,595,3,1,0.088,135.68536376953125
66,1134,1,1,0.08597297961695757,130.98074340820312
32,1105,0,2,0.132,123.23688507080078
29,1313,3,0,0.0533505505482161,116.83190155029297
113,1182,1,1,0.030669595411147693,125.72270202636719
97,1669,1,2,0.132,129.59967041015625
80,670,3,2,0.054439944654754435,103.23778533935547
71,1237,0,2,0.132,142.54266357421875
52,383,2,1,0.088,119.4293212890625
30,1875,0,3,0.014592222161355528,114.59889221191406
48,976,2,1,0.04924240687556983,132.54937744140625
38,1475,0,2,0.132,142.72044372558594
51,456,0,1,0.088,121.81966400146484
85,659,1,3,0.109285067972715,115.39497375488281
10,670,3,2,0.029601117988282855,122.95155334472656
67,1315,3,1,0.088,123.85943603515625
42,764,2,2,0.008669127283117029,129.01547241210938
36,1693,2,3,0.015520657204111166,122.92398071289062
52,1338,2,3,0.154,113.72921752929688
51,1627,1,2,0.132,121.17086029052734
66,469,0,2,0.11608626938785743,128.07476806640625
52,303,0,1,0.088,121.5449447631836
110,1363,3,1,0.05784676055033214,118.74676513671875
105,744,2,2,0.132,143.1735382080078
71,845,0,1,0.088,136.5570831298828
46,479,2,1,0.088,124.84027099609375
3,1515,0,1,0.088,150.95675659179688
15,988,0,2,0.10347643058429662,137.69839477539062
6,2004,0,3,0.04825308341180465,120.88168334960938
23,1301,0,2,0.132,118.76207733154297
1,1688,3,0,0.09927140099639033,123.262451171875
94,734,3,1,0.088,130.95423889160156
92,1110,0,3,0.1,128.255615234375
42,911,1,2,0.132,129.57089233398438
42,1080,0,1,0.088,126.8885726928711
16,267,1,1,0.088,140.13809204101562
33,993,3,1,0.088,126.28207397460938
28,816,1,2,0.132,129.8976287841797
59,1452,0,1,0.088,145.51007080078125
3,1367,1,2,0.132,148.56736755371094
0,1926,0,0,0.03889212784972679,115.41632843017578
3,260,1,3,0.154,144.91055297851562
112,1512,1,2,0.132,121.16969299316406
0,1088,3,2,0.132,122.53172302246094
22,1892,0,3,0.01200000000000001,137.4456024169922
92,99,1,2,0.08268835725420787,129.5775909423828
23,1858,0,1,0.015504594311059355,132.25367736816406
46,1526,0,3,0.01200000000000001,123.92827606201172
16,1180,0,2,0.132,144.27061462402344
62,797,0,3,0.1,120.64683532714844
67,1840,0,3,0.1,126.37908935546875
52,1766,0,0,0.154,111.18428039550781
38,933,2,3,0.154,124.18921661376953
62,888,2,3,0.1,119.53306579589844
92,2006,2,1,0.088,128.3962860107422
92,1616,0,3,0.154,126.18171691894531
89,489,2,1,0.088,143.8390350341797
83,116,3,0,0.0314297003879046,120.08336639404297
62,553,3,1,0.088,117.87826538085938
13,152,1,3,0.04288887160077995,123.4758071899414
93,1926,0,0,0.11510787215027321,113.26107788085938
97,1553,1,2,0.132,129.82797241210938
3,15,1,2,0.132,144.45852661132812
62,1594,1,3,0.154,119.08078002929688
33,1130,1,0,0.040450776734667765,115.8238754272461
52,1373,1,2,0.132,125.73682403564453
52,482,1,2,0.132,114.0463638305664
16,1841,3,2,0.132,141.8436279296875
92,1780,0,2,0.132,140.3279266357422
58,1046,0,3,0.1,126.0677719116211
105,179,2,2,0.132,131.32786560058594
36,1953,2,1,0.088,124.67632293701172
52,1465,3,3,0.154,110.89873504638672
82,1542,0,3,0.07376307239386934,130.88722229003906
36,1286,2,0,0.07786072441785838,121.3650131225586
58,478,1,2,0.132,126.62586975097656
52,800,3,1,0.088,115.9950942993164
94,430,0,0,0.011316544483256447,121.84188842773438
93,1316,0,1,0.088,116.23680877685547
15,819,2,1,0.088,130.83843994140625
48,1969,1,2,0.132,132.56336975097656
27,18,1,3,0.1447947445013532,115.63247680664062
4,166,3,1,0.088,120.56815338134766
105,1919,0,1,0.088,140.46762084960938
91,1526,0,1,0.06899538225220266,126.90571594238281
82,889,2,3,0.154,129.714599609375
4,68,3,3,0.154,118.3462905883789
48,782,2,1,0.08330799205382614,130.6522979736328
88,479,1,1,0.045677374678771865,131.97064208984375
52,271,0,1,0.088,117.34913635253906
46,317,0,2,0.132,134.21731567382812
89,1546,2,3,0.1,142.28213500976562
28,1936,1,2,0.132,109.49082946777344
46,93,0,3,0.1,123.22697448730469
59,1255,0,1,0.088,123.40805053710938
71,1812,2,3,0.154,132.73162841796875
34,654,0,1,0.088,132.59103393554688
92,1892,1,1,0.08190681044366627,130.66262817382812
21,576,1,2,0.0893445964409425,
70,248,0,1,0.088,121.21420288085938
77,1634,3,0,0.154,117.50836181640625
83,670,2,3,0.07303231636510528,121.12739562988281
58,63,3,1,0.088,127.18091583251953
33,299,1,2,0.132,124.50776672363281
23,938,1,3,0.154,113.87184143066406
70,1899,3,1,0.006119318906615073,121.26781463623047
103,928,3,2,0.08399832363803789,137.9528045654297
59,1915,3,0,0.154,119.300048828125
74,934,1,3,0.1,134.19151306152344
32,822,1,0,0.154,125.60336303710938
31,1708,1,1,0.08543838664255032,123.45301055908203
71,674,3,0,0.154,133.0519561767578
105,1859,3,2,0.132,137.30618286132812
74,1783,0,2,0.132,141.24212646484375
52,1572,0,0,0.154,107.89373779296875
4,1968,0,1,0.088,121.70296478271484
97,21,0,2,0.132,129.90463256835938
13,1226,1,1,0.088,120.48226928710938
33,910,2,2,0.132,124.88729858398438
16,1067,0,2,0.132,138.49380493164062
10,1651,0,3,0.1,124.19784545898438
52,807,0,1,0.088,118.78688049316406
52,1695,2,2,0.132,116.566162109375
91,1830,2,2,0.132,128.07200622558594
33,474,3,2,0.132,121.36383056640625
31,421,0,2,0.132,128.1971893310547
70,699,2,2,0.132,119.8263168334961
89,1662,1,2,0.132,145.9816131591797
25,1416,0,3,0.12008438795559156,136.8102264404297
110,43,0,2,0.132,115.72345733642578
52,1161,0,2,0.132,125.23563385009766
92,1985,2,1,0.088,128.9812774658203
71,788,2,1,0.088,137.59716796875
83,995,3,3,0.05756614704485452,122.44231414794922
62,2031,2,1,0.088,119.36746978759766
53,359,1,1,0.088,
77,1420,2,3,0.048441764952661226,119.05506896972656
44,164,3,0,0.154,137.21603393554688
88,562,2,2,0.04742798517046504,130.7597198486328
63,2022,2,2,0.132,128.19065856933594
49,1926,3,1,0.088,116.87115478515625
97,115,2,2,0.132,129.56483459472656
52,833,3,0,0.154,111.75553131103516
59,1933,2,1,0.088,114.03936004638672
19,795,2,2,0.132,125.2228775024414
92,1659,1,2,0.132,129.94183349609375
110,641,3,2,0.132,114.7852783203125
17,439,0,2,0.132,132.58995056152344
3,1283,3,1,0.088,151.802490234375
93,1506,1,2,0.132,115.3077621459961
61,1190,1,1,0.088,133.6339874267578
52,1176,1,0,0.154,112.55447387695312
93,1552,3,1,0.088,116.08946990966797
14,1615,0,2,0.132,138.03611755371094
34,1251,2,1,0.088,112.91914367675781
15,1412,1,1,0.088,132.0360565185547
33,1008,1,2,0.132,124.98699188232422
52,1229,0,1,0.088,111.8994140625
112,224,3,1,0.088,122.56635284423828
99,1277,0,1,0.088,135.26292419433594
16,379,0,3,0.154,131.91038513183594
8,1975,0,2,0.132,127.71907043457031
113,1770,0,2,0.132,126.32394409179688
83,901,2,1,0.088,121.00437927246094
23,134,3,1,0.088,126.48271179199219
16,175,3,3,0.1,132.65737915039062
62,1246,3,2,0.132,121.61526489257812
62,240,3,1,0.088,118.71685791015625
32,1292,3,2,0.132,130.76148986816406
74,598,0,1,0.088,144.3267364501953
62,1058,0,1,0.088,122.56578063964844
52,1728,2,1,0.088,115.09016418457031
93,971,1,2,0.132,115.72610473632812
24,1014,1,3,0.1,123.14542388916016
110,1159,3,2,0.132,118.14562225341797
89,919,3,2,0.132,147.05455017089844
63,1866,0,1,0.088,132.07614135742188
54,1656,2,0,0.007925240679603734,118.59829711914062
32,558,3,1,0.088,129.41836547851562
95,662,3,3,0.03144311781021178,128.5762481689453
75,862,0,3,0.022209771906983783,123.18672943115234
44,1991,0,2,0.132,139.79393005371094
19,1347,3,1,0.088,128.46119689941406
52,399,1,1,0.088,118.01366424560547
103,733,0,3,0.01200000000000001,139.9358367919922
36,1363,3,1,0.0022377828611481188,124.69154357910156
0,289,1,3,0.1,117.00543212890625
94,515,0,1,0.088,133.31832885742188
92,1624,2,2,0.132,129.1193389892578
37,126,2,2,0.021751671780869564,129.0552215576172
89,227,2,2,0.132,144.60948181152344
51,156,0,2,0.04830762477687717,121.11630249023438
71,1779,0,3,0.0404319385789261,134.48866271972656
62,1605,3,2,0.132,122.32852172851562
49,730,3,3,0.154,116.5448226928711
99,1164,0,1,0.088,136.6811065673828
7,347,0,0,0.033920026456477376,125.94222259521484
63,997,2,2,0.12501296453085387,126.32982635498047
92,284,2,2,0.08642469516808904,130.3267364501953
0,1895,3,2,0.132,123.22514343261719
77,1743,2,2,0.132,117.96814727783203
68,1032,1,2,0.132,138.9541473388672
46,1512,3,3,0.1,123.14752197265625
87,929,0,1,0.008417656005197893,129.26699829101562
57,1328,0,1,0.088,133.41651916503906
77,1257,0,1,0.088,119.83209991455078
24,588,1,1,0.07601939508006084,128.02584838867188
8,631,2,3,0.05094436717421641,125.21142578125
68,1204,0,1,0.088,136.03033447265625
70,1397,1,3,0.154,119.8997573852539
93,1816,2,2,0.132,115.24203491210938
32,1655,0,2,0.132,123.6617431640625
51,1899,1,2,0.132,120.21414947509766
66,248,1,3,0.03119848183948934,124.60636138916016
23,460,2,1,0.088,103.38578033447266
31,1782,2,2,0.132,120.04502868652344
68,1503,0,2,0.132,142.24984741210938
26,1313,2,0,0.05547440395939711,121.36239624023438
58,1282,2,2,0.132,125.79914093017578
42,1968,0,3,0.154,123.21315002441406
36,759,3,2,0.132,128.41152954101562
102,1027,2,0,0.10486025466425172,133.94491577148438
18,147,2,3,0.154,119.28112030029297
16,66,2,0,0.154,124.69855499267578
71,1183,0,1,0.088,135.33660888671875
15,507,3,1,0.088,131.41943359375
30,859,3,2,0.132,117.45056915283203
71,1393,0,2,0.132,137.13072204589844
32,57,0,2,0.132,128.3669891357422
92,1750,2,1,0.088,128.55224609375
70,997,3,2,0.03821449702180857,121.35444641113281
105,490,0,2,0.132,139.704345703125
28,319,3,0,0.154,106.76277923583984
52,1561,2,2,0.132,116.0399169921875
67,546,3,2,0.132,133.0751495361328
4,300,0,1,0.088,128.83099365234375
62,154,2,2,0.132,123.12361145019531
92,1004,1,2,0.132,127.17374420166016
99,862,3,3,0.11469575769166299,125.85360717773438
44,1157,0,2,0.132,137.33468627929688
25,857,3,3,0.154,128.212646484375
52,1845,2,0,0.154,111.25714111328125
16,255,2,1,0.03668468724121457,124.69855499267578
110,1427,0,3,0.154,114.03286743164062
42,1181,1,1,0.088,128.63478088378906
85,511,0,1,0.088,116.2116470336914
103,559,3,2,0.132,142.81356811523438
10,631,3,2,0.04617640845035825,122.96407318115234
32,960,3,1,0.088,129.90234375
32,249,0,3,0.154,124.26079559326172
36,536,0,3,0.1,125.06304931640625
6,1704,1,0,0.04111948674367902,114.21353149414062
95,1866,1,2,0.12769108017918052,132.84616088867188
92,615,1,1,0.088,126.69939422607422
14,710,0,3,0.08290263159910466,132.7647705078125
19,1854,0,1,0.088,129.85150146484375
16,1494,2,1,0.088,138.017578125
30,273,3,3,0.01200000000000001,114.31838989257812
82,1536,1,1,0.088,133.4152374267578
66,1186,3,1,0.088,129.78236389160156
8,369,3,3,0.1,125.75128936767578
34,1271,2,3,0.154,112.84639739990234
93,661,1,2,0.02398821460555256,112.53984832763672
32,396,1,0,0.154,125.75038146972656
52,877,3,1,0.088,110.40229034423828
52,702,1,1,0.088,119.75944519042969
52,831,1,2,0.132,119.42169952392578
32,379,1,2,0.132,131.42428588867188
109,1130,3,1,0.088,111.07571411132812
52,1845,0,3,0.154,111.25714111328125
77,1759,2,3,0.154,118.9220199584961
24,1417,3,3,0.1,123.20803833007812
52,651,0,2,0.132,110.28583526611328
75,350,2,3,0.07342992676217946,125.70026397705078
52,1641,3,3,0.154,112.84413146972656
24,607,1,2,0.08462427320002819,122.91295623779297
115,929,3,3,0.02498443663985095,124.01800537109375
59,2026,3,1,0.088,125.88616180419922
32,1812,0,3,0.0679890342997666,128.01446533203125
68,1863,0,1,0.088,142.23521423339844
107,1470,1,2,0.132,125.55044555664062
34,1120,1,1,0.088,112.42078399658203
87,1172,3,2,0.132,129.39439392089844
61,1723,2,3,0.06730181655940157,133.6435089111328
28,871,2,2,0.132,105.81856536865234
52,207,3,2,0.132,124.88583374023438
52,2032,3,1,0.088,117.62117767333984
59,386,0,1,0.07769032850784155,155.692138671875
44,1800,3,1,0.088,137.5310821533203
52,1465,2,0,0.154,110.89873504638672
85,348,1,2,0.132,113.74468994140625
3,628,1,2,0.132,148.63876342773438
28,780,0,2,0.132,133.98544311523438
11,1113,3,2,0.132,135.55572509765625
20,34,3,0,0.05916332639047525,130.7204132080078
24,450,3,1,0.088,124.02645111083984
100,713,0,1,0.05928631389467827,151.6299285888672
15,1370,2,2,0.132,133.263671875
16,1151,2,2,0.132,142.51524353027344
54,1942,3,0,0.12256751189375002,132.94432067871094
32,766,3,1,0.088,130.71188354492188
95,1570,0,2,0.132,131.1246337890625
92,1076,0,0,0.04214264610184165,127.27630615234375
43,505,2,3,0.10052137969869007,121.37511444091797
16,99,0,2,0.11036983876218931,139.86102294921875
59,885,2,1,0.088,138.8170623779297
102,866,1,1,0.088,137.46920776367188
93,693,0,1,0.05722498384831606,115.25421142578125
92,1832,2,2,0.132,128.66969299316406
59,1933,0,0,0.154,114.03936004638672
82,1169,3,1,0.03883112359485885,139.19876098632812
43,147,1,2,0.132,123.61209106445312
32,1901,3,3,0.154,127.85045623779297
107,1961,1,1,0.088,125.36363983154297
110,641,1,1,0.088,114.7852783203125
92,852,3,2,0.132,128.0980682373047
106,1524,1,0,0.038201765572092025,137.2646942138672
93,1582,3,2,0.132,124.49070739746094
25,1883,2,1,0.088,140.6534423828125
36,1977,2,2,0.132,125.32139587402344
77,1348,3,3,0.154,118.19152069091797
85,2003,1,2,0.0506182446982438,121.20520782470703
52,1021,2,3,0.1,113.99590301513672
89,23,2,3,0.06672835141544128,132.31385803222656
74,1580,2,1,0.088,131.71449279785156
70,722,1,3,0.154,118.48468017578125
62,1246,1,1,0.088,121.61526489257812
52,288,3,0,0.154,108.25174713134766
69,356,0,3,0.01648673985906962,133.00799560546875
9,223,0,1,0.008347406116235676,123.11300659179688
52,1954,1,2,0.132,110.34359741210938
92,1624,0,1,0.088,129.1193389892578
38,1463,3,1,0.088,123.50113677978516
103,1950,1,2,0.04560116840526951,142.43560791015625
4,1621,0,2,0.04504321036367642,123.49068450927734
24,1918,3,3,0.154,122.43537139892578
74,2004,1,1,0.088,131.59996032714844
97,44,1,2,0.132,129.64683532714844
102,1630,1,1,0.088,139.0435791015625
112,93,0,2,0.132,121.39998626708984
38,1753,3,0,0.12566957904436532,122.6750259399414
56,854,0,2,0.03146966277376928,124.0895004272461
52,710,2,2,0.132,116.77137756347656
25,1537,2,2,0.132,142.23654174804688
84,1130,2,1,0.017112756790676642,110.85670471191406
74,1999,2,1,0.088,132.97715759277344
24,1398,1,1,0.088,127.61131286621094
52,541,0,2,0.132,114.38414001464844
93,1876,1,2,0.132,116.03050994873047
3,1713,3,1,0.088,147.02337646484375
52,92,0,2,0.132,114.4842758178711
24,1707,2,2,0.132,125.15516662597656
89,227,0,1,0.088,144.60948181152344
31,499,0,2,0.132,122.70281219482422
25,9,1,1,0.088,140.2499237060547
58,1116,3,1,0.045105450557735516,131.0633087158203
58,137,2,1,0.06854721219003773,127.98724365234375
89,445,2,3,0.1,141.5133819580078
77,1743,0,1,0.088,117.96814727783203
105,1149,3,1,0.088,130.47317504882812
58,810,0,3,0.1,126.07738494873047
97,97,0,1,0.088,129.30189514160156
38,585,0,2,0.12194357091839514,139.1656036376953
110,1159,0,2,0.132,118.14562225341797
48,1981,0,1,0.042990220838809906,130.1066131591797
33,519,0,1,0.088,129.72862243652344
0,1700,0,1,0.088,123.50120544433594
93,466,3,3,0.1,115.08451080322266
16,221,2,2,0.132,138.18772888183594
42,1052,2,0,0.154,120.08419036865234
92,1100,2,2,0.132,127.44430541992188
112,1211,3,0,0.154,117.7302017211914
17,1095,2,3,0.01200000000000001,128.83815002441406
70,348,2,0,0.154,116.32640075683594
115,90,1,0,0.029649748219453056,123.63883972167969
3,260,3,3,0.154,144.91055297851562
105,64,0,2,0.132,132.6448211669922
28,315,2,2,0.132,106.22738647460938
82,1812,1,0,0.154,128.33775329589844
102,453,3,1,0.088,
51,365,0,3,0.154,119.063232421875
103,953,3,2,0.132,144.8365478515625
102,1467,2,2,0.132,137.88986206054688
107,1645,2,1,0.088,124.55036163330078
3,1534,3,1,0.088,150.27642822265625
89,495,1,2,0.132,143.6575927734375
59,687,1,1,0.088,129.9551239013672
82,1676,3,1,0.088,134.11521911621094
23,750,3,1,0.088,105.95929718017578
92,1425,0,3,0.1,127.86184692382812
82,46,3,1,0.088,132.77247619628906
70,659,0,2,0.132,117.70347595214844
112,152,2,2,0.03321341014130752,117.5167236328125
28,1651,2,3,0.0018367495697682867,125.58226776123047
115,1852,3,3,0.01200000000000001,126.32865142822266
46,1414,2,2,0.132,125.1397476196289
3,1193,2,2,0.132,147.61444091796875
11,1779,2,3,0.005342589158393876,134.13778686523438
52,1760,1,2,0.132,116.52404022216797
58,1848,3,3,0.1,125.70427703857422
18,1420,0,2,0.132,123.37781524658203
62,903,2,0,0.154,114.58219146728516
16,255,0,0,0.154,124.69855499267578
1,521,0,2,0.132,125.49390411376953
37,96,3,0,0.12091413434748705,
32,145,3,0,0.12476937218366249,126.53097534179688
24,843,2,1,0.088,126.95185089111328
10,631,1,1,0.04488245593695661,122.96407318115234
52,746,2,1,0.088,117.75775909423828
115,1203,2,3,0.1,124.8984375
57,131,0,2,0.132,129.62576293945312
61,1194,2,2,0.132,133.6304168701172
88,1854,1,2,0.132,131.1004638671875
58,1606,0,3,0.1,126.03926849365234
32,486,2,2,0.132,130.81932067871094
68,350,2,3,0.02657007323782054,132.3084259033203
112,230,3,0,0.04774626233677609,116.66272735595703
89,34,3,3,0.154,131.45555114746094
66,340,1,1,0.088,127.21582794189453
66,1134,3,1,0.088,130.98074340820312
16,1739,3,0,0.12311873680808383,130.59495544433594
52,271,2,1,0.088,117.34913635253906
24,1513,2,2,0.132,127.50452423095703
16,1106,0,2,0.132,136.03997802734375
36,1309,3,2,0.132,132.0387420654297
89,2009,1,1,0.088,146.02102661132812
32,334,3,1,0.088,128.88758850097656
25,857,2,0,0.14439092504722592,128.212646484375
115,1223,2,1,0.088,126.63390350341797
68,1455,0,1,0.04784164242603252,139.15538024902344
95,728,0,2,0.132,134.49842834472656
1,530,3,3,0.06922445755463544,124.5787353515625
61,1524,2,2,0.132,133.6315460205078
19,462,3,2,0.132,135.62139892578125
71,1576,3,0,0.154,129.24546813964844
56,1651,0,1,0.088,124.82999420166016
112,230,1,3,0.154,116.66272735595703
51,1627,3,2,0.132,121.17086029052734
29,1313,3,3,0.04661357071810418,116.83190155029297
16,902,3,2,0.132,130.62660217285156
74,1252,2,1,0.088,131.67596435546875
87,1145,2,0,0.0772553487927323,125.43084716796875
52,303,2,1,0.088,121.5449447631836
77,1759,0,2,0.12816448373395561,118.9220199584961
32,145,1,3,0.154,126.53097534179688
24,1417,1,2,0.132,123.20803833007812
92,1744,3,1,0.088,128.87255859375
75,350,0,2,0.060999895870660126,125.70026397705078
23,581,2,3,0.154,109.01860809326172
52,1641,1,2,0.132,112.84413146972656
103,169,2,3,0.154,134.49481201171875
4,1968,2,1,0.088,121.70296478271484
52,484,2,2,0.132,116.0594253540039
82,1901,2,3,0.02877407830023343,128.18276977539062
59,473,1,3,0.154,127.71610260009766
51,779,1,3,0.154,119.41651153564453
70,365,0,1,0.088,120.0744400024414
80,169,3,1,0.07076868314526502,102.01465606689453
112,405,3,3,0.154,118.89717102050781
82,1333,3,2,0.132,134.64002990722656
92,1120,1,0,0.154,118.31332397460938
87,1172,1,1,0.088,129.39439392089844
30,1875,3,1,0.06895943406126911,114.59889221191406
28,871,0,1,0.088,105.81856536865234
83,958,2,1,0.088,
0,1552,0,3,0.1,118.18480682373047
85,777,0,2,0.132,120.99513244628906
97,1259,3,1,0.088,129.62991333007812
88,1318,0,2,0.132,137.11888122558594
82,501,2,2,0.132,139.3131561279297
16,1620,3,0,0.154,124.46698760986328
77,197,0,1,0.088,118.90817260742188
17,591,0,2,0.132,131.45623779296875
93,730,2,2,0.03695006449400129,113.01606750488281
8,1797,1,3,0.10280502336868955,125.26116943359375
16,1151,0,1,0.088,142.51524353027344
59,1076,3,1,0.088,135.93972778320312
25,116,3,0,0.04878855664722595,136.343017578125
44,91,0,2,0.025130832425965366,146.93707275390625
32,524,1,1,0.088,130.3231964111328
4,1573,1,3,0.14347352914689362,122.0376205444336
95,1646,2,2,0.132,135.58953857421875
92,1110,3,1,0.088,128.255615234375
16,1569,3,1,0.088,139.63418579101562
99,1222,1,1,0.088,134.15318298339844
16,1620,1,3,0.154,124.46698760986328
89,560,2,1,0.088,144.40081787109375
36,1256,3,2,0.132,127.87078857421875
24,1263,3,1,0.088,124.50358581542969
87,1022,3,3,0.154,129.40524291992188
52,1689,1,1,0.088,114.96037292480469
62,1043,2,3,0.1,119.8760757446289
19,931,2,1,0.04032695024726185,128.88540649414062
52,1766,0,3,0.154,111.18428039550781
23,1301,1,3,0.014027101156462968,118.76207733154297
52,383,3,2,0.132,119.4293212890625
82,642,3,1,0.088,136.5513153076172
89,1076,3,3,0.154,139.35000610351562
66,413,2,2,0.132,129.4929962158203
32,903,3,2,0.132,124.1725845336914
43,1117,3,2,0.132,123.52989959716797
32,1626,2,0,0.154,125.75038146972656
8,1706,0,1,0.088,127.01868438720703
48,1789,2,2,0.01921849289254085,134.11978149414062
82,1921,0,2,0.132,132.80160522460938
52,1021,0,2,0.132,113.99590301513672
67,232,0,3,0.05908922692587759,124.9438247680664
52,1493,3,1,0.088,117.21272277832031
67,365,1,2,0.05188547291520018,123.66497802734375
49,1607,2,2,0.0018689449213309395,123.89335632324219
15,1481,0,2,0.132,134.75033569335938
16,1220,3,2,0.132,140.44944763183594
84,1567,0,2,0.03547196886668508,111.13727569580078
0,1339,0,2,0.132,120.36851501464844
66,365,3,0,0.01999129558521892,123.7498550415039
8,1979,0,2,0.132,130.64840698242188
16,558,3,0,0.154,130.5614013671875
105,1459,3,1,0.088,137.90550231933594
24,1720,1,2,0.132,121.43627166748047
48,259,0,2,0.132,140.7625732421875
24,998,3,2,0.132,128.33494567871094
105,253,2,2,0.132,139.690185546875
97,528,0,3,0.1,129.3751678466797
59,1255,2,1,0.088,123.40805053710938
29,1814,3,3,0.09669211919252058,118.74163055419922
4,1027,0,0,0.01192226746379349,120.92668151855469
36,1286,2,3,0.154,121.3650131225586
52,414,0,3,0.01200000000000001,116.36569213867188
107,223,3,2,0.132,123.76400756835938
57,1254,1,0,0.0986401537849752,123.23664093017578
24,1811,3,2,0.132,128.62359619140625
95,1375,1,1,0.088,134.5364990234375
106,1408,3,1,0.04302881297501654,138.7516632080078
24,1147,3,1,0.088,122.84561157226562
15,699,3,0,0.07191783975291965,128.24664306640625
88,1347,2,1,0.088,129.99176025390625
105,1149,1,0,0.13742878488329094,130.47317504882812
32,397,2,1,0.088,125.86174011230469
89,23,1,0,0.154,132.31385803222656
82,334,3,0,0.154,129.0450439453125
70,722,0,0,0.11123294236627035,118.48468017578125
110,730,0,2,0.132,115.80975341796875
97,1085,0,2,0.132,129.2913818359375
97,21,2,2,0.132,129.90463256835938
20,445,0,1,0.088,141.5078125
52,807,2,1,0.088,118.78688049316406
87,522,2,2,0.132,136.78665161132812
77,1634,3,3,0.154,117.50836181640625
95,738,1,1,0.088,134.23291015625
38,1214,0,1,0.088,133.30722045898438
49,58,3,1,0.088,121.95406341552734
16,221,0,1,0.088,138.18772888183594
59,1915,3,3,0.154,119.300048828125
58,1046,3,1,0.088,126.0677719116211
92,1100,0,1,0.088,127.44430541992188
71,674,3,3,0.154,133.0519561767578
113,126,2,2,0.001782942119937403,124.65348815917969
113,1951,2,1,0.088,125.44709777832031
52,1572,0,3,0.154,107.89373779296875
16,1851,2,2,0.132,138.11293029785156
52,936,2,1,0.088,114.86834716796875
110,466,3,2,0.132,118.08856201171875
102,772,3,2,0.132,140.0235595703125
106,1062,3,2,0.132,141.06048583984375
0,574,1,1,0.088,120.28347778320312
27,767,3,3,0.0013117860013532323,116.48890686035156
56,116,2,2,0.048824232185167404,121.9650650024414
105,179,3,3,0.154,131.32786560058594
23,750,1,0,0.0926725411853496,105.95929718017578
49,1546,0,2,0.132,120.74223327636719
110,432,3,1,0.088,118.38339233398438
18,1759,0,2,0.003835516266044392,123.26264190673828
24,1250,1,1,0.088,125.26699829101562
66,699,0,0,0.13130698938237967,123.39932250976562
59,1631,0,2,0.132,124.05435180664062
105,1619,0,3,0.022404497115973643,134.796142578125
113,1656,3,1,0.088,101.03799438476562
82,337,1,3,0.06421829478001378,129.8768310546875
92,1289,0,2,0.08120891456814705,127.37828826904297
24,1566,3,1,0.088,125.20452880859375
68,973,1,2,0.132,135.23977661132812
44,164,3,3,0.09895075595297755,137.21603393554688
97,460,2,0,0.154,114.92618560791016
43,1540,2,3,0.04875765799422613,121.15424346923828
52,1937,3,2,0.132,113.63845825195312
32,57,2,2,0.132,128.3669891357422
62,896,1,2,0.132,118.58523559570312
16,1972,3,3,0.154,131.34901428222656
3,966,0,2,0.132,151.40087890625
62,1596,2,1,0.088,121.8907699584961
52,1768,1,2,0.132,116.28379821777344
62,191,3,2,0.132,129.4374237060547
52,833,3,3,0.154,111.75553131103516
52,1229,2,1,0.088,111.8994140625
112,629,3,0,0.12958748625507324,116.9473648071289
107,1340,3,2,0.132,123.97386169433594
85,407,0,2,0.132,140.2473907470703
115,873,3,3,0.01200000000000001,126.61619567871094
61,1408,1,2,0.132,135.23831176757812
62,630,2,2,0.132,119.26226806640625
32,822,2,1,0.088,125.60336303710938
102,1507,1,1,0.00073840775272907,136.5146026611328
58,1848,1,2,0.09863407115809275,125.70427703857422
74,1294,3,2,0.132,135.21688842773438
42,1181,3,1,0.088,128.63478088378906
109,1747,0,1,0.088,111.18113708496094
13,1226,2,2,0.132,120.48226928710938
62,1166,3,2,0.132,127.26758575439453
71,2001,0,3,0.01200000000000001,137.4637451171875
25,409,0,2,0.132,145.30503845214844
95,341,1,3,0.01200000000000001,129.8577117919922
14,83,1,2,0.10017409123894683,138.9224853515625
95,963,0,3,0.1,128.82626342773438
4,155,0,2,0.132,123.10820007324219
51,1018,2,2,0.132,
3,602,1,3,0.154,145.33192443847656
24,186,1,2,0.132,128.54954528808594
16,902,1,1,0.088,130.62660217285156
107,1347,0,2,0.12689982307501235,127.5682601928711
36,1848,0,2,0.09335206081440472,124.71561431884766
61,717,1,3,0.1,133.6162567138672
62,1490,3,2,0.06744834475170669,118.7197265625
89,990,3,2,0.132,145.06959533691406
89,1189,1,2,0.132,146.95565795898438
105,511,3,0,0.01261818778329088,131.4611358642578
77,1849,2,0,0.154,116.3369369506836
74,1213,3,2,0.132,132.210205078125
82,1333,1,1,0.088,134.64002990722656
63,248,3,3,0.1455694895907837,126.2093505859375
61,1524,0,1,0.088,133.6315460205078
3,617,2,1,0.088,148.67442321777344
3,614,2,1,0.088,144.80352783203125
62,1308,0,1,0.088,122.13565826416016
49,137,1,1,0.022231056110784325,121.9135513305664
33,606,0,2,0.132,121.33790588378906
15,1346,2,2,0.132,129.97227478027344
93,346,3,3,0.154,114.6578369140625
103,836,0,3,0.1,138.1575164794922
79,441,0,1,0.06605269974896052,150.81576538085938
52,1176,2,1,0.088,112.55447387695312
23,581,0,2,0.132,109.01860809326172
59,1952,0,2,0.0917175172558563,150.32684326171875
62,929,1,1,0.005802748291725751,118.82085418701172
32,853,2,2,0.132,129.7819061279297
74,1909,1,2,0.132,137.8917694091797
89,34,2,0,0.12669789489653843,131.45555114746094
63,963,3,1,0.088,127.71814727783203
92,1267,2,2,0.132,128.75852966308594
28,1684,0,1,0.088,128.9779815673828
83,136,0,2,0.132,127.1736831665039
10,656,2,2,0.04537216798683491,123.82403564453125
52,1007,3,2,0.132,108.70890045166016
83,958,0,0,0.154,
67,910,0,2,0.018760545614493473,130.3446502685547
22,724,0,1,0.088,143.16934204101562
71,1779,3,1,0.088,134.48866271972656
59,1215,2,2,0.132,139.73147583007812
92,1595,0,2,0.132,128.255615234375
59,1740,1,1,0.088,141.69007873535156
113,1182,0,1,0.088,125.72270202636719
24,1044,3,2,0.132,108.1099624633789
48,976,1,1,0.005302580315569877,132.54937744140625
48,1145,0,0,0.154,124.71138763427734
43,90,0,2,0.132,125.09671020507812
32,903,1,1,0.088,124.1725845336914
52,686,2,2,0.132,113.4040756225586
16,1711,2,2,0.132,138.2382049560547
105,165,3,1,0.088,133.09605407714844
53,253,3,2,0.01612052495940386,134.63729858398438
36,1693,1,3,0.02512448080411117,122.92398071289062
82,595,2,1,0.088,135.68536376953125
61,793,3,1,0.088,133.64122009277344
52,1435,3,1,0.088,123.98721313476562
23,1885,0,1,0.088,108.67815399169922
82,1839,1,1,0.088,138.54345703125
54,1602,3,2,0.07818027585208076,139.63534545898438
16,794,3,2,0.132,143.50582885742188
46,479,1,1,0.04232262532122813,124.84027099609375
48,924,3,2,0.07877251156084486,130.04832458496094
42,1467,0,2,0.132,128.49769592285156
51,529,3,2,0.132,120.22915649414062
52,383,1,1,0.088,119.4293212890625
28,1426,3,2,0.132,128.86752319335938
32,1031,3,1,0.088,131.99227905273438
43,1117,1,1,0.088,123.52989959716797
28,319,3,3,0.154,106.76277923583984
67,1315,2,1,0.088,123.85943603515625
113,141,0,2,0.132,125.1288833618164
97,798,3,1,0.07215113765491321,127.44629669189453
52,868,0,3,0.1,115.0723876953125
91,479,0,1,0.088,128.14324951171875
102,282,2,2,0.06987855813441407,137.45289611816406
52,1338,1,3,0.151861486124818,113.72921752929688
110,430,2,0,0.154,113.60810852050781
51,232,2,3,0.006743101865741619,120.64192199707031
18,971,0,2,0.015248377985923545,125.7221450805664
14,911,0,1,0.088,137.05120849609375
112,1512,0,2,0.132,121.16969299316406
74,380,0,2,0.132,136.81973266601562
0,1284,3,3,0.1,118.5784912109375
77,1286,3,3,0.035202370301636976,117.00041198730469
92,99,0,2,0.021630161237810697,129.5775909423828
62,90,2,3,0.09115082047173503,118.29218292236328
46,1228,0,3,0.01200000000000001,124.1894760131836
32,397,0,0,0.154,125.86174011230469
82,1536,3,1,0.088,133.4152374267578
63,1942,3,0,0.031432488106249976,123.3375473022461
63,182,2,2,0.132,127.56768798828125
77,1981,0,2,0.132,120.03325653076172
95,273,1,2,0.09216927437358391,130.6475372314453
52,621,3,1,0.088,121.15032196044922
105,253,0,1,0.025049007278266172,139.690185546875
67,1415,2,2,0.02281878951997196,102.67819213867188
52,1243,2,1,0.088,114.40888977050781
42,156,3,3,0.09545462154110199,124.04914093017578
52,831,3,2,0.132,119.42169952392578
15,819,0,3,0.1,130.83843994140625
107,223,1,1,0.088,123.76400756835938
62,888,1,3,0.1,119.53306579589844
8,390,2,1,0.088,127.74393463134766
92,2006,1,1,0.088,128.3962860107422
89,489,1,1,0.088,143.8390350341797
52,894,3,2,0.132,119.27938079833984
13,152,0,3,0.059982031600779945,123.4758071899414
44,1667,0,1,0.088,137.72528076171875
52,651,2,2,0.132,110.28583526611328
32,396,1,3,0.154,125.75038146972656
97,1553,0,2,0.132,129.82797241210938
93,1876,3,2,0.132,116.03050994873047
62,1594,0,3,0.154,119.08078002929688
33,1130,0,0,0.02665364462621926,115.8238754272461
103,1950,3,2,0.0933383156052695,142.43560791015625
24,272,3,1,0.088,127.48859405517578
52,482,0,2,0.132,114.0463638305664
56,116,0,1,0.088,121.9650650024414
4,1621,2,2,0.132,123.49068450927734
87,522,0,1,0.088,136.78665161132812
82,100,3,1,0.04629982067499737,131.85594177246094
59,755,3,2,0.0076964745358565345,145.277587890625
46,135,3,2,0.132,125.76868438720703
12,1130,3,2,0.03162067811913771,110.87495422363281
16,1647,3,1,0.088,140.54019165039062
73,1444,1,3,0.036,
36,1286,1,0,0.10934499233785841,121.3650131225586
58,478,0,2,0.132,126.62586975097656
42,282,3,2,0.132,127.84058380126953
19,189,3,2,0.132,134.4525146484375
113,1656,1,0,0.15192581796039628,101.03799438476562
3,500,0,1,0.088,145.1448974609375
52,800,2,1,0.088,115.9950942993164
97,97,2,1,0.088,129.30189514160156
4,166,2,1,0.088,120.56815338134766
4,68,2,3,0.154,118.3462905883789
48,782,1,1,0.088,130.6522979736328
28,347,3,3,0.154,110.48572540283203
89,1546,1,3,0.1,142.28213500976562
52,620,1,1,0.088,116.02381134033203
39,80,0,3,0.154,122.96955871582031
93,289,1,2,0.12442985757118386,115.07907104492188
71,1812,1,3,0.154,132.73162841796875
105,179,1,2,0.132,131.32786560058594
92,1892,0,1,0.088,130.66262817382812
52,1465,2,3,0.154,110.89873504638672
89,1731,0,1,0.088,148.8513641357422
87,1554,3,1,0.088,136.0597381591797
77,782,3,1,0.002939115161190109,120.7154769897461
14,487,0,2,0.132,137.53363037109375
7,1991,0,3,0.1,133.53944396972656
85,1747,1,2,0.132,113.83522033691406
30,751,0,2,0.07779026772765618,128.67689514160156
27,18,0,3,0.154,115.63247680664062
24,619,2,3,0.154,121.34288787841797
23,938,0,3,0.154,113.87184143066406
11,1272,0,2,0.132,135.8681640625
59,1915,2,0,0.154,119.300048828125
3,713,0,2,0.132,155.3379364013672
107,771,3,3,0.15079661399916902,124.8428726196289
74,934,0,3,0.1,134.19151306152344
22,4,3,3,0.01200000000000001,136.390625
77,1442,0,2,0.132,122.13176727294922
34,255,0,3,0.154,112.91914367675781
32,822,0,0,0.154,125.60336303710938
105,1859,2,2,0.132,137.30618286132812
74,865,3,2,0.132,141.00088500976562
15,141,1,2,0.132,132.33380126953125
93,1525,1,2,0.132,115.00581359863281
52,1741,3,1,0.088,114.22257232666016
13,1226,0,1,0.088,120.48226928710938
110,704,3,1,0.088,113.29430389404297
52,637,3,2,0.132,121.20697021484375
100,1573,3,1,0.0038907302163996432,138.5316925048828
88,1734,0,2,0.132,137.91201782226562
21,576,0,2,0.132,
19,1136,0,2,0.132,131.67410278320312
110,661,1,2,0.10801178539444745,115.03720092773438
8,290,3,2,0.132,126.33776092529297
15,5,3,3,0.1,130.68153381347656
30,135,0,2,0.003951229927881439,118.00969696044922
16,263,1,0,0.154,126.58838653564453
24,454,2,1,0.088,101.93009185791016
62,873,0,1,0.088,121.38531494140625
52,1191,0,2,0.132,113.21483612060547
106,1524,1,3,0.09987529936722497,137.2646942138672
97,1967,3,3,0.01200000000000001,129.8330535888672
32,724,0,2,0.132,147.12518310546875
46,1057,3,2,0.132,127.60257720947266
24,619,3,1,0.088,121.34288787841797
62,2031,1,1,0.088,119.36746978759766
89,990,1,1,0.088,145.06959533691406
59,1425,2,1,0.088,141.6996612548828
62,202,3,2,0.132,120.06063079833984
19,930,1,1,0.088,125.40093231201172
52,1074,3,2,0.132,113.91722106933594
13,795,3,2,0.132,124.74412536621094
51,1018,0,1,0.088,
57,16,2,1,0.088,127.61872863769531
97,115,1,2,0.132,129.56483459472656
74,1213,1,1,0.088,132.210205078125
52,927,3,1,0.088,123.58746337890625
52,288,3,3,0.154,108.25174713134766
11,1117,3,0,0.04192972289768346,132.69049072265625
70,699,1,2,0.132,119.8263168334961
61,385,3,3,0.1,133.62326049804688
102,1615,3,1,0.088,138.79168701171875
58,1070,3,2,0.132,125.97569274902344
92,1659,0,2,0.132,129.94183349609375
110,641,2,2,0.132,114.7852783203125
15,1346,0,1,0.088,129.97227478027344
52,1728,0,3,0.09975670064731877,115.09016418457031
93,1506,0,2,0.132,115.3077621459961
93,1944,1,2,0.132,114.08553314208984
33,1008,0,2,0.132,124.98699188232422
48,366,3,1,0.088,134.43142700195312
59,23,3,2,0.132,128.55213928222656
38,1753,3,3,0.154,122.6750259399414
31,705,2,1,0.088,123.20901489257812
27,862,3,1,0.03352613950473621,117.03849792480469
4,569,3,3,0.154,121.78309631347656
29,733,3,1,0.088,124.13726806640625
77,30,3,3,0.154,118.33349609375
16,175,2,3,0.1,132.65737915039062
44,1623,3,2,0.132,137.6455078125
58,810,2,3,0.01200000000000001,126.07738494873047
52,1176,0,0,0.154,112.55447387695312
59,1215,0,1,0.088,139.73147583007812
93,971,0,2,0.11675162201407646,115.72610473632812
24,1014,0,3,0.1,123.14542388916016
26,1371,3,1,0.088,129.1265869140625
61,717,0,0,0.154,133.6162567138672
32,1511,3,1,0.088,129.948974609375
52,2016,1,2,0.132,115.55853271484375
0,609,3,3,0.08943954651892691,118.59825897216797
93,1159,3,3,0.1,115.12866973876953
52,1007,1,1,0.088,108.70890045166016
89,1952,3,1,0.088,145.1626739501953
54,1656,1,0,0.002074182039603717,118.59829711914062
74,1580,3,2,0.058728435265372525,131.71449279785156
70,1688,2,3,0.05453710139938478,117.73856353759766
105,64,2,2,0.132,132.6448211669922
52,1675,2,0,0.154,109.58290100097656
24,493,0,1,0.088,125.33390045166016
53,1313,2,1,0.088,125.87103271484375
52,399,0,1,0.088,118.01366424560547
23,1044,1,2,0.06038510753229076,108.56903839111328
97,1723,2,1,0.007697527547374933,129.4945068359375
112,363,3,1,0.088,120.81670379638672
39,1478,0,2,0.132,139.05508422851562
112,1211,3,3,0.154,117.7302017211914
33,1361,3,1,0.088,129.86859130859375
10,670,0,1,0.07264811858375703,122.95155334472656
52,686,0,1,0.088,113.4040756225586
54,131,2,2,0.132,137.56619262695312
33,992,2,0,0.045108725696604325,116.88877868652344
63,997,1,2,0.1294739606132272,126.32982635498047
15,507,1,3,0.01200000000000001,131.41943359375
102,1127,0,3,0.01200000000000001,137.40521240234375
24,588,0,1,0.088,128.02584838867188
24,1678,0,2,0.09245626077952668,140.42605590820312
36,1363,2,1,0.088,124.69154357910156
8,631,1,3,0.11450026220552689,125.21142578125
51,529,1,1,0.088,120.22915649414062
93,1717,0,2,0.132,116.96266174316406
70,1397,0,3,0.154,119.8997573852539
52,94,3,3,0.154,113.03173828125
83,631,2,2,0.132,121.1939468383789
66,2028,3,2,0.132,131.00221252441406
43,929,3,1,0.06830833908593795,125.62284851074219
52,1610,0,3,0.1,114.71519470214844
74,1362,2,2,0.132,132.97715759277344
110,1816,0,1,0.088,118.36295318603516
37,96,3,3,0.1359022029404698,
0,1284,1,2,0.132,118.5784912109375
10,1883,3,2,0.132,127.12923431396484
92,1324,3,2,0.132,132.34060668945312
6,659,1,3,0.04471493202728499,118.18731689453125
92,1750,1,1,0.088,128.55224609375
19,1721,1,0,0.05606997904242628,124.97254943847656
92,336,2,1,0.088,128.5285186767578
24,1603,3,3,0.01200000000000001,125.0352783203125
26,1313,1,0,0.05965373155939712,121.36239624023438
16,1739,3,3,0.154,130.59495544433594
95,1682,2,2,0.132,135.42185974121094
36,1282,0,2,0.132,124.82917785644531
88,534,1,3,0.1,128.97813415527344
102,1027,1,0,0.1101540696242517,133.94491577148438
52,894,1,1,0.088,119.27938079833984
62,154,1,2,0.132,123.12361145019531
52,1560,3,2,0.132,116.91202545166016
0,900,3,2,0.132,123.0335922241211
99,862,2,3,0.09751238379166297,125.85360717773438
4,166,0,0,0.154,120.56815338134766
24,139,3,1,0.088,103.18280792236328
25,857,2,3,0.154,128.212646484375
51,1745,2,1,0.088,120.2622299194336
77,1286,2,0,0.07613927558214162,117.00041198730469
11,1806,1,1,0.088,140.4302978515625
83,767,1,0,0.003908263367904619,119.13346099853516
113,456,2,3,0.09073249926738294,123.70520782470703
71,1576,3,3,0.154,129.24546813964844
16,1841,0,1,0.088,141.8436279296875
52,1610,2,1,0.088,114.71519470214844
32,960,2,1,0.088,129.90234375
24,697,3,3,0.12332838878306476,122.86732482910156
112,152,3,3,0.05085405786970959,117.5167236328125
6,1704,0,0,0.07093955394367901,114.21353149414062
34,1271,3,0,0.154,112.84639739990234
68,231,1,2,0.132,139.82000732421875
62,1625,3,2,0.132,119.21498107910156
105,1152,3,0,0.154,132.8730010986328
74,273,3,1,0.088,135.316162109375
3,1193,3,3,0.1,147.61444091796875
48,294,2,2,0.132,133.60263061523438
97,320,1,2,0.132,131.20266723632812
4,68,0,2,0.132,118.3462905883789
16,1491,3,2,0.132,138.94540405273438
36,1078,3,2,0.09477727560935201,123.63127899169922
82,1536,0,1,0.088,133.4152374267578
63,650,0,3,0.154,126.59700012207031
109,1704,1,0,0.05200325876149295,108.84254455566406
10,1298,0,3,0.010423686113664815,124.47056579589844
8,369,2,3,0.1,125.75128936767578
20,755,1,2,0.03344021618210291,140.11990356445312
32,1530,3,2,0.132,131.4494171142578
30,1130,3,3,0.014497716561502921,106.7188491821289
32,396,0,0,0.154,125.75038146972656
48,801,3,2,0.132,132.2356719970703
52,702,0,1,0.088,119.75944519042969
38,42,3,1,0.088,128.00514221191406
32,379,0,2,0.132,131.42428588867188
28,1303,3,2,0.132,125.78490447998047
16,1620,3,3,0.154,124.46698760986328
24,450,1,3,0.1,124.02645111083984
73,1444,0,0,0.063,
1,1942,0,1,0.088,123.48729705810547
32,1304,0,3,0.154,127.64800262451172
95,2004,3,2,0.054925485152582165,127.45075225830078
82,1269,3,1,0.088,134.21908569335938
33,348,3,3,0.09526196948779789,115.67303466796875
71,898,0,2,0.132,136.22947692871094
52,1641,2,3,0.154,112.84413146972656
26,1950,3,2,0.0386616843947305,130.5976104736328
59,2026,2,1,0.088,125.88616180419922
48,1568,0,3,0.01200000000000001,131.47488403320312
15,521,3,0,0.0794713859585581,128.21112060546875
8,656,2,2,0.0411822257839663,125.69976043701172
69,1460,3,2,0.11234116840093866,138.9309844970703
42,1080,3,2,0.132,126.8885726928711
51,456,3,2,0.132,121.81966400146484
8,1327,3,1,0.088,129.27008056640625
22,1575,0,2,0.132,150.48204040527344
61,1723,1,3,0.05613467665332422,133.6435089111328
52,2032,2,1,0.088,117.62117767333984
44,1800,2,1,0.088,137.5310821533203
52,1167,2,1,0.088,116.4385986328125
92,17,3,1,0.088,128.3962860107422
83,1407,3,2,0.132,128.44703674316406
24,86,0,0,0.031873383091752305,115.66881561279297
85,348,0,2,0.132,113.74468994140625
11,1113,2,2,0.015047266228733314,135.55572509765625
24,450,2,1,0.088,124.02645111083984
57,860,3,2,0.07522162545126665,128.44082641601562
24,1510,3,1,0.088,125.95013427734375
16,1151,1,2,0.132,142.51524353027344
107,230,2,0,0.09101725819576562,122.51870727539062
89,951,2,2,0.132,144.8352508544922
32,1626,2,3,0.154,125.75038146972656
58,1363,3,3,0.1,125.68418884277344
10,632,2,2,0.132,123.63431549072266
43,505,1,3,0.09952563004846568,121.37511444091797
79,541,0,3,0.1,145.7310028076172
59,1452,3,2,0.132,145.51007080078125
15,340,1,2,0.059740492607101014,131.92686462402344
59,739,1,2,0.132,145.81541442871094
0,1579,2,2,0.132,120.5157470703125
52,288,1,2,0.132,108.25174713134766
3,628,0,2,0.132,148.63876342773438
57,1254,3,0,0.13729845656149736,123.23664093017578
16,575,3,1,0.088,130.64926147460938
43,147,0,2,0.132,123.61209106445312
61,385,1,2,0.132,133.62326049804688
29,72,1,1,0.014846384721733746,124.69908905029297
107,1961,0,1,0.088,125.36363983154297
107,152,2,0,0.154,123.06675720214844
110,641,0,1,0.088,114.7852783203125
16,558,3,3,0.154,130.5614013671875
92,852,2,2,0.132,128.0980682373047
15,1370,1,2,0.132,133.263671875
44,1623,1,1,0.088,137.6455078125
106,1524,0,0,0.08970915437209202,137.2646942138672
4,1027,0,3,0.024799393146893667,120.92668151855469
97,534,1,2,0.132,129.44595336914062
13,1721,2,1,0.088,124.41230010986328
68,194,3,2,0.132,140.58995056152344
25,1883,1,1,0.088,140.6534423828125
53,1460,0,2,0.09576645470632433,138.06039428710938
43,423,1,0,0.154,120.51534271240234
16,974,0,2,0.132,155.06600952148438
97,528,3,1,0.088,129.3751678466797
85,2003,0,2,0.132,121.20520782470703
52,1021,1,3,0.1,113.99590301513672
32,1901,2,3,0.12522592169976657,127.85045623779297
89,23,1,3,0.05396895975774657,132.31385803222656
74,1580,1,1,0.088,131.71449279785156
70,722,0,3,0.06945125913573927,118.48468017578125
62,1246,0,1,0.088,121.61526489257812
52,288,2,0,0.154,108.25174713134766
37,182,1,1,0.04940306892459795,127.81034088134766
68,1500,1,1,0.088,131.91673278808594
52,1543,2,3,0.1,114.68257904052734
32,1292,0,1,0.088,130.76148986816406
30,298,3,2,0.132,115.61144256591797
8,1501,3,1,0.088,125.69976043701172
89,86,1,3,0.11095523256835499,132.24154663085938
49,1463,0,2,0.132,118.07513427734375
0,574,3,1,0.088,120.28347778320312
36,43,0,0,0.00993825186598335,122.37911224365234
24,448,3,1,0.05876780929390968,124.11146545410156
38,1463,2,1,0.088,123.50113677978516
16,464,2,1,0.088,133.3541717529297
70,248,3,2,0.132,121.21420288085938
63,417,2,3,0.04977311090934547,125.13983154296875
38,1753,2,0,0.07142720565548466,122.6750259399414
44,792,1,3,0.1,137.5310821533203
52,710,1,2,0.07378388013809278,116.77137756347656
25,1537,1,2,0.132,142.23654174804688
84,1130,1,1,0.009316981110676636,110.85670471191406
11,378,2,2,0.132,138.10166931152344
103,854,3,1,0.088,134.9759063720703
91,1526,3,2,0.03900791980444612,126.90571594238281
61,1330,0,2,0.132,141.5262451171875
34,1616,0,2,0.132,124.25190734863281
94,1855,0,1,0.088,130.75668334960938
31,490,3,2,0.017914993349118724,123.93736267089844
77,1693,0,2,0.132,118.93521881103516
52,579,2,1,0.088,118.21285247802734
3,1713,2,1,0.088,147.02337646484375
97,21,3,3,0.01200000000000001,129.90463256835938
59,1255,3,2,0.132,123.40805053710938
112,1211,1,2,0.132,117.7302017211914
14,537,3,2,0.132,137.92333984375
58,790,1,2,0.132,127.84870910644531
24,1918,2,3,0.154,122.43537139892578
83,1537,3,2,0.06212223803747413,127.47322082519531
52,94,1,2,0.132,113.03173828125
69,1540,2,0,0.02323362243054447,129.03858947753906
77,1363,3,1,0.027915456588519738,120.9373779296875
0,53,1,2,0.132,118.97344207763672
89,445,1,3,0.1,141.5133819580078
82,1839,3,1,0.088,138.54345703125
74,1999,1,1,0.088,132.97715759277344
24,904,3,2,0.132,128.63856506347656
24,1398,0,1,0.088,127.61131286621094
105,1052,3,1,0.06875921973281462,130.897705078125
112,629,3,3,0.154,116.9473648071289
15,600,3,1,0.088,133.11282348632812
92,1100,1,2,0.132,127.44430541992188
70,348,1,0,0.154,116.32640075683594
94,1590,0,2,0.07702405302745907,138.20809936523438
34,615,3,1,0.088,125.21662902832031
95,80,2,3,0.03537345558091334,128.11839294433594
20,495,0,1,0.0657481723726371,143.80772399902344
39,313,3,2,0.043355224384957924,131.6964569091797
66,1399,0,1,0.088,132.9351806640625
52,539,3,3,0.1,114.0257797241211
110,43,3,3,0.154,115.72345733642578
102,1023,0,2,0.132,136.52035522460938
102,1467,1,2,0.132,137.88986206054688
57,423,3,0,0.044075022310302664,122.79816436767578
3,1534,2,1,0.088,150.27642822265625
59,687,0,1,0.088,129.9551239013672
30,859,0,1,0.088,117.45056915283203
89,254,1,1,0.088,140.8763427734375
112,152,1,2,0.04306626742130737,117.5167236328125
99,1277,3,2,0.132,135.26292419433594
89,489,3,1,0.088,143.8390350341797
88,14,0,2,0.132,133.44287109375
110,1953,0,2,0.132,118.5645523071289
102,453,2,1,0.088,
92,1616,3,0,0.154,126.18171691894531
3,1193,1,2,0.132,147.61444091796875
62,1594,2,3,0.154,119.08078002929688
62,903,1,0,0.154,114.58219146728516
62,1058,3,2,0.132,122.56578063964844
77,1849,2,3,0.154,116.3369369506836
93,374,3,1,0.088,120.01189422607422
82,766,0,3,0.154,130.58534240722656
24,843,1,1,0.088,126.95185089111328
103,559,0,1,0.088,142.81356811523438
0,258,3,1,0.088,117.33564758300781
63,126,2,2,0.10846538609919304,128.8238067626953
59,1576,3,2,0.132,136.9058074951172
91,1414,0,2,0.132,128.8017120361328
87,1145,0,2,0.132,125.43084716796875
85,401,1,1,0.06362415470081972,113.93543243408203
16,914,2,2,0.132,138.77146911621094
28,1303,1,1,0.088,125.78490447998047
63,1699,3,3,0.154,126.42735290527344
32,486,1,2,0.132,130.81932067871094
89,34,2,3,0.154,131.45555114746094
71,1378,0,2,0.132,146.09010314941406
52,271,1,1,0.088,117.34913635253906
18,171,1,2,0.132,128.98101806640625
10,9,0,1,0.088,126.60453796386719
23,581,3,0,0.154,109.01860809326172
57,1790,0,2,0.132,126.96075439453125
115,1223,1,1,0.088,126.63390350341797
6,1875,0,2,0.132,127.27973175048828
106,44,3,2,0.11495067698554762,137.32847595214844
105,1423,2,2,0.132,141.85899353027344
71,1576,2,0,0.154,129.24546813964844
115,1203,1,3,0.1,124.8984375
83,670,3,3,0.023936962365105285,121.12739562988281
88,798,0,0,0.06801964264746152,127.45391082763672
8,39,3,1,0.088,129.86111450195312
109,1130,0,0,0.05792953300375976,111.07571411132812
82,1411,2,2,0.132,134.3938446044922
43,1254,0,3,0.154,121.11101531982422
32,145,0,3,0.154,126.53097534179688
113,1201,2,2,0.132,124.94883728027344
91,546,3,1,0.054533655898976185,128.4584503173828
3,1562,2,1,0.088,148.0016326904297
66,997,1,3,0.154,124.7254867553711
52,1641,0,2,0.132,112.84413146972656
103,169,1,3,0.154,134.49481201171875
74,1262,2,1,0.088,132.89044189453125
52,484,1,2,0.132,116.0594253540039
33,910,3,2,0.132,124.88729858398438
62,1203,0,2,0.132,119.71988677978516
32,334,2,1,0.088,128.88758850097656
59,473,0,3,0.154,127.71610260009766
16,1715,1,2,0.132,131.66139221191406
42,911,2,2,0.132,129.57089233398438
16,353,0,1,0.088,132.96995544433594
87,1172,0,1,0.05770489154281225,129.39439392089844
32,889,2,2,0.132,129.6898651123047
91,777,0,0,0.154,122.40092468261719
57,1117,0,3,0.154,125.15880584716797
23,306,2,2,0.132,108.73906707763672
3,946,2,1,0.088,149.28436279296875
112,1512,2,2,0.132,121.16969299316406
33,1039,3,3,0.154,120.8282241821289
77,1257,3,2,0.132,119.83209991455078
92,99,2,2,0.132,129.5775909423828
82,501,1,2,0.132,139.3131561279297
16,1620,2,0,0.154,124.46698760986328
56,18,0,0,0.154,120.46205139160156
93,730,1,2,0.132,113.01606750488281
71,1183,3,2,0.132,135.33660888671875
8,1797,0,3,0.154,125.26116943359375
59,1076,2,1,0.088,135.93972778320312
74,1005,1,2,0.132,136.4075164794922
38,1473,1,1,0.002358453649389275,127.89766693115234
16,98,3,2,0.132,129.21205139160156
110,430,2,3,0.048117459381224637,113.60810852050781
4,1573,0,3,0.154,122.0376205444336
39,1136,3,1,0.088,127.41783142089844
52,1098,1,2,0.132,117.78250122070312
18,1299,0,2,0.132,125.17724609375
85,1052,1,3,0.1330284229757008,115.4173812866211
89,560,1,1,0.088,144.40081787109375
24,1263,2,1,0.088,124.50358581542969
87,1022,2,3,0.154,129.40524291992188
71,788,3,1,0.088,137.59716796875
33,1287,3,2,0.132,130.462158203125
52,1689,0,1,0.088,114.96037292480469
62,1043,1,3,0.1,119.8760757446289
19,931,1,1,0.021191864487261958,128.88540649414062
93,1582,0,1,0.088,124.49070739746094
49,289,0,1,0.088,118.84794616699219
46,771,3,3,0.0032033860008309767,122.0935287475586
24,1974,3,2,0.132,123.4227523803711
23,1428,1,2,0.132,126.58661651611328
46,502,0,2,0.132,131.33058166503906
32,903,2,2,0.132,124.1725845336914
95,1646,1,2,0.132,135.58953857421875
32,1626,1,0,0.12920948095974685,125.75038146972656
48,1789,1,2,0.07888509626792262,134.11978149414062
52,1391,1,1,0.088,111.52420806884766
99,922,2,1,0.088,
49,1607,1,2,0.132,123.89335632324219
16,1220,2,2,0.132,140.44944763183594
11,378,0,1,0.088,138.10166931152344
15,1412,2,1,0.088,132.0360565185547
92,1485,1,2,0.132,128.9812774658203
16,558,2,0,0.05738741039955017,130.5614013671875
89,1076,2,3,0.154,139.35000610351562
89,1546,3,3,0.1,142.28213500976562
85,511,3,2,0.132,116.2116470336914
24,475,3,2,0.132,124.61547088623047
24,998,2,2,0.132,128.33494567871094
59,1255,1,1,0.088,123.40805053710938
29,1814,2,3,0.04350548569252061,118.74163055419922
8,1975,1,2,0.132,127.71907043457031
36,1286,1,3,0.154,121.3650131225586
24,1918,0,2,0.132,122.43537139892578
19,1433,3,1,0.088,130.14935302734375
23,47,0,2,0.132,102.72364807128906
63,1688,1,0,0.154,123.13948822021484
88,1347,1,1,0.02192024612790877,129.99176025390625
33,78,3,1,0.088,127.87297821044922
32,397,1,1,0.088,125.86174011230469
75,862,3,0,0.06327905638470045,123.18672943115234
89,23,0,0,0.154,132.31385803222656
82,334,2,0,0.0874025785498827,129.0450439453125
105,253,1,2,0.132,139.690185546875
97,21,1,2,0.132,129.90463256835938
84,401,3,1,0.07187680384985692,110.9894027709961
3,1199,3,2,0.132,149.8568115234375
52,807,1,1,0.088,118.78688049316406
115,1254,2,0,0.07734749383447785,121.09066009521484
33,1422,2,2,0.09593584679482312,125.82379913330078
42,537,1,2,0.132,130.4552001953125
95,738,0,1,0.088,134.23291015625
49,58,2,1,0.088,121.95406341552734
59,1915,2,3,0.154,119.300048828125
75,862,1,3,0.054028100408337,123.18672943115234
24,1147,2,1,0.088,122.84561157226562
113,1951,1,1,0.088,125.44709777832031
16,1851,1,2,0.132,138.11293029785156
52,651,3,3,0.154,110.28583526611328
12,1704,3,2,0.132,108.27947235107422
49,591,3,1,0.088,122.65939331054688
92,989,3,1,0.088,128.71408081054688
58,1754,3,2,0.132,128.6319580078125
100,713,3,2,0.020958257914577533,151.6299285888672
16,1545,3,2,0.03734767247910814,124.85896301269531
89,1103,2,2,0.132,143.0882568359375
102,741,0,3,0.1,136.46253967285156
106,1062,2,2,0.132,141.06048583984375
52,512,2,1,0.088,117.43138885498047
46,1622,0,2,0.132,131.6309814453125
80,854,0,1,0.010594455062973213,103.67593383789062
34,255,3,1,0.088,112.91914367675781
16,67,0,2,0.132,138.2030792236328
16,263,1,3,0.154,126.58838653564453
103,419,3,1,0.088,140.38217163085938
24,460,3,0,0.05803614923274841,105.09680938720703
3,1367,0,1,0.088,148.56736755371094
113,1656,2,1,0.088,101.03799438476562
87,1849,3,2,0.04521368449396135,128.9793701171875
3,260,0,2,0.132,144.91055297851562
112,921,3,1,0.088,121.8759536743164
24,1566,2,1,0.088,125.20452880859375
48,440,0,2,0.132,138.4678497314453
54,1096,3,1,0.088,140.50599670410156
7,1991,3,1,0.053234594400320745,133.53944396972656
32,100,3,1,0.041700179325002626,132.20623779296875
54,356,0,3,0.078399504095618,135.47239685058594
103,953,0,1,0.088,144.8365478515625
68,973,0,2,0.12863481804142213,135.23977661132812
97,460,1,0,0.154,114.92618560791016
88,1669,2,1,0.03384656310619796,129.11048889160156
43,1540,1,3,0.05338412144445054,121.15424346923828
52,1937,2,2,0.132,113.63845825195312
62,896,0,2,0.0821857732829373,118.58523559570312
16,1972,2,3,0.154,131.34901428222656
82,710,0,1,0.088,132.67506408691406
112,629,2,0,0.1171542361950732,116.9473648071289
107,1340,2,2,0.132,123.97386169433594
10,545,1,3,0.019109553567903226,124.37067413330078
16,1400,2,2,0.132,131.7113037109375
24,1415,3,2,0.132,97.89253997802734
24,454,3,2,0.132,101.93009185791016
113,1770,1,2,0.132,126.32394409179688
8,1235,3,2,0.132,128.80894470214844
16,1697,3,1,0.088,140.31817626953125
62,553,2,0,0.1218083140766785,117.87826538085938
61,1408,0,2,0.132,135.23831176757812
7,1723,0,1,0.04531411993207879,133.57383728027344
63,1699,1,2,0.132,126.42735290527344
28,1444,2,2,0.132,125.94300079345703
52,980,3,0,0.0849756873274739,112.97105407714844
33,1155,1,2,0.132,127.78056335449219
44,164,2,3,0.1,137.21603393554688
52,1402,2,2,0.132,118.49024200439453
44,786,1,3,0.01200000000000001,138.05804443359375
42,1181,2,1,0.088,128.63478088378906
52,1768,0,2,0.132,116.28379821777344
52,1728,3,1,0.088,115.09016418457031
110,1427,3,0,0.154,114.03286743164062
106,444,0,2,0.132,140.1685028076172
106,1238,1,2,0.00821773010554766,139.05491638183594
95,341,0,3,0.1,129.8577117919922
14,83,0,2,0.132,138.9224853515625
32,249,3,0,0.154,124.26079559326172
51,1018,1,2,0.132,
24,186,0,2,0.132,128.54954528808594
28,206,3,2,0.132,108.41876220703125
19,462,0,1,0.088,135.62139892578125
52,1176,0,3,0.154,112.55447387695312
48,1969,0,1,0.088,132.56336975097656
3,15,0,1,0.088,144.45852661132812
11,159,1,2,0.132,140.83978271484375
93,781,3,3,0.1,115.86947631835938
20,755,3,2,0.12430352546414347,140.11990356445312
61,717,0,3,0.1,133.6162567138672
62,1490,2,2,0.132,118.7197265625
28,1936,0,1,0.088,109.49082946777344
28,1298,3,1,0.088,125.75482177734375
89,990,2,2,0.132,145.06959533691406
89,1189,0,2,0.02849645506110071,146.95565795898438
59,1410,2,2,0.0005091854158569831,150.5833282470703
24,1648,2,1,0.088,123.50054168701172
77,1849,1,0,0.154,116.3369369506836
107,994,2,3,0.154,124.20215606689453
105,1423,0,1,0.088,141.85899353027344
31,499,3,3,0.017844184103371408,122.70281219482422
82,1333,0,1,0.088,134.64002990722656
52,1675,2,3,0.154,109.58290100097656
83,670,1,2,0.132,121.12739562988281
52,980,1,3,0.154,112.97105407714844
3,1380,0,2,0.132,150.60272216796875
3,614,1,1,0.088,144.80352783203125
4,748,3,2,0.132,123.77698516845703
102,1144,2,1,0.088,138.52903747558594
15,1346,1,2,0.132,129.97227478027344
92,284,3,2,0.09960639052595821,130.3267364501953
32,853,1,2,0.132,129.7819061279297
74,1909,0,2,0.132,137.8917694091797
63,963,2,1,0.088,127.71814727783203
33,910,1,1,0.088,124.88729858398438
92,1267,1,2,0.132,128.75852966308594
33,474,2,1,0.088,121.36383056640625
10,656,1,2,0.03925182083864104,123.82403564453125
33,299,0,1,0.088,124.50776672363281
58,1743,3,0,0.154,123.26072692871094
22,1560,3,3,0.08671993356274257,136.2048797607422
52,586,3,2,0.132,115.30518341064453
52,1675,3,1,0.088,109.58290100097656
59,1215,1,2,0.132,139.73147583007812
25,174,3,2,0.132,144.17628479003906
53,1313,3,2,0.132,125.87103271484375
14,155,3,3,0.1,133.36865234375
24,1044,2,2,0.0814677497477091,108.1099624633789
87,356,1,3,0.01874417885022442,129.4069061279297
0,1700,3,2,0.132,123.50120544433594
32,903,0,1,0.088,124.1725845336914
59,1933,1,0,0.154,114.03936004638672
52,1007,2,2,0.132,108.70890045166016
105,165,2,1,0.088,133.09605407714844
82,595,1,1,0.088,135.68536376953125
61,793,2,1,0.088,133.64122009277344
3,1406,3,1,0.088,150.809814453125
36,1256,0,1,0.088,127.87078857421875
19,1721,1,3,0.13390859653669437,124.97254943847656
52,383,0,1,0.088,119.4293212890625
24,1974,1,1,0.088,123.4227523803711
66,217,0,1,0.088,134.20632934570312
82,22,3,0,0.04837908732399271,129.50833129882812
105,72,1,1,0.0544651027083454,139.81045532226562
52,686,1,2,0.132,113.4040756225586
15,1942,1,0,0.010509343830001627,126.66761016845703
48,1687,1,2,0.132,131.5557861328125
110,430,1,0,0.154,113.60810852050781
3,1736,3,1,0.088,144.87646484375
19,1692,3,2,0.132,133.19619750976562
9,930,3,1,0.052420786748688775,123.63986206054688
51,232,1,3,0.00885125826574168,120.64192199707031
16,1220,0,1,0.088,140.44944763183594
62,90,1,3,0.08254274652195942,118.29218292236328
82,22,1,3,0.154,129.50833129882812
18,1108,3,1,0.088,129.92332458496094
82,1536,2,1,0.088,133.4152374267578
107,931,1,2,0.132,127.91968536376953
95,273,0,2,0.132,130.6475372314453
24,475,1,1,0.088,124.61547088623047
83,631,3,3,0.012379582150064627,121.1939468383789
34,1271,3,3,0.154,112.84639739990234
52,1243,1,1,0.088,114.40888977050781
105,1152,3,3,0.154,132.8730010986328
74,1362,3,3,0.154,132.97715759277344
15,1729,3,2,0.132,131.79469299316406
24,1782,0,1,0.0824305155953371,122.35279083251953
71,817,2,2,0.132,142.26805114746094
52,651,1,2,0.132,110.28583526611328
10,116,3,0,0.06062279529440663,121.49310302734375
16,443,0,2,0.132,151.23487854003906
32,396,0,3,0.154,125.75038146972656
36,1001,2,2,0.132,126.90464782714844
4,2020,3,1,0.088,122.33370208740234
24,272,2,1,0.088,127.48859405517578
112,1114,3,1,0.088,121.93586730957031
61,11,3,2,0.132,135.0902099609375
42,1396,3,1,0.088,124.87837982177734
82,100,2,1,0.088,131.85594177246094
46,135,2,2,0.132,125.76868438720703
44,792,3,3,0.1,137.5310821533203
33,1459,2,2,0.132,123.2021255493164
62,1605,2,1,0.088,122.32852172851562
56,1651,3,2,0.11682794805789765,124.82999420166016
18,1384,3,2,0.132,123.27808380126953
26,1305,3,1,0.088,128.8404083251953
46,190,0,1,0.088,127.7659683227539
8,390,1,1,0.088,127.74393463134766
92,2006,0,1,0.088,128.3962860107422
49,730,2,2,0.09504993550599872,116.5448226928711
102,163,1,2,0.132,142.00946044921875
113,1656,0,0,0.154,101.03799438476562
14,1396,1,3,0.1,133.37049865722656
89,841,2,1,0.088,142.83399963378906
26,72,3,1,0.08232847496992085,126.94015502929688
4,166,1,1,0.088,120.56815338134766
106,1062,0,1,0.088,141.06048583984375
32,1304,3,1,0.088,127.64800262451172
16,1151,3,2,0.132,142.51524353027344
52,620,0,1,0.088,116.02381134033203
97,1023,1,3,0.1,129.34376525878906
70,985,1,3,0.154,119.03323364257812
52,1610,3,2,0.132,114.71519470214844
87,1540,0,0,0.030616886729455506,125.66931915283203
97,1691,2,2,0.06631459277971608,133.75352478027344
17,1607,0,2,0.132,132.5178680419922
42,866,3,1,0.088,127.86517333984375
31,1782,1,1,0.041262462545802514,120.04502868652344
34,263,3,1,0.024963560391780742,114.9588394165039
59,885,3,1,0.088,138.8170623779297
18,505,2,3,0.053478620301309926,117.46376037597656
42,282,2,2,0.062121441865585936,127.84058380126953
58,1282,1,1,0.07998108296781381,125.79914093017578
46,1372,0,2,0.132,132.4490509033203
24,619,1,3,0.154,121.34288787841797
107,771,2,3,0.154,124.8428726196289
105,1859,1,2,0.132,137.30618286132812
93,1525,0,2,0.132,115.00581359863281
52,1710,0,2,0.132,120.54310607910156
52,1741,2,1,0.088,114.22257232666016
52,1937,0,1,0.088,113.63845825195312
9,629,0,0,0.034767898447748635,121.86211395263672
95,1635,3,2,0.11581774223494612,137.59506225585938
110,704,2,1,0.088,113.29430389404297
49,1926,0,3,0.154,116.87115478515625
57,16,0,3,0.0969570107050313,127.61872863769531
52,833,0,2,0.132,111.75553131103516
31,1174,3,2,0.132,116.35623931884766
110,661,0,2,0.132,115.03720092773438
8,290,2,2,0.06106470020430016,126.33776092529297
15,5,2,3,0.1,130.68153381347656
52,1561,1,1,0.088,116.0399169921875
16,263,0,0,0.07120562332158378,126.58838653564453
107,152,2,3,0.033497650280203226,123.06675720214844
24,454,1,1,0.088,101.93009185791016
115,1141,3,2,0.132,128.27146911621094
74,587,3,1,0.088,136.9042510986328
14,233,3,1,0.088,139.0535430908203
97,1967,2,3,0.01200000000000001,129.8330535888672
17,1489,3,1,0.088,133.46987915039062
48,1669,0,2,0.0008160800306047378,131.6627655029297
5,164,0,3,0.007186954647022464,136.124267578125
28,1444,0,1,0.088,125.94300079345703
62,19,1,2,0.132,127.2640380859375
74,865,2,2,0.04128971336480239,141.00088500976562
89,86,3,3,0.021209811768354958,132.24154663085938
89,1914,3,2,0.132,148.59617614746094
93,781,1,2,0.132,115.86947631835938
89,313,3,2,0.08864477561504208,149.27333068847656
16,284,3,1,0.012319899122028771,140.48529052734375
43,423,1,3,0.154,120.51534271240234
102,648,1,3,0.1,135.5665283203125
97,1222,0,1,0.088,132.78741455078125
89,990,0,1,0.088,145.06959533691406
59,1425,1,1,0.088,141.6996612548828
62,202,2,2,0.132,120.06063079833984
113,1627,3,3,0.154,123.12427520751953
97,115,0,2,0.132,129.56483459472656
74,1213,0,1,0.088,132.210205078125
28,206,1,1,0.088,108.41876220703125
68,1308,2,1,0.04042850061876707,135.2805633544922
52,288,2,3,0.154,108.25174713134766
112,93,1,2,0.132,121.39998626708984
85,1149,3,2,0.132,115.0046615600586
25,1537,3,2,0.06987776196252588,142.23654174804688
32,1105,3,2,0.132,123.23688507080078
16,1106,1,2,0.132,136.03997802734375
71,1237,3,2,0.132,142.54266357421875
52,877,2,0,0.154,110.40229034423828
110,1693,3,2,0.10522662907444713,116.7196044921875
97,1085,3,3,0.1,129.2913818359375
38,1753,2,3,0.1281373548444236,122.6750259399414
31,705,1,1,0.088,123.20901489257812
70,511,0,2,0.02250686161381993,118.5927734375
95,141,0,3,0.01200000000000001,130.43479919433594
18,2024,1,1,0.03596904218321689,119.85236358642578
24,991,1,2,0.132,124.64872741699219
77,1759,1,2,0.132,118.9220199584961
8,370,0,2,0.132,139.80104064941406
77,30,2,3,0.154,118.33349609375
71,845,3,1,0.088,136.5570831298828
3,1515,3,1,0.088,150.95675659179688
24,607,0,1,0.088,122.91295623779297
44,1623,2,2,0.132,137.6455078125
6,2004,3,3,0.05362641271180463,120.88168334960938
69,1540,2,3,0.10524234200577387,129.03858947753906
107,1470,0,1,0.088,125.55044555664062
7,1273,0,1,0.088,133.5742645263672
52,1579,0,2,0.132,125.20802307128906
0,1162,1,3,0.062087211314540675,118.20516204833984
18,737,0,2,0.10142717185312716,130.35581970214844
32,1511,2,1,0.088,129.948974609375
52,1007,0,1,0.088,108.70890045166016
29,733,2,1,0.07326825454557762,124.13726806640625
52,1675,1,0,0.154,109.58290100097656
53,1313,1,1,0.088,125.87103271484375
91,2003,2,1,0.088,122.52047729492188
23,1044,0,2,0.02425074593229093,108.56903839111328
62,797,3,3,0.1,120.64683532714844
67,1840,3,3,0.1,126.37908935546875
52,1766,3,0,0.154,111.18428039550781
59,687,2,1,0.088,129.9551239013672
91,1032,3,2,0.132,129.37158203125
74,521,2,0,0.154,131.6038360595703
52,2016,0,2,0.132,115.55853271484375
97,798,0,0,0.08598035735253848,127.44629669189453
53,253,0,1,0.031534813742524676,134.63729858398438
22,239,0,2,0.11175569876455307,147.78231811523438
92,1289,3,3,0.1,127.37828826904297
54,131,1,2,0.132,137.56619262695312
33,992,1,0,0.035078339456604324,116.88877868652344
91,992,3,0,0.12647941759322928,118.83440399169922
52,46,2,2,0.01577264718421212,117.04924774169922
15,507,0,3,0.1,131.41943359375
15,650,2,3,0.154,129.66458129882812
93,636,3,1,0.088,117.3006362915039
95,1549,3,1,0.088,134.6069793701172
52,579,3,2,0.132,118.21285247802734
62,903,3,0,0.06045187510420383,114.58219146728516
36,1363,1,1,0.088,124.69154357910156
51,529,0,1,0.088,120.22915649414062
68,1184,3,1,0.088,132.22494506835938
52,94,2,3,0.154,113.03173828125
83,631,1,2,0.132,121.1939468383789
66,2028,2,2,0.132,131.00221252441406
92,1832,1,1,0.088,128.66969299316406
82,1542,3,3,0.1,130.88722229003906
36,1977,1,1,0.088,125.32139587402344
92,1616,3,3,0.154,126.18171691894531
28,850,0,3,0.1,125.78490447998047
74,1362,1,2,0.132,132.97715759277344
62,477,0,3,0.01200000000000001,121.75650787353516
93,1926,3,0,0.04517645957915378,113.26107788085938
10,1883,2,2,0.09772863205180615,127.12923431396484
52,271,3,1,0.088,117.34913635253906
22,839,0,3,0.1,136.32595825195312
52,1954,0,1,0.088,110.34359741210938
103,1950,0,1,0.053878591430079115,142.43560791015625
46,93,3,3,0.1,123.22697448730469
6,659,0,3,0.03081671654553833,118.18731689453125
19,1721,0,0,0.020081190740029925,124.97254943847656
92,336,1,1,0.088,128.5285186767578
115,1223,3,1,0.088,126.63390350341797
77,1348,2,2,0.132,118.19152069091797
74,2004,0,0,0.154,131.59996032714844
71,337,2,3,0.036897498360292325,134.48631286621094
93,1926,1,3,0.154,113.26107788085938
93,1316,3,1,0.088,116.23680877685547
95,1375,2,1,0.088,134.5364990234375
23,47,2,2,0.132,102.72364807128906
88,534,0,3,0.08756324326062628,128.97813415527344
105,1432,0,2,0.132,139.70498657226562
71,391,2,2,0.132,135.4088134765625
52,894,0,1,0.088,119.27938079833984
32,145,2,3,0.154,126.53097534179688
24,139,2,1,0.088,103.18280792236328
113,365,0,0,0.054855037160396275,121.24214935302734
23,581,3,3,0.154,109.01860809326172
93,1876,0,1,0.088,116.03050994873047
30,859,1,2,0.09428590457504216,117.45056915283203
10,1651,3,3,0.1,124.19784545898438
52,807,3,1,0.088,118.78688049316406
71,1576,2,3,0.154,129.24546813964844
24,697,2,3,0.14313116158306496,122.86732482910156
51,413,0,1,0.088,125.22708892822266
109,1130,0,3,0.09685083470376313,111.07571411132812
97,1691,0,1,0.04178092670550104,133.75352478027344
61,496,0,3,0.1,133.642333984375
31,421,3,2,0.132,128.1971893310547
68,231,0,2,0.132,139.82000732421875
74,273,2,1,0.088,135.316162109375
48,294,1,2,0.132,133.60263061523438
74,1783,3,2,0.132,141.24212646484375
97,320,0,2,0.132,131.20266723632812
52,1572,3,0,0.154,107.89373779296875
43,1254,3,1,0.088,121.11101531982422
16,1491,2,2,0.132,138.94540405273438
36,1078,2,2,0.132,123.63127899169922
51,1745,1,1,0.088,120.2622299194336
24,1707,1,1,0.088,125.15516662597656
21,1500,0,2,0.11712066044094249,130.07064819335938
33,401,1,0,0.154,115.78392028808594
52,1610,1,1,0.088,114.71519470214844
91,777,0,3,0.154,122.40092468261719
115,1938,1,2,0.132,131.960205078125
93,466,2,2,0.132,115.08451080322266
92,17,1,3,0.03763632487438287,128.3962860107422
99,616,3,2,0.132,135.37937927246094
85,401,2,2,0.03389659433331488,113.93543243408203
62,1625,2,2,0.132,119.21498107910156
28,315,1,1,0.088,106.22738647460938
82,321,2,2,0.132,136.3748779296875
8,1132,0,3,0.1,125.74528503417969
16,1620,2,3,0.154,124.46698760986328
24,1541,2,2,0.132,104.03678131103516
94,610,3,1,0.088,131.24545288085938
24,450,0,3,0.1,124.02645111083984
87,1661,3,1,0.088,137.1284942626953
115,1141,1,1,0.088,128.27146911621094
25,1416,3,3,0.11777991395559156,136.8102264404297
23,1885,3,2,0.132,108.67815399169922
82,1269,2,1,0.088,134.21908569335938
109,1704,0,0,0.02389379295773318,108.84254455566406
42,1664,3,1,0.088,128.19168090820312
8,656,1,2,0.05273727554984026,125.69976043701172
69,1460,2,2,0.132,138.9309844970703
8,1327,2,1,0.088,129.27008056640625
42,1621,0,2,0.08695678963632358,124.77506256103516
16,379,3,3,0.154,131.91038513183594
8,290,0,1,0.088,126.33776092529297
82,1511,0,3,0.154,129.96023559570312
16,1542,2,3,0.002348527566422731,132.64990234375
48,1634,0,0,0.0318239107272677,127.96665954589844
92,17,2,1,0.088,128.3962860107422
68,1301,1,3,0.08597289884353704,132.8715362548828
62,630,3,2,0.132,119.26226806640625
46,1414,1,1,0.088,125.1397476196289
59,2026,1,1,0.088,125.88616180419922
31,697,3,3,0.030671611216935235,120.9671859741211
15,1481,1,2,0.132,134.75033569335938
23,1843,2,1,0.088,110.45948028564453
107,230,1,0,0.09116427345054699,122.51870727539062
89,951,1,2,0.132,144.8352508544922
32,1626,1,3,0.154,125.75038146972656
28,149,2,2,0.132,126.65870666503906
63,530,1,3,0.1015894690341212,124.29434967041016
82,524,0,3,0.154,130.2764129638672
43,505,0,3,0.154,121.37511444091797
103,1310,0,1,0.088,147.650146484375
63,80,0,2,0.132,126.91487884521484
59,23,0,1,0.088,128.55213928222656
61,1194,1,1,0.088,133.6304168701172
59,739,0,2,0.132,145.81541442871094
0,1579,1,2,0.132,120.5157470703125
52,288,0,2,0.132,108.25174713134766
95,182,1,3,0.1,128.81419372558594
16,575,2,1,0.088,130.64926147460938
77,536,0,2,0.132,121.22920989990234
61,385,0,2,0.132,133.62326049804688
107,152,1,0,0.154,123.06675720214844
32,1105,1,1,0.088,123.23688507080078
16,558,2,3,0.154,130.5614013671875
24,1513,1,1,0.088,127.50452423095703
44,1991,3,2,0.132,139.79393005371094
32,397,3,1,0.088,125.86174011230469
44,1623,0,1,0.088,137.6455078125
97,1442,2,2,0.132,130.96649169921875
56,767,2,0,0.10085708973580604,120.9582290649414
97,1669,2,1,0.05415343689380203,129.59967041015625
97,534,0,2,0.132,129.44595336914062
7,841,3,1,0.088,133.5414276123047
97,1721,0,0,0.13391880925997007,127.05683898925781
44,858,0,2,0.132,149.189453125
89,86,2,0,0.09809314912478437,132.24154663085938
1,530,2,2,0.132,124.5787353515625
61,1524,1,1,0.088,133.6315460205078
27,862,0,0,0.07790960241962112,117.03849792480469
51,1627,2,1,0.088,121.17086029052734
46,1450,0,2,0.132,132.2222137451172
74,1252,1,0,0.154,131.67596435546875
75,862,3,3,0.03930424230833701,123.18672943115234
56,767,0,3,0.154,120.9582290649414
3,500,3,2,0.132,145.1448974609375
24,1417,0,1,0.088,123.20803833007812
77,30,0,2,0.132,118.33349609375
87,929,3,1,0.019691660914062048,129.26699829101562
105,744,3,1,0.088,143.1735382080078
52,1671,0,2,0.132,127.53141784667969
3,1713,0,3,0.1,147.02337646484375
52,1543,1,3,0.1,114.68257904052734
30,298,2,2,0.132,115.61144256591797
68,1204,3,1,0.088,136.03033447265625
13,1721,1,1,0.088,124.41230010986328
88,531,2,2,0.12420074505232959,130.9765167236328
112,405,2,2,0.132,118.89717102050781
43,423,0,0,0.154,120.51534271240234
16,464,1,1,0.088,133.3541717529297
25,1207,0,2,0.07232421274819378,145.3628692626953
68,1503,3,2,0.132,142.24984741210938
99,1164,3,1,0.088,136.6811065673828
52,710,0,2,0.038648326864211935,116.77137756347656
57,1328,3,1,0.088,133.41651916503906
11,378,1,2,0.132,138.10166931152344
66,123,1,2,0.132,130.14048767089844
54,356,2,3,0.154,135.47239685058594
66,1069,1,2,0.132,133.51194763183594
48,1145,1,0,0.10126337312726769,124.71138763427734
43,1540,3,3,0.0206449705929162,121.15424346923828
52,579,1,1,0.088,118.21285247802734
97,91,0,2,0.10686916757403464,136.28135681152344
32,1655,3,2,0.132,123.6617431640625
31,1882,3,2,0.132,125.0190658569336
32,57,3,2,0.132,128.3669891357422
67,1840,1,2,0.132,126.37908935546875
38,933,3,2,0.132,124.18921661376953
58,790,0,2,0.132,127.84870910644531
24,1918,1,3,0.154,122.43537139892578
53,836,0,2,0.132,133.88380432128906
69,1540,1,0,0.03256745407054448,129.03858947753906
63,417,1,3,0.03798569244558986,125.13983154296875
10,545,3,3,0.1,124.37067413330078
0,53,0,2,0.132,118.97344207763672
42,1968,3,3,0.154,123.21315002441406
4,300,3,1,0.088,128.83099365234375
62,873,3,2,0.132,121.38531494140625
11,1272,3,3,0.1,135.8681640625
56,1416,0,2,0.132,122.70723724365234
82,1839,2,1,0.088,138.54345703125
46,224,0,3,0.04529054440083097,123.83868408203125
53,920,0,2,0.132,135.38690185546875
24,904,2,2,0.132,128.63856506347656
56,995,1,2,0.132,124.78169250488281
44,1157,3,2,0.132,137.33468627929688
105,1052,2,1,0.088,130.897705078125
112,629,2,3,0.154,116.9473648071289
66,413,1,1,0.088,129.4929962158203
105,490,3,2,0.11408500665088128,139.704345703125
92,1240,2,2,0.132,129.37274169921875
52,94,0,2,0.132,113.03173828125
15,600,2,1,0.088,133.11282348632812
66,2028,0,1,0.088,131.00221252441406
63,659,2,0,0.07072367708182656,123.11795806884766
89,1455,1,2,0.132,145.4037322998047
52,539,2,3,0.1,114.0257797241211
110,1427,3,3,0.154,114.03286743164062
10,1883,0,1,0.088,127.12923431396484
63,182,3,2,0.132,127.56768798828125
43,1117,2,1,0.088,123.52989959716797
32,249,3,3,0.154,124.26079559326172
36,536,3,3,0.01200000000000001,125.06304931640625
24,1603,0,2,0.132,125.0352783203125
15,819,1,3,0.1,130.83843994140625
107,223,2,1,0.088,123.76400756835938
52,1845,3,3,0.154,111.25714111328125
95,2022,0,3,0.1,129.2834014892578
16,1739,0,2,0.132,130.59495544433594
92,1616,2,0,0.154,126.18171691894531
0,900,0,1,0.088,123.0335922241211
74,1429,0,3,0.01200000000000001,135.6409149169922
32,1812,3,3,0.03423162599976676,128.01446533203125
62,929,2,1,0.016787704931725766,118.82085418701172
24,1720,0,1,0.088,121.43627166748047
77,1849,1,3,0.154,116.3369369506836
71,1576,0,2,0.132,129.24546813964844
0,227,0,2,0.132,121.91638946533203
70,417,3,1,0.088,120.03707885742188
16,914,1,2,0.132,138.77146911621094
28,1303,0,1,0.088,125.78490447998047
66,156,1,1,0.022350363427322162,125.5184326171875
28,780,3,2,0.132,133.98544311523438
63,1699,2,3,0.154,126.42735290527344
13,930,2,2,0.05703677733830187,124.87963104248047
24,493,3,2,0.132,125.33390045166016
27,18,3,0,0.07008748251962113,115.63247680664062
18,171,0,2,0.132,128.98101806640625
36,1078,0,1,0.088,123.63127899169922
102,772,2,1,0.088,140.0235595703125
26,1950,0,1,0.03412140856992088,130.5976104736328
105,908,0,2,0.132,144.9883575439453
53,359,2,0,0.07705734787871352,
77,1634,2,2,0.132,117.50836181640625
0,258,2,1,0.088,117.33564758300781
92,1076,3,0,0.0019890972818416564,127.27630615234375
59,1576,2,2,0.132,136.9058074951172
24,1648,3,2,0.132,123.50054168701172
105,1423,1,2,0.132,141.85899353027344
93,693,3,1,0.088,115.25421142578125
59,1933,3,0,0.154,114.03936004638672
8,39,2,1,0.03821200909991515,129.86111450195312
82,1411,1,2,0.132,134.3938446044922
19,795,3,1,0.088,125.2228775024414
113,1201,1,2,0.132,124.94883728027344
74,1943,3,1,0.088,139.63780212402344
66,997,0,3,0.154,124.7254867553711
58,1095,2,2,0.132,125.83617401123047
0,1717,3,3,0.01200000000000001,118.86351776123047
36,983,0,3,0.154,123.01202392578125
27,767,2,2,0.132,116.48890686035156
74,1262,1,1,0.04346253054252397,132.89044189453125
89,966,0,1,0.088,146.21444702148438
32,334,1,1,0.088,128.88758850097656
82,71,1,2,0.132,133.4863739013672
52,1229,1,0,0.154,111.8994140625
59,1933,1,3,0.154,114.03936004638672
52,1280,0,2,0.132,115.96705627441406
32,889,1,2,0.132,129.6898651123047
92,799,0,2,0.132,132.8783416748047
52,868,1,3,0.1,115.0723876953125
115,154,3,1,0.05107250343109218,128.27146911621094
61,1562,3,1,0.088,134.90249633789062
0,1939,0,1,0.088,124.44583129882812
61,1190,0,3,0.1,133.6339874267578
109,401,3,1,0.01612319615014307,111.2332534790039
62,630,1,1,0.088,119.26226806640625
107,1526,3,1,0.088,128.36705017089844
53,359,0,3,0.154,
34,1251,1,3,0.154,112.91914367675781
16,571,1,3,0.01200000000000001,133.7557830810547
15,141,2,2,0.132,132.33380126953125
91,1432,3,1,0.088,125.11605834960938
52,833,2,2,0.132,111.75553131103516
61,1336,0,2,0.132,139.28233337402344
74,1005,0,2,0.030806178062939227,136.4075164794922
110,430,1,3,0.03359460418122456,113.60810852050781
52,1243,3,1,0.088,114.40888977050781
3,602,0,2,0.132,145.33192443847656
11,860,2,3,0.1,135.3519287109375
52,1098,0,2,0.132,117.78250122070312
112,93,3,2,0.132,121.39998626708984
23,306,1,2,0.132,108.73906707763672
3,946,1,1,0.088,149.28436279296875
87,1930,3,3,0.026477234340930356,128.5451202392578
15,1412,0,3,0.0666986691231603,132.0360565185547
74,1294,2,1,0.088,135.21688842773438
33,1039,2,3,0.154,120.8282241821289
52,541,3,2,0.132,114.38414001464844
74,1592,1,1,0.03659239948855558,139.51210021972656
44,1991,1,1,0.0071880885596792565,139.79393005371094
92,1624,3,1,0.088,129.1193389892578
66,278,3,1,0.088,133.26498413085938
38,1473,0,1,0.088,127.89766693115234
16,98,2,2,0.132,129.21205139160156
3,1611,0,3,0.154,145.66856384277344
54,1779,2,3,0.05082570700911713,135.51866149902344
24,1974,2,2,0.132,123.4227523803711
19,930,2,1,0.06463898007245314,125.40093231201172
23,1428,0,2,0.132,126.58661651611328
89,227,3,1,0.088,144.60948181152344
