demand_i,station_j,m,t,flow_X,travel_time
4,1621,3,2,0.09962040732981725,123.490685
74,1213,2,1,0.088,132.2102
95,1646,0,2,0.132,135.58954
85,1052,0,3,0.08457771776655332,115.41738
62,240,2,3,0.154,118.71686
16,902,0,0,0.14537717188808377,130.6266
93,346,2,2,0.132,114.65784
42,648,1,2,0.09647273203632378,124.97622
52,1391,0,1,0.088,111.52421
46,1437,0,2,0.132,134.24464
77,1743,3,1,0.088,117.96815
58,810,3,3,0.01200000000000001,126.077385
67,1422,0,2,0.132,130.15176
66,1549,1,2,0.132,132.06277
92,1485,0,2,0.132,128.98128
33,519,3,1,0.088,129.72862
16,558,1,0,0.12996839971955007,130.5614
88,1413,0,0,0.1517298400100744,127.55492
52,944,2,1,0.088,117.03492
24,475,2,2,0.132,124.61547
93,1816,3,1,0.088,115.242035
24,998,1,2,0.132,128.33495
112,405,0,1,0.088,118.89717
89,85,0,2,0.06490061001232961,147.51056
2,1162,0,3,0.02192329931454068,106.36583
80,448,0,2,0.132,104.890434
105,64,3,2,0.132,132.64482
77,1259,0,2,0.055162976469760205,121.34909
99,922,1,1,0.088,inf
63,521,2,3,0.02192127927683976,125.10699
63,1688,0,0,0.04282279421554397,123.13949
33,78,2,1,0.088,127.87298
75,862,2,0,0.0012668253191070525,123.18673
34,255,1,3,0.07100112804057329,112.91914
88,1793,3,2,0.132,134.44336
82,334,1,0,0.12264824130988253,129.04504
71,1113,3,1,0.025425711917124838,135.9624
31,1882,1,1,0.088,125.019066
84,401,2,1,0.01020170769918026,110.9894
88,1433,2,2,0.132,131.5185
3,1199,2,2,0.132,149.85681
14,537,0,1,0.088,137.92334
70,1942,3,3,0.0013889323887566196,118.06089
83,1537,0,1,0.06718757135830725,127.47322
16,1711,1,1,0.088,138.2382
0,636,0,3,0.01200000000000001,119.20838
49,58,1,1,0.088,121.95406
52,274,2,2,0.132,115.54942
96,1165,0,3,0.006213435919308279,113.660645
16,66,1,2,0.03292298816814698,124.698555
16,263,2,0,0.154,126.58839
66,1375,0,2,0.132,131.98747
89,1057,3,1,0.05414723876631866,147.3403
39,313,0,1,0.088,131.69646
51,365,3,3,0.154,119.06323
105,744,0,1,0.088,143.17354
92,1004,2,1,0.088,127.173744
1,521,3,2,0.132,125.493904
54,694,0,2,0.132,139.09215
58,1754,2,2,0.132,128.63196
89,1103,1,2,0.132,143.08826
28,1426,2,1,0.088,128.86752
28,319,2,2,0.132,106.76278
92,1240,0,1,0.088,129.37274
36,536,1,2,0.10332102339383897,125.06305
70,659,3,2,0.132,117.703476
44,1889,3,2,0.132,138.03105
16,263,0,3,0.08429997595942676,126.58839
33,1459,3,3,0.01200000000000001,123.202126
52,1338,0,2,0.132,113.72922
57,16,3,1,0.088,127.61873
92,615,2,0,0.154,126.699394
52,1845,1,2,0.132,111.25714
58,1606,3,3,0.1,126.03927
71,678,2,1,0.088,139.04982
112,921,2,1,0.088,121.87595
0,1284,2,2,0.132,118.57849
54,1096,2,1,0.088,140.506
52,666,3,1,0.027829377793847823,125.88329
16,1545,2,2,0.132,124.85896
63,182,1,1,0.03859693107540205,127.56769
16,1106,3,2,0.132,136.03998
43,1540,0,3,0.03423561549291615,121.15424
52,1937,1,2,0.132,113.63846
52,831,2,1,0.088,119.4217
31,705,3,1,0.088,123.209015
107,223,0,0,0.08678737317536356,123.76401
62,888,0,2,0.132,119.533066
66,341,2,1,0.088,127.13238
24,1415,2,2,0.10918121048002805,97.89254
34,1165,1,2,0.132,125.01331
71,238,0,2,0.132,136.89343
52,894,2,1,0.088,119.27938
8,1235,2,2,0.132,128.80894
63,1699,0,2,0.132,126.42735
59,1795,3,3,0.020270780542253675,132.4959
75,350,3,2,0.132,125.700264
28,1444,1,2,0.132,125.943
52,877,2,3,0.154,110.40229
30,1756,2,2,0.09250317932855978,114.34499
44,164,1,3,0.1,137.21603
79,718,3,2,0.0875226965004734,150.76306
32,1812,1,2,0.132,128.01447
52,1402,1,2,0.132,118.49024
44,786,0,3,0.01200000000000001,138.05804
70,365,3,1,0.07047282086105625,120.07444
92,615,0,3,0.154,126.699394
61,1723,3,2,0.07097141807033608,133.64351
28,871,3,1,0.088,105.818565
52,1349,3,1,0.088,120.1722
62,553,1,0,0.07336893421409768,117.878265
33,1155,0,2,0.132,127.78056
77,197,3,1,0.088,118.90817
49,426,0,2,0.132,127.85709
11,159,0,2,0.132,140.83978
28,347,2,2,0.132,110.485725
113,456,3,3,0.02237553026738298,123.70521
52,1465,1,2,0.132,110.898735
59,1410,1,2,0.05821877805585718,150.58333
8,901,0,0,0.154,125.13527
18,553,3,3,0.029424783629574958,120.13478
52,1026,2,2,0.132,118.79785
24,1648,1,1,0.088,123.50054
106,44,0,1,0.088,137.32848
107,994,1,3,0.154,124.202156
32,674,0,2,0.132,128.83421
28,206,2,2,0.132,108.41876
62,2024,3,0,0.05612160117655443,117.626434
52,1675,1,3,0.154,109.5829
83,670,0,2,0.03603804051443682,121.127396
52,980,0,3,0.154,112.971054
87,1932,0,2,0.132,138.92386
89,755,2,3,0.154,140.21808
102,1144,1,1,0.088,138.52904
70,511,3,0,0.057107286020432385,118.59277
38,1339,1,2,0.06311365139238279,127.73105
58,1095,0,1,0.088,125.836174
52,1766,3,3,0.154,111.18428
15,141,0,1,0.0005243501888523017,132.3338
92,1120,2,3,0.154,118.313324
87,1602,3,1,0.001709139414916988,133.71931
39,859,1,2,0.03771409542495785,128.13245
112,224,0,2,0.132,122.56635
33,910,0,1,0.088,124.8873
28,1298,2,1,0.088,125.75482
16,1868,2,1,0.088,130.59154
92,1267,0,2,0.132,128.75853
97,798,0,3,0.154,127.4463
105,165,0,3,0.11539015183712983,133.09605
8,1706,3,1,0.088,127.018684
33,474,1,1,0.088,121.36383
52,1167,3,1,0.088,116.4386
4,748,2,2,0.132,123.776985
24,86,1,0,0.03598538931521561,115.668816
82,1921,3,2,0.132,132.8016
67,232,3,3,0.045936989925877636,124.943825
70,1266,2,2,0.132,119.123924
84,1567,3,2,0.12884190138582285,111.137276
52,541,1,1,0.088,114.38414
46,1156,3,1,0.088,126.96083
14,155,2,3,0.1,133.36865
52,637,2,1,0.088,121.20697
16,367,2,2,0.132,140.95721
19,1413,2,1,0.06347708362537174,125.56763
19,930,0,0,0.154,125.40093
25,1407,2,2,0.132,143.69318
93,1926,3,3,0.0216547679223221,113.26108
70,699,0,1,0.088,119.82632
52,586,2,2,0.132,115.30518
3,1406,2,1,0.04014577977200154,150.80981
52,1435,1,1,0.020528698010992497,123.98721
88,534,2,3,0.1,128.97813
28,850,3,1,0.088,125.784904
8,1979,3,2,0.132,130.6484
19,1721,0,3,0.154,124.97255
74,2004,0,3,0.10574691658819535,131.59996
39,417,0,3,0.06126626921908665,121.426025
24,1974,0,1,0.088,123.42275
59,23,2,1,0.088,128.55214
6,1294,0,1,0.00011036465665767436,125.478294
52,1074,2,1,0.088,113.91722
63,2022,0,1,0.088,128.19066
25,1755,0,1,0.07708561465759184,145.55092
32,558,0,2,0.132,129.41837
31,607,2,2,0.132,120.70254
11,356,0,0,0.154,134.09892
48,1687,0,2,0.132,131.55579
58,1070,2,1,0.088,125.97569
3,1736,2,1,0.088,144.87646
51,232,0,3,0.006777502253072082,120.64192
58,810,1,2,0.132,126.077385
95,126,1,3,0.01200000000000001,129.99115
13,1721,3,1,0.088,124.4123
28,593,2,2,0.132,128.86752
25,580,1,1,0.04621982265759175,142.36824
83,580,3,1,0.02063235763902138,127.33954
25,9,0,3,0.01200000000000001,140.24992
82,100,0,3,0.1,131.85594
24,475,0,1,0.088,124.61547
0,1815,3,1,0.088,119.75321
0,609,2,2,0.132,118.59826
16,221,3,1,0.088,138.18773
66,699,3,0,0.03230888165511342,123.39932
92,1100,3,1,0.088,127.444305
59,1631,3,2,0.132,124.05435
105,1149,2,3,0.154,130.47318
93,1159,2,2,0.132,115.12867
105,1619,3,3,0.09102099851597353,134.79614
16,79,0,2,0.132,138.29283
15,1729,2,2,0.132,131.7947
16,175,1,2,0.132,132.65738
70,1688,1,2,0.132,117.73856
105,64,1,1,0.088,132.64482
52,1572,3,3,0.154,107.89374
82,392,2,2,0.132,134.10596
102,178,0,2,0.132,145.24248
42,1201,0,3,0.01200000000000001,125.96033
61,496,3,1,0.088,133.64233
1,1942,1,1,0.07568696254332069,123.4873
82,22,0,3,0.154,129.50833
32,1304,1,3,0.154,127.648
12,1704,0,1,0.088,108.27947
52,1760,2,1,0.088,116.52404
33,401,1,3,0.02612447818779795,115.78392
107,931,0,2,0.132,127.919685
56,545,3,1,0.0197753145292362,124.99694
37,126,0,1,0.02346280652459795,129.05522
58,1754,0,1,0.088,128.63196
112,1211,2,2,0.132,117.7302
36,1001,1,2,0.132,126.90465
24,272,1,1,0.088,127.488594
42,1396,2,1,0.088,124.87838
82,100,1,1,0.088,131.85594
82,960,1,3,0.154,129.92143
105,1152,2,3,0.154,132.873
16,353,3,2,0.132,132.96996
44,792,2,3,0.1,137.53108
33,1459,1,2,0.132,123.202126
20,254,0,1,0.088,140.82375
62,1605,1,1,0.088,122.32852
18,1384,2,2,0.132,123.27808
26,1305,2,1,0.088,128.84041
102,163,0,2,0.132,142.00946
107,1645,1,3,0.12247029069913676,124.55036
89,841,1,1,0.088,142.834
71,817,1,2,0.06957761125180617,142.26805
92,368,0,1,0.088,133.63474
23,750,2,3,0.154,105.9593
1,521,1,1,0.088,125.493904
97,1413,2,1,0.02452291637462825,127.5932
97,1507,3,2,0.132,129.35425
82,571,1,2,0.132,132.27289
97,1023,0,3,0.1,129.34377
25,409,3,2,0.132,145.30504
95,963,3,3,0.1,128.82626
82,524,2,3,0.14115182574643656,130.27641
115,896,3,0,0.13087865613447786,123.911026
28,545,1,3,0.014388415338457805,125.68897
10,632,3,2,0.132,123.634315
31,1782,0,1,0.0055694844046629,120.04503
18,505,1,3,0.05447436995153432,117.46376
88,1854,2,1,0.088,131.10046
58,1282,0,1,0.05758595005702952,125.79914
14,1396,0,3,0.1,133.3705
16,1409,2,2,0.132,139.10027
37,96,2,2,0.132,inf
0,1284,0,1,0.0357943927477222,118.57849
15,521,2,3,0.13207872072316024,128.21112
107,152,3,0,0.154,123.06676
109,1747,3,1,0.059579332302174215,111.18114
107,1347,3,2,0.132,127.56826
10,631,0,3,0.011818173353792316,122.96407
34,66,1,3,0.154,112.91914
70,985,0,3,0.154,119.03323
49,289,3,2,0.132,118.847946
19,562,3,1,0.088,129.3223
46,455,0,2,0.132,137.01566
31,1174,2,2,0.132,116.35624
112,230,2,2,0.132,116.66273
62,1308,3,1,0.088,122.13566
52,1561,0,1,0.088,116.03992
107,152,1,3,0.024010946480203188,123.06676
16,1739,2,2,0.132,130.59496
33,1781,2,2,0.132,124.136604
88,1553,3,3,0.01200000000000001,129.2408
24,1541,3,3,0.154,104.03678
74,587,2,1,0.088,136.90425
66,1186,0,2,0.132,129.78236
52,1560,2,1,0.088,116.912025
97,1967,1,3,0.01200000000000001,129.83305
103,836,3,3,0.1,138.15752
25,857,1,2,0.132,128.21265
59,1952,3,2,0.132,150.32684
37,182,2,1,0.043024707004597956,127.81034
19,1653,0,2,0.08153526125464164,131.98816
23,1843,3,2,0.132,110.45948
89,86,2,3,0.125946566968355,132.24155
82,766,1,3,0.1,130.58534
63,126,3,2,0.020150603977074244,128.8238
39,479,3,1,0.016638245501916366,126.654366
102,648,0,3,0.1,135.56653
74,1252,1,3,0.154,131.67596
87,1145,1,2,0.132,125.43085
28,206,0,1,0.088,108.41876
83,958,3,0,0.154,inf
33,606,3,2,0.132,121.337906
83,290,2,1,0.088,122.695114
62,19,0,2,0.132,127.26404
32,1105,2,2,0.132,123.236885
11,378,3,2,0.132,138.10167
32,1400,1,2,0.009995111673880452,131.41438
113,1182,3,1,0.088,125.7227
93,781,0,2,0.132,115.86948
20,755,0,1,0.088,140.1199
43,423,0,3,0.154,120.51534
32,1530,2,1,0.0581728083001887,131.44942
105,1708,0,2,0.132,139.7929
48,1145,3,0,0.154,124.71139
110,1693,2,2,0.132,116.719604
28,1684,3,1,0.088,128.97798
43,90,3,2,0.132,125.09671
31,705,0,1,0.088,123.209015
25,1853,0,1,0.088,145.38913
28,1303,2,1,0.088,125.784904
82,1411,3,2,0.132,134.39384
16,334,1,0,0.03135175869011747,130.50479
39,1266,0,0,0.07610543927614644,120.71858
18,2024,0,1,0.088,119.85236
24,991,0,2,0.132,124.64873
67,232,1,2,0.132,124.943825
71,845,2,1,0.088,136.55708
92,1595,3,2,0.132,128.25562
36,983,2,3,0.154,123.012024
48,1145,1,3,0.154,124.71139
97,1669,3,2,0.132,129.59967
42,1467,3,2,0.132,128.4977
8,369,1,2,0.132,125.75129
79,718,0,2,0.132,150.76306
23,1301,2,2,0.132,118.76208
44,862,0,0,0.004989221295678428,136.9996
52,877,1,0,0.154,110.40229
114,336,0,3,0.020784539117886885,133.04323
92,1110,2,3,0.1,128.25562
42,1080,2,1,0.012727022967270879,126.88857
83,958,1,3,0.154,inf
51,456,2,1,0.088,121.819664
69,1540,1,3,0.10061587855554946,129.03859
6,348,0,3,0.07486939077370511,116.497185
82,1169,0,2,0.132,139.19876
113,141,3,2,0.04839763062766317,125.12888
52,868,3,3,0.1,115.07239
3,1367,3,2,0.132,148.56737
11,1113,1,1,0.03814368784287517,135.55573
49,1753,3,0,0.028330420955634678,116.86789
14,911,3,1,0.088,137.05121
112,1512,3,2,0.132,121.16969
92,99,3,2,0.132,129.57759
46,1228,3,3,0.01200000000000001,124.189476
25,174,0,1,0.088,144.17628
57,860,2,1,0.03979005773900243,128.44083
53,1313,0,1,0.088,125.87103
102,372,1,2,0.132,141.55304
16,1715,2,2,0.132,131.66139
62,797,2,3,0.01200000000000001,120.646835
36,592,0,2,0.132,128.6049
52,1766,2,0,0.154,111.18428
16,267,3,1,0.088,140.13809
16,125,0,2,0.132,143.86205
59,1452,2,1,0.088,145.51007
18,1299,1,2,0.132,125.177246
74,521,1,0,0.154,131.60384
15,819,3,3,0.1,130.83844
49,1284,0,1,0.0522056072522778,120.80793
74,572,0,2,0.132,150.8647
0,1926,2,0,0.028312220889726875,115.41633
88,11,1,2,0.032600856250930205,130.31584
92,852,1,1,0.088,128.09807
15,650,1,3,0.154,129.66458
44,1667,3,1,0.088,137.72528
15,1370,0,1,0.088,133.26367
89,639,0,2,0.132,152.26266
97,1553,3,2,0.132,129.82797
62,1594,3,3,0.154,119.08078
52,1373,3,2,0.132,125.736824
102,1279,2,2,0.132,141.78163
68,1184,2,1,0.088,132.22495
52,482,3,2,0.132,114.046364
61,1226,1,0,0.06938963346391959,130.14006
107,1413,2,2,0.08422603024804809,124.612305
92,1832,0,1,0.088,128.6697
38,1187,0,2,0.132,135.4318
92,1616,2,3,0.154,126.18172
58,478,3,2,0.132,126.62587
32,1901,1,2,0.132,127.85046
74,1362,0,2,0.132,132.97716
66,1149,2,0,0.020025668429055482,121.4529
19,1692,0,1,0.088,133.1962
74,1580,0,0,0.154,131.7145
48,1969,3,2,0.132,132.56337
13,152,3,3,0.05340591310077994,123.47581
67,1422,2,2,0.03606415320517689,130.15176
93,932,0,2,0.132,118.24644
93,1926,2,0,0.12568777911027312,113.26108
36,1834,0,2,0.132,129.45639
3,15,3,2,0.132,144.45853
95,1549,2,1,0.03270063698824427,134.60698
33,1130,3,0,0.032792210989979045,115.823875
16,481,0,2,0.132,144.23674
56,116,3,1,0.088,121.965065
28,1936,3,2,0.132,109.49083
46,93,2,3,0.1,123.226974
58,1046,2,3,0.01200000000000001,126.06777
92,1892,3,1,0.08156927972569505,130.66263
66,2028,1,2,0.132,131.00221
92,336,0,1,0.088,128.52852
82,1542,2,3,0.09765147243357727,130.88722
0,609,0,1,0.088,118.59826
36,1977,0,1,0.088,125.321396
77,1348,1,2,0.132,118.19152
71,356,3,1,0.08726704952323577,134.44861
105,1423,3,2,0.132,141.859
59,1631,1,1,0.088,124.05435
8,756,1,2,0.032491893192862886,132.5805
14,487,3,2,0.132,137.53363
71,1642,1,2,0.132,138.8391
44,792,0,2,0.132,137.53108
15,1729,0,1,0.088,131.7947
52,936,1,3,0.1,114.86835
77,1655,1,0,0.04458443003900775,113.220985
43,1254,1,3,0.154,121.111015
27,18,3,3,0.154,115.63248
23,47,1,2,0.132,102.72365
23,938,3,3,0.154,113.87184
105,1919,2,1,0.08350983363831858,140.46762
71,391,1,2,0.132,135.40881
74,934,3,3,0.1,134.19151
32,822,3,0,0.154,125.60336
97,801,2,1,0.088,132.01765
23,750,0,2,0.132,105.9593
71,1545,0,0,0.154,125.43895
24,1250,0,3,0.01200000000000001,125.267
13,1226,3,1,0.088,120.48227
16,1067,2,2,0.132,138.4938
10,1651,2,3,0.03763432913659273,124.197845
112,1211,0,1,0.088,117.7302
21,576,3,2,0.132,inf
94,430,0,3,0.154,121.84189
33,299,3,2,0.132,124.50777
84,1130,0,0,0.061875558510166406,110.856705
52,1191,3,2,0.132,113.214836
16,1409,0,1,0.088,139.10027
24,139,1,1,0.088,103.18281
16,1491,1,2,0.132,138.9454
102,741,1,3,0.01200000000000001,136.46254
52,1229,1,3,0.154,111.899414
52,512,3,1,0.088,117.43139
24,1707,0,1,0.088,125.15517
33,401,0,0,0.154,115.78392
95,1635,0,1,0.06240084818410227,137.59506
88,528,2,3,0.1,128.918
83,901,3,3,0.154,121.00438
115,1938,0,2,0.132,131.9602
93,466,1,2,0.132,115.08451
92,17,0,3,0.1,128.39629
99,616,2,2,0.132,135.37938
32,822,1,3,0.154,125.60336
69,1979,2,2,0.132,138.6033
28,315,0,1,0.088,106.22739
82,321,1,2,0.132,136.37488
92,1659,3,2,0.132,129.94183
37,96,0,1,0.088,inf
25,1416,2,3,0.154,136.81023
110,43,2,2,0.132,115.72346
52,1161,2,2,0.132,125.235634
61,1190,3,1,0.088,133.63399
53,359,3,1,0.088,inf
31,1174,0,1,0.088,116.35624
16,379,2,3,0.154,131.91039
16,575,0,3,0.154,130.64926
115,1852,1,2,0.132,126.32865
113,1770,2,2,0.132,126.323944
28,1390,0,2,0.132,132.60007
102,453,1,0,0.154,inf
24,1541,1,2,0.132,104.03678
115,1141,0,1,0.036026215031092185,128.27147
68,1301,0,3,0.0638033548685398,132.87154
15,1346,3,1,0.088,129.97227
3,1193,0,1,0.088,147.61444
93,1506,3,2,0.132,115.30776
52,1176,3,0,0.154,112.554474
31,697,2,3,0.004329976720306605,120.967186
15,1412,3,1,0.088,132.03606
23,1843,1,1,0.088,110.45948
107,230,0,0,0.08494738510040203,122.51871
89,951,0,2,0.008737153417897936,144.83525
93,971,3,2,0.132,115.726105
33,1008,3,2,0.132,124.98699
48,1238,0,2,0.132,131.51393
22,637,0,3,0.01200000000000001,137.19951
106,444,1,2,0.132,140.1685
75,116,1,2,0.03269943191715241,124.37731
28,149,1,2,0.132,126.65871
61,717,3,0,0.10711220162346159,133.61626
112,152,0,1,0.02853262707556406,117.51672
63,530,0,3,0.020682567294050797,124.29435
16,902,0,3,0.154,130.6266
3,1611,3,1,0.088,145.66856
61,1194,0,1,0.088,133.63042
87,929,1,3,0.13210806451168336,129.267
52,1176,1,3,0.154,112.554474
18,505,0,0,0.08111808154549358,117.46376
95,182,0,3,0.1,128.8142
16,575,1,1,0.088,130.64926
46,1414,0,1,0.088,125.13975
85,1149,0,1,0.088,115.00466
32,1105,0,1,0.088,123.236885
16,558,1,3,0.154,130.5614
105,511,2,2,0.132,131.46114
62,1058,2,1,0.088,122.56578
97,1442,1,2,0.132,130.96649
56,767,1,0,0.0885901711679014,120.95823
97,1669,1,1,0.088,129.59967
24,1014,3,3,0.154,123.145424
34,66,0,0,0.14735534237672995,112.91914
51,156,2,2,0.132,121.1163
71,1779,2,3,0.09783170383248899,134.48866
51,1627,1,1,0.088,121.17086
95,417,2,3,0.10422688909065453,126.477646
74,1252,0,0,0.154,131.67596
32,486,0,1,0.088,130.81932
75,862,2,3,0.05648761620833703,123.18673
103,198,0,2,0.132,143.46936
46,223,0,0,0.06721262682463644,121.375694
24,1513,0,1,0.088,127.504524
52,399,3,1,0.088,118.013664
24,588,3,1,0.088,128.02585
0,289,3,3,0.154,117.00543
52,484,0,1,0.088,116.059425
68,1204,2,1,0.088,136.03033
77,1848,0,2,0.03864793918559528,120.979675
66,1745,0,3,0.154,124.75309
16,1715,0,1,0.088,131.66139
92,1110,0,2,0.132,128.25562
59,1410,3,2,0.132,150.58333
42,911,1,1,0.088,129.57089
29,253,0,2,0.07946123190586768,124.59071
88,531,1,2,0.132,130.97652
112,405,1,2,0.132,118.89717
1,530,1,2,0.132,124.578735
28,816,1,1,0.06016968018375732,129.89763
51,1899,3,2,0.1290097928515529,120.21415
18,1655,1,0,0.10941556996099225,115.63828
66,248,3,3,0.008430510409216302,124.60636
84,992,2,0,0.03496972515016641,111.88736
57,1328,2,1,0.004719386291823613,133.41652
112,1512,1,1,0.088,121.16969
77,1257,2,1,0.088,119.8321
97,1340,1,0,0.154,127.101845
92,99,1,1,0.088,129.57759
11,1468,0,3,0.1,136.38858
82,741,1,2,0.132,134.19426
71,1183,2,1,0.088,135.33661
54,356,1,3,0.13525582114977558,135.4724
93,1717,3,2,0.132,116.96266
70,1397,3,3,0.154,119.89976
67,1315,1,3,0.154,123.859436
52,944,3,2,0.132,117.03492
32,1655,2,2,0.132,123.66174
31,1882,2,2,0.132,125.019066
67,1840,0,2,0.132,126.37909
91,1032,0,1,0.088,129.37158
38,933,2,2,0.132,124.18922
69,1540,0,0,0.12338311327054449,129.03859
63,417,0,3,0.09273373078091335,125.13983
46,709,0,2,0.132,133.33205
42,1968,2,3,0.154,123.21315
4,300,2,1,0.088,128.831
36,1282,3,2,0.132,124.82918
82,501,0,1,0.088,139.31316
92,1004,3,2,0.132,127.173744
66,123,0,2,0.132,130.14049
62,1043,0,2,0.132,119.876076
0,1369,1,2,0.132,120.30306
66,1069,0,2,0.132,133.51195
71,1393,2,2,0.132,137.13072
52,482,1,1,0.088,114.046364
107,223,0,3,0.154,123.76401
44,841,0,2,0.132,139.9091
16,1841,3,1,0.088,141.84363
105,490,2,2,0.132,139.70435
92,1240,1,2,0.132,129.37274
15,600,1,1,0.088,133.11282
89,489,0,3,0.01200000000000001,143.83904
14,1467,0,1,0.018288753496524673,136.25618
48,1789,0,1,0.017779943515569774,134.11978
58,478,1,1,0.088,126.62587
44,315,1,0,0.12854252792252416,126.90003
14,710,2,3,0.04583494633958973,132.76477
16,1220,1,1,0.088,140.44945
4,166,3,0,0.1497565530037935,120.56815
56,995,0,2,0.132,124.78169
4,68,3,2,0.132,118.34629
62,1135,0,2,0.132,137.8619
89,1546,2,2,0.132,142.28214
32,396,3,0,0.154,125.75038
36,536,2,3,0.01200000000000001,125.06305
59,1255,0,0,0.154,123.40805
52,702,3,1,0.088,119.759445
6,1704,3,0,0.05946711142367901,114.21353
27,350,0,2,0.07100010412933988,120.71345
32,379,3,2,0.132,131.42429
62,553,1,3,0.154,117.878265
32,674,2,2,0.132,128.83421
48,782,0,3,0.1,130.6523
52,1845,2,3,0.154,111.25714
52,980,2,3,0.154,112.971054
23,938,1,2,0.132,113.87184
1,1942,3,1,0.088,123.4873
46,363,0,3,0.1,122.91857
46,1752,1,2,0.132,126.37771
71,1930,0,2,0.014705625152150792,133.72777
6,1704,1,3,0.08415429070376312,114.21353
110,432,0,2,0.132,118.38339
97,21,0,1,0.088,129.90463
52,1695,2,1,0.088,116.56616
59,1915,1,2,0.132,119.30005
97,1273,1,2,0.132,129.48337
24,86,3,0,0.154,115.668816
85,348,3,2,0.132,113.74469
16,1851,0,1,0.088,138.11293
89,1662,1,1,0.088,145.98161
71,898,3,2,0.132,136.22948
30,1756,3,3,0.01200000000000001,114.34499
93,1284,0,2,0.008020493993805944,116.847946
110,43,0,1,0.088,115.72346
102,772,1,1,0.088,140.02356
22,1647,0,3,0.01200000000000001,137.21928
53,359,1,0,0.08193323007871352,inf
107,1470,3,2,0.132,125.550446
77,1634,1,2,0.132,117.50836
88,562,2,1,0.088,130.75972
79,541,3,3,0.02415252898545933,145.731
99,616,0,1,0.088,135.37938
93,693,2,1,0.088,115.25421
66,1266,0,0,0.07789456072385356,122.845665
56,631,0,1,0.01661397537705467,123.60497
97,115,2,1,0.088,129.56483
59,1933,2,0,0.154,114.03936
3,628,3,2,0.132,148.63876
43,147,3,2,0.132,123.61209
107,1961,3,1,0.088,125.36364
19,795,2,1,0.088,125.22288
110,641,3,1,0.088,114.78528
17,439,0,1,0.088,132.58995
58,1095,1,2,0.132,125.836174
27,767,1,2,0.132,116.48891
19,930,0,3,0.05175053785069274,125.40093
16,1972,1,2,0.132,131.34901
95,1570,2,2,0.132,131.12463
82,71,0,2,0.132,133.48637
52,1229,0,0,0.154,111.899414
53,1460,3,2,0.019658831599061344,138.0604
107,1340,1,1,0.088,123.97386
15,1942,2,0,0.12835400835344354,126.66761
113,1770,0,1,0.088,126.323944
85,2003,3,2,0.132,121.20521
62,2031,0,3,0.154,119.36747
62,630,0,1,0.088,119.26227
62,1246,3,1,0.088,121.615265
34,1251,0,3,0.154,112.91914
16,571,0,3,0.1,133.75578
106,1524,3,0,0.06989311729209202,137.2647
32,1292,3,1,0.088,130.76149
88,1752,0,2,0.132,133.68715
52,833,1,2,0.132,111.75553
24,1014,1,2,0.132,123.145424
52,1954,3,2,0.132,110.3436
16,1868,3,2,0.132,130.59154
59,1933,0,3,0.154,114.03936
83,901,0,3,0.1516324883651053,121.00438
16,1400,1,1,0.088,131.7113
32,889,0,2,0.132,129.68987
11,860,1,3,0.1,135.35193
112,93,2,2,0.132,121.39999
48,1257,2,3,0.1,129.98363
70,722,3,3,0.07194038317438359,118.48468
16,1251,2,0,0.154,124.698555
74,1294,1,1,0.088,135.21689
24,1782,1,1,0.04673753745419748,122.35279
36,1095,0,2,0.021667384221340957,124.87347
52,541,2,2,0.132,114.38414
74,1592,0,1,0.088,139.5121
44,1991,0,1,0.05200901015967921,139.79393
30,1368,0,2,0.132,127.676384
62,1490,1,1,0.088,118.71973
92,1624,2,1,0.088,129.11934
54,1779,1,3,0.06836229636691629,135.51866
89,227,2,1,0.088,144.60948
51,156,0,1,0.088,121.1163
31,499,2,2,0.132,122.70281
77,983,1,2,0.132,118.82787
102,1630,3,1,0.088,139.04358
3,614,0,0,0.154,144.80353
62,240,1,3,0.154,118.71686
63,997,2,1,0.088,126.32983
92,284,2,1,0.04852798351666138,130.32674
77,1743,2,1,0.088,117.96815
77,1172,3,0,0.05995562943273233,116.88453
23,625,1,2,0.132,129.48361
24,1398,3,1,0.088,127.61131
94,1855,3,1,0.088,130.75668
66,1549,0,2,0.132,132.06277
52,92,2,2,0.132,114.484276
70,1397,1,2,0.132,119.89976
93,1816,2,1,0.088,115.242035
51,1899,1,1,0.088,120.21415
60,1825,2,3,0.011596553170149779,128.61157
58,1282,2,1,0.059130789226991776,125.79914
93,346,1,2,0.132,114.65784
42,648,0,2,0.132,124.97622
66,1399,3,1,0.088,132.93518
99,922,0,1,0.088,inf
0,1382,0,2,0.132,119.41303
63,521,1,3,0.03181312287683982,125.10699
32,853,0,1,0.088,129.7819
24,1044,1,1,0.05689843288894059,108.10996
71,1113,2,1,0.009262669943747609,135.9624
49,439,1,2,0.132,123.97712
89,495,3,2,0.08451056997728318,143.6576
52,944,1,1,0.088,117.03492
59,687,3,1,0.088,129.95512
31,1882,0,1,0.088,125.019066
92,1425,2,3,0.1,127.86185
8,631,3,0,0.07779114348580898,125.211426
16,1711,0,1,0.088,138.2382
110,1953,3,2,0.132,118.56455
92,1004,1,1,0.088,127.173744
52,1760,3,2,0.132,116.52404
48,924,1,1,0.032658673870838206,130.04832
18,1420,2,2,0.1284243354660337,123.377815
80,670,0,1,0.015351881416242968,103.237785
1,521,2,2,0.132,125.493904
28,1426,1,1,0.088,128.86752
103,559,3,1,0.088,142.81357
10,631,3,1,0.08521701324071407,122.96407
28,319,1,2,0.132,106.76278
70,659,2,2,0.132,117.703476
52,274,1,2,0.132,115.54942
88,1872,3,2,0.132,134.01016
92,615,1,0,0.154,126.699394
58,1606,2,3,0.01200000000000001,126.03927
71,1378,3,2,0.132,146.0901
49,445,0,2,0.132,120.73532
16,1545,1,2,0.132,124.85896
10,9,3,1,0.088,126.60454
63,182,0,1,0.088,127.56769
16,1106,2,2,0.132,136.03998
34,1271,2,2,0.132,112.8464
77,782,0,2,0.132,120.71548
44,1889,2,2,0.132,138.03105
52,831,1,1,0.088,119.4217
95,728,2,2,0.132,134.49843
89,1738,0,2,0.132,153.34377
66,341,1,1,0.088,127.13238
88,798,3,0,0.154,127.45391
52,1845,0,2,0.132,111.25714
34,1165,0,2,0.132,125.01331
0,1088,0,1,0.088,122.53172
112,921,1,1,0.088,121.87595
77,1286,1,2,0.132,117.00041
77,1759,2,2,0.132,118.92202
32,145,3,3,0.154,126.530975
24,1417,3,2,0.132,123.20804
52,651,0,1,0.088,110.285835
75,350,2,2,0.02323719177957484,125.700264
52,1641,3,2,0.132,112.84413
7,1190,0,2,0.132,133.56679
32,1812,0,2,0.132,128.01447
57,1790,3,2,0.132,126.960754
51,779,3,3,0.154,119.41651
46,135,1,1,0.088,125.768684
16,334,1,3,0.154,130.50479
87,1172,3,1,0.088,129.3944
61,1723,2,2,0.132,133.64351
56,1651,2,1,0.08031644572923602,124.829994
112,230,3,3,0.154,116.66273
28,871,2,1,0.088,105.818565
3,628,1,1,0.088,148.63876
85,777,2,2,0.132,120.99513
52,877,1,3,0.154,110.40229
30,1756,1,2,0.05639605107351764,114.34499
77,197,2,1,0.08647015293115426,118.90817
8,1797,3,3,0.154,125.26117
28,347,1,2,0.132,110.485725
59,473,3,3,0.154,127.7161
113,764,1,2,0.11173692207972849,128.03705
44,1800,1,3,0.1,137.53108
92,1120,3,0,0.154,118.313324
52,1465,0,2,0.132,110.898735
52,927,0,2,0.132,123.58746
52,1026,1,2,0.132,118.79785
24,1648,0,1,0.088,123.50054
0,1552,2,3,0.1,118.18481
89,755,1,3,0.154,140.21808
82,321,3,2,0.132,136.37488
43,147,1,1,0.088,123.61209
24,619,0,2,0.132,121.34289
107,771,1,2,0.132,124.84287
89,88,1,2,0.132,144.98692
1,1699,0,1,0.03626350784892024,127.01478
52,1766,2,3,0.154,111.18428
92,1120,1,3,0.154,118.313324
89,1332,0,2,0.132,148.42784
110,704,1,0,0.02041550928599528,113.294304
17,448,1,3,0.1,127.62286
4,1573,3,3,0.154,122.03762
0,1926,2,3,0.026506227783327674,115.41633
24,454,0,0,0.154,101.93009
52,1021,2,2,0.132,113.9959
52,1689,3,1,0.088,114.96037
15,1481,2,2,0.132,134.75034
105,1859,0,1,0.088,137.30618
23,1301,3,3,0.028062343456462996,118.76208
25,1883,0,3,0.01200000000000001,140.65344
52,637,1,1,0.088,121.20697
16,1868,1,1,0.088,130.59154
19,1413,1,1,0.009117300385733579,125.56763
15,5,1,2,0.132,130.68153
62,202,1,1,0.088,120.06063
105,1395,2,2,0.132,141.32874
57,356,2,2,0.01682691943604242,127.207146
8,1706,2,1,0.088,127.018684
24,1918,3,2,0.132,122.43537
74,1580,0,3,0.154,131.7145
9,930,0,3,0.10224946214930726,123.63986
74,2004,1,0,0.154,131.59996
82,1127,0,2,0.132,136.31854
112,93,0,1,0.088,121.39999
68,1301,2,3,0.07929707024353691,132.87154
82,1921,2,2,0.132,132.8016
93,1926,2,3,0.12749377221667232,113.26108
25,1537,2,1,0.088,142.23654
91,1919,1,2,0.03420928025214062,126.22822
95,1375,3,1,0.07034604295082691,134.5365
23,47,3,2,0.132,102.72365
31,1748,1,2,0.132,124.7868
38,1463,1,3,0.154,123.50114
52,541,0,1,0.088,114.38414
16,367,1,2,0.132,140.95721
24,1720,3,2,0.132,121.43627
59,23,1,1,0.088,128.55214
52,1074,1,1,0.088,113.91722
31,499,0,1,0.088,122.70281
31,607,1,2,0.04737572679997182,120.70254
58,1070,1,1,0.088,125.97569
77,30,1,2,0.132,118.333496
38,277,0,2,0.132,132.56512
112,1228,0,2,0.132,123.30136
71,1545,0,3,0.154,125.43895
3,1713,1,3,0.1,147.02338
58,810,0,2,0.132,126.077385
89,23,3,0,0.154,132.31386
95,126,0,3,0.023796819271567765,129.99115
102,741,3,3,0.1,136.46254
97,1085,2,2,0.132,129.29138
110,1159,0,1,0.088,118.14562
38,1753,1,2,0.132,122.675026
16,67,3,2,0.132,138.20308
28,816,3,1,0.088,129.89763
0,1815,2,1,0.088,119.75321
95,738,3,1,0.088,134.23291
103,854,2,3,0.154,134.9759
66,469,2,1,0.088,128.07477
16,221,2,1,0.088,138.18773
74,1999,0,3,0.154,132.97716
92,1100,2,1,0.088,127.444305
105,1149,1,3,0.154,130.47318
93,1159,1,2,0.132,115.12867
82,337,3,3,0.0032563895938691467,129.87683
16,175,0,2,0.132,132.65738
89,1836,0,2,0.04615351414099694,148.2018
70,1688,0,2,0.1298343408489051,117.73856
3,260,3,2,0.132,144.91055
105,64,0,1,0.088,132.64482
82,392,1,2,0.132,134.10596
34,1289,0,2,0.050791085431852956,126.350105
68,750,2,0,0.05097825660124117,120.91242
68,973,3,2,0.132,135.23978
88,1793,0,1,0.088,134.44336
62,896,3,2,0.11881998972143537,118.585236
67,1840,2,2,0.132,126.37909
88,437,3,1,0.088,134.72917
82,710,3,1,0.035438568122539274,132.67506
34,263,0,3,0.06970002404057324,114.95884
23,750,3,0,0.154,105.9593
89,919,0,1,0.088,147.05455
16,666,0,1,0.04966050596919713,143.50069
89,1885,0,0,0.154,132.32724
0,609,1,2,0.132,118.59826
24,1250,3,1,0.088,125.267
82,960,0,3,0.154,129.92143
59,1631,2,2,0.132,124.05435
105,1152,1,3,0.154,132.873
115,1852,3,2,0.132,126.32865
67,165,3,2,0.0731285862527935,123.64611
92,1289,2,2,0.132,127.37829
54,131,0,1,0.088,137.5662
24,1189,0,2,0.1035035449388993,134.48273
52,46,1,1,0.088,117.04925
58,1078,1,3,0.1,124.62539
107,1645,0,3,0.154,124.55036
61,1408,3,2,0.132,135.23831
52,1760,1,1,0.088,116.52404
23,750,1,3,0.154,105.9593
3,525,1,2,0.132,151.59546
16,1487,1,2,0.132,138.53506
1,521,0,1,0.088,125.493904
4,1694,0,2,0.132,134.3686
23,86,1,2,0.132,109.15867
52,1768,3,2,0.132,116.2838
97,1507,2,2,0.09752141112925833,129.35425
106,444,3,2,0.132,140.1685
95,341,3,3,0.1,129.85771
95,963,2,3,0.1,128.82626
4,155,2,2,0.132,123.1082
82,524,1,3,0.1,130.27641
20,1911,0,3,0.0911340340404444,123.41262
102,453,1,3,0.154,inf
24,186,3,2,0.132,128.54955
0,1939,3,2,0.132,124.44583
88,1854,1,1,0.088,131.10046
0,1895,0,1,0.088,123.22514
46,224,1,3,0.01200000000000001,123.838684
52,1176,3,3,0.154,112.554474
16,1409,1,2,0.132,139.10027
77,536,1,2,0.028678976606161033,121.22921
68,350,2,2,0.10876280822042517,132.30843
102,1507,3,1,0.088,136.5146
15,521,1,3,0.12218687712316018,128.21112
52,1901,2,0,0.006138884667473643,112.049225
61,717,3,3,0.1,133.61626
97,1413,1,1,0.07888269961426642,127.5932
82,571,0,2,0.132,132.27289
14,83,3,2,0.132,138.92249
89,1189,3,2,0.132,146.95566
70,997,0,1,0.07024355874661514,121.35445
3,333,0,2,0.132,155.59325
112,230,1,2,0.132,116.66273
67,546,0,1,0.088,133.07515
16,1739,1,2,0.132,130.59496
33,1781,1,2,0.132,124.136604
16,902,3,1,0.088,130.6266
74,1252,2,0,0.13767193377488543,131.67596
51,165,0,2,0.132,119.360115
37,96,1,2,0.132,inf
32,145,1,2,0.132,126.530975
56,767,1,3,0.154,120.95823
52,1560,1,1,0.088,116.912025
103,836,2,3,0.01200000000000001,138.15752
23,581,2,2,0.132,109.01861
36,1848,2,2,0.057294296521907095,124.715614
25,857,0,2,0.132,128.21265
115,1223,0,3,0.01200000000000001,126.6339
103,169,2,2,0.05733410439159503,134.49481
34,66,0,3,0.154,112.91914
74,1909,3,2,0.132,137.89177
38,1546,0,1,0.088,125.91406
24,1603,1,2,0.132,125.03528
112,405,3,2,0.132,118.89717
31,1174,1,2,0.132,116.35624
82,1333,3,1,0.088,134.64003
74,1252,0,3,0.154,131.67596
83,136,2,2,0.132,127.17368
62,1308,2,1,0.04757149938123292,122.13566
92,1744,1,3,0.01200000000000001,128.87256
3,1562,1,3,0.01200000000000001,148.00163
83,958,2,0,0.15331100300790462,inf
83,290,1,1,0.088,122.695114
89,1662,3,1,0.088,145.98161
85,777,0,1,0.088,120.99513
16,1293,1,2,0.132,138.10725
48,294,0,1,0.088,133.60263
52,681,1,2,0.132,117.31963
13,930,3,2,0.011542434690029746,124.87963
105,511,3,3,0.154,131.46114
36,1078,1,1,0.088,123.63128
59,1740,3,1,0.088,141.69008
95,340,1,3,0.007433063717157629,130.03944
113,456,0,2,0.0016231450505889145,123.70521
94,1946,0,2,0.132,136.81393
32,1530,1,1,0.088,131.44942
48,1145,2,0,0.0767446512072677,124.71139
24,697,1,2,0.132,122.867325
28,1684,2,1,0.088,128.97798
63,1866,3,2,0.132,132.07614
38,609,3,1,0.04845320716396115,126.13394
103,769,0,2,0.11369791661129713,145.11584
43,90,2,2,0.07237378498960012,125.09671
62,1625,1,1,0.088,119.21498
97,1340,1,3,0.154,127.101845
16,1620,1,2,0.132,124.46699
91,1662,3,2,0.029215550030876614,130.11739
36,1256,3,1,0.088,127.87079
92,1595,2,2,0.132,128.25562
25,113,1,2,0.132,143.81183
36,983,1,3,0.154,123.012024
113,1182,2,1,0.015786750931147592,125.7227
62,1043,2,2,0.132,119.876076
8,369,0,2,0.132,125.75129
23,1301,1,2,0.132,118.76208
52,383,3,1,0.088,119.42932
48,976,3,1,0.006257402395569794,132.54938
52,877,0,0,0.154,110.40229
8,656,0,1,0.088,125.69976
92,1110,1,3,0.1,128.25562
69,1460,1,1,0.013417338747661656,138.93098
83,958,0,3,0.154,inf
51,456,1,1,0.088,121.819664
69,1540,0,3,0.11976438450708385,129.03859
66,413,2,1,0.088,129.493
32,903,3,1,0.088,124.172585
92,1240,3,2,0.132,129.37274
24,1263,1,3,0.01200000000000001,124.503586
52,868,2,3,0.1,115.07239
52,741,2,1,0.08236804619080323,118.51796
52,1338,3,3,0.154,113.72922
11,1113,0,1,0.088,135.55573
49,1753,2,0,0.06164198231563467,116.86789
23,1885,2,1,0.088,108.678154
74,380,2,2,0.132,136.81973
48,1145,0,3,0.154,124.71139
59,2026,0,0,0.06993202087760181,125.88616
61,1273,2,2,0.02320393800578202,133.64407
15,1481,0,1,0.088,134.75034
46,1961,2,3,0.1,122.354996
32,1626,0,2,0.132,125.75038
69,1148,0,2,0.132,147.34828
77,1981,2,2,0.132,120.03326
66,217,3,1,0.088,134.20633
95,273,3,2,0.132,130.64754
10,901,3,2,0.132,122.797226
59,1452,1,1,0.088,145.51007
0,1579,0,1,0.088,120.51575
15,819,2,3,0.1,130.83844
107,223,3,1,0.088,123.76401
0,1384,2,3,0.11846086590438601,117.003395
24,1782,3,1,0.02177416956034814,122.35279
0,916,1,2,0.132,121.33901
44,1667,2,1,0.088,137.72528
32,397,2,0,0.154,125.86174
62,1141,1,2,0.12948558811974242,123.12361
32,396,3,3,0.154,125.75038
59,1255,0,3,0.154,123.40805
102,1279,1,2,0.132,141.78163
83,169,2,1,0.05557319709910588,120.76686
52,482,2,2,0.132,114.046364
107,1413,1,2,0.10956194896804783,124.612305
46,190,3,1,0.088,127.76597
62,888,3,3,0.154,119.533066
92,2006,3,1,0.088,128.39629
66,1131,0,2,0.132,128.83337
39,751,0,2,0.054209732272343825,137.71956
58,478,2,2,0.132,126.62587
32,397,0,3,0.154,125.86174
32,1901,0,2,0.132,127.85046
3,500,2,1,0.088,145.1449
77,924,1,2,0.132,120.10167
3,328,0,1,0.088,153.79709
92,852,0,1,0.088,128.09807
44,1991,2,1,0.002581493839679233,139.79393
13,152,2,3,0.041132074600779944,123.47581
67,1422,1,2,0.132,130.15176
48,782,3,1,0.08506088483880989,130.6523
52,1543,0,2,0.132,114.68258
30,298,1,1,0.069914256141269,115.61144
33,1130,2,0,0.04978460837466778,115.823875
89,1103,3,1,0.088,143.08826
38,1463,0,0,0.154,123.50114
39,80,2,3,0.11862654441908665,122.96956
58,1046,1,3,0.01200000000000001,126.06777
105,179,3,2,0.04680692797468211,131.32787
17,1607,3,2,0.132,132.51787
24,1147,1,3,0.154,122.84561
77,1348,0,2,0.132,118.19152
36,1286,3,0,0.154,121.36501
59,1631,0,1,0.088,124.05435
14,487,2,2,0.132,137.53363
71,1642,0,2,0.132,138.8391
113,1656,3,0,0.154,101.037994
68,2002,1,0,0.154,117.34723
92,989,2,3,0.01200000000000001,128.71408
77,1655,0,0,0.154,113.220985
37,340,1,2,0.07225950739289899,129.10951
34,255,2,3,0.055307074840573234,112.91914
97,801,1,1,0.088,132.01765
68,973,1,1,0.088,135.23978
58,1095,3,2,0.12377185905360621,125.836174
52,620,3,1,0.088,116.02381
43,1540,2,2,0.132,121.15424
52,1937,3,1,0.088,113.63846
32,57,2,1,0.088,128.36699
62,896,1,1,0.088,118.585236
52,1768,1,1,0.088,116.2838
49,1926,3,3,0.1323452320776779,116.871155
10,1651,1,3,0.1,124.197845
52,1695,3,2,0.132,116.56616
113,1656,1,3,0.154,101.037994
21,576,2,2,0.12692316764094252,inf
52,188,0,2,0.132,126.22765
107,1340,3,1,0.088,123.97386
8,756,0,2,0.132,132.5805
52,1280,1,2,0.132,115.96706
16,263,3,0,0.1077088495215838,126.58839
7,1991,2,3,0.1,133.53944
39,1119,3,1,0.038951010323521995,129.14157
52,936,0,3,0.1,114.86835
62,873,2,1,0.088,121.385315
23,938,2,3,0.154,113.87184
11,1272,2,2,0.132,135.86816
52,1191,2,2,0.132,113.214836
32,822,2,0,0.154,125.60336
44,1157,2,1,0.088,137.33469
15,141,3,2,0.08360236937233684,132.3338
93,1525,3,2,0.132,115.00581
52,1229,0,3,0.154,111.899414
13,1226,2,1,0.088,120.48227
16,1067,1,2,0.132,138.4938
88,528,1,3,0.1,128.918
110,661,3,2,0.132,115.0372
97,1222,3,1,0.088,132.78741
83,901,2,3,0.14784793049491918,121.00438
4,155,0,1,0.088,123.1082
51,1018,2,1,0.088,inf
97,115,3,2,0.132,129.56483
32,822,0,3,0.154,125.60336
69,1979,1,2,0.0561541304809387,138.6033
6,1756,0,2,0.132,127.26176
71,678,3,1,0.088,139.04982
105,2012,0,2,0.132,147.92354
52,539,1,2,0.132,114.02578
5,164,3,3,0.0010492440470224636,136.12427
92,1659,2,2,0.132,129.94183
62,1596,0,3,0.01200000000000001,121.89077
52,1728,2,3,0.1,115.090164
110,43,1,2,0.132,115.72346
52,1161,1,2,0.132,125.235634
110,1427,2,2,0.132,114.03287
107,1347,0,1,0.088,127.56826
112,629,1,2,0.132,116.947365
61,717,1,2,0.132,133.61626
62,1490,3,1,0.088,118.71973
93,1944,3,2,0.132,114.08553
32,249,2,2,0.132,124.260796
77,1420,3,3,0.0044287265526611885,119.05507
89,990,3,1,0.088,145.0696
3,1611,1,3,0.154,145.66856
74,1213,3,1,0.088,132.2102
115,1852,0,2,0.132,126.32865
22,1697,0,3,0.01200000000000001,137.00833
3,614,2,0,0.154,144.80353
0,205,2,1,0.088,119.66468
102,453,0,0,0.154,inf
15,1346,2,1,0.088,129.97227
103,315,0,0,0.0876304517167357,122.75009
22,1240,0,3,0.1,136.555
52,1176,2,0,0.154,112.554474
59,1952,0,1,0.088,150.32684
93,971,2,2,0.132,115.726105
7,1273,3,1,0.02719963033207884,133.57426
3,614,0,3,0.154,144.80353
63,126,0,1,0.06453719347540204,128.8238
92,1267,2,1,0.088,128.75853
36,1598,1,2,0.132,126.359505
16,914,0,1,0.088,138.77147
87,929,0,3,0.14409558546438522,129.267
95,847,0,2,0.132,138.66896
66,1696,1,2,0.132,133.54762
0,2024,1,0,0.154,115.59488
59,1215,2,1,0.088,139.73148
24,493,2,1,0.088,125.3339
105,511,1,2,0.132,131.46114
92,1595,0,1,0.088,128.25562
62,1058,1,1,0.088,122.56578
28,1823,1,2,0.132,129.92921
24,1014,2,3,0.1,123.145424
69,737,0,2,0.030572828146872844,141.67653
59,1576,1,1,0.00950687443430534,136.9058
52,2016,3,2,0.132,115.55853
20,1952,0,2,0.0402824827441437,145.40764
52,686,2,1,0.088,113.404076
16,1711,2,1,0.088,138.2382
82,1411,0,1,0.088,134.39384
95,417,1,3,0.11601430755441014,126.477646
113,1201,0,1,0.088,124.94884
15,507,3,3,0.1,131.41943
0,1717,2,2,0.132,118.86352
54,1602,3,1,0.086290860585083,139.63535
52,399,2,1,0.088,118.013664
42,1467,0,1,0.06971124650347532,128.4977
8,631,3,3,0.14162041784993537,125.211426
51,529,3,1,0.088,120.22916
52,92,3,3,0.1,114.484276
8,901,1,0,0.03285748735526903,125.13527
105,165,1,3,0.0905411058670973,133.09605
51,156,1,2,0.132,121.1163
51,1899,2,2,0.132,120.21415
61,793,1,3,0.1,133.64122
71,1779,1,3,0.0856377036330837,134.48866
113,141,0,1,0.0874756498111477,125.12888
52,868,0,2,0.132,115.07239
102,282,2,1,0.088,137.4529
84,992,1,0,0.037477321710166406,111.88736
0,560,3,2,0.132,120.151634
68,1032,2,2,0.132,138.95415
92,368,3,2,0.132,133.63474
112,1512,0,1,0.088,121.16969
77,1257,1,1,0.088,119.8321
0,1284,3,2,0.132,118.57849
97,1340,0,0,0.154,127.101845
92,99,0,1,0.088,129.57759
62,90,2,2,0.059626215010399886,118.29218
82,741,0,2,0.132,134.19426
70,1397,2,3,0.11796906886375544,119.89976
67,1315,0,3,0.154,123.859436
97,798,1,3,0.154,127.4463
80,169,0,0,0.05675368421053998,102.014656
6,659,3,3,0.031929773707041365,118.18732
2,1728,0,3,0.00024329935268123382,106.82514
74,2004,3,0,0.154,131.59996
97,44,3,1,0.088,129.64684
26,1313,3,0,0.08467321975939712,121.3624
23,306,0,1,0.088,108.73907
70,1266,3,2,0.132,119.123924
105,1432,3,2,0.132,139.70499
33,1039,1,2,0.132,120.828224
52,894,3,1,0.088,119.27938
62,154,3,2,0.10700369131974241,123.12361
71,817,3,1,0.06986789490338674,142.26805
71,1183,1,1,0.088,135.33661
22,839,3,3,0.01200000000000001,136.32596
52,1243,0,3,0.1,114.40889
93,1876,3,1,0.088,116.03051
103,1950,3,1,0.088,142.43561
62,90,3,0,0.154,118.29218
0,145,1,0,0.154,115.253136
16,98,1,1,0.088,129.21205
71,1393,1,2,0.132,137.13072
11,1806,3,1,0.088,140.4303
110,430,0,2,0.132,113.60811
52,482,0,1,0.088,114.046364
68,231,3,2,0.132,139.82
58,478,0,1,0.088,126.62587
3,500,0,0,0.05219307375867682,145.1449
88,534,3,3,0.1,128.97813
14,710,1,3,0.06264641713958974,132.76477
23,1911,1,2,0.132,103.09094
66,80,2,1,0.045923316682195486,125.27196
4,166,2,0,0.1195844433437935,120.56815
97,320,3,2,0.132,131.20267
4,68,2,2,0.132,118.34629
89,1546,1,2,0.132,142.28214
24,998,0,1,0.088,128.33495
32,396,2,0,0.09439330909241903,125.75038
8,390,0,3,0.01200000000000001,127.743935
51,413,3,1,0.088,125.22709
52,702,2,1,0.088,119.759445
52,1465,2,2,0.132,110.898735
6,1704,2,0,0.03805464650367902,114.21353
52,800,0,3,0.01200000000000001,115.995094
32,379,2,2,0.132,131.42429
25,1853,3,2,0.132,145.38913
32,674,1,2,0.132,128.83421
4,166,0,3,0.154,120.56815
14,487,0,1,0.088,137.53363
38,488,0,3,0.042893274766745704,122.938354
77,1356,0,2,0.132,121.5615
85,1747,1,1,0.088,113.83522
92,989,0,2,0.132,128.71408
23,938,0,2,0.132,113.87184
11,1272,0,1,0.088,135.86816
1,1942,2,1,0.06789118686332068,123.4873
32,1304,2,3,0.154,127.648
28,593,3,2,0.132,128.86752
66,2022,1,1,0.088,126.51837
34,255,0,2,0.132,112.91914
82,330,1,2,0.132,134.62782
109,1704,3,0,0.07035088344149294,108.842545
59,885,2,3,0.09835365625769468,138.81706
88,1433,1,1,0.088,131.5185
3,1199,1,1,0.088,149.85681
52,1695,1,1,0.088,116.56616
83,817,0,2,0.132,128.62117
8,290,3,1,0.088,126.33776
59,1915,0,2,0.132,119.30005
39,1734,3,2,0.132,131.90794
8,1132,3,3,0.1,125.745285
68,1843,3,0,0.0788411005546504,124.66501
24,86,2,0,0.0484831779818064,115.668816
85,348,2,2,0.132,113.74469
52,1191,0,1,0.088,113.214836
97,1967,3,2,0.132,129.83305
52,1741,1,3,0.1,114.22257
71,898,2,2,0.132,136.22948
10,1501,2,1,0.08686409858759639,123.824036
77,1634,0,2,0.09924769269471734,117.50836
69,427,0,2,0.132,138.52266
28,545,2,3,0.0935244777686896,125.68897
24,454,0,3,0.154,101.93009
43,505,3,3,0.154,121.375114
89,95,0,2,0.132,149.5117
16,1697,0,2,0.132,140.31818
89,518,1,2,0.132,145.2441
97,115,1,1,0.088,129.56483
59,739,3,2,0.132,145.81541
109,401,0,3,0.02066111264811682,111.23325
52,288,3,2,0.132,108.25175
3,628,2,2,0.132,148.63876
61,385,3,2,0.132,133.62326
29,72,3,1,0.005671525030079144,124.69909
107,1961,2,1,0.088,125.36364
110,641,2,1,0.088,114.78528
15,1370,3,2,0.132,133.26367
110,466,0,1,0.088,118.08856
16,438,1,2,0.132,139.11533
62,1787,0,2,0.132,131.1713
16,1972,0,2,0.132,131.34901
93,1944,1,1,0.088,114.08553
97,1721,3,0,0.154,127.05684
95,1570,1,2,0.132,131.12463
59,23,3,1,0.088,128.55214
107,1340,0,1,0.088,123.97386
24,1415,1,1,0.088,97.89254
43,147,2,2,0.132,123.61209
8,1235,1,1,0.088,128.80894
77,30,3,2,0.132,118.333496
62,1246,2,1,0.088,121.615265
44,1623,3,1,0.088,137.64551
52,1671,3,2,0.132,127.53142
68,1500,3,1,0.06813685383673923,131.91673
106,1524,2,0,0.03290795061209202,137.2647
44,164,0,2,0.132,137.21603
32,1292,2,1,0.088,130.76149
97,534,3,2,0.132,129.44595
88,1534,0,1,0.07955941197246139,132.92702
24,1014,0,2,0.132,123.145424
43,423,3,0,0.10992497768969733,120.51534
16,1400,0,1,0.088,131.7113
11,860,0,3,0.07234921738824412,135.35193
52,1021,3,3,0.1,113.9959
52,710,3,2,0.08902041342421219,116.77138
74,1580,3,1,0.088,131.7145
70,722,2,3,0.154,118.48468
52,1402,0,1,0.088,118.49024
34,1616,2,2,0.132,124.25191
62,1490,0,1,0.0665044330865277,118.71973
12,1213,0,2,0.132,119.0723
112,1211,3,2,0.132,117.7302
107,994,0,2,0.132,124.202156
31,499,1,2,0.132,122.70281
77,983,0,2,0.132,118.82787
26,720,0,2,0.132,133.04121
52,1675,0,2,0.132,109.5829
102,1630,2,1,0.088,139.04358
48,1257,1,3,0.1,129.98363
0,53,3,2,0.132,118.97344
54,131,2,1,0.088,137.5662
91,2003,1,3,0.154,122.52048
63,997,1,1,0.088,126.32983
16,1251,1,0,0.154,124.698555
77,1172,2,0,0.154,116.88453
23,625,0,2,0.132,129.48361
24,1398,2,1,0.088,127.61131
59,687,1,3,0.154,129.95512
23,750,3,3,0.154,105.9593
52,92,1,2,0.132,114.484276
93,1717,0,1,0.088,116.96266
70,1397,0,2,0.132,119.89976
59,1410,0,1,0.088,150.58333
58,790,3,2,0.132,127.84871
52,94,3,2,0.132,113.03174
51,1899,0,1,0.088,120.21415
99,116,1,1,0.01800990904430494,127.267075
60,1825,1,3,0.017803902570149785,128.61157
4,748,1,1,0.036306740974814095,123.776985
77,1172,0,3,0.154,116.88453
42,126,0,3,0.07620318072843224,125.64786
67,232,2,2,0.132,124.943825
59,0,2,2,0.132,149.00175
56,1416,3,2,0.132,122.70724
89,445,3,3,0.154,141.51338
46,224,3,3,0.01200000000000001,123.838684
63,467,3,2,0.132,128.60683
95,417,0,0,0.154,126.477646
10,1883,3,1,0.088,127.129234
24,1044,0,1,0.088,108.10996
94,976,1,2,0.132,128.1024
52,944,0,1,0.088,117.03492
92,1324,3,1,0.088,132.3406
92,1425,1,3,0.1,127.86185
88,1336,1,2,0.1063717652123296,133.8305
70,1266,1,1,0.088,119.123924
52,586,1,1,0.088,115.30518
66,638,0,2,0.132,134.35658
87,1930,0,1,0.03608669520541219,128.54512
88,11,2,2,0.132,130.31584
110,1953,2,2,0.132,118.56455
0,1339,2,1,0.061137604991400835,120.368515
46,1526,3,3,0.01200000000000001,123.928276
0,900,3,1,0.088,123.03359
99,862,2,2,0.07440470357768025,125.85361
48,924,0,1,0.088,130.04832
18,1420,1,2,0.0031908068507580656,123.377815
89,495,2,2,0.132,143.6576
28,1426,0,1,0.088,128.86752
71,1825,0,2,0.11413938753126673,135.68254
70,659,1,2,0.03358335911206378,117.703476
112,152,3,2,0.10205026438130715,117.51672
106,1259,1,3,0.01200000000000001,137.34236
0,560,0,2,0.132,120.151634
16,794,0,1,0.047309087244601145,143.50583
3,1193,3,2,0.132,147.61444
0,416,0,2,0.132,122.853516
97,320,1,1,0.04419386294980593,131.20267
4,2020,0,2,0.132,122.3337
18,171,3,2,0.132,128.98102
56,1797,0,2,0.132,123.69844
59,1892,3,1,0.006430720274304941,149.81496
105,908,3,2,0.132,144.98836
24,843,3,1,0.088,126.95185
34,1271,1,2,0.132,112.8464
6,1875,2,2,0.132,127.27973
48,801,3,1,0.088,132.23567
105,1619,2,2,0.132,134.79614
15,1729,1,1,0.088,131.7947
115,1203,3,3,0.1,124.89844
97,1259,3,3,0.01401680992669771,129.62991
3,1736,1,0,0.154,144.87646
28,1303,3,1,0.088,125.784904
52,1572,2,2,0.132,107.89374
43,1254,2,3,0.154,121.111015
32,486,3,2,0.132,130.81932
77,1286,0,2,0.132,117.00041
66,340,2,1,0.088,127.21583
32,1304,0,2,0.132,127.648
28,593,1,1,0.088,128.86752
71,898,0,1,0.088,136.22948
52,1641,2,2,0.132,112.84413
36,983,3,3,0.154,123.012024
103,169,3,3,0.154,134.49481
89,966,3,1,0.088,146.21445
62,1203,2,2,0.132,119.71989
31,298,0,2,0.132,126.825096
57,1790,2,2,0.132,126.960754
92,1110,3,3,0.1,128.25562
88,1136,1,2,0.0679901999526139,132.74338
62,1825,2,2,0.030041592346211177,120.16183
46,135,0,1,0.008908401093932788,125.768684
51,511,0,0,0.09366107007627675,117.60853
16,334,0,3,0.154,130.50479
16,353,2,1,0.088,132.96996
95,728,1,2,0.132,134.49843
52,1280,3,2,0.132,115.96706
61,1723,1,2,0.11276316218069923,133.64351
56,1651,1,1,0.088,124.829994
18,1384,1,1,0.088,123.27808
49,730,0,1,0.088,116.54482
24,1263,3,3,0.1,124.503586
57,1117,2,3,0.154,125.158806
85,777,1,2,0.132,120.99513
66,997,3,3,0.154,124.72549
52,877,0,3,0.154,110.40229
4,1968,3,1,0.088,121.702965
32,1542,2,2,0.132,131.04659
8,1797,2,3,0.154,125.26117
36,1001,0,1,0.088,126.90465
59,473,2,3,0.154,127.7161
16,337,0,3,0.154,131.59618
12,1130,0,1,0.088,110.874954
28,545,0,2,0.12105684130249195,125.68897
10,632,2,1,0.088,123.634315
87,1172,2,1,0.088,129.3944
59,1452,3,1,0.088,145.51007
3,1336,1,2,0.0256282347876704,151.44182
28,871,1,1,0.088,105.818565
52,1098,3,2,0.132,117.7825
42,282,0,1,0.088,127.84058
49,1753,2,3,0.025862645155576403,116.86789
19,189,0,1,0.088,134.45251
0,1552,1,3,0.1,118.18481
59,2026,0,3,0.154,125.88616
99,1222,2,1,0.088,134.15318
3,628,0,1,0.088,148.63876
43,147,0,1,0.088,123.61209
107,771,0,2,0.132,124.84287
89,88,0,2,0.132,144.98692
82,501,3,2,0.132,139.31316
56,18,2,0,0.051099102214785475,120.46205
62,1043,3,3,0.1,119.876076
74,311,0,2,0.132,145.4643
97,534,1,1,0.088,129.44595
71,2001,2,2,0.132,137.46375
68,194,3,1,0.088,140.58995
113,764,0,2,0.132,128.03705
38,1473,3,1,0.088,127.89767
24,585,0,2,0.010056429081604867,142.57002
99,1691,0,2,0.07463325887597214,135.00255
100,1573,0,0,0.017140447043054365,138.5317
44,1800,0,3,0.1,137.53108
17,448,0,3,0.1,127.62286
4,1573,2,3,0.1398428153468936,122.03762
3,602,3,2,0.132,145.33192
95,1646,3,2,0.132,135.58954
92,4,0,2,0.132,128.81181
85,1052,3,3,0.05880656966670064,115.41738
9,152,0,1,0.01576278103245307,122.37383
89,560,3,1,0.088,144.40082
85,2003,0,1,0.088,121.20521
32,397,2,3,0.154,125.86174
52,1021,1,2,0.132,113.9959
32,1901,2,2,0.132,127.85046
52,1391,3,1,0.088,111.52421
97,1967,0,2,0.132,129.83305
52,1689,2,1,0.088,114.96037
74,865,0,1,0.088,141.00089
69,1390,1,2,0.132,140.39896
102,1236,0,2,0.132,143.99103
92,1485,3,2,0.132,128.98128
23,1428,3,2,0.132,126.58662
32,1626,3,0,0.154,125.75038
8,1975,3,2,0.132,127.71907
15,5,0,2,0.132,130.68153
62,202,0,1,0.088,120.06063
13,795,0,1,0.088,124.744125
91,479,3,2,0.132,128.14325
88,1553,2,2,0.09068844967588591,129.2408
33,606,2,1,0.088,121.337906
25,1537,1,1,0.088,142.23654
11,378,2,1,0.088,138.10167
38,1463,0,3,0.154,123.50114
16,464,0,3,0.1,133.35417
105,253,3,2,0.0891063023347285,139.69019
59,1255,3,1,0.088,123.40805
16,270,1,2,0.132,139.4844
36,1286,3,3,0.11879762969836302,121.36501
52,1074,0,1,0.088,113.91722
14,537,3,1,0.088,137.92334
113,1656,3,3,0.154,101.037994
105,1395,1,2,0.132,141.32874
94,430,1,3,0.12040539581877543,121.84189
24,1918,2,2,0.132,122.43537
68,2002,1,3,0.154,117.34723
0,53,1,1,0.088,118.97344
26,1814,0,0,0.015312249907613207,122.27446
63,1688,3,0,0.05472859900360967,123.13949
31,1748,0,2,0.132,124.7868
102,1621,2,3,0.1,135.43517
6,2004,1,2,0.037289328281043144,120.88168
102,741,2,3,0.01200000000000001,136.46254
110,1693,1,1,0.088,116.719604
97,1085,1,2,0.132,129.29138
33,1747,2,3,0.154,115.68481
16,67,2,2,0.132,138.20308
16,263,3,3,0.14304663455942682,126.58839
11,1276,1,2,0.132,140.25194
103,854,1,3,0.154,134.9759
66,469,1,1,0.088,128.07477
12,1580,0,2,0.11739798947913765,118.50073
92,1100,1,1,0.088,127.444305
46,1531,0,2,0.132,135.16525
32,822,2,3,0.154,125.60336
82,392,0,2,0.132,134.10596
3,85,0,2,0.0670993899876704,152.93594
54,694,3,2,0.132,139.09215
68,973,2,2,0.132,135.23978
62,896,2,2,0.132,118.585236
39,999,0,2,0.132,136.74493
3,1367,2,1,0.088,148.56737
56,631,3,2,0.08582359154964175,123.60497
115,1852,2,2,0.10870930948025759,126.32865
82,1530,2,1,0.029827191699811295,131.20612
105,1052,1,3,0.020971577024299193,130.8977
92,1289,1,2,0.132,127.37829
3,260,2,2,0.132,144.91055
71,238,3,2,0.132,136.89343
19,1340,0,3,0.13394073145017057,125.020935
68,750,1,0,0.061327458814650404,120.91242
62,1594,2,2,0.132,119.08078
62,797,1,2,0.132,120.646835
16,1487,0,2,0.132,138.53506
74,1429,1,2,0.132,135.64091
23,86,0,2,0.132,109.15867
52,1768,2,2,0.132,116.2838
63,662,1,2,0.132,127.27979
106,444,2,2,0.12238875026554763,140.1685
4,155,1,2,0.132,123.1082
102,453,0,3,0.154,inf
52,1176,2,3,0.154,112.554474
88,1872,0,1,0.088,134.01016
61,1408,2,2,0.132,135.23831
48,1969,2,1,0.088,132.56337
63,1699,3,2,0.132,126.42735
63,467,0,2,0.132,128.60683
33,1155,3,2,0.132,127.78056
3,15,2,1,0.088,144.45853
71,1378,0,1,0.088,146.0901
44,786,3,3,0.01200000000000001,138.05804
11,159,3,2,0.132,140.83978
14,83,2,2,0.002583885798946861,138.92249
14,1144,0,2,0.10739833105024388,136.98564
89,1189,2,2,0.10520067375232534,146.95566
95,963,1,3,0.1,128.82626
51,1018,3,2,0.132,inf
62,553,2,3,0.154,117.878265
109,1567,0,1,0.005361471972317233,111.41941
105,1423,2,1,0.042075363943904515,141.859
32,674,3,2,0.132,128.83421
24,186,2,2,0.132,128.54955
83,670,3,2,0.047958937356962716,121.127396
52,980,3,3,0.154,112.971054
39,1829,0,2,0.132,138.62502
43,1254,0,2,0.132,121.111015
33,1781,0,2,0.132,124.136604
27,18,2,2,0.132,115.63248
33,1059,2,2,0.132,127.303246
68,350,1,2,0.11861566550042524,132.30843
71,391,0,1,0.04312486255712478,135.40881
32,145,0,2,0.132,126.530975
113,1201,2,1,0.088,124.94884
52,1560,0,1,0.088,116.912025
46,223,1,0,0.14662422557478139,121.375694
36,1848,1,2,0.033365928841907255,124.715614
0,258,1,3,0.1,117.33565
61,717,2,3,0.1,133.61626
103,169,1,2,0.09215675967033204,134.49481
28,1936,2,1,0.088,109.49083
33,910,3,1,0.088,124.8873
62,1203,0,1,0.088,119.71989
59,473,0,2,0.132,127.7161
77,1849,3,0,0.154,116.33694
82,1333,2,1,0.088,134.64003
18,1655,2,0,0.11776266702831997,115.63828
83,136,1,2,0.132,127.17368
112,230,0,2,0.132,116.66273
3,1380,2,2,0.132,150.60272
87,1661,0,2,0.132,137.1285
18,1084,1,2,0.132,123.05038
33,299,2,1,0.088,124.50777
3,1562,0,3,0.01542940992453351,148.00163
32,1715,3,2,0.132,131.4917
74,934,2,2,0.132,134.19151
3,51,1,2,0.132,149.92905
89,1662,2,1,0.08073761442424388,145.98161
42,1664,0,2,0.132,128.19168
105,1814,0,2,0.132,133.78523
74,1262,0,3,0.154,132.89044
24,139,0,0,0.154,103.18281
23,581,1,2,0.132,109.01861
59,1215,3,2,0.132,139.73148
16,1491,0,1,0.088,138.9454
95,340,0,3,0.1,130.03944
32,1530,0,1,0.088,131.44942
92,1267,3,2,0.132,128.75853
97,798,3,3,0.154,127.4463
24,697,0,2,0.132,122.867325
48,801,0,1,0.088,132.23567
91,1830,3,1,0.088,128.072
4,1573,0,2,0.132,122.03762
43,90,1,2,0.08691847906960015,125.09671
62,1625,0,1,0.088,119.21498
49,1753,0,2,0.132,116.86789
70,699,3,1,0.088,119.82632
82,321,0,1,0.088,136.37488
16,1293,0,2,0.132,138.10725
66,662,0,3,0.1,125.65183
95,2004,0,1,0.07474885113371857,127.45075
89,757,0,2,0.132,151.10458
92,1595,1,2,0.132,128.25562
25,113,0,2,0.132,143.81183
62,1043,1,2,0.132,119.876076
19,1721,3,3,0.154,124.97255
87,356,3,3,0.0449661085086181,129.4069
74,2004,3,3,0.10037358728819537,131.59996
69,1460,0,1,0.088,138.93098
24,1974,3,1,0.088,123.42275
23,1428,1,1,0.088,126.58662
63,2022,3,1,0.088,128.19066
32,903,2,1,0.088,124.172585
52,686,3,2,0.132,113.404076
12,1252,0,2,0.132,118.01857
24,1263,0,3,0.1,124.503586
52,741,1,1,0.088,118.51796
48,1687,3,2,0.132,131.55579
16,1620,0,2,0.132,124.46699
24,1541,0,1,0.088,104.03678
52,1391,1,0,0.154,111.52421
23,1885,1,1,0.088,108.678154
52,823,0,2,0.132,115.40407
93,1506,2,1,0.088,115.30776
46,1961,1,3,0.1,122.354996
57,860,0,1,0.088,128.44083
23,1843,0,0,0.0642079315853496,110.45948
33,1008,2,1,0.088,124.98699
82,100,3,3,0.1,131.85594
24,475,3,1,0.088,124.61547
8,1975,1,1,0.088,127.71907
110,430,3,0,0.050030229224880485,113.60811
83,1407,0,1,0.088,128.44704
22,820,0,2,0.132,143.48917
48,782,1,3,0.018826298001636793,130.6523
51,232,3,3,0.021471708065741668,120.64192
42,1201,3,3,0.01200000000000001,125.96033
0,1384,1,3,0.1,117.003395
54,823,0,3,0.1,136.17473
24,1782,2,1,0.04160999477425814,122.35279
74,380,1,2,0.132,136.81973
82,22,3,3,0.154,129.50833
44,1667,1,1,0.088,137.72528
32,397,1,0,0.154,125.86174
32,396,2,3,0.154,125.75038
107,931,3,2,0.132,127.919685
77,1981,1,2,0.132,120.03326
37,126,3,1,0.011820711470752615,129.05522
6,1704,2,3,0.09867714590376314,114.21353
102,1279,0,2,0.132,141.78163
105,253,1,1,0.088,139.69019
0,1304,0,0,0.1430770789963375,116.22453
83,169,1,1,0.0862938416952638,120.76686
33,1422,2,1,0.088,125.8238
20,254,3,1,0.088,140.82375
8,390,3,1,0.088,127.743935
46,2014,0,2,0.132,130.42792
63,997,3,1,0.04866977585714716,126.32983
75,862,1,2,0.09332001301299048,123.18673
52,651,3,2,0.132,110.285835
12,1704,3,1,0.03835020380299392,108.27947
84,401,1,3,0.11282709535188318,110.9894
30,298,0,1,0.088,115.61144
0,289,2,2,0.04586791103726506,117.00543
58,1754,3,1,0.088,128.63196
89,1103,2,1,0.088,143.08826
8,632,1,3,0.1,125.59624
87,1540,2,0,0.030282205662630707,125.66932
1,530,0,1,0.088,124.578735
69,427,2,2,0.024718823920938715,138.52266
16,263,1,2,0.132,126.58839
24,1147,0,3,0.154,122.84561
102,163,3,2,0.132,142.00946
58,1282,3,1,0.03283251237929402,125.79914
113,1656,2,0,0.14607475932039626,101.037994
3,500,1,1,0.088,145.1449
14,1396,3,3,0.1,133.3705
77,924,0,2,0.132,120.10167
67,165,0,1,0.002786456839967616,123.64611
92,989,1,3,0.01200000000000001,128.71408
97,97,3,1,0.088,129.3019
24,619,3,3,0.154,121.34289
16,1091,1,2,0.132,141.53334
89,1885,2,3,0.010896224425002932,132.32724
48,440,0,1,0.088,138.46785
37,340,0,2,0.132,129.10951
33,993,0,2,0.132,126.282074
102,1609,0,2,0.132,146.04918
68,973,0,1,0.088,135.23978
61,1160,0,2,0.0088955220694803,144.1078
52,620,2,1,0.088,116.02381
97,1023,3,3,0.1,129.34377
43,1540,1,2,0.132,121.15424
52,1710,2,2,0.132,120.543106
52,1937,2,1,0.088,113.63846
88,531,0,1,0.034131600573736626,130.97652
70,985,3,3,0.154,119.03323
32,1655,1,1,0.088,123.66174
39,80,1,3,0.12987004521908665,122.96956
62,896,0,1,0.088,118.585236
93,289,2,2,0.08613208896273494,115.07907
57,16,2,3,0.05800043290503132,127.61873
113,1656,0,3,0.154,101.037994
31,1782,3,1,0.06622583043965186,120.04503
33,1747,1,0,0.021062448155369007,115.68481
107,1340,2,1,0.088,123.97386
14,487,1,2,0.132,137.53363
52,1099,1,2,0.132,125.83338
7,1991,1,3,0.1,133.53944
30,652,0,2,0.132,126.59564
68,2002,0,0,0.154,117.34723
24,454,3,1,0.088,101.93009
85,1747,2,2,0.132,113.83522
11,1272,1,2,0.132,135.86816
52,1191,1,2,0.132,113.214836
59,663,0,2,0.132,156.52516
88,1669,0,3,0.0973573097266977,129.11049
71,103,1,2,0.132,139.62679
28,1444,2,1,0.088,125.943
44,1157,1,1,0.088,137.33469
44,164,2,2,0.132,137.21603
31,490,0,1,0.07944985948277927,123.93736
93,1525,2,2,0.132,115.00581
44,786,1,2,0.132,138.05804
85,1567,1,2,0.132,114.00335
32,57,1,1,0.088,128.36699
52,1768,0,1,0.088,116.2838
14,1630,0,2,0.132,137.5719
105,490,1,1,0.088,139.70435
38,933,1,1,0.088,124.18922
85,1130,1,0,0.11354922326533223,113.92046
102,648,3,3,0.1,135.56653
83,901,1,3,0.154,121.00438
52,1561,3,1,0.088,116.03992
51,1018,1,1,0.088,inf
24,1566,0,3,0.01200000000000001,125.20453
24,186,0,1,0.088,128.54955
62,873,1,1,0.088,121.385315
1,1704,1,0,0.040224134283883495,120.223274
106,1524,2,3,0.1,137.2647
24,904,0,1,0.088,128.63857
18,1420,3,2,0.0004568060573664212,123.377815
62,19,3,2,0.132,127.26404
16,255,3,0,0.154,124.698555
52,1728,1,3,0.1,115.090164
110,1427,1,2,0.132,114.03287
93,781,3,2,0.132,115.86948
20,755,3,1,0.088,140.1199
70,417,0,2,0.132,120.03708
61,717,0,2,0.132,133.61626
62,1490,2,1,0.088,118.71973
43,423,3,3,0.154,120.51534
93,1944,2,2,0.132,114.08553
28,1936,0,0,0.154,109.49083
32,249,1,2,0.132,124.260796
89,990,2,1,0.088,145.0696
59,1425,3,1,0.088,141.69966
62,553,0,2,0.132,117.878265
95,1866,2,1,0.088,132.84616
25,1042,0,2,0.132,144.31343
52,980,1,2,0.132,112.971054
3,614,1,0,0.154,144.80353
0,205,1,1,0.088,119.66468
18,2024,3,1,0.004080864590330496,119.85236
24,493,0,3,0.01200000000000001,125.3339
24,991,3,2,0.132,124.64873
52,539,0,2,0.132,114.02578
15,1346,1,1,0.088,129.97227
63,650,2,2,0.132,126.597
93,661,2,1,0.08439199280966792,112.53985
92,1267,1,1,0.088,128.75853
89,1381,0,2,0.132,154.47206
36,1598,0,2,0.132,126.359505
57,1930,0,2,0.11729437484784921,126.30503
77,1759,3,2,0.132,118.92202
52,1675,3,0,0.154,109.5829
24,607,2,1,0.088,122.91296
66,1696,0,2,0.132,133.54762
0,2024,0,0,0.154,115.59488
28,1298,1,3,0.1,125.75482
59,1215,1,1,0.088,139.73148
25,174,3,1,0.088,144.17628
24,493,1,1,0.088,125.3339
53,1313,3,1,0.088,125.87103
44,862,3,0,0.09072094361529955,136.9996
28,1823,0,2,0.132,129.92921
94,976,3,2,0.12324674166745919,128.1024
107,1470,2,1,0.088,125.550446
0,284,2,1,0.03947201648333862,120.22148
58,63,0,2,0.132,127.180916
59,1576,0,1,0.003891419526463352,136.9058
103,928,0,3,0.1,137.9528
52,2016,2,2,0.132,115.55853
52,1007,2,1,0.088,108.7089
107,1526,0,2,0.132,128.36705
71,589,1,2,0.132,137.77936
54,131,3,2,0.132,137.5662
10,995,1,3,0.1,124.14837
0,1717,1,2,0.132,118.86352
27,767,0,1,0.05342260630473622,116.48891
52,1162,0,2,0.132,118.18591
33,474,0,3,0.154,121.36383
16,125,3,2,0.132,143.86205
68,525,0,2,0.132,139.92833
92,1832,3,1,0.088,128.6697
52,686,1,1,0.088,113.404076
95,1134,2,1,0.07812217237227426,133.59464
102,282,1,1,0.088,137.4529
48,1687,1,1,0.088,131.55579
15,507,2,3,0.01200000000000001,131.41943
36,1834,3,2,0.132,129.45639
62,90,1,2,0.045081520930399854,118.29218
51,529,2,1,0.088,120.22916
10,901,0,1,0.088,122.797226
19,1721,2,0,0.06997084353510312,124.97255
61,793,0,3,0.1,133.64122
36,1977,3,1,0.088,125.321396
74,2004,2,0,0.154,131.59996
97,44,2,1,0.088,129.64684
23,34,2,2,0.132,108.23192
22,1857,0,1,0.088,140.77255
28,850,2,3,0.01200000000000001,125.784904
74,1362,3,2,0.132,132.97716
33,1039,0,2,0.132,120.828224
33,1287,0,1,0.088,130.46216
52,1954,2,1,0.088,110.3436
16,98,0,1,0.088,129.21205
23,134,0,2,0.132,126.48271
6,659,2,3,0.02761544122728496,118.18732
92,336,3,1,0.088,128.52852
3,1736,1,3,0.154,144.87646
61,11,3,1,0.088,135.09021
54,1117,0,0,0.0017882609967988794,133.82458
44,792,3,2,0.132,137.53108
62,240,0,2,0.132,118.71686
68,231,2,2,0.132,139.82
1,1942,0,3,0.0981630662599296,123.4873
84,1130,3,0,0.052489014630166406,110.856705
23,1911,0,2,0.132,103.09094
66,80,1,1,0.01580327428219558,125.27196
4,166,1,0,0.12390308186379353,120.56815
97,320,2,2,0.132,131.20267
93,1876,2,1,0.088,116.03051
51,1745,3,1,0.088,120.26223
20,445,3,1,0.05134395507241801,141.50781
24,1707,3,1,0.088,125.15517
33,401,3,0,0.154,115.78392
52,1610,3,1,0.088,114.715195
109,1130,2,3,0.1382449865300581,111.075714
17,1607,0,1,0.088,132.51787
115,1938,3,2,0.132,131.9602
92,17,3,3,0.1,128.39629
31,1782,1,0,0.02805695619540241,120.04503
61,496,2,3,0.1,133.64233
93,346,0,1,0.088,114.65784
0,1552,3,3,0.1,118.18481
15,1682,0,2,0.132,137.72415
48,294,3,2,0.132,133.60263
4,68,1,2,0.132,118.34629
89,88,2,2,0.132,144.98692
82,330,0,2,0.132,134.62782
109,1704,2,0,0.04893841852149295,108.842545
93,1525,0,1,0.088,115.00581
59,885,1,3,0.1,138.81706
95,1635,3,1,0.088,137.59506
91,777,2,3,0.11844107867861883,122.400925
3,1199,0,1,0.06791252598667971,149.85681
18,427,2,2,0.10728117607906129,127.445625
52,1695,0,1,0.088,116.56616
89,841,0,3,0.1,142.834
31,1174,3,1,0.088,116.35624
16,575,3,3,0.154,130.64926
82,1511,2,3,0.154,129.96024
28,315,3,1,0.088,106.22739
52,666,0,2,0.132,125.88329
8,1132,2,3,0.1,125.745285
56,18,2,3,0.010962052498646763,120.46205
97,1967,2,2,0.132,129.83305
92,1004,0,0,0.154,127.173744
52,1741,0,3,0.1,114.22257
71,898,1,2,0.132,136.22948
3,525,2,2,0.132,151.59546
15,1481,3,2,0.132,134.75034
10,1501,1,1,0.0010983239114384924,123.824036
89,951,3,2,0.132,144.83525
8,656,3,2,0.132,125.69976
70,529,0,2,0.04300575151643565,121.2844
28,319,0,1,0.088,106.76278
63,530,3,3,0.08477554244536456,124.29435
52,274,0,1,0.088,115.54942
63,80,2,2,0.007605420199692486,126.91488
52,1905,0,2,0.132,125.939575
28,1390,3,2,0.132,132.60007
89,518,0,2,0.132,145.2441
61,1194,3,1,0.088,133.63042
97,115,0,1,0.088,129.56483
59,739,2,2,0.132,145.81541
0,1579,3,2,0.132,120.51575
52,288,2,2,0.132,108.25175
82,1127,1,2,0.132,136.31854
95,182,3,3,0.1,128.8142
46,1414,3,1,0.088,125.13975
77,536,2,2,0.026702702891713392,121.22921
61,385,2,2,0.132,133.62326
32,1105,3,1,0.088,123.236885
107,230,3,0,0.10625373766322391,122.51871
16,1106,1,1,0.088,136.03998
49,132,1,2,0.018162781674946893,124.07382
32,1626,3,3,0.154,125.75038
16,438,0,2,0.132,139.11533
93,1944,0,1,0.088,114.08553
97,1721,2,0,0.08402915646489688,127.05684
48,1420,1,3,0.1,129.30145
44,1889,1,1,0.088,138.03105
34,66,3,0,0.07747773793672993,112.91914
52,1349,0,2,0.132,120.1722
15,340,2,2,0.05129518636710095,131.92686
57,1825,1,2,0.132,128.34439
92,1165,1,1,0.088,126.654366
58,1606,1,2,0.132,126.03927
24,991,1,1,0.088,124.64873
77,1759,1,1,0.088,118.92202
8,1235,0,1,0.088,128.80894
77,30,2,2,0.132,118.333496
59,1795,1,2,0.132,132.4959
46,223,3,0,0.11667861102745827,121.375694
24,1513,3,1,0.088,127.504524
44,1623,2,1,0.088,137.64551
68,1500,2,1,0.088,131.91673
52,1543,3,3,0.1,114.68258
32,1292,1,1,0.088,130.76149
97,534,2,2,0.132,129.44595
66,1745,3,3,0.154,124.75309
16,1715,3,1,0.088,131.66139
3,1230,0,2,0.132,152.07375
61,1524,3,1,0.088,133.63155
92,4,1,3,0.01200000000000001,128.81181
43,423,2,0,0.154,120.51534
16,464,3,1,0.088,133.35417
24,1415,0,1,0.088,97.89254
26,1814,0,3,0.02881136730747938,122.27446
59,557,2,2,0.132,144.07535
66,469,3,1,0.088,128.07477
74,1252,3,0,0.154,131.67596
71,845,1,3,0.01200000000000001,136.55708
56,767,2,3,0.154,120.95823
24,1417,2,1,0.088,123.20804
3,328,3,2,0.132,153.79709
103,198,3,2,0.132,143.46936
52,681,2,2,0.132,117.31963
88,1383,0,2,0.019673613987219035,139.4593
52,484,3,1,0.088,116.059425
28,347,0,1,0.088,110.485725
29,253,3,2,0.026773172705867654,124.59071
27,862,0,3,0.00788790450135321,117.0385
110,1743,0,3,0.08876676578565251,115.97834
52,2016,0,1,0.088,115.55853
69,1540,3,0,0.08844431105054448,129.03859
63,417,3,3,0.11082088918091332,125.13983
48,1257,0,3,0.1,129.98363
88,1119,3,1,0.049048989676478,134.4277
54,131,1,1,0.088,137.5662
91,2003,0,3,0.154,122.52048
52,46,2,1,0.088,117.04925
11,1468,3,3,0.01200000000000001,136.38858
16,1251,0,0,0.154,124.698555
77,1172,1,0,0.154,116.88453
66,123,3,2,0.132,130.14049
34,1616,1,2,0.132,124.25191
52,1766,1,2,0.132,111.18428
59,687,0,3,0.154,129.95512
66,1069,3,2,0.132,133.51195
52,579,3,1,0.088,118.21285
52,1026,0,1,0.088,118.79785
58,790,2,2,0.132,127.84871
52,94,2,2,0.132,113.03174
53,836,2,2,0.05305126615846523,133.8838
60,1825,0,3,0.0505489519583939,128.61157
46,14,2,2,0.132,126.188484
0,53,2,2,0.132,118.97344
48,1789,3,1,0.088,134.11978
4,748,0,1,0.088,123.776985
89,1455,3,2,0.132,145.40373
24,1869,1,2,0.132,126.30242
56,995,3,2,0.132,124.78169
68,1184,1,3,0.1,132.22495
63,467,2,2,0.132,128.60683
94,976,0,2,0.132,128.1024
68,1662,0,2,0.132,139.46907
52,1954,0,0,0.154,110.3436
16,1868,0,0,0.154,130.59154
46,1136,1,2,0.0640098000473861,125.57061
19,531,0,1,0.05386839942626337,129.75737
0,1473,0,2,0.132,120.72341
46,994,0,0,0.154,121.67075
82,1921,1,1,0.088,132.8016
93,1926,1,2,0.132,113.26108
59,0,1,2,0.132,149.00175
70,1266,0,1,0.088,119.123924
52,586,0,1,0.088,115.30518
67,365,2,1,0.06472295763996752,123.66498
23,47,2,1,0.088,102.72365
110,1953,1,2,0.132,118.56455
46,363,3,3,0.1,122.91857
49,258,0,2,0.132,119.269
105,1432,0,1,0.088,139.70499
71,391,2,1,0.088,135.40881
0,1339,1,1,0.088,120.368515
22,220,0,2,0.132,146.4024
36,1953,3,3,0.053814842391400664,124.67632
24,1720,2,1,0.088,121.43627
52,414,1,2,0.132,116.36569
17,132,3,1,0.088,132.67325
89,254,2,1,0.088,140.87634
106,1259,0,3,0.1,137.34236
68,231,0,1,0.088,139.82
82,10,2,2,0.132,135.93405
105,1814,2,2,0.132,133.78523
97,320,0,1,0.088,131.20267
18,171,2,2,0.132,128.98102
16,1491,2,1,0.088,138.9454
36,1078,2,1,0.088,123.63128
77,1849,3,3,0.154,116.33694
87,522,3,1,0.088,136.78665
56,1501,2,2,0.132,124.46449
34,1271,0,2,0.132,112.8464
14,772,0,2,0.132,138.6861
99,616,3,1,0.088,135.37938
66,1266,3,0,0.154,122.845665
105,1619,1,2,0.132,134.79614
85,401,2,1,0.07779829230081974,113.93543
16,914,3,2,0.132,138.77147
3,1736,0,0,0.154,144.87646
113,126,3,1,0.031765542771147764,124.65349
24,139,0,3,0.154,103.18281
52,1572,1,2,0.132,107.89374
16,1851,3,1,0.088,138.11293
28,315,1,0,0.02545747207747584,106.22739
93,1369,0,2,0.12309698432611771,118.54817
63,469,0,2,0.015913730612142574,129.87944
8,1132,0,2,0.132,125.745285
28,593,0,1,0.088,128.86752
62,1203,1,2,0.132,119.71989
57,1790,1,2,0.132,126.960754
82,71,3,2,0.132,133.48637
6,1875,1,2,0.132,127.27973
16,353,1,1,0.088,132.96996
52,1280,2,2,0.132,115.96706
36,430,0,0,0.14268345551674355,120.25458
25,1239,2,2,0.132,142.00984
96,1659,0,3,0.01200000000000001,116.65496
57,1117,1,3,0.154,125.158806
113,1201,3,2,0.132,124.94884
62,2031,3,3,0.154,119.36747
62,630,3,1,0.088,119.26227
53,359,2,3,0.154,inf
34,1251,3,3,0.154,112.91914
52,823,2,2,0.132,115.40407
66,997,2,3,0.154,124.72549
32,1542,1,2,0.132,131.04659
74,1262,3,1,0.07381291921234856,132.89044
97,1507,1,1,0.08726159224727092,129.35425
66,1182,1,1,0.0573304045888523,128.29985
52,1229,3,0,0.154,111.899414
59,1933,3,3,0.154,114.03936
32,889,3,2,0.132,129.68987
18,1384,0,1,0.088,123.27808
52,1098,2,2,0.132,117.7825
52,1391,1,3,0.154,111.52421
23,306,3,2,0.132,108.73907
61,1190,2,3,0.08111053412669775,133.63399
3,946,3,1,0.088,149.28436
92,185,1,2,0.132,132.4949
77,536,0,1,0.088,121.22921
16,571,3,3,0.01200000000000001,133.75578
23,1843,0,3,0.154,110.45948
0,916,2,2,0.132,121.33901
36,1095,3,2,0.008228140946393792,124.87347
74,1592,3,1,0.088,139.5121
56,18,1,0,0.06838121390269013,120.46205
97,534,0,1,0.088,129.44595
71,2001,1,2,0.132,137.46375
38,1473,2,1,0.012753783817075454,127.89767
3,1611,2,3,0.154,145.66856
10,632,1,1,0.088,123.634315
3,602,2,2,0.132,145.33192
85,1052,2,3,0.1362658101119454,115.41738
3,614,3,0,0.154,144.80353
75,1500,3,3,0.002887139162179475,125.43285
32,397,1,3,0.154,125.86174
56,767,0,2,0.09584466114233037,120.95823
52,1391,2,1,0.088,111.52421
74,1909,2,1,0.088,137.89177
66,1549,3,2,0.132,132.06277
23,1428,2,2,0.132,126.58662
112,405,2,1,0.088,118.89717
8,1975,2,2,0.132,127.71907
110,1363,2,2,0.06437770315444746,118.746765
66,1134,0,2,0.132,130.98074
33,606,1,1,0.088,121.337906
42,648,3,2,0.132,124.97622
103,836,1,2,0.06252730504153481,138.15752
99,922,3,1,0.088,inf
52,681,0,1,0.088,117.31963
11,378,1,1,0.088,138.10167
32,853,3,1,0.088,129.7819
89,1914,0,1,0.088,148.59618
92,1485,2,2,0.132,128.98128
33,993,2,2,0.132,126.282074
18,1979,1,2,0.0758458695190613,127.53174
32,1655,3,1,0.088,123.66174
31,1882,3,1,0.088,125.019066
16,270,0,2,0.132,139.4844
107,562,3,2,0.03624300381249407,128.44171
46,1470,1,3,0.1,122.52423
113,1656,2,3,0.154,101.037994
105,1395,0,2,0.132,141.32874
24,1918,1,2,0.132,122.43537
16,1711,3,1,0.088,138.2382
46,14,0,1,0.08107335665456161,126.188484
0,53,0,1,0.088,118.97344
70,779,2,2,0.132,120.425705
7,1991,3,3,0.1,133.53944
66,1375,2,2,0.08268415901057993,131.98747
8,1501,0,3,0.1,125.69976
11,1272,3,2,0.132,135.86816
56,1416,0,1,0.088,122.70724
63,1688,2,0,0.154,123.13949
102,1621,1,3,0.1,135.43517
92,1750,3,3,0.01200000000000001,128.55225
71,1237,0,1,0.088,142.54266
13,629,0,2,0.132,122.93149
110,1693,0,1,0.005204854710332302,116.719604
85,1567,3,2,0.0031580986141771517,114.00335
33,1747,1,3,0.154,115.68481
85,659,1,2,0.09841664088793622,115.39497
16,67,1,2,0.132,138.20308
92,1240,2,1,0.088,129.37274
42,537,2,2,0.132,130.4552
68,2002,0,3,0.154,117.34723
11,1276,0,2,0.132,140.25194
52,1338,2,2,0.132,113.72922
103,854,0,3,0.154,134.9759
7,1723,0,3,0.06739117471390077,133.57384
15,988,0,1,0.0355850750773023,137.6984
61,1273,1,1,0.016044152932624983,133.64407
23,1301,0,1,0.088,118.76208
54,694,2,2,0.132,139.09215
63,182,3,1,0.088,127.56769
16,1569,0,2,0.132,139.63419
0,1316,2,3,0.01200000000000001,118.21633
8,149,0,3,0.1,127.21964
16,263,2,3,0.154,126.58839
15,819,1,2,0.132,130.83844
3,1367,1,1,0.088,148.56737
52,1845,3,2,0.132,111.25714
102,1507,0,3,0.04807160954048506,136.5146
105,1052,0,3,0.06942228223344668,130.8977
34,1165,3,2,0.132,125.01331
3,260,1,2,0.132,144.91055
71,238,2,2,0.132,136.89343
0,1088,3,1,0.088,122.53172
74,1942,2,0,0.025645991646556454,130.11325
3,1828,0,2,0.132,154.28905
84,165,0,1,0.013114035982174144,115.275444
16,1180,0,1,0.088,144.27061
62,797,0,2,0.132,120.646835
74,1429,0,2,0.132,135.64091
32,1812,3,2,0.132,128.01447
102,1080,2,1,0.07527297703272912,136.82262
88,1534,3,2,0.06715403413868049,132.92702
71,356,0,2,0.132,134.44861
63,662,0,2,0.132,127.27979
92,615,2,3,0.154,126.699394
62,888,2,2,0.132,119.533066
62,553,3,0,0.154,117.878265
13,152,1,2,0.08893373257869264,123.47581
63,1699,2,2,0.132,126.42735
28,1444,3,2,0.132,125.943
33,1155,2,2,0.132,127.78056
3,15,1,1,0.088,144.45853
62,1594,1,2,0.132,119.08078
24,493,3,1,0.088,125.3339
52,1402,3,2,0.132,118.49024
44,786,2,3,0.01200000000000001,138.05804
11,159,2,2,0.132,140.83978
105,908,0,1,0.088,144.98836
3,1872,3,1,0.04622182953200141,151.40892
107,1413,0,1,0.088,124.612305
58,1046,0,2,0.132,126.06777
115,1137,0,2,0.132,132.4
105,179,2,1,0.088,131.32787
77,1634,2,1,0.088,117.50836
52,1465,3,2,0.132,110.898735
24,1648,3,1,0.088,123.50054
105,1423,1,1,0.088,141.859
52,1675,3,3,0.154,109.5829
48,1969,1,1,0.088,132.56337
102,1144,3,1,0.088,138.52904
27,18,1,2,0.132,115.63248
33,1059,1,2,0.132,127.303246
113,1201,1,1,0.088,124.94884
58,1095,2,1,0.088,125.836174
0,258,0,3,0.1,117.33565
89,1332,3,2,0.132,148.42784
27,767,2,1,0.088,116.48891
28,1936,1,1,0.088,109.49083
21,576,1,1,0.025757406985446762,inf
59,1933,1,2,0.132,114.03936
8,901,2,0,0.003880815995268988,125.13527
107,994,3,3,0.154,124.202156
52,1280,0,1,0.088,115.96706
83,670,2,2,0.132,121.127396
3,1380,1,2,0.132,150.60272
92,799,0,1,0.088,132.87834
18,1084,0,2,0.132,123.05038
33,299,1,1,0.088,124.50777
92,1985,1,2,0.132,128.98128
103,928,3,1,0.030158884942883712,137.9528
74,934,1,2,0.132,134.19151
3,51,0,2,0.132,149.92905
24,607,3,2,0.132,122.91296
38,1339,3,2,0.132,127.73105
53,359,0,2,0.132,inf
34,1251,1,2,0.132,112.91914
105,1859,3,1,0.088,137.30618
74,1783,0,1,0.088,141.24213
15,141,2,1,0.05567132574615455,132.3338
112,224,2,2,0.132,122.56635
13,1226,1,0,0.08461036653608041,120.48227
33,910,2,1,0.088,124.8873
16,1067,0,1,0.088,138.4938
52,833,2,1,0.088,111.75553
97,798,2,3,0.154,127.4463
33,474,3,1,0.088,121.36383
31,421,0,1,0.088,128.19719
112,93,3,1,0.088,121.39999
23,306,1,1,0.088,108.73907
70,699,2,1,0.088,119.82632
0,932,1,2,0.132,120.03891
52,1161,0,1,0.088,125.235634
52,541,3,1,0.088,114.38414
22,1012,0,2,0.03837573798494237,142.76018
19,1721,2,3,0.11282703253669428,124.97255
52,1243,1,3,0.1,114.40889
77,1420,2,2,0.003575664533966294,119.05507
74,2004,2,3,0.154,131.59996
16,98,2,1,0.088,129.21205
3,1611,0,2,0.132,145.66856
24,1974,2,1,0.088,123.42275
23,1428,0,1,0.088,126.58662
95,1646,0,1,0.088,135.58954
32,558,2,2,0.132,129.41837
85,1052,0,2,0.132,115.41738
74,1294,0,3,0.01200000000000001,135.21689
62,240,2,2,0.132,118.71686
30,777,2,3,0.035558921321381165,112.11457
48,1687,2,2,0.132,131.55579
92,1659,1,1,0.088,129.94183
42,648,1,1,0.088,124.97622
52,1391,0,0,0.154,111.52421
11,391,0,1,0.04487513744287522,135.02074
23,1911,2,2,0.132,103.09094
93,1506,1,1,0.088,115.30776
58,810,3,2,0.132,126.077385
95,126,3,3,0.03178769908451637,129.99115
4,1027,3,3,0.011208748246893718,120.92668
46,1961,0,3,0.1,122.354996
33,1008,1,1,0.088,124.98699
36,1643,1,2,0.132,128.31717
82,100,2,3,0.01200000000000001,131.85594
24,475,2,1,0.088,124.61547
54,1541,1,0,0.02243717980246729,122.48911
89,85,0,1,0.088,147.51056
8,1975,0,1,0.088,127.71907
74,1999,3,3,0.154,132.97716
75,18,1,0,0.028041047677688738,122.32215
16,175,3,2,0.132,132.65738
80,448,0,1,0.06564040457213913,104.890434
105,64,3,1,0.088,132.64482
99,922,1,0,0.14320823216486295,inf
82,22,2,3,0.154,129.50833
49,1463,3,2,0.132,118.075134
93,1816,1,3,0.1,115.242035
88,1793,3,1,0.088,134.44336
93,971,1,1,0.088,115.726105
25,580,3,1,0.06736764236097861,142.36824
107,931,2,2,0.132,127.919685
82,330,2,2,0.132,134.62782
89,919,3,1,0.088,147.05455
88,1433,2,1,0.088,131.5185
82,960,3,3,0.154,129.92143
33,1422,1,1,0.051765111509231715,125.8238
16,79,2,2,0.132,138.29283
97,97,1,3,0.1,129.3019
70,1688,3,2,0.132,117.73856
92,1758,0,2,0.132,138.0644
66,1375,0,1,0.088,131.98747
0,1384,0,3,0.06692960872232212,117.003395
61,1330,3,2,0.132,141.52625
107,1645,3,3,0.154,124.55036
74,1799,0,2,0.132,145.28299
77,1693,3,2,0.026773370925552875,118.93522
0,289,1,2,0.007570142428816151,117.00543
1,521,3,1,0.088,125.493904
4,1694,3,2,0.132,134.3686
89,1103,1,1,0.088,143.08826
8,632,0,3,0.154,125.59624
36,1001,3,2,0.132,126.90465
22,1267,3,3,0.01200000000000001,136.41673
93,184,0,2,0.132,118.14991
28,319,2,1,0.088,106.76278
87,1540,1,0,0.0645526919826307,125.66932
71,1779,0,2,0.132,134.48866
33,1459,3,2,0.055282589265506665,123.202126
62,1605,3,1,0.088,122.32852
52,1338,0,1,0.088,113.72922
49,730,3,2,0.132,116.54482
32,22,1,2,0.132,129.44215
92,1004,0,3,0.13637918791157802,127.173744
14,1396,2,3,0.1,133.3705
40,1561,3,3,0.006767589333237359,148.09723
0,1626,1,0,0.024790519040253145,114.48917
0,1284,2,1,0.088,118.57849
16,1091,0,2,0.132,141.53334
89,1885,1,3,0.00176088002500277,132.32724
84,401,0,3,0.13333888735188318,110.9894
93,1717,1,1,0.002767235514540667,116.96266
82,571,3,2,0.132,132.27289
97,1023,2,3,0.1,129.34377
43,1540,0,2,0.132,121.15424
52,1710,1,2,0.132,120.543106
52,1937,1,1,0.088,113.63846
70,985,2,3,0.154,119.03323
32,1655,0,1,0.088,123.66174
97,1691,3,2,0.018901650883632604,133.75352
31,1782,2,1,0.046390005225741854,120.04503
68,1503,0,1,0.088,142.24985
16,1494,1,2,0.132,138.01758
62,888,0,1,0.088,119.533066
52,1099,0,2,0.132,125.83338
36,759,3,1,0.088,128.41153
71,238,0,1,0.088,136.89343
66,1186,2,2,0.132,129.78236
74,1617,0,2,0.132,146.28355
62,1655,2,0,0.03247100249267232,114.19582
8,1235,2,1,0.088,128.80894
71,103,0,2,0.132,139.62679
10,631,2,3,0.10305563282578359,122.96407
28,1444,1,1,0.088,125.943
97,1721,2,3,0.04117296746330572,127.05684
44,164,1,2,0.132,137.21603
34,66,3,3,0.154,112.91914
30,859,3,1,0.088,117.45057
56,369,1,1,0.010765871580366543,124.55614
44,786,0,2,0.132,138.05804
71,1393,0,1,0.088,137.13072
85,1567,0,2,0.09652803113331493,114.00335
32,57,0,1,0.088,128.36699
57,16,1,3,0.06163114670503134,127.61873
70,997,3,1,0.03933022414285284,121.35445
105,490,0,1,0.008550140517220722,139.70435
38,933,0,1,0.088,124.18922
102,648,2,3,0.1,135.56653
33,1747,0,0,0.154,115.68481
52,1561,2,1,0.088,116.03992
67,546,3,1,0.03346634410102381,133.07515
107,152,3,3,0.03354597258017089,123.06676
95,1682,3,1,0.088,135.42186
36,1282,1,1,0.008018917032186185,124.82918
88,1723,3,3,0.01375112259126074,129.01968
44,1157,0,1,0.088,137.33469
62,19,2,2,2.6528716530860308e-05,127.26404
25,857,3,2,0.132,128.21265
16,255,2,0,0.154,124.698555
110,1427,0,2,0.132,114.03287
32,1400,3,2,0.132,131.41438
7,1273,0,3,0.044995536008739206,133.57426
11,159,0,1,0.088,140.83978
28,347,2,1,0.088,110.485725
93,781,2,2,0.132,115.86948
82,766,3,3,0.13687681288637807,130.58534
43,423,2,3,0.154,120.51534
93,609,0,2,0.015060613442735793,116.86975
105,1708,2,2,0.10755567215862039,139.7929
32,249,0,2,0.132,124.260796
105,179,0,0,0.154,131.32787
74,1252,3,3,0.154,131.67596
52,1465,1,1,0.088,110.898735
87,1145,3,2,0.132,125.43085
95,1866,1,1,0.088,132.84616
32,674,0,1,0.088,128.83421
28,206,2,1,0.088,108.41876
52,980,0,2,0.132,112.971054
89,755,2,2,0.132,140.21808
63,650,1,2,0.132,126.597
48,1568,1,2,0.132,131.47488
8,369,3,2,0.132,125.75129
52,877,3,0,0.154,110.40229
83,958,3,3,0.154,inf
69,1540,3,3,0.1333550294070838,129.03859
92,1267,0,1,0.088,128.75853
82,1169,2,2,0.132,139.19876
99,116,2,1,0.023325210644304928,127.267075
89,1082,2,2,0.132,146.34326
4,748,2,1,0.024448674461819114,123.776985
24,991,2,2,0.132,124.64873
67,232,3,2,0.06301973946240669,124.943825
112,1032,0,2,0.010883135749188977,125.36493
48,1145,3,3,0.154,124.71139
24,607,1,1,0.088,122.91296
59,2026,3,0,0.0057906376976018525,125.88616
28,1298,0,3,0.006761055338457889,125.75482
102,372,3,2,0.132,141.55304
94,976,2,2,0.132,128.1024
92,1832,1,3,0.01200000000000001,128.6697
62,2024,1,2,0.0688581030647244,117.626434
107,1470,1,1,0.088,125.550446
0,1162,2,3,0.07649294671454068,118.20516
16,337,1,3,0.08978170521998621,131.59618
0,284,1,1,0.088,120.22148
0,679,0,2,0.132,121.99736
74,521,3,0,0.0745286140414419,131.60384
52,207,3,1,0.088,124.88583
85,348,1,1,0.088,113.74469
28,780,0,1,0.088,133.98544
11,1113,3,1,0.06257428808287516,135.55573
7,1936,3,0,0.048038993700396965,125.057724
15,1370,2,1,0.088,133.26367
16,1868,0,3,0.154,130.59154
95,988,1,2,0.132,135.3941
36,592,2,2,0.132,128.6049
8,1706,1,3,0.01200000000000001,127.018684
77,1420,0,1,0.088,119.05507
95,1570,0,1,0.088,131.12463
43,505,2,2,0.132,121.375114
61,1226,3,0,0.05687988936391959,130.14006
18,1299,3,2,0.132,125.177246
92,1832,2,1,0.088,128.6697
4,569,2,1,0.088,121.7831
71,589,0,2,0.132,137.77936
48,1687,0,1,0.088,131.55579
32,1901,3,2,0.132,127.85046
10,995,0,3,0.1,124.14837
92,852,3,1,0.088,128.09807
15,650,3,3,0.1348073269231603,129.66458
51,997,1,2,0.002526039386772816,120.31408
4,1027,1,2,0.132,120.92668
58,1070,0,3,0.1,125.97569
95,1134,1,1,0.0020270203830424216,133.59464
36,1977,2,1,0.088,125.321396
77,1348,3,2,0.132,118.19152
23,34,1,2,0.132,108.23192
59,1631,3,1,0.088,124.05435
105,1149,2,2,0.132,130.47318
28,850,1,3,0.01200000000000001,125.784904
24,1202,2,2,0.132,127.7676
15,1729,2,1,0.088,131.7947
70,722,1,2,0.132,118.48468
16,175,1,1,0.088,132.65738
70,1688,1,1,0.088,117.73856
77,1655,3,0,0.08516066524841698,113.220985
43,1254,3,3,0.154,121.111015
36,432,3,3,0.1,124.52709
0,184,1,2,0.132,119.88112
52,1954,1,1,0.088,110.3436
38,1463,3,0,0.06644606525111935,123.50114
112,1211,2,1,0.088,117.7302
4,1621,0,1,0.05431429030181914,123.490685
3,1736,0,3,0.154,144.87646
97,44,1,1,0.088,129.64684
42,1573,1,3,0.010526470853106373,123.624886
105,1152,2,2,0.132,132.873
8,756,3,2,0.132,132.5805
71,1642,3,2,0.132,138.8391
44,792,2,2,0.132,137.53108
52,710,2,1,0.088,116.77138
52,936,3,3,0.1,114.86835
62,505,2,0,0.154,115.803185
107,1645,1,2,0.132,124.55036
71,391,3,2,0.132,135.40881
109,1704,0,2,0.132,108.842545
56,545,1,3,0.06650203109363897,124.99694
23,750,2,2,0.132,105.9593
93,1876,1,1,0.088,116.03051
71,1545,2,0,0.154,125.43895
52,92,0,1,0.088,114.484276
24,1707,2,1,0.088,125.15517
82,571,1,1,0.088,132.27289
94,430,2,3,0.10588254061877536,121.84189
109,1130,1,3,0.13479473193005817,111.075714
115,1938,2,2,0.132,131.9602
92,17,2,3,0.08661810027438285,128.39629
31,1782,0,0,0.10125166659540238,120.04503
61,496,1,3,0.1,133.64233
32,822,3,3,0.154,125.60336
89,445,2,2,0.132,141.51338
105,2012,3,2,0.132,147.92354
16,1409,2,1,0.088,139.10027
37,96,2,1,0.088,inf
82,1676,2,2,0.132,134.11522
52,1229,3,3,0.154,111.899414
33,1361,0,2,0.132,129.86859
33,401,2,0,0.151100969915369,115.78392
59,885,0,3,0.1,138.81706
91,777,1,3,0.12476554787861885,122.400925
18,427,1,2,0.132,127.445625
31,1174,2,1,0.088,116.35624
16,575,2,3,0.154,130.64926
97,795,0,0,0.154,127.2884
28,315,2,1,0.088,106.22739
16,1739,2,1,0.088,130.59496
8,1132,1,3,0.1,125.745285
102,453,3,0,0.154,inf
24,1541,3,2,0.132,104.03678
56,18,1,3,0.009205255498646786,120.46205
115,1141,2,1,0.0029097998310922135,128.27147
97,1413,0,3,0.154,127.5932
97,1967,1,2,0.132,129.83305
99,862,1,1,0.088,125.85361
102,1467,2,1,0.088,137.88986
74,1429,2,2,0.132,135.64091
25,857,1,1,0.088,128.21265
89,495,1,1,0.088,143.6576
66,529,1,3,0.154,124.72271
23,1843,3,1,0.088,110.45948
3,614,3,3,0.154,144.80353
63,126,3,1,0.044413745758099615,128.8238
88,1336,0,1,0.088,133.8305
70,659,0,1,0.007178118774558512,117.703476
112,152,2,1,0.03668817763556401,117.51672
16,902,2,3,0.154,130.6266
82,1511,1,3,0.154,129.96024
87,1145,1,1,0.088,125.43085
95,847,3,2,0.132,138.66896
95,182,2,3,0.1,128.8142
46,1414,2,1,0.088,125.13975
3,1193,2,1,0.088,147.61444
89,2009,0,2,0.132,146.02103
62,19,0,1,0.088,127.26404
32,1105,2,1,0.088,123.236885
48,1238,2,2,0.132,131.51393
28,149,3,2,0.0079404224917341,126.65871
97,1721,1,0,0.09793002095757372,127.05684
48,1420,0,3,0.09073106384733878,129.30145
44,1889,0,1,0.088,138.03105
63,530,2,3,0.10416610463412118,124.29435
57,1022,2,2,0.132,127.14064
61,1194,2,1,0.088,133.63042
82,1411,3,1,0.088,134.39384
58,1606,0,2,0.132,126.03927
32,486,2,1,0.088,130.81932
24,991,0,1,0.088,124.64873
59,1795,0,2,0.132,132.4959
46,223,2,0,0.154,121.375694
24,1513,2,1,0.088,127.504524
92,1595,3,1,0.088,128.25562
97,1442,3,2,0.132,130.96649
56,767,3,0,0.10308225343021266,120.95823
97,1669,3,1,0.088,129.59967
16,1106,0,1,0.088,136.03998
32,524,0,2,0.132,130.3232
42,1467,3,1,0.016190366442414228,128.4977
8,369,1,1,0.07723412841963345,125.75129
79,718,0,1,0.088,150.76306
22,1931,0,2,0.13029405920948725,150.31848
56,1344,0,2,0.132,125.71691
92,1110,2,2,0.132,128.25562
83,958,1,2,0.132,inf
95,728,0,1,0.088,134.49843
1,530,3,2,0.132,124.578735
61,1524,2,1,0.088,133.63155
61,1723,0,1,0.042685880067921206,133.64351
18,1655,3,0,0.06883933475158302,115.63828
52,868,3,2,0.132,115.07239
51,1627,3,1,0.088,121.17086
77,1759,0,1,0.088,118.92202
24,1417,1,1,0.088,123.20804
75,350,0,1,0.088,125.700264
112,1512,3,1,0.088,121.16969
52,1641,1,1,0.088,112.84413
92,99,3,1,0.088,129.57759
30,351,0,2,0.10700422759302208,124.18337
52,484,2,1,0.088,116.059425
0,1876,1,3,0.1,118.05305
66,1745,2,3,0.154,124.75309
70,80,2,2,0.12439457980030752,121.926025
59,473,1,2,0.132,127.7161
58,641,2,0,0.154,122.61208
16,1715,2,1,0.088,131.66139
67,1315,3,3,0.154,123.859436
88,531,3,2,0.132,130.97652
80,169,3,0,0.025465204610539985,102.014656
59,557,1,2,0.132,144.07535
18,1299,1,1,0.088,125.177246
52,1493,2,2,0.132,117.21272
71,845,0,3,0.1,136.55708
74,256,1,2,0.132,139.38782
97,1340,3,0,0.154,127.101845
82,741,3,2,0.132,134.19426
85,1704,3,0,0.024182005134828044,111.968475
82,501,2,1,0.06342650257959206,139.31316
17,591,0,1,0.009463340988252106,131.45624
66,123,2,2,0.132,130.14049
93,730,2,1,0.04225158359163167,113.01607
54,356,3,3,0.1090338914913819,135.4724
66,1069,2,2,0.132,133.51195
52,1373,3,1,0.088,125.736824
52,482,3,1,0.088,114.046364
4,1573,1,2,0.132,122.03762
107,223,2,3,0.154,123.76401
53,836,1,2,0.0694726949584652,133.8838
46,14,1,2,0.132,126.188484
58,478,3,1,0.088,126.62587
24,1510,0,2,0.132,125.950134
32,1901,1,1,0.08545802318018875,127.85046
89,1455,2,2,0.132,145.40373
48,1299,1,3,0.01200000000000001,131.12553
13,152,3,2,0.029949735618692852,123.47581
93,932,0,1,0.088,118.24644
20,688,0,2,0.132,151.70232
24,1720,0,3,0.154,121.43627
56,995,2,2,0.132,124.78169
52,1766,0,2,0.132,111.18428
68,1184,0,3,0.1144537284128177,132.22495
63,467,1,2,0.132,128.60683
42,456,2,3,0.009267500732617062,124.72963
43,1117,3,1,0.088,123.5299
92,2006,2,3,0.01200000000000001,128.39629
58,1046,2,2,0.132,126.06777
26,733,2,1,0.008057909369920846,126.50649
62,553,3,3,0.12457521637042504,117.878265
82,1921,0,1,0.088,132.8016
52,1021,0,1,0.088,113.9959
44,315,3,0,0.036864557388835706,126.90003
59,0,0,2,0.132,149.00175
24,1869,0,2,0.132,126.30242
77,1356,3,2,0.132,121.5615
67,365,1,1,0.039118672349199246,123.66498
91,190,0,2,0.132,132.81615
16,1220,3,1,0.088,140.44945
23,47,1,1,0.088,102.72365
23,938,3,2,0.132,113.87184
46,363,2,3,0.1,122.91857
84,1567,0,1,0.08263852802768276,111.137276
71,391,1,1,0.088,135.40881
56,116,1,3,0.154,121.965065
16,312,1,2,0.132,138.61067
8,1979,0,1,0.088,130.6484
0,258,2,3,0.1,117.33565
16,1031,1,3,0.1,133.281
24,1720,1,1,0.088,121.43627
24,998,3,1,0.088,128.33495
105,253,2,1,0.088,139.69019
97,528,0,2,0.132,129.37517
89,837,0,2,0.132,147.82433
24,1250,0,2,0.132,125.267
59,1255,2,0,0.154,123.40805
52,414,0,2,0.132,116.36569
4,166,3,3,0.154,120.56815
24,1811,3,1,0.088,128.6236
48,782,2,3,0.01200000000000001,130.6523
95,2022,1,3,0.1,129.2834
23,2002,1,2,0.132,103.559586
24,106,0,2,0.132,134.95428
0,574,0,2,0.132,120.28348
46,1752,3,2,0.132,126.37771
88,437,0,2,0.03389732284610314,134.72917
105,1814,1,2,0.132,133.78523
51,699,0,3,0.02258554801266957,118.867294
24,139,1,0,0.154,103.18281
16,1491,1,1,0.088,138.9454
67,933,0,2,0.132,130.91608
97,1085,0,1,0.088,129.29138
97,21,2,1,0.088,129.90463
83,817,3,2,0.132,128.62117
77,1634,3,2,0.132,117.50836
56,1501,1,2,0.132,124.46449
19,798,2,2,0.132,125.395615
89,95,3,2,0.132,149.5117
59,1915,3,2,0.132,119.30005
109,401,3,3,0.02855245484811683,111.23325
32,822,1,2,0.132,125.60336
82,10,1,2,0.132,135.93405
66,156,2,1,0.034661896216553884,125.51843
52,1572,0,2,0.132,107.89374
16,1851,2,1,0.088,138.11293
62,2017,0,2,0.132,129.9738
28,315,0,0,0.0663695482832643,106.22739
13,1226,1,3,0.154,120.48227
110,43,2,1,0.088,115.72346
102,772,3,1,0.088,140.02356
106,1062,3,1,0.088,141.06049
27,767,3,2,0.08081141338700953,116.48891
53,359,3,0,0.154,inf
77,1363,0,2,0.132,120.93738
57,896,0,2,0.049814226717062704,126.861015
69,251,0,2,0.03120479384039021,143.07059
105,1619,0,2,0.132,134.79614
115,1852,1,1,0.088,126.32865
25,1239,1,2,0.132,142.00984
92,1289,0,1,0.088,127.37829
113,1770,2,1,0.088,126.323944
22,1624,3,3,0.01200000000000001,136.23753
62,2031,2,3,0.1189503370502242,119.36747
34,1545,0,1,0.022089907315446855,113.276596
53,359,1,3,0.154,inf
52,823,1,2,0.132,115.40407
88,1653,1,2,0.132,132.91855
44,164,3,2,0.132,137.21603
54,25,0,2,0.132,151.3863
19,930,2,3,0.154,125.40093
32,1542,0,2,0.132,131.04659
16,1972,3,2,0.132,131.34901
97,1507,0,1,0.088,129.35425
74,1213,2,3,0.154,132.2102
52,833,3,2,0.132,111.75553
82,71,2,2,0.132,133.48637
106,444,1,1,0.088,140.1685
52,1229,2,0,0.154,111.899414
59,1933,2,3,0.154,114.03936
75,116,1,1,0.06999009095569506,124.37731
33,492,0,2,0.132,128.0399
16,1400,3,1,0.088,131.7113
11,860,3,3,0.1,135.35193
92,799,1,2,0.06464337775175022,132.87834
52,1391,0,3,0.154,111.52421
61,1190,1,3,0.1,133.63399
52,1176,1,2,0.132,112.554474
92,185,0,2,0.132,132.4949
61,1408,1,1,0.088,135.23831
62,630,2,1,0.088,119.26227
34,1251,2,3,0.154,112.91914
93,374,0,2,0.132,120.011894
74,1294,3,1,0.088,135.21689
15,530,0,0,0.154,127.523605
62,1166,3,1,0.088,127.267586
24,1014,3,2,0.132,123.145424
102,187,0,2,0.132,146.73595
106,1238,2,1,0.036952763215016504,139.05492
71,2001,0,2,0.132,137.46375
25,409,0,1,0.088,145.30504
99,320,1,1,0.043806137050194066,132.7642
3,617,1,2,0.132,148.67442
51,156,2,1,0.05333810378344611,121.1163
3,602,1,2,0.132,145.33192
62,240,3,3,0.154,118.71686
91,1433,3,2,0.132,127.71246
36,1848,0,1,0.04775857237888376,124.715614
30,165,1,3,0.0634588941329027,110.67766
70,80,0,1,0.088,121.926025
54,1779,3,3,0.05356034472530996,135.51866
59,1410,3,1,0.088,150.58333
29,253,0,1,0.03141617897920915,124.59071
112,405,1,1,0.088,118.89717
77,983,3,2,0.132,118.82787
87,1540,3,0,0.06555568894945552,125.66932
46,1114,0,3,0.1,123.41643
33,606,0,1,0.088,121.337906
93,346,3,2,0.132,114.65784
42,648,2,2,0.11101742611632381,124.97622
68,1032,3,1,0.087322426444436,138.95415
23,625,3,2,0.132,129.48361
23,581,0,1,0.088,109.01861
0,1382,2,2,0.132,119.41303
63,521,3,3,0.154,125.10699
32,853,2,1,0.088,129.7819
74,1909,1,1,0.088,137.89177
33,993,1,2,0.132,126.282074
93,1717,3,1,0.08433059448129959,116.96266
70,1397,3,2,0.132,119.89976
52,944,3,1,0.088,117.03492
32,1655,2,1,0.088,123.66174
31,1882,2,1,0.088,125.019066
83,136,0,1,0.088,127.17368
77,1172,3,3,0.154,116.88453
52,1007,3,1,0.088,108.7089
113,232,1,3,0.12024583480838072,122.65115
0,293,0,2,0.132,123.59847
70,779,1,2,0.132,120.425705
66,1375,1,2,0.132,131.98747
95,417,3,0,0.154,126.477646
92,1004,3,1,0.088,127.173744
93,730,0,0,0.11222821906888059,113.01607
62,1043,0,1,0.088,119.876076
24,1044,3,1,0.088,108.10996
52,621,2,2,0.132,121.15032
85,1567,2,2,0.132,114.00335
6,1580,0,2,0.014602010520862352,121.73425
43,90,0,1,0.088,125.09671
46,1470,0,3,0.1,122.52423
84,992,0,2,0.132,111.88736
92,1240,1,1,0.088,129.37274
53,253,3,1,0.014048279650869994,134.6373
52,274,3,2,0.132,115.54942
66,638,3,2,0.132,134.35658
10,995,2,3,0.1,124.14837
71,1183,0,3,0.1,135.33661
16,794,3,1,0.088,143.50583
0,416,3,2,0.132,122.853516
92,1750,2,3,0.01200000000000001,128.55225
54,694,1,2,0.132,139.09215
28,1426,3,1,0.088,128.86752
42,710,2,3,0.10816505366041027,123.59186
56,1797,3,2,0.132,123.69844
38,415,0,2,0.132,139.03284
33,1747,0,3,0.154,115.68481
0,1316,1,3,0.1,118.21633
28,319,3,2,0.132,106.76278
36,536,2,2,0.10529729710828661,125.06305
52,1338,1,2,0.132,113.72922
52,800,1,2,0.132,115.995094
92,615,3,0,0.154,126.699394
52,1845,2,2,0.132,111.25714
16,255,2,3,0.09869292515942676,124.698555
34,1165,2,2,0.132,125.01331
71,238,1,2,0.132,136.89343
74,380,0,1,0.088,136.81973
77,1286,3,2,0.132,117.00041
74,1942,1,0,0.018651757061441898,130.11325
63,182,2,1,0.04497529299540204,127.56769
77,1981,0,1,0.04500977916119009,120.03326
32,1812,2,2,0.132,128.01447
102,1080,1,1,0.088,136.82262
77,782,2,2,0.11297999763871225,120.71548
3,11,2,1,0.088,148.50528
92,615,1,3,0.154,126.699394
3,531,1,1,0.088,148.64531
52,831,3,1,0.088,119.4217
39,469,0,3,0.01200000000000001,125.45539
15,819,0,2,0.132,130.83844
107,223,1,0,0.007375774425218612,123.76401
62,888,1,2,0.132,119.533066
32,835,0,2,0.132,145.14835
59,1915,1,1,0.088,119.30005
22,735,0,2,0.132,145.22488
13,152,0,2,0.09933657839699434,123.47581
52,651,2,1,0.088,110.285835
113,365,3,0,0.03295310144039629,121.24215
32,396,1,2,0.132,125.75038
71,898,3,1,0.088,136.22948
52,877,3,3,0.154,110.40229
97,1553,0,1,0.088,129.82797
30,1756,3,2,0.132,114.34499
28,1298,2,3,0.01200000000000001,125.75482
62,1594,0,2,0.132,119.08078
88,1568,2,1,0.088,130.9105
109,1130,3,3,0.1367156977422602,111.075714
77,1634,1,1,0.088,117.50836
46,135,3,1,0.088,125.768684
42,282,3,1,0.088,127.84058
59,2026,3,3,0.154,125.88616
3,628,3,1,0.088,148.63876
43,147,3,1,0.088,123.61209
33,1059,0,2,0.132,127.303246
89,88,3,2,0.132,144.98692
0,693,0,3,0.1,117.36314
74,311,3,2,0.132,145.4643
58,1095,1,1,0.088,125.836174
28,347,3,2,0.132,110.485725
27,767,1,1,0.088,116.48891
21,1500,3,2,0.05565125804094251,130.07065
21,862,3,1,0.012004029785446763,127.785515
82,853,0,3,0.154,129.79233
16,1972,1,1,0.088,131.34901
93,289,1,1,0.088,115.07907
113,764,3,2,0.132,128.03705
105,179,1,1,0.088,131.32787
44,1800,3,3,0.1,137.53108
17,448,3,3,0.154,127.62286
52,927,2,2,0.132,123.58746
52,1026,3,2,0.132,118.79785
92,4,3,2,0.132,128.81181
22,211,0,2,0.132,145.14502
19,795,0,3,0.031026516536694346,125.22288
89,755,3,3,0.154,140.21808
24,450,3,3,0.1,124.02645
27,18,0,2,0.132,115.63248
24,619,2,2,0.132,121.34289
3,1283,1,2,0.132,151.80249
92,1985,0,2,0.132,128.98128
3,713,0,1,0.028713686105321726,155.33794
107,771,3,2,0.132,124.84287
74,934,0,2,0.132,134.19151
62,2031,0,2,0.132,119.36747
38,1339,2,2,0.132,127.73105
34,1251,0,2,0.132,112.91914
105,1859,2,1,0.088,137.30618
74,865,3,1,0.088,141.00089
15,141,1,1,0.062049687666154624,132.3338
92,1120,3,3,0.154,118.313324
93,1525,1,1,0.088,115.00581
59,23,2,3,0.08727164858455871,128.55214
112,224,1,2,0.132,122.56635
13,1226,0,0,0.1049422305360804,120.48227
52,637,3,1,0.088,121.20697
99,1691,3,2,0.07692696503796415,135.00255
52,833,1,1,0.088,111.75553
21,576,0,1,0.088,inf
16,1868,3,1,0.088,130.59154
59,1933,0,2,0.132,114.03936
110,661,1,1,0.088,115.0372
15,5,3,2,0.132,130.68153
30,135,0,1,0.0790915989060672,118.0097
89,1382,1,1,0.028096630001330697,144.65833
102,1615,2,2,0.132,138.79169
110,641,1,3,0.154,114.78528
24,454,2,0,0.154,101.93009
82,1127,2,2,0.132,136.31854
112,93,2,1,0.088,121.39999
91,1432,0,3,0.02030092387861887,125.11606
36,485,0,2,0.132,130.39789
46,1057,3,1,0.03385276123368133,127.60258
22,484,0,3,0.1,135.94048
52,541,2,1,0.088,114.38414
0,184,3,2,0.11986856121553535,119.88112
16,367,3,2,0.132,140.95721
77,1420,1,2,0.12880919314924194,119.05507
62,202,3,1,0.088,120.06063
23,134,1,2,0.132,126.48271
52,1074,3,1,0.088,113.91722
93,1360,0,2,0.132,130.8024
89,1952,2,2,0.132,145.16267
51,1018,0,0,0.154,inf
74,1580,2,3,0.154,131.7145
31,499,2,1,0.088,122.70281
32,558,1,2,0.132,129.41837
62,240,1,2,0.132,118.71686
30,777,1,3,0.02923445212138115,112.11457
70,699,1,1,0.088,119.82632
58,1070,3,1,0.088,125.97569
92,1659,0,1,0.088,129.94183
52,1728,0,2,0.132,115.090164
112,1228,2,2,0.132,123.30136
99,462,0,2,0.039175347601991956,139.01761
31,1748,3,2,0.132,124.7868
93,1506,0,1,0.088,115.30776
38,1463,3,3,0.154,123.50114
33,1008,0,1,0.088,124.98699
82,100,1,3,0.01200000000000001,131.85594
74,2004,1,3,0.154,131.59996
94,704,0,0,0.154,121.432526
4,569,3,2,0.06967659920123798,121.7831
74,1999,2,3,0.13355044198819524,132.97716
19,1347,1,2,0.132,128.4612
16,175,2,2,0.132,132.65738
63,341,0,2,0.132,128.81863
17,1116,0,2,0.04288199422056649,133.6914
93,346,1,1,0.088,114.65784
42,648,0,1,0.088,124.97622
99,922,0,0,0.154,inf
71,1545,2,3,0.154,125.43895
3,1713,3,3,0.1,147.02338
58,810,2,2,0.132,126.077385
0,1382,0,1,0.088,119.41303
45,1715,3,0,0.063,inf
93,971,0,1,0.088,115.726105
36,1643,0,2,0.132,128.31717
82,823,0,1,0.088,131.68628
107,562,0,1,0.06633013668117652,128.44171
52,2016,1,1,0.088,115.55853
0,609,3,2,0.08564990244823173,118.59826
105,1149,3,3,0.154,130.47318
52,1007,1,0,0.154,108.7089
16,79,1,2,0.132,138.29283
97,97,0,3,0.1,129.3019
70,1688,2,2,0.132,117.73856
105,64,2,1,0.088,132.64482
82,392,3,2,0.132,134.10596
19,1340,3,3,0.10931648053752532,125.020935
48,1981,0,3,0.1,130.10661
93,1816,0,3,0.1,115.242035
23,1044,1,1,0.03110156711105941,108.56904
52,1760,3,1,0.088,116.52404
33,401,2,3,0.034259524787797896,115.78392
97,91,3,2,0.132,136.28136
1,521,2,1,0.088,125.493904
87,356,0,1,0.016647086313875487,129.4069
82,960,2,3,0.154,129.92143
28,319,1,1,0.088,106.76278
82,524,3,3,0.154,130.27641
102,453,3,3,0.154,inf
32,22,0,2,0.132,129.44215
88,1854,3,1,0.088,131.10046
58,1078,3,3,0.10065372778122458,124.62539
62,477,1,2,0.132,121.75651
15,507,1,2,0.132,131.41943
53,920,3,2,0.132,135.3869
107,1645,2,3,0.10665911769913665,124.55036
16,1409,3,2,0.132,139.10027
77,536,3,2,0.132,121.22921
11,1806,0,2,0.132,140.4303
23,86,3,2,0.132,109.15867
16,1545,1,1,0.088,124.85896
97,1413,3,1,0.006411020326590217,127.5932
25,1344,2,1,0.024958616257591798,139.10065
82,571,2,2,0.132,132.27289
68,1416,1,2,0.132,131.628
83,631,2,1,0.062144525139201295,121.19395
66,2028,3,1,0.088,131.00221
14,1144,3,2,0.12131561104410271,136.98564
22,125,0,1,0.088,139.95903
44,1889,2,1,0.088,138.03105
74,1362,2,1,0.088,132.97716
92,1165,2,1,0.088,126.654366
37,96,3,2,0.132,inf
0,1284,1,1,0.088,118.57849
77,1286,1,1,0.088,117.00041
66,1186,1,2,0.132,129.78236
32,145,3,2,0.132,126.530975
46,931,0,3,0.01200000000000001,123.901726
75,1184,0,2,0.132,125.80225
10,631,1,3,0.034759665899553926,122.96407
97,1721,1,3,0.020091403463305624,127.05684
34,66,2,3,0.154,112.91914
57,1790,3,1,0.088,126.960754
31,705,0,3,0.01200000000000001,123.209015
24,1603,3,2,0.132,125.03528
28,1303,2,3,0.01200000000000001,125.784904
112,230,3,2,0.132,116.66273
16,1494,0,2,0.132,138.01758
95,2022,3,3,0.1,129.2834
16,1739,3,2,0.132,130.59496
33,1781,3,2,0.132,124.136604
36,1282,0,1,0.030414049942970478,124.82918
62,154,1,1,0.06560076096890777,123.12361
56,767,3,3,0.15268821399864677,120.95823
52,1560,3,1,0.088,116.912025
62,1117,1,0,0.154,117.52324
88,1723,2,3,0.030567446546675578,129.01968
85,777,2,1,0.012281774044621621,120.99513
24,139,3,0,0.154,103.18281
52,681,3,2,0.132,117.31963
52,877,1,2,0.132,110.40229
25,857,2,2,0.132,128.21265
16,255,1,0,0.154,124.698555
28,347,1,1,0.088,110.485725
59,473,3,2,0.132,127.7161
95,340,3,3,0.01200000000000001,130.03944
82,766,2,3,0.1,130.58534
24,697,3,2,0.132,122.867325
52,2032,1,2,0.132,117.62118
74,1252,2,3,0.154,131.67596
52,1465,0,1,0.088,110.898735
87,1145,2,2,0.132,125.43085
62,1625,3,1,0.088,119.21498
3,1562,3,3,0.02276990972453352,148.00163
49,1753,3,2,0.132,116.86789
89,755,1,2,0.0985597838178971,140.21808
82,321,3,1,0.088,136.37488
16,1293,3,2,0.132,138.10725
4,68,0,1,0.088,118.34629
66,662,3,3,0.06855688218978823,125.65183
89,88,1,1,0.088,144.98692
16,1491,3,1,0.088,138.9454
36,1078,3,1,0.088,123.63128
63,650,0,2,0.132,126.597
25,113,3,2,0.132,143.81183
38,1339,0,1,0.088,127.73105
8,369,2,2,0.132,125.75129
89,1332,0,1,0.088,148.42784
30,1875,3,3,0.01200000000000001,114.59889
32,1530,3,1,0.088,131.44942
63,1397,2,3,0.03603093113624456,125.077
28,871,0,3,0.154,105.818565
83,958,2,3,0.154,inf
4,1573,3,2,0.132,122.03762
32,379,0,1,0.07880127621258401,131.42429
16,334,2,0,0.0665974214501173,130.50479
89,1082,1,2,0.132,146.34326
97,1340,3,3,0.044683519462474675,127.101845
16,1620,3,2,0.132,124.46699
24,450,1,2,0.132,124.02645
32,766,1,2,0.132,130.71188
16,1010,0,2,0.08395949206281289,156.25038
48,1145,2,3,0.154,124.71139
15,1481,2,1,0.088,134.75034
48,1568,0,2,0.132,131.47488
102,372,2,2,0.132,141.55304
23,1301,3,2,0.132,118.76208
24,74,2,2,0.132,128.78444
69,1460,3,1,0.088,138.93098
42,1080,3,1,0.088,126.88857
51,456,3,1,0.088,121.819664
62,2024,0,2,0.132,117.626434
46,1136,2,2,0.132,125.57061
82,1169,1,2,0.132,139.19876
83,1407,3,1,0.088,128.44704
52,1689,1,3,0.1,114.96037
82,1127,0,1,0.088,136.31854
11,1113,2,1,0.07873733005625239,135.55573
0,1926,3,0,0.10882354042084622,115.41633
71,263,0,0,0.08279437667841621,129.57611
15,988,3,2,0.02669583491476385,137.6984
57,860,3,1,0.088,128.44083
89,951,2,1,0.088,144.83525
32,1626,2,2,0.132,125.75038
36,592,1,2,0.132,128.6049
74,1005,3,2,0.132,136.40752
24,1720,3,1,0.088,121.43627
8,1706,0,3,0.1,127.018684
36,1977,0,3,0.08363073600761847,125.321396
43,505,1,2,0.132,121.375114
61,1226,2,0,0.0714792972639196,130.14006
18,1299,2,2,0.132,125.177246
17,1489,0,2,0.132,133.46988
59,739,1,1,0.088,145.81541
0,1579,2,1,0.088,120.51575
52,288,1,1,0.088,108.25175
4,569,1,1,0.087126890127005,121.7831
66,1131,2,2,0.132,128.83337
46,2014,3,2,0.132,130.42792
61,385,1,1,0.088,133.62326
77,30,1,1,0.088,118.333496
0,916,3,2,0.09842495473349738,121.33901
110,641,0,0,0.154,114.78528
92,852,2,1,0.088,128.09807
24,1170,0,2,0.132,132.68695
112,1228,0,1,0.088,123.30136
15,1370,1,1,0.088,133.26367
3,1713,1,2,0.132,147.02338
16,1180,3,2,0.132,144.27061
95,988,0,2,0.028523569415703387,135.3941
59,1255,2,3,0.154,123.40805
4,1027,0,2,0.132,120.92668
26,1859,0,3,0.056412450511499096,125.06158
107,1413,3,2,0.132,124.612305
59,1103,3,2,0.132,148.1596
24,1147,3,3,0.154,122.84561
23,34,0,2,0.132,108.23192
105,1149,1,2,0.132,130.47318
24,1202,1,2,0.132,127.7676
77,924,3,2,0.053227488439155146,120.10167
70,722,0,2,0.132,118.48468
16,175,0,1,0.088,132.65738
70,1688,0,1,0.088,117.73856
67,1422,3,2,0.132,130.15176
52,1543,2,2,0.132,114.68258
30,298,3,1,0.088,115.61144
49,1463,0,1,0.088,118.075134
62,896,3,1,0.088,118.585236
67,1840,2,1,0.088,126.37909
58,1046,3,3,0.06960251812639381,126.06777
92,1100,0,3,0.1,127.444305
58,137,0,2,0.132,127.98724
70,248,3,1,0.088,121.2142
52,188,2,2,0.02000735487388061,126.22765
0,609,1,1,0.088,118.59826
28,1048,0,2,0.132,128.92456
59,1631,2,1,0.088,124.05435
105,1152,1,2,0.132,132.873
71,1642,2,2,0.132,138.8391
44,792,1,2,0.132,137.53108
52,710,1,1,0.088,116.77138
68,2002,3,0,0.154,117.34723
52,936,2,3,0.1,114.86835
92,1289,2,1,0.088,127.37829
77,1655,2,0,0.003766330479007707,113.220985
11,1468,2,2,0.132,136.38858
61,1330,0,1,0.088,141.52625
107,1645,0,2,0.132,124.55036
110,1926,0,2,0.004559612594447149,116.312515
37,340,3,2,0.132,129.10951
34,1616,0,1,0.088,124.25191
59,488,1,2,0.132,141.45706
23,750,1,2,0.132,105.9593
77,1693,0,1,0.0827951452896677,118.93522
0,1504,0,2,0.132,122.84295
71,1545,1,0,0.154,125.43895
14,2020,0,3,0.154,132.66434
97,21,3,2,0.132,129.90463
4,1694,0,1,0.088,134.3686
23,86,1,1,0.088,109.15867
52,1768,3,1,0.088,116.2838
16,1067,3,2,0.132,138.4938
112,1211,1,1,0.088,117.7302
58,790,1,1,0.088,127.84871
52,94,1,1,0.088,113.03174
82,1530,1,3,0.08050592814203067,131.20612
92,799,3,2,0.132,132.87834
24,186,3,1,0.088,128.54955
89,445,1,2,0.132,141.51338
62,505,1,0,0.154,115.803185
24,904,3,1,0.088,128.63857
16,1409,1,1,0.088,139.10027
82,1676,1,2,0.132,134.11522
52,1161,3,2,0.132,125.235634
8,1198,0,2,0.132,145.12383
89,306,0,0,0.03647965810253767,132.44626
52,1229,2,3,0.154,111.899414
82,46,1,2,0.132,132.77248
112,629,3,2,0.132,116.947365
82,571,0,1,0.088,132.27289
14,1630,3,2,0.03508092627484416,137.5719
88,528,3,3,0.0049673284873240076,128.918
3,1611,3,3,0.154,145.66856
93,636,0,2,0.132,117.30064
16,575,1,3,0.154,130.64926
6,1756,2,2,0.039496820671440225,127.26176
16,1739,1,1,0.088,130.59496
52,539,3,2,0.132,114.02578
37,96,1,1,0.088,inf
89,2013,0,2,0.132,149.66943
110,43,3,2,0.132,115.72346
17,439,3,2,0.132,132.58995
102,1467,1,1,0.088,137.88986
25,857,0,1,0.088,128.21265
46,543,3,2,0.132,125.1895
115,1223,0,2,0.132,126.6339
89,495,0,1,0.0222518276273629,143.6576
0,1421,1,2,0.132,120.963264
66,529,0,3,0.154,124.72271
1,985,2,2,0.023412949391094895,124.55547
24,1603,1,1,0.088,125.03528
112,152,1,1,0.008011856108017162,117.51672
99,1277,3,1,0.088,135.26292
31,1174,1,1,0.088,116.35624
16,902,1,3,0.154,130.6266
25,1042,3,2,0.132,144.31343
36,1598,3,2,0.132,126.359505
113,1770,3,2,0.132,126.323944
110,1953,0,1,0.088,118.56455
102,453,2,0,0.154,inf
3,1193,1,1,0.088,147.61444
13,930,3,1,0.03557921325131122,124.87963
7,841,2,3,0.02819023612263996,133.54143
62,1058,3,1,0.088,122.56578
28,1823,3,2,0.132,129.92921
44,871,2,0,0.154,126.40485
77,1849,2,2,0.132,116.33694
48,1238,1,2,0.12378226989445235,131.51393
32,337,1,2,0.132,129.8812
61,1524,0,3,0.1,133.63155
71,1576,1,1,0.07849312556569465,129.24547
75,116,2,2,0.0831757678148326,124.37731
3,614,2,3,0.154,144.80353
24,697,1,1,0.088,122.867325
59,1576,3,1,0.088,136.9058
63,1866,3,1,0.0718393845379598,132.07614
87,1145,0,1,0.088,125.43085
16,914,2,1,0.088,138.77147
57,1022,1,2,0.132,127.14064
8,1618,1,2,0.132,128.68689
87,929,2,3,0.12654965351168332,129.267
32,486,1,1,0.088,130.81932
66,1696,3,2,0.132,133.54762
0,2024,3,0,0.09787839882344557,115.59488
59,1076,1,2,0.132,135.93973
92,1595,2,1,0.088,128.25562
52,1162,3,2,0.132,118.18591
8,369,0,1,0.088,125.75129
82,1093,0,2,0.132,134.21722
57,1790,0,1,0.088,126.960754
92,1110,1,2,0.132,128.25562
6,1875,0,1,0.0216547059647981,127.27973
8,901,3,0,0.154,125.13527
83,958,0,2,0.132,inf
51,156,3,2,0.132,121.1163
97,1259,1,2,0.132,129.62991
87,1932,3,2,0.132,138.92386
71,1779,3,3,0.10043965527469004,134.48866
24,1263,1,2,0.132,124.503586
82,1411,2,1,0.088,134.39384
52,868,2,2,0.132,115.07239
23,1885,2,0,0.154,108.678154
52,1641,0,1,0.088,112.84413
87,16,0,3,0.057042989294968705,129.914
52,484,1,1,0.088,116.059425
66,1745,1,3,0.154,124.75309
70,80,1,2,0.132,121.926025
32,903,1,3,0.154,124.172585
58,641,1,0,0.154,122.61208
66,659,2,0,0.07199095954854545,121.58263
16,1715,1,1,0.088,131.66139
42,911,2,1,0.088,129.57089
68,525,3,2,0.132,139.92833
105,165,3,3,0.0056582258372772365,133.09605
0,1316,3,3,0.1,118.21633
32,889,2,1,0.088,129.68987
14,1567,0,0,0.09195445532494081,128.52069
61,793,3,3,0.1,133.64122
59,557,0,2,0.132,144.07535
49,661,0,3,0.154,116.078224
23,1885,0,3,0.154,108.678154
23,306,2,1,0.088,108.73907
52,1493,1,2,0.132,117.21272
0,932,2,2,0.132,120.03891
82,642,1,2,0.132,136.55132
112,1512,2,1,0.088,121.16969
33,1039,3,2,0.132,120.828224
77,1257,3,1,0.088,119.8321
74,256,0,2,0.132,139.38782
97,1340,2,0,0.154,127.101845
92,99,2,1,0.088,129.57759
24,887,2,2,0.132,125.67606
82,741,2,2,0.132,134.19426
82,501,1,1,0.088,139.31316
69,1930,0,3,0.154,132.07486
0,1876,0,3,0.1,118.05305
71,1183,3,1,0.088,135.33661
67,1315,2,3,0.154,123.859436
74,1005,1,1,0.088,136.40752
16,98,3,1,0.088,129.21205
71,1393,3,2,0.132,137.13072
110,430,2,2,0.132,113.60811
52,482,2,1,0.088,114.046364
92,615,3,3,0.154,126.699394
52,1098,1,1,0.088,117.7825
18,1299,0,1,0.088,125.177246
62,888,3,2,0.132,119.533066
89,36,0,2,0.132,147.85808
66,1131,0,1,0.088,128.83337
58,478,2,1,0.088,126.62587
32,397,0,2,0.132,125.86174
32,1901,0,1,0.088,127.85046
23,1911,3,2,0.132,103.09094
48,1299,0,3,0.1,131.12553
33,1287,3,1,0.0337690701492315,130.46216
13,152,2,2,0.09878658985869249,123.47581
67,1422,1,1,0.03623488849076828,130.15176
0,1369,2,2,0.132,120.30306
52,1543,0,1,0.088,114.68258
52,1243,2,3,0.1,114.40889
42,456,1,3,0.08672671873261709,124.72963
0,145,3,0,0.029230627816337507,115.253136
54,1541,2,0,0.06809096742905796,122.48911
107,223,1,3,0.154,123.76401
92,2006,1,3,0.1,128.39629
58,1046,1,2,0.132,126.06777
68,1344,1,1,0.088,135.12437
77,1348,0,1,0.088,118.19152
113,1951,0,2,0.132,125.4471
44,1667,0,3,0.05283360258421893,137.72528
44,315,2,0,0.11688428384578844,126.90003
14,710,3,3,0.09171378839910471,132.76477
77,1356,2,2,0.132,121.5615
99,922,2,0,0.10428270284486293,inf
92,989,2,2,0.132,128.71408
16,1220,2,1,0.088,140.44945
46,363,1,3,0.1,122.91857
56,116,0,3,0.154,121.965065
34,255,2,2,0.132,112.91914
16,312,0,2,0.132,138.61067
92,1485,1,1,0.088,128.98128
82,330,3,2,0.132,134.62782
16,1031,0,3,0.1,133.281
83,1551,0,2,0.132,128.54823
59,1255,1,0,0.154,123.40805
52,1695,3,1,0.088,116.56616
113,1656,1,2,0.132,101.037994
3,500,0,3,0.154,145.1449
3,531,2,2,0.00779925494767042,148.64531
24,1918,0,1,0.088,122.43537
52,188,0,1,0.088,126.22765
97,1032,0,2,0.12111686425081103,133.97203
97,97,2,3,0.1,129.3019
4,166,2,3,0.154,120.56815
49,591,2,2,0.132,122.65939
69,1242,0,2,0.132,143.90509
7,1991,2,2,0.04031395061403442,133.53944
52,936,0,2,0.132,114.86835
85,1747,3,1,0.02842066769782578,113.83522
23,47,0,1,0.088,102.72365
23,2002,0,2,0.132,103.559586
23,938,2,2,0.132,113.87184
11,1272,2,1,0.088,135.86816
52,1191,2,1,0.088,113.214836
46,1752,2,2,0.132,126.37771
58,1196,0,2,0.132,133.50394
24,1864,0,2,0.132,131.8972
93,1525,3,1,0.088,115.00581
110,432,1,2,0.132,118.38339
97,21,1,1,0.088,129.90463
3,1199,3,1,0.088,149.85681
85,659,0,1,0.08082188122544148,115.39497
69,281,0,2,0.132,144.65897
42,537,1,1,0.08543457260886603,130.4552
110,661,3,1,0.088,115.0372
19,798,1,2,0.132,125.395615
52,1905,3,2,0.132,125.939575
59,1915,2,2,0.132,119.30005
32,22,2,2,0.132,129.44215
16,1697,2,2,0.132,140.31818
89,518,3,2,0.132,145.2441
66,722,1,0,0.08546973168561522,122.31621
97,115,3,1,0.088,129.56483
109,401,2,3,0.00902153626031893,111.23325
97,1273,2,2,0.10879606199421799,129.48337
32,822,0,2,0.132,125.60336
82,10,0,2,0.132,135.93405
16,1851,1,1,0.088,138.11293
105,2012,0,1,0.088,147.92354
52,1741,3,3,0.1,114.22257
13,1226,0,3,0.154,120.48227
110,43,1,1,0.088,115.72346
16,1545,3,1,0.088,124.85896
112,629,1,1,0.088,116.947365
16,438,3,2,0.132,139.11533
93,1944,3,1,0.088,114.08553
16,67,0,1,0.088,138.20308
32,249,2,1,0.088,124.260796
18,693,0,2,0.132,124.89097
77,1420,3,2,0.13154319394263359,119.05507
39,165,0,0,0.003726264779004035,121.868004
24,454,2,3,0.154,101.93009
63,985,0,0,0.154,124.26632
36,197,2,1,0.0015298470688457355,123.020386
115,1852,0,1,0.088,126.32865
25,1239,0,2,0.132,142.00984
3,260,0,1,0.088,144.91055
62,2031,1,3,0.1,119.36747
19,930,1,3,0.154,125.40093
16,1972,2,2,0.132,131.34901
51,1018,0,3,0.154,inf
74,1213,1,3,0.154,132.2102
95,1570,3,2,0.132,131.12463
3,614,0,2,0.132,144.80353
3,1230,3,2,0.132,152.07375
16,1400,2,1,0.088,131.7113
24,1415,3,1,0.088,97.89254
39,1318,0,1,0.088,131.20503
15,1346,0,3,0.154,129.97227
113,1770,1,1,0.088,126.323944
8,1235,3,1,0.088,128.80894
61,1408,0,1,0.08783034522384506,135.23831
63,1699,1,1,0.088,126.42735
33,1155,1,1,0.088,127.78056
88,1653,0,2,0.05046473874535837,132.91855
52,1402,2,1,0.088,118.49024
24,1014,2,2,0.132,123.145424
106,444,0,1,0.088,140.1685
106,1238,1,1,0.05041819393501651,139.05492
3,617,0,2,0.132,148.67442
14,83,0,1,0.088,138.92249
28,206,3,1,0.088,108.41876
61,1534,0,2,0.132,137.87881
48,1257,3,3,0.1,129.98363
52,1176,0,2,0.132,112.554474
59,1215,0,3,0.08619495224225376,139.73148
16,1251,3,0,0.154,124.698555
3,15,0,0,0.154,144.45853
0,1717,2,1,0.088,118.86352
30,165,0,3,0.038609848162870164,110.67766
52,92,3,2,0.132,114.484276
89,1189,0,1,0.088,146.95566
52,1007,1,3,0.154,108.7089
105,165,1,2,0.132,133.09605
51,156,1,1,0.06564963657267783,121.1163
107,994,2,2,0.132,124.202156
31,499,3,2,0.132,122.70281
77,983,2,2,0.132,118.82787
52,1675,2,2,0.132,109.5829
83,670,1,1,0.088,121.127396
3,1380,0,1,0.088,150.60272
4,748,3,1,0.05252422392075806,123.776985
53,1313,2,3,0.07874747278189584,125.87103
91,2003,3,3,0.154,122.52048
92,284,3,1,0.07568010087797122,130.32674
97,832,0,2,0.132,136.13669
89,473,0,0,0.154,131.52232
16,1857,0,2,0.132,144.66486
46,917,0,2,0.132,131.14027
23,625,2,2,0.132,129.48361
32,853,1,1,0.088,129.7819
74,1909,0,1,0.088,137.89177
32,1031,1,2,0.132,131.99228
70,1397,2,2,0.132,119.89976
52,686,0,3,0.154,113.404076
52,916,0,2,0.132,125.81197
115,154,0,2,0.12159108388025752,128.27147
102,282,0,3,0.01200000000000001,137.4529
10,656,1,1,0.088,123.824036
60,1825,3,3,0.05496411587014978,128.61157
77,1172,2,3,0.154,116.88453
46,994,3,0,0.154,121.67075
23,306,0,0,0.11752034189746233,108.73907
70,1266,3,1,0.088,119.123924
52,586,3,1,0.088,115.30518
20,1410,2,2,0.047165927086245785,145.8655
0,1382,1,2,0.132,119.41303
33,1039,1,1,0.088,120.828224
94,734,0,2,0.132,130.95424
23,1044,2,2,0.05053225025229091,108.56904
24,1044,2,1,0.06433985512894047,108.10996
52,621,1,2,0.132,121.15032
68,1662,3,2,0.10278444996912339,139.46907
52,1243,0,2,0.132,114.40889
16,98,1,0,0.154,129.21205
61,1562,0,2,0.132,134.9025
92,1425,3,3,0.1,127.86185
110,430,0,1,0.088,113.60811
88,1336,3,2,0.132,133.8305
106,1259,3,3,0.0859831900733023,137.34236
113,232,0,3,0.08813327082105032,122.65115
82,57,1,0,0.154,128.6188
68,231,3,1,0.088,139.82
70,779,0,2,0.132,120.425705
91,1662,0,1,0.04052730862485719,130.11739
49,258,3,2,0.132,119.269
23,1911,1,1,0.088,103.09094
22,274,0,3,0.1,135.88051
92,1750,1,3,0.01200000000000001,128.55225
4,2020,2,2,0.132,122.3337
92,336,2,3,0.01200000000000001,128.52852
42,710,1,3,0.09135358286041026,123.59186
56,1797,2,2,0.132,123.69844
54,594,1,2,0.132,140.03523
0,1316,0,3,0.1,118.21633
8,390,0,2,0.132,127.743935
52,800,0,2,0.132,115.995094
3,1736,3,0,0.154,144.87646
19,1692,3,1,0.088,133.1962
4,166,0,2,0.132,120.56815
24,139,3,3,0.154,103.18281
16,255,1,3,0.0829988719594267,124.698555
77,1356,0,1,0.088,121.5615
77,1286,2,2,0.132,117.00041
32,1304,2,2,0.132,127.648
28,593,3,1,0.088,128.86752
52,1610,2,3,0.1,114.715195
107,931,1,1,0.06680813551273804,127.919685
82,330,1,1,0.088,134.62782
95,273,0,1,0.088,130.64754
16,1647,1,2,0.132,140.54019
34,1271,3,2,0.132,112.8464
77,782,1,2,0.08148366602898899,120.71548
105,1152,3,2,0.132,132.873
95,728,3,2,0.132,134.49843
15,1729,3,1,0.088,131.7947
59,1915,0,1,0.088,119.30005
93,1369,3,2,0.132,118.54817
8,1132,3,2,0.132,125.745285
109,1704,1,2,0.132,108.842545
51,365,2,1,0.023277042360032474,119.06323
52,651,1,1,0.088,110.285835
46,562,0,3,0.01200000000000001,124.30491
32,396,0,2,0.132,125.75038
71,898,2,1,0.088,136.22948
46,1462,3,2,0.0649592992414259,125.527145
38,1546,3,2,0.10105001208061454,125.91406
36,1001,2,1,0.088,126.90465
51,1747,2,0,0.06385620663164573,115.524574
38,395,0,2,0.132,134.29973
42,1573,2,3,0.014157184653106392,123.624886
77,1634,0,1,0.088,117.50836
69,427,0,1,0.0223121745988685,138.52266
16,337,2,3,0.11710250163970767,131.59618
16,334,2,3,0.154,130.50479
28,545,2,2,0.09043574803383636,125.68897
33,1459,2,1,0.088,123.202126
56,1651,3,1,0.088,124.829994
18,1384,3,1,0.088,123.27808
49,730,2,1,0.045748416408368325,116.54482
70,1899,0,2,0.132,121.267815
89,518,1,1,0.088,145.2441
43,1490,0,2,0.09643442146960035,125.56946
59,2026,2,3,0.154,125.88616
3,628,2,1,0.088,148.63876
85,777,3,2,0.132,120.99513
16,1151,3,1,0.088,142.51524
97,1023,1,2,0.132,129.34377
6,1252,3,2,0.132,121.413956
8,290,1,3,0.1,126.33776
95,1262,1,2,0.132,128.17253
70,985,1,2,0.09826500964890511,119.03323
16,438,1,1,0.088,139.11533
62,1787,0,1,0.088,131.1713
16,1972,0,1,0.088,131.34901
88,1568,1,1,0.005579219097012034,130.9105
113,764,2,2,0.12333087271688298,128.03705
44,1800,2,3,0.1,137.53108
52,927,1,2,0.132,123.58746
15,340,3,1,0.012233665106154673,131.92686
24,450,2,3,0.1,124.02645
43,147,2,1,0.088,123.61209
24,619,1,2,0.132,121.34289
107,771,2,2,0.132,124.84287
105,1859,1,1,0.088,137.30618
44,164,0,1,0.088,137.21603
52,1710,0,1,0.088,120.543106
97,534,3,1,0.088,129.44595
59,23,1,3,0.10003104024225343,128.55214
49,1926,0,2,0.12744038740555286,116.871155
110,704,2,0,0.0003547368059952649,113.294304
57,16,0,2,0.132,127.61873
99,1691,2,2,0.06568540722028393,135.00255
17,448,2,3,0.1,127.62286
52,833,0,1,0.088,111.75553
110,661,0,1,0.088,115.0372
15,5,2,2,0.132,130.68153
46,1644,2,2,0.132,125.5579
92,4,2,2,0.132,128.81181
102,1615,1,2,0.132,138.79169
95,467,0,3,0.1,129.64026
110,641,0,3,0.154,114.78528
24,454,1,0,0.154,101.93009
3,1515,2,2,0.132,150.95676
3,1283,0,2,0.132,151.80249
68,1301,3,3,0.07193765654353701,132.87154
44,1623,1,3,0.1,137.64551
52,1021,3,2,0.132,113.9959
91,1919,2,2,0.132,126.22822
70,722,2,2,0.132,118.48468
10,767,0,0,0.10223214132940847,120.51446
91,1433,0,1,0.088,127.71246
48,366,1,2,0.132,134.43143
93,781,1,1,0.088,115.86948
102,866,0,3,0.01200000000000001,137.46921
62,1490,0,0,0.10993794696866252,118.71973
43,423,1,2,0.132,120.51534
0,184,2,2,0.132,119.88112
39,1397,0,0,0.005306688292051276,121.32973
27,862,1,2,0.03867998698700953,117.0385
97,528,3,3,0.095032671512676,129.37517
62,202,2,1,0.088,120.06063
89,1952,1,2,0.132,145.16267
105,1395,3,2,0.132,141.32874
82,1031,0,2,0.132,131.6893
74,1580,1,3,0.154,131.7145
29,733,1,2,0.132,124.13727
74,1213,0,0,0.10946741626144188,132.2102
31,499,1,1,0.088,122.70281
28,206,1,0,0.154,108.41876
26,720,0,1,0.088,133.04121
62,1246,0,3,0.01200000000000001,121.615265
112,93,1,1,0.088,121.39999
68,1500,1,3,0.1,131.91673
103,253,0,3,0.01200000000000001,140.08675
0,53,3,1,0.088,118.97344
32,1292,0,3,0.1,130.76149
88,795,3,0,0.03788680405474307,127.34728
25,1537,3,1,0.088,142.23654
56,656,2,2,0.0454456062291988,124.46449
8,1501,3,3,0.1,125.69976
31,1748,2,2,0.132,124.7868
23,625,0,1,0.088,129.48361
38,1463,2,3,0.154,123.50114
71,1237,3,1,0.088,142.54266
32,1511,1,2,0.132,129.94897
16,464,2,3,0.01200000000000001,133.35417
14,2020,2,3,0.029681614859514982,132.66434
110,1693,3,1,0.088,116.719604
97,1085,3,2,0.132,129.29138
16,270,3,2,0.132,139.4844
38,1753,2,2,0.004934875072382772,122.675026
58,790,3,1,0.088,127.84871
68,2002,3,3,0.154,117.34723
54,131,0,3,0.1,137.5662
103,854,3,3,0.154,134.9759
67,232,2,1,0.088,124.943825
19,1347,0,2,0.005100176924987654,128.4612
56,1416,3,1,0.088,122.70724
112,1228,1,2,0.132,123.30136
71,1545,1,3,0.154,125.43895
3,1713,2,3,0.1,147.02338
6,2004,3,2,0.07707451484741784,120.88168
94,976,1,1,0.08269741968443012,128.1024
33,1361,1,2,0.09459345118550677,129.86859
18,737,0,1,0.088,130.35582
0,1473,1,1,0.08564154635061072,120.72341
11,1276,3,2,0.132,140.25194
74,1999,1,3,0.1,132.97716
52,1007,0,0,0.154,108.7089
102,1507,3,3,0.01725382557045177,136.5146
105,1052,3,3,0.09519343033329936,130.8977
87,1602,0,2,0.02426263799508066,133.71931
48,1356,0,3,0.01200000000000001,131.75443
3,1828,3,2,0.10737008022179656,154.28905
62,797,3,2,0.132,120.646835
74,1429,3,2,0.132,135.64091
8,149,3,3,0.01200000000000001,127.21964
67,1840,3,2,0.132,126.37909
3,966,3,2,0.132,151.40088
63,662,3,2,0.132,127.27979
102,97,0,2,0.03165728204515572,136.54327
66,1397,3,0,0.005168665524849542,123.48927
87,1634,0,2,0.03275230730528267,130.53348
28,1651,3,2,0.01517205194210236,125.58227
92,1289,3,2,0.132,127.37829
58,1078,2,3,0.1,124.62539
0,560,0,1,0.088,120.151634
15,507,0,2,0.132,131.41943
53,920,2,2,0.132,135.3869
4,648,2,2,0.020982573883676192,123.71459
58,1348,0,0,0.154,123.65321
16,1487,2,2,0.132,138.53506
23,86,2,2,0.132,109.15867
89,254,1,3,0.154,140.87634
44,841,3,2,0.0022993401059654417,139.9091
115,1137,3,2,0.132,132.4
83,631,1,1,0.043117544063043384,121.19395
4,155,3,2,0.132,123.1082
102,453,2,3,0.154,inf
28,850,0,2,0.132,125.784904
105,1619,2,1,0.088,134.79614
74,1362,1,1,0.088,132.97716
92,839,0,2,0.132,128.9426
62,477,0,2,0.132,121.75651
52,1572,2,1,0.088,107.89374
43,1254,2,2,0.132,121.111015
51,1745,0,2,0.132,120.26223
77,1286,0,1,0.088,117.00041
0,258,3,3,0.1,117.33565
57,1790,2,1,0.088,126.960754
24,1603,2,2,0.132,125.03528
28,1303,1,3,0.01200000000000001,125.784904
77,1348,2,1,0.088,118.19152
95,728,1,1,0.088,134.49843
52,1280,3,1,0.088,115.96706
87,1661,2,2,0.132,137.1285
18,1084,3,2,0.132,123.05038
49,730,0,0,0.04177178093111941,116.54482
95,2022,2,3,0.1,129.2834
83,580,0,2,0.132,127.33954
17,43,0,0,0.12414692255821855,126.64979
32,145,2,2,0.132,126.530975
88,1723,1,3,0.04386532334667578,129.01968
85,777,1,1,0.05019759212462166,120.99513
24,139,2,0,0.154,103.18281
23,581,3,2,0.132,109.01861
52,877,0,2,0.132,110.40229
8,656,0,3,0.10286627482292798,125.69976
85,1688,3,1,0.03228954822043034,115.43688
87,16,2,3,0.04199956709496869,129.914
54,1727,0,2,0.132,152.20825
32,1542,2,1,0.088,131.04659
38,42,1,2,0.132,128.00514
59,473,2,2,0.132,127.7161
24,697,2,2,0.132,122.867325
109,1130,0,2,0.132,111.075714
52,2032,0,2,0.132,117.62118
83,136,3,2,0.132,127.17368
31,421,3,1,0.088,128.19719
3,1562,2,3,0.01200000000000001,148.00163
49,1753,2,2,0.12706512492761723,116.86789
23,1885,2,3,0.14310377557499707,108.678154
3,51,3,2,0.132,149.92905
56,545,0,2,0.01094315869750806,124.99694
42,1664,2,2,0.132,128.19168
16,1293,2,2,0.132,138.10725
74,1262,2,3,0.154,132.89044
44,122,1,2,0.132,138.60826
74,1783,3,1,0.088,141.24213
89,88,0,1,0.088,144.98692
74,256,2,2,0.132,139.38782
8,1327,1,2,0.132,129.27008
74,311,0,1,0.088,145.4643
16,353,0,3,0.1,132.96996
21,1500,0,1,0.058429118985446754,130.07065
113,764,0,1,0.088,128.03705
93,466,2,1,0.088,115.08451
92,17,1,2,0.132,128.39629
4,1573,2,2,0.132,122.03762
3,602,3,1,0.088,145.33192
95,1646,3,1,0.088,135.58954
62,860,2,2,0.132,120.24675
62,1625,2,1,0.088,119.21498
85,1052,3,2,0.132,115.41738
0,495,0,2,0.132,120.924866
39,1734,0,1,0.088,131.90794
66,141,2,1,0.032328674253845446,127.63811
97,1340,2,3,0.154,127.101845
82,321,2,1,0.088,136.37488
16,1620,2,2,0.132,124.46699
24,1541,2,1,0.088,104.03678
24,450,0,2,0.132,124.02645
52,1391,3,0,0.154,111.52421
97,1967,0,1,0.088,129.83305
32,766,0,2,0.132,130.71188
23,1885,3,1,0.088,108.678154
46,1961,3,3,0.1,122.354996
18,427,0,1,0.0656878254011315,127.445625
23,1428,3,1,0.088,126.58662
42,1621,0,1,0.033685709698180855,124.77506
8,1975,3,1,0.088,127.71907
15,5,0,1,0.088,130.68153
14,1169,3,1,0.04916887640514114,137.57933
91,479,3,1,0.07136175449808363,128.14325
89,1082,0,2,0.132,146.34326
88,1553,2,1,0.088,129.2408
52,1689,0,3,0.08247211595233742,114.96037
80,448,3,1,0.029232190706090316,104.890434
74,380,3,2,0.132,136.81973
102,46,0,3,0.1,136.09428
49,1607,3,1,0.088,123.89336
15,1481,1,1,0.088,134.75034
19,562,0,2,0.132,129.3223
89,951,1,1,0.088,144.83525
24,74,1,2,0.132,128.78444
32,1626,1,2,0.132,125.75038
77,1981,3,2,0.132,120.03326
74,1005,2,2,0.132,136.40752
28,149,2,1,0.088,126.65871
48,1759,1,3,0.0073450218457019045,129.18774
43,505,0,2,0.132,121.375114
59,739,0,1,0.088,145.81541
0,1579,1,1,0.088,120.51575
99,922,2,3,0.154,inf
52,288,0,1,0.088,108.25175
66,1131,1,2,0.132,128.83337
0,1384,3,3,0.154,117.003395
54,823,2,3,0.1,136.17473
61,385,0,1,0.088,133.62326
32,1105,1,0,0.08534320484391572,123.236885
74,1799,3,2,0.132,145.28299
44,1991,3,1,0.03476540559967925,139.79393
32,397,3,0,0.154,125.86174
31,1748,0,1,0.088,124.7868
97,1442,2,1,0.088,130.96649
62,1141,2,2,0.132,123.12361
59,1255,1,3,0.154,123.40805
103,871,1,0,0.009847202116735732,122.0973
1,530,2,1,0.088,124.578735
16,263,3,2,0.05254891232814707,126.58839
88,1119,0,2,0.132,134.4277
103,854,1,2,0.132,134.9759
3,500,3,1,0.088,145.1449
77,924,2,2,0.132,120.10167
77,30,0,1,0.088,118.333496
82,392,0,1,0.088,134.10596
16,1091,3,2,0.132,141.53334
3,1713,0,2,0.132,147.02338
52,1543,1,2,0.132,114.68258
84,401,3,3,0.12544754515188317,110.9894
38,839,1,1,0.088,126.17471
54,694,3,1,0.088,139.09215
22,1846,0,2,0.132,143.95029
8,632,3,3,0.1,125.59624
93,184,3,2,0.012131438784464654,118.14991
58,1116,0,2,0.08911800577943352,131.06331
39,80,3,3,0.154,122.96956
62,896,2,1,0.088,118.585236
24,1147,2,3,0.154,122.84561
24,1202,0,2,0.132,127.7676
52,1099,3,2,0.132,125.83338
105,1052,1,2,0.132,130.8977
68,2002,2,0,0.154,117.34723
92,1289,1,1,0.088,127.37829
3,260,2,1,0.088,144.91055
71,238,3,1,0.088,136.89343
92,989,3,3,0.01200000000000001,128.71408
11,1468,1,2,0.132,136.38858
37,340,2,2,0.08070481363289905,129.10951
66,123,1,1,0.088,130.14049
34,255,3,3,0.154,112.91914
8,169,1,0,0.154,125.08203
59,488,0,2,0.132,141.45706
16,267,0,2,0.132,140.13809
71,57,1,3,0.154,133.00607
62,797,1,1,0.088,120.646835
43,1540,3,2,0.132,121.15424
97,91,0,1,0.088,136.28136
32,57,3,1,0.088,128.36699
67,1840,1,1,0.088,126.37909
23,86,0,1,0.088,109.15867
17,132,0,2,0.132,132.67325
52,1768,2,1,0.088,116.2838
3,1367,0,3,0.01200000000000001,148.56737
38,933,3,1,0.088,124.18922
58,790,0,1,0.088,127.84871
53,836,0,1,0.088,133.8838
82,1530,0,3,0.03720325614203067,131.20612
52,188,1,2,0.132,126.22765
33,1747,3,0,0.154,115.68481
103,1859,0,3,0.04358754948850091,139.04727
62,873,3,1,0.088,121.385315
53,920,0,1,0.088,135.3869
66,126,1,1,0.088,127.15756
56,995,1,1,0.088,124.78169
44,1157,3,1,0.088,137.33469
63,467,0,1,0.088,128.60683
82,1676,0,2,0.132,134.11522
70,179,0,2,0.132,118.635574
44,786,3,2,0.132,138.05804
82,46,0,2,0.132,132.77248
11,159,3,1,0.088,140.83978
112,629,2,2,0.132,116.947365
105,490,3,1,0.088,139.70435
52,94,0,1,0.088,113.03174
14,1144,0,1,0.088,136.98564
51,1018,3,1,0.088,inf
62,553,2,2,0.132,117.878265
32,674,3,1,0.088,128.83421
89,1455,1,1,0.088,145.40373
52,980,3,2,0.132,112.971054
6,1756,1,2,0.07560394892648237,127.26176
52,539,2,2,0.132,114.02578
68,350,1,1,0.088,132.30843
52,1728,3,3,0.1,115.090164
110,1427,3,2,0.132,114.03287
0,258,1,2,0.132,117.33565
46,543,2,2,0.132,125.1895
70,417,2,2,0.132,120.03708
61,717,2,2,0.132,133.61626
0,1421,0,2,0.132,120.963264
28,1936,2,0,0.12758310115655577,109.49083
32,249,3,2,0.132,124.260796
1,985,1,2,0.033734990351094896,124.55547
24,1603,0,1,0.088,125.03528
0,205,3,1,0.088,119.66468
18,1084,1,1,0.088,123.05038
3,15,0,3,0.154,144.45853
16,1739,0,1,0.088,130.59496
103,1061,0,2,0.132,146.58047
74,934,2,1,0.088,134.19151
28,1936,0,3,0.154,109.49083
105,1814,0,1,0.088,133.78523
59,1215,3,1,0.088,139.73148
7,841,1,3,0.03603726272263999,133.54143
32,334,0,2,0.132,128.88759
28,1823,2,2,0.132,129.92921
24,1648,2,3,0.1,123.50054
43,1105,1,0,0.04888620264875654,119.26374
77,1849,1,2,0.132,116.33694
32,337,0,2,0.132,129.8812
71,1576,0,1,0.08410858047353664,129.24547
3,614,1,3,0.154,144.80353
92,1267,3,1,0.088,128.75853
24,697,0,1,0.088,122.867325
58,63,2,2,0.132,127.180916
103,928,2,3,0.06469803968850102,137.9528
31,762,0,2,0.08761030732349806,146.07687
36,1598,2,2,0.132,126.359505
57,1930,2,2,0.132,126.30503
16,914,1,1,0.088,138.77147
92,1744,0,2,0.132,128.87256
57,1022,0,2,0.132,127.14064
107,1526,2,2,0.132,128.36705
26,1619,0,3,0.13159550288402636,123.40469
66,1696,2,2,0.132,133.54762
0,2024,2,0,0.154,115.59488
13,930,2,1,0.023361019927546856,124.87963
18,171,0,1,0.088,128.98102
92,1595,1,1,0.088,128.25562
25,113,0,1,0.088,143.81183
52,1162,2,2,0.132,118.18591
44,871,1,0,0.14415279788326427,126.40485
80,169,0,2,0.132,102.014656
22,99,0,3,0.1,136.46918
33,474,2,3,0.1,121.36383
0,679,3,2,0.132,121.99736
23,306,0,3,0.154,108.73907
3,946,0,2,0.132,149.28436
16,379,1,1,0.088,131.91039
52,686,3,1,0.088,113.404076
8,1618,0,2,0.132,128.68689
24,1263,0,2,0.132,124.503586
82,1411,1,1,0.088,134.39384
71,589,3,2,0.132,137.77936
71,788,1,2,0.132,137.59717
16,1620,0,1,0.088,124.46699
10,995,3,3,0.042433852955145485,124.14837
71,1183,1,3,0.1,135.33661
23,1885,1,0,0.154,108.678154
59,1076,0,2,0.132,135.93973
16,98,1,3,0.154,129.21205
32,903,0,3,0.154,124.172585
66,659,1,0,0.09680970817956666,121.58263
82,71,1,1,0.088,133.48637
105,165,2,3,0.10793817566709735,133.09605
94,1078,0,3,0.1,125.746414
32,889,1,1,0.088,129.68987
61,793,2,3,0.1,133.64122
52,868,1,2,0.132,115.07239
52,1493,0,2,0.132,117.21272
22,820,0,1,0.048321209160612486,143.48917
93,1552,2,2,0.132,116.08947
82,642,0,2,0.132,136.55132
24,887,1,2,0.132,125.67606
24,1974,1,3,0.1,123.42275
74,1005,0,1,0.088,136.40752
23,134,2,2,0.132,126.48271
110,430,1,2,0.132,113.60811
3,1736,3,3,0.154,144.87646
3,602,0,1,0.088,145.33192
9,930,3,3,0.06632705019996768,123.63986
52,1098,0,1,0.088,117.7825
29,1313,0,0,0.0689947903482161,116.8319
46,2014,0,1,0.088,130.42792
15,1412,0,2,0.132,132.03606
33,1039,2,2,0.132,120.828224
0,916,0,1,0.088,121.33901
24,475,1,3,0.01200000000000001,124.61547
84,401,1,2,0.08598014795232692,110.9894
42,456,0,3,0.00675330674528668,124.72963
0,145,2,0,0.154,115.253136
63,248,2,1,0.088,126.20935
105,122,0,2,0.132,139.76271
59,1103,0,1,0.088,148.1596
12,1704,1,3,0.06984570929623687,108.27947
93,346,2,1,0.088,114.65784
3,500,1,0,0.0006856849586768798,145.1449
92,989,1,2,0.132,128.71408
67,1422,0,1,0.088,130.15176
89,31,0,2,0.132,151.25655
16,569,2,2,0.132,133.33192
66,2022,2,1,0.088,126.51837
92,1485,0,1,0.088,128.98128
33,993,0,1,0.088,126.282074
92,2006,0,3,0.1,128.39629
20,1103,0,2,0.132,143.19185
113,1656,0,2,0.132,101.037994
31,1782,3,0,0.07309203495540242,120.04503
4,166,1,3,0.154,120.56815
49,591,1,2,0.132,122.65939
14,487,1,1,0.04793180376514106,137.53363
7,1991,1,2,0.03421456277403445,133.53944
52,666,2,2,0.132,125.88329
77,1356,1,2,0.132,121.5615
85,1747,2,1,0.088,113.83522
1,1688,0,0,0.11117720578445603,123.26245
11,1272,1,1,0.088,135.86816
89,1103,0,3,0.1,143.08826
52,1191,1,1,0.088,113.214836
32,1304,3,3,0.154,127.648
16,753,0,2,0.132,144.2521
52,620,0,3,0.01200000000000001,116.02381
34,255,1,2,0.132,112.91914
10,1298,3,3,0.053503532512311686,124.470566
93,1525,2,1,0.088,115.00581
23,460,1,2,0.132,103.38578
31,1782,1,3,0.154,120.04503
34,263,3,3,0.010953365440573182,114.95884
103,419,1,2,0.132,140.38217
85,1567,1,1,0.088,114.00335
59,885,3,3,0.1,138.81706
89,1885,3,0,0.154,132.32724
3,1199,2,1,0.088,149.85681
107,1340,0,3,0.020059268549829423,123.97386
58,1282,1,3,0.08202615075943995,125.79914
110,661,2,1,0.00360800719033208,115.0372
22,312,0,0,0.08875191045855435,135.8302
52,274,2,1,0.088,115.54942
7,1524,0,2,0.044399240703698495,133.56499
24,1566,0,2,0.132,125.20453
66,722,0,0,0.04276705763372965,122.31621
32,100,1,2,0.041358511162317035,132.20624
92,1004,2,0,0.08104547006184165,127.173744
52,1741,2,3,0.1,114.22257
52,1937,0,3,0.154,113.63846
89,2009,3,2,0.132,146.02103
18,1420,3,1,0.009383996260548172,123.377815
54,694,0,1,0.088,139.09215
112,629,0,1,0.088,116.947365
74,1993,0,2,0.132,146.5625
93,1944,2,1,0.088,114.08553
32,249,1,1,0.088,124.260796
36,536,1,1,0.088,125.06305
44,1889,3,1,0.088,138.03105
24,454,1,3,0.154,101.93009
52,1905,2,2,0.132,125.939575
16,1697,1,2,0.132,140.31818
89,518,2,2,0.132,145.2441
109,401,1,3,0.01504842646031887,111.23325
52,1845,1,1,0.088,111.25714
58,1606,3,2,0.132,126.03927
24,991,3,1,0.088,124.64873
22,1597,0,2,0.132,151.87532
52,539,0,1,0.088,114.02578
42,1181,0,2,0.132,128.63478
62,1490,0,3,0.0665918979515342,118.71973
63,650,2,1,0.088,126.597
16,1545,2,1,0.088,124.85896
16,1106,3,1,0.088,136.03998
16,438,2,2,0.132,139.11533
93,661,2,0,0.154,112.53985
48,1420,3,3,0.1495712734473388,129.30145
74,1213,0,3,0.154,132.2102
28,206,1,3,0.154,108.41876
52,1349,2,2,0.132,120.1722
24,1415,2,1,0.088,97.89254
26,1814,2,3,0.11049451430747939,122.27446
77,1759,3,1,0.088,118.92202
62,1117,2,0,0.03949220818419985,117.52324
63,1699,0,1,0.051736492151079755,126.42735
59,1795,3,2,0.132,132.4959
75,350,3,1,0.088,125.700264
52,877,2,2,0.132,110.40229
30,1756,2,1,0.025974429581269054,114.34499
28,1298,1,2,0.132,125.75482
32,524,3,2,0.132,130.3232
32,1812,1,1,0.088,128.01447
52,1402,1,1,0.088,118.49024
28,1823,0,1,0.088,129.92921
56,1344,3,2,0.132,125.71691
107,479,0,2,0.132,129.77292
61,1723,3,1,0.088,133.64351
18,2024,1,3,0.154,119.85236
58,63,0,1,0.088,127.180916
103,928,0,2,0.132,137.9528
71,845,3,3,0.025799085917858178,136.55708
71,674,0,0,0.154,133.05196
71,589,1,1,0.088,137.77936
33,1155,0,1,0.088,127.78056
34,1616,3,2,0.132,124.25191
0,1717,1,1,0.08523276448545933,118.86352
33,474,0,2,0.132,121.36383
52,1007,0,3,0.154,108.7089
16,666,3,1,0.06017062220615217,143.50069
52,1026,2,1,0.088,118.79785
79,1162,0,3,0.07807670068545933,145.9987
107,994,1,2,0.132,124.202156
52,1675,1,2,0.132,109.5829
87,1932,0,1,0.088,138.92386
53,1313,1,3,0.08284666578189584,125.87103
30,977,0,2,0.132,130.50145
91,2003,2,3,0.154,122.52048
46,1156,2,2,0.01896816676738622,126.96083
32,766,2,2,0.132,130.71188
52,1766,3,2,0.132,111.18428
34,1120,0,2,0.132,112.420784
59,687,2,3,0.154,129.95512
112,224,0,1,0.088,122.56635
97,798,0,2,0.132,127.4463
77,1172,1,3,0.154,116.88453
82,1921,3,1,0.088,132.8016
59,0,3,2,0.132,149.00175
70,1266,2,1,0.088,119.123924
24,1869,3,2,0.132,126.30242
20,1410,1,2,0.07378122194414283,145.8655
68,1184,3,3,0.1,132.22495
0,1084,1,3,0.154,116.44278
33,1039,0,1,0.088,120.828224
52,621,0,2,0.132,121.15032
52,1954,2,0,0.154,110.3436
89,837,3,2,0.132,147.82433
16,98,0,0,0.154,129.21205
23,134,0,1,0.088,126.48271
52,414,3,2,0.132,116.36569
42,1317,0,2,0.132,133.47714
94,1789,1,2,0.05311490373207739,129.71196
62,240,0,1,0.088,118.71686
52,586,2,1,0.088,115.30518
24,106,3,2,0.132,134.95428
88,1057,0,2,0.132,135.21167
49,488,2,1,0.03407859868569496,117.05455
52,1954,0,3,0.154,110.3436
23,1911,0,1,0.088,103.09094
16,569,0,1,0.088,133.33192
92,336,1,3,0.01200000000000001,128.52852
115,1223,3,3,0.01200000000000001,126.6339
34,1004,0,2,0.132,125.96566
54,594,0,2,0.132,140.03523
32,558,0,1,0.088,129.41837
106,1259,2,3,0.01200000000000001,137.34236
82,57,0,0,0.154,128.6188
38,1464,0,2,0.132,137.46284
3,1736,2,0,0.154,144.87646
24,139,2,3,0.154,103.18281
62,2017,3,2,0.132,129.9738
51,232,0,2,0.132,120.64192
58,810,1,1,0.088,126.077385
4,68,1,1,0.088,118.34629
4,2020,1,2,0.132,122.3337
28,593,2,1,0.088,128.86752
82,100,0,2,0.132,131.85594
42,710,0,3,0.07109736840089534,123.59186
82,330,0,1,0.088,134.62782
56,1797,1,2,0.132,123.69844
58,1953,0,3,0.1,125.68926
42,866,1,2,0.04896055426843157,127.86517
62,1605,0,2,0.132,122.32852
16,1647,0,2,0.132,140.54019
6,1875,3,2,0.024339956345480196,127.27973
8,1785,0,2,0.132,143.83473
0,609,2,1,0.088,118.59826
57,896,3,2,0.013180010278564636,126.861015
93,1159,2,1,0.088,115.12867
105,1619,3,2,0.132,134.79614
16,79,0,1,0.088,138.29283
52,1572,3,2,0.132,107.89374
28,315,3,0,0.11713544261116429,106.22739
102,178,0,1,0.088,145.24248
8,1132,2,2,0.132,125.745285
51,365,1,1,0.04888132765080075,119.06323
32,1304,1,2,0.132,127.648
12,1704,0,0,0.059166653098587804,108.27947
60,1970,0,2,0.132,133.41653
71,898,1,1,0.088,136.22948
52,1610,1,3,0.1,114.715195
107,931,0,1,0.088,127.919685
46,1462,2,2,0.132,125.527145
31,1489,0,1,0.05186071810091078,129.51562
62,1203,3,2,0.132,119.71989
36,1001,1,1,0.088,126.90465
8,656,3,1,0.07847120105963362,125.69976
87,1554,0,2,0.132,136.05974
28,319,0,0,0.154,106.76278
33,492,3,2,0.132,128.0399
28,315,1,3,0.154,106.22739
16,353,3,1,0.088,132.96996
33,1459,1,1,0.088,123.202126
36,759,0,2,0.132,128.41153
18,1384,2,1,0.088,123.27808
63,80,2,1,0.04207668331780451,126.91488
3,1336,2,2,0.132,151.44182
49,730,1,1,0.088,116.54482
102,163,0,1,0.088,142.00946
14,233,1,2,0.132,139.05354
89,518,0,1,0.088,145.2441
57,1117,3,3,0.154,125.158806
92,185,3,2,0.132,132.4949
74,117,0,2,0.132,142.64468
32,1542,3,2,0.132,131.04659
56,18,3,0,0.08391251748037887,120.46205
97,1936,1,0,0.006399999566708392,121.48738
8,290,0,3,0.1,126.33776
71,2001,3,2,0.132,137.46375
16,438,0,1,0.088,139.11533
51,1747,1,0,0.06926283327627672,115.524574
28,545,1,2,0.11858676883383656,125.68897
20,1671,0,1,0.06737896605978093,147.55151
10,632,3,1,0.088,123.634315
95,1266,1,0,0.154,125.858505
59,2026,1,3,0.154,125.88616
92,1165,1,0,0.154,126.654366
66,1131,3,2,0.132,128.83337
58,1606,1,1,0.088,126.03927
23,1843,2,3,0.154,110.45948
7,1226,0,0,0.0490577694639196,129.52513
10,631,0,2,0.08519168535307786,122.96407
52,746,1,2,0.132,117.75776
34,66,1,2,0.09907701183185302,112.91914
95,1262,0,2,0.132,128.17253
97,534,2,1,0.088,129.44595
59,23,0,3,0.154,128.55214
51,779,2,1,0.04870319558990621,119.41651
61,1194,1,3,0.1,133.63042
99,1691,1,2,0.132,135.00255
0,396,2,0,0.05960669090758097,114.48917
46,1644,1,2,0.132,125.5579
92,4,1,2,0.132,128.81181
112,230,2,1,0.088,116.66273
24,1415,0,0,0.154,97.89254
66,1134,2,2,0.132,130.98074
32,1105,1,3,0.154,123.236885
33,1781,2,1,0.088,124.136604
71,845,1,2,0.132,136.55708
3,1515,1,2,0.132,150.95676
32,397,3,3,0.154,125.86174
44,1623,0,3,0.1,137.64551
66,1186,0,1,0.088,129.78236
52,681,2,1,0.088,117.31963
22,1240,3,3,0.01200000000000001,136.555
48,366,0,2,0.132,134.43143
28,347,0,0,0.03401538022750303,110.485725
61,1524,1,3,0.00012470063277503218,133.63155
89,1795,1,3,0.154,136.07442
29,253,3,1,0.07395172034913,124.59071
27,862,0,2,0.132,117.0385
74,1252,1,2,0.132,131.67596
52,303,1,2,0.132,121.544945
14,1027,3,0,0.01215457865574826,131.72435
24,1417,0,3,0.1,123.20804
92,1744,2,2,0.132,128.87256
29,733,0,2,0.132,124.13727
28,206,0,0,0.154,108.41876
87,929,3,3,0.12901556336014905,129.267
33,606,3,1,0.088,121.337906
68,1500,0,3,0.154,131.91673
0,293,3,2,0.132,123.59847
88,795,2,0,0.03562616905664295,127.34728
56,656,1,2,0.04001090361151871,124.46449
8,1501,2,3,0.1,125.69976
11,378,3,1,0.088,138.10167
93,781,0,1,0.088,115.86948
32,1511,0,2,0.132,129.94897
43,423,0,2,0.132,120.51534
16,464,1,3,0.027057430386144388,133.35417
14,2020,1,3,0.03723106245951496,132.66434
110,1693,2,1,0.088,116.719604
52,207,0,2,0.132,124.88583
16,270,2,2,0.132,139.4844
43,90,3,1,0.07965020710233642,125.09671
46,1470,3,3,0.1,122.52423
84,992,3,2,0.132,111.88736
58,790,2,1,0.088,127.84871
68,2002,2,3,0.154,117.34723
0,53,2,1,0.088,118.97344
67,232,1,1,0.088,124.943825
54,1942,0,0,0.04186686731985992,132.94432
102,1621,3,3,0.1,135.43517
6,2004,2,2,0.06307441557608529,120.88168
23,1301,2,1,0.088,118.76208
94,976,0,1,0.088,128.1024
68,1662,0,1,0.0474726913751428,139.46907
33,1747,3,3,0.154,115.68481
16,1569,2,2,0.132,139.63419
46,1136,1,1,0.088,125.57061
87,1117,0,0,0.15221173900320112,127.515
82,1169,0,1,0.088,139.19876
11,1276,2,2,0.132,140.25194
109,348,0,1,0.06117233731700611,111.141624
3,1367,3,1,0.088,148.56737
105,1052,2,3,0.017734189888054586,130.8977
61,1273,3,1,0.025202215267641603,133.64407
48,440,3,2,0.132,138.46785
62,797,2,2,0.132,120.646835
36,592,0,1,0.088,128.6049
66,1635,3,2,0.016182257765053887,135.05809
63,662,2,2,0.132,127.27979
97,857,2,0,0.009609074952774077,126.830444
15,819,3,2,0.132,130.83844
105,1919,1,2,0.09779071974785938,140.46762
39,1318,3,2,0.132,131.20503
82,10,2,1,0.088,135.93405
88,11,1,1,0.088,130.31584
53,920,1,2,0.132,135.3869
4,648,1,2,0.03552726796367622,123.71459
28,1936,2,3,0.154,109.49083
97,1553,3,1,0.088,129.82797
62,1594,3,2,0.132,119.08078
89,254,0,3,0.154,140.87634
0,1084,0,0,0.154,116.44278
71,356,2,2,0.11517308056395759,134.44861
115,1137,2,2,0.132,132.4
56,1501,2,1,0.001135901412403606,124.46449
105,1619,1,1,0.088,134.79614
74,1362,0,1,0.088,132.97716
24,139,0,2,0.132,103.18281
48,1969,3,1,0.088,132.56337
52,1572,1,1,0.088,107.89374
33,1059,3,2,0.132,127.303246
36,1834,0,1,0.088,129.45639
3,15,3,1,0.088,144.45853
46,1462,0,1,0.088,125.527145
28,1936,3,1,0.088,109.49083
62,1203,1,1,0.088,119.71989
57,1790,1,1,0.088,126.960754
28,1303,0,3,0.1,125.784904
77,1348,1,1,0.088,118.19152
66,156,1,3,0.07979452571841322,125.51843
105,1423,3,1,0.088,141.859
59,1631,1,0,0.05721073607760191,124.05435
105,1152,0,1,0.088,132.873
14,487,3,1,0.088,137.53363
71,1642,1,1,0.088,138.8391
44,792,0,1,0.088,137.53108
66,779,0,0,0.13175184812521895,123.979675
52,1280,2,1,0.088,115.96706
87,1661,1,2,0.132,137.1285
18,1084,2,2,0.132,123.05038
52,936,1,2,0.132,114.86835
25,1239,2,1,0.088,142.00984
43,1254,1,2,0.132,121.111015
27,18,3,2,0.132,115.63248
74,934,3,2,0.132,134.19151
113,1201,3,1,0.088,124.94884
53,359,2,2,0.132,inf
23,750,0,1,0.088,105.9593
87,16,1,3,0.03836885329496867,129.914
52,1027,3,2,0.046698124007378994,116.208534
110,432,2,2,0.132,118.38339
32,1542,1,1,0.088,131.04659
13,1226,3,0,0.0971201106360804,120.48227
16,1067,2,1,0.088,138.4938
112,1211,0,0,0.154,117.7302
21,576,3,1,0.088,inf
59,1933,3,2,0.132,114.03936
24,47,1,0,0.154,106.25684
93,1753,2,0,0.02093081202888067,113.94387
3,1380,3,2,0.132,150.60272
33,299,3,1,0.088,124.50777
23,1885,1,3,0.15223911997499723,108.678154
52,1191,3,1,0.088,113.214836
23,306,3,1,0.088,108.73907
61,1190,2,2,0.132,133.63399
3,51,2,2,0.132,149.92905
42,1664,1,2,0.132,128.19168
74,1262,1,3,0.154,132.89044
62,1596,1,2,0.132,121.89077
52,1229,1,2,0.132,111.899414
22,484,3,3,0.1,135.94048
8,1327,0,2,0.132,129.27008
3,1611,2,2,0.132,145.66856
115,1938,0,1,0.088,131.9602
93,466,1,1,0.088,115.08451
92,17,0,2,0.132,128.39629
3,602,2,1,0.088,145.33192
62,630,1,3,0.1,119.26227
62,860,1,2,0.027364916878017786,120.24675
85,1052,2,2,0.04026189161076074,115.41738
36,704,1,0,0.13358449071400472,119.9189
69,1979,2,1,0.031570359718868485,138.6033
58,1848,0,3,0.05526245293468299,125.70428
66,141,1,1,0.02595031233384537,127.63811
82,321,1,1,0.088,136.37488
91,1432,3,3,0.008626897278618872,125.11606
92,1659,3,1,0.088,129.94183
36,485,3,2,0.132,130.39789
37,96,0,0,0.06730067822748705,inf
70,1747,1,0,0.06367471856835427,116.39309
52,1391,2,0,0.154,111.52421
52,1243,3,3,0.1,114.40889
23,1428,2,1,0.088,126.58662
94,704,3,0,0.10065368664325641,121.432526
31,1174,0,0,0.154,116.35624
29,1313,0,3,0.03126929421810415,116.8319
8,1975,2,1,0.088,127.71907
16,575,0,2,0.132,130.64926
30,1644,3,2,0.12730837023404,117.665215
28,1390,0,1,0.088,132.60007
68,1344,2,1,0.0630413837424082,135.12437
20,86,0,0,0.12212661690824769,131.47495
88,1553,1,1,0.088,129.2408
24,1541,1,1,0.088,104.03678
42,648,3,1,0.088,124.97622
36,1309,0,2,0.132,132.03874
93,1506,3,1,0.088,115.30776
68,1204,1,2,0.132,136.03033
89,951,0,1,0.088,144.83525
24,74,0,2,0.132,128.78444
93,971,3,1,0.088,115.726105
33,1008,3,1,0.088,124.98699
48,1238,0,1,0.088,131.51393
36,1643,3,2,0.132,128.31717
28,149,1,1,0.088,126.65871
16,902,0,2,0.132,130.6266
61,34,1,0,0.03872560054346161,132.35252
3,500,1,3,0.154,145.1449
105,1395,0,1,0.088,141.32874
0,636,2,2,0.132,119.20838
97,97,3,3,0.1,129.3019
63,341,3,2,0.132,128.81863
85,1149,0,0,0.10298735831069483,115.00466
25,1444,2,3,0.014684559955591592,139.22726
54,823,1,3,0.1,136.17473
8,1501,0,2,0.132,125.69976
105,511,2,1,0.088,131.46114
33,348,0,0,0.05262247584536259,115.673035
94,704,1,3,0.154,121.432526
93,1816,3,3,0.1,115.242035
97,1442,1,1,0.088,130.96649
32,1655,1,3,0.154,123.66174
112,405,0,3,0.154,118.89717
30,1875,0,1,0.0663452940352019,114.59889
0,1304,1,0,0.03126701237447388,116.22453
103,871,0,0,0.154,122.0973
71,1779,2,2,0.132,134.48866
89,1795,0,0,0.01768893004914293,136.07442
99,922,1,3,0.154,inf
52,1338,2,1,0.088,113.72922
103,854,0,2,0.05078527289656276,134.9759
59,1740,0,2,0.132,141.69008
75,862,2,2,0.02595306463531022,123.18673
103,198,0,1,0.088,143.46936
16,1091,2,2,0.132,141.53334
89,1885,3,3,0.0010722642250028114,132.32724
84,401,2,3,0.11071893895188317,110.9894
6,2004,0,1,0.013251148866281426,120.88168
77,1848,0,1,0.04024142762111624,120.979675
54,694,2,1,0.088,139.09215
8,632,2,3,0.1,125.59624
92,1110,0,1,0.088,128.25562
15,600,0,2,0.132,133.11282
46,45,0,2,0.10625271844738593,130.48769
1,530,1,1,0.088,124.578735
51,1899,3,1,0.08188068109338492,120.21415
18,920,1,1,0.088,126.92399
16,263,2,2,0.132,126.58839
4,300,1,2,0.132,128.831
82,1839,0,2,0.132,138.54346
92,1004,2,3,0.154,127.173744
48,924,2,3,0.1,130.04832
80,670,1,3,0.08799487163489472,103.237785
89,473,1,0,0.154,131.52232
3,260,1,1,0.088,144.91055
71,238,2,1,0.088,136.89343
11,1468,0,2,0.132,136.38858
46,1228,1,1,0.051882256232453156,124.189476
46,931,3,3,0.01200000000000001,123.901726
3,1828,0,1,0.088,154.28905
8,169,0,0,0.09724631578946002,125.08203
43,1117,0,2,0.132,123.5299
67,1315,1,2,0.132,123.859436
62,797,0,1,0.088,120.646835
52,1710,3,2,0.132,120.543106
9,629,3,0,0.011301538747748634,121.862114
62,1787,3,2,0.132,131.1713
67,1840,0,1,0.088,126.37909
16,1701,0,2,0.132,144.10661
57,16,3,3,0.08336636580503132,127.61873
38,933,2,1,0.088,124.18922
92,615,2,2,0.132,126.699394
16,1494,3,2,0.132,138.01758
62,888,2,1,0.088,119.533066
52,1099,2,2,0.132,125.83338
36,1282,3,1,0.055167487620705974,124.82918
13,152,1,1,0.07998814389198283,123.47581
71,103,2,2,0.132,139.62679
66,123,0,1,0.088,130.14049
33,1567,1,0,0.154,115.87423
75,1184,3,2,0.05718478750869804,125.80225
0,1369,1,1,0.088,120.30306
102,1080,0,3,0.1,136.82262
28,1444,3,1,0.088,125.943
93,661,2,3,0.07058223112232209,112.53985
66,1069,0,1,0.088,133.51195
62,1594,1,1,0.088,119.08078
71,57,0,3,0.154,133.00607
44,786,2,2,0.132,138.05804
71,1393,2,1,0.088,137.13072
107,223,0,2,0.09717376749303541,123.76401
105,490,2,1,0.088,139.70435
85,1130,2,0,0.10421539162533222,113.92046
58,1046,0,1,0.088,126.06777
24,1811,0,2,0.132,128.6236
105,179,2,0,0.154,131.32787
52,1465,3,1,0.088,110.898735
106,1408,0,1,0.00016965477615493718,138.75166
1,659,1,0,0.04113300430057254,123.23794
27,169,2,1,0.027440269914930288,119.89189
95,1866,3,1,0.0161606154620402,132.84616
89,1455,0,1,0.040158357573967476,145.40373
1,1704,2,0,0.06700693497482804,120.223274
56,995,0,1,0.088,124.78169
4,68,3,1,0.088,118.34629
63,650,3,2,0.132,126.597
14,748,0,3,0.1,133.86292
89,1546,2,1,0.088,142.28214
46,543,1,2,0.132,125.1895
70,417,1,2,0.132,120.03708
28,1936,1,0,0.1476000004332916,109.49083
28,871,3,3,0.154,105.818565
1,985,0,2,0.132,124.55547
21,576,1,0,5.500455108951863e-05,inf
32,379,3,1,0.031100414015186137,131.42429
71,674,0,3,0.154,133.05196
79,1162,2,3,0.023507053285459323,145.9987
62,553,1,2,0.132,117.878265
32,674,2,1,0.088,128.83421
83,670,2,1,0.088,121.127396
52,980,2,2,0.132,112.971054
18,1084,0,1,0.088,123.05038
95,141,3,3,0.01200000000000001,130.4348
91,543,0,2,0.132,128.87593
74,1943,1,2,0.132,139.6378
23,938,1,1,0.088,113.87184
74,934,1,1,0.088,134.19151
24,607,3,1,0.088,122.91296
38,1339,3,1,0.088,127.73105
105,179,0,3,0.154,131.32787
48,1568,3,2,0.132,131.47488
110,432,0,1,0.088,118.38339
24,1648,1,3,0.1,123.50054
43,1105,0,0,0.09090538824875655,119.26374
106,44,0,3,0.1,137.32848
93,693,1,2,0.132,115.25421
62,2024,3,2,0.132,117.626434
18,737,3,2,0.132,130.35582
16,334,3,3,0.154,130.50479
8,39,0,2,0.132,129.86111
103,928,1,3,0.08472552548850101,137.9528
57,1930,1,2,0.132,126.30503
97,1273,1,1,0.07195584706737501,129.48337
85,348,3,1,0.088,113.74469
107,1526,1,2,0.132,128.36705
71,263,3,0,0.0462911504784162,129.57611
110,43,0,0,0.0199148255757981,115.72346
62,191,0,2,0.132,129.43742
16,1868,2,3,0.154,130.59154
75,928,1,2,0.132,127.64459
107,1470,3,1,0.088,125.550446
8,1706,3,3,0.06752117652428102,127.018684
77,1420,2,1,0.02843748477183386,119.05507
16,337,3,3,0.15074361040613085,131.59618
33,474,1,3,0.1,121.36383
58,63,1,2,0.132,127.180916
0,679,2,2,0.132,121.99736
74,1294,0,2,0.0652780645133369,135.21689
71,589,2,2,0.132,137.77936
0,941,0,2,0.132,123.33491
71,788,0,2,0.132,137.59717
52,541,1,3,0.1,114.38414
110,641,3,0,0.07538745297091762,114.78528
24,1170,3,2,0.132,132.68695
62,1166,0,2,0.132,127.267586
52,1954,2,3,0.154,110.3436
95,988,3,2,0.10530416508523616,135.3941
52,1162,1,2,0.132,118.18591
4,1027,3,2,0.08530187599262101,120.92668
16,98,0,3,0.154,129.21205
115,1490,1,3,0.154,123.9683
92,336,3,3,0.03962380457438297,128.52852
26,1859,3,3,0.08338020141149896,125.06158
95,1570,2,1,0.088,131.12463
82,71,0,1,0.088,133.48637
70,699,0,3,0.13141445198733043,119.82632
16,379,0,1,0.009198723787415986,131.91039
23,34,3,2,0.132,108.23192
85,2003,3,1,0.088,121.20521
28,850,3,3,0.08045658133845784,125.784904
93,1552,1,2,0.132,116.08947
16,175,3,1,0.088,132.65738
66,278,1,2,0.132,133.26498
24,887,0,2,0.132,125.67606
24,1974,0,3,0.1,123.42275
52,1074,2,3,0.1123747823248177,113.91722
24,1014,1,1,0.088,123.145424
63,248,0,3,0.10312295244209738,126.20935
52,1954,3,1,0.088,110.3436
88,115,2,3,0.01200000000000001,129.08029
32,889,0,1,0.088,129.68987
58,1070,2,3,0.01200000000000001,125.97569
3,1736,2,3,0.154,144.87646
11,860,1,2,0.039914001268733346,135.35193
28,1048,3,2,0.132,128.92456
77,1743,1,2,0.132,117.96815
70,722,3,2,0.132,118.48468
70,1688,3,1,0.05571045177956965,117.73856
71,1207,0,2,0.05967578725180622,143.63503
107,1645,3,2,0.132,124.55036
33,519,1,2,0.132,129.72862
24,475,0,3,0.1,124.61547
92,1100,3,3,0.1,127.444305
31,351,0,2,0.024995772406977923,136.26146
63,248,1,1,0.088,126.20935
77,983,1,1,0.088,118.82787
105,64,1,3,0.154,132.64482
61,496,3,3,0.1,133.64233
49,730,3,1,0.088,116.54482
1,1942,1,3,0.154,123.4873
54,1599,0,2,0.07648117023978973,145.07932
75,1500,0,2,0.014879339559057514,125.43285
12,1704,0,3,0.154,108.27947
68,86,2,0,0.007423672893409228,123.75044
112,363,2,2,0.132,120.8167
71,1113,1,2,0.132,135.9624
84,401,0,2,0.132,110.9894
89,306,3,0,0.03532529587179806,132.44626
16,569,1,2,0.132,133.33192
0,1504,3,2,0.132,122.84295
66,1549,0,1,0.088,132.06277
52,92,2,1,0.088,114.484276
28,319,0,3,0.154,106.76278
70,1397,1,1,0.088,119.89976
82,571,3,1,0.088,132.27289
93,1815,0,2,0.132,117.939476
97,1691,3,1,0.088,133.75352
31,1782,2,0,0.020534166515402408,120.04503
89,841,1,3,0.03203037825769478,142.834
52,1099,0,1,0.088,125.83338
97,795,2,0,0.07742250855139331,127.2884
97,1413,2,3,0.154,127.5932
89,2013,3,2,0.132,149.66943
102,1023,3,1,0.009539393235143329,136.52036
25,1344,1,3,0.1,139.10065
24,1044,1,0,0.154,108.10996
44,1889,1,3,0.01200000000000001,138.03105
89,495,3,1,0.088,143.6576
23,460,0,2,0.132,103.38578
31,1782,0,3,0.154,120.04503
103,419,0,2,0.132,140.38217
43,929,2,2,0.132,125.62285
52,1369,0,2,0.008903015673882297,125.00878
91,777,3,3,0.154,122.400925
18,427,3,2,0.132,127.445625
42,1621,3,2,0.032379592670182755,124.77506
92,1165,1,3,0.154,126.654366
82,1511,3,3,0.154,129.96024
0,1284,0,3,0.1,118.57849
52,666,1,2,0.132,125.88329
110,1953,3,1,0.088,118.56455
63,1942,0,0,0.11213313268014008,123.33755
92,1004,1,0,0.09177241090184168,127.173744
99,862,3,1,0.018364019774499002,125.85361
89,2009,2,2,0.132,146.02103
18,1420,2,1,0.059562515228166135,123.377815
16,1487,3,2,0.132,138.53506
92,1750,0,2,0.132,128.55225
44,1157,0,0,0.13132705331011002,137.33469
25,857,3,1,0.088,128.21265
110,1427,0,1,0.088,114.03287
66,529,3,3,0.154,124.72271
97,841,2,2,0.06920705327033594,130.33066
61,1524,3,3,0.1,133.63155
105,1708,2,1,0.026824241797388904,139.7929
32,249,0,1,0.088,124.260796
70,659,2,1,0.088,117.703476
97,795,0,3,0.12297348346330565,127.2884
87,1145,3,1,0.088,125.43085
52,274,1,1,0.088,115.54942
52,1905,1,2,0.132,125.939575
75,350,1,3,0.07764623956217948,125.700264
88,1872,3,1,0.03678696934971995,134.01016
58,1606,2,2,0.132,126.03927
18,903,0,0,0.09612099237158298,116.17543
28,347,0,3,0.154,110.485725
63,650,1,1,0.088,126.597
32,960,1,2,0.132,129.90234
16,1106,2,1,0.088,136.03998
8,369,3,1,0.088,125.75129
82,1093,3,2,0.132,134.21722
34,1271,2,1,0.088,112.8464
93,661,1,0,0.154,112.53985
48,1420,2,3,0.10555823504733877,129.30145
28,206,0,3,0.154,108.41876
83,958,3,2,0.132,inf
52,1349,1,2,0.132,120.1722
95,728,2,1,0.088,134.49843
26,1814,1,3,0.10288172730747938,122.27446
52,1845,0,1,0.088,111.25714
34,1165,0,1,0.088,125.01331
77,197,1,2,0.132,118.90817
24,991,2,1,0.088,124.64873
77,1759,2,1,0.088,118.92202
24,1417,3,1,0.088,123.20804
52,651,0,0,0.154,110.285835
59,1795,2,2,0.132,132.4959
52,1641,3,1,0.088,112.84413
28,1298,0,2,0.132,125.75482
32,524,2,2,0.132,130.3232
32,1812,0,1,0.088,128.01447
56,1344,2,2,0.132,125.71691
62,2024,1,1,0.0520309578167831,117.626434
61,1723,2,1,0.08030247245262506,133.64351
18,2024,0,3,0.154,119.85236
14,1567,3,0,0.12533314738919255,128.52069
59,557,3,2,0.132,144.07535
0,553,0,0,0.11601884475456495,115.84882
20,460,1,3,0.154,122.8083
88,862,1,0,0.13127173539298828,127.34459
87,1602,1,2,0.09737586656021036,133.71931
52,637,0,2,0.132,121.20697
0,1876,3,3,0.1,118.05305
113,764,1,1,0.088,128.03705
8,1706,1,2,0.132,127.018684
44,1800,1,2,0.132,137.53108
52,1167,1,2,0.132,116.4386
52,927,0,1,0.088,123.58746
43,505,2,1,0.088,121.375114
52,1026,1,1,0.088,118.79785
11,1113,1,3,0.1,135.55573
18,1299,3,1,0.088,125.177246
53,836,3,2,0.132,133.8838
46,14,3,2,0.132,126.188484
89,36,3,2,0.132,147.85808
24,619,0,1,0.088,121.34289
53,1313,0,3,0.12273070578189585,125.87103
24,1510,2,2,0.132,125.950134
71,589,0,1,0.088,137.77936
32,1901,3,1,0.088,127.85046
107,771,1,1,0.088,124.84287
46,1156,1,2,0.132,126.96083
74,256,3,2,0.132,139.38782
52,1766,2,2,0.132,111.18428
87,594,1,1,0.05583838877491709,134.1343
29,72,0,2,0.132,124.69909
102,1615,0,1,0.088,138.79169
58,1070,0,2,0.132,125.97569
92,852,1,3,0.1,128.09807
44,1667,3,3,0.04099658928421897,137.72528
28,850,1,2,0.132,125.784904
52,1021,2,1,0.088,113.9959
24,1869,2,2,0.132,126.30242
70,722,1,1,0.088,118.48468
48,1299,3,3,0.01200000000000001,131.12553
68,1184,2,3,0.1,132.22495
0,1084,0,3,0.016073423879932325,116.44278
0,184,1,1,0.088,119.88112
52,1954,1,0,0.154,110.3436
95,738,2,2,0.132,134.23291
31,607,0,3,0.154,120.70254
97,528,2,2,0.132,129.37517
4,569,0,3,0.154,121.7831
15,5,1,1,0.088,130.68153
105,1395,2,1,0.088,141.32874
115,1490,0,0,0.04406205303133748,123.9683
25,1551,1,2,0.132,143.59537
22,794,0,1,0.04069091275539885,139.64386
24,1918,3,1,0.088,122.43537
9,930,0,2,0.132,123.63986
113,1951,3,2,0.132,125.4471
46,994,1,0,0.04399202321267687,121.67075
82,1921,2,1,0.088,132.8016
93,1926,2,2,0.132,113.26108
91,1919,1,1,0.06154107020168145,126.22822
52,936,3,2,0.132,114.86835
67,365,3,1,0.01752717913894375,123.66498
23,47,3,1,0.088,102.72365
18,1108,0,2,0.132,129.92332
0,574,2,2,0.132,120.28348
24,448,2,2,0.132,124.111465
97,1991,2,1,0.06911175553083443,130.38155
71,391,3,1,0.088,135.40881
56,116,3,3,0.154,121.965065
31,1748,1,1,0.088,124.7868
38,1463,1,2,0.132,123.50114
16,312,3,2,0.132,138.61067
24,1864,3,2,0.132,131.8972
16,1031,3,3,0.1,133.281
0,1815,1,2,0.132,119.75321
83,1551,3,2,0.132,128.54823
92,336,0,3,0.07921546088211312,128.52852
102,1279,3,2,0.132,141.78163
0,609,0,3,0.1,118.59826
24,1250,2,2,0.132,125.267
59,1631,1,3,0.154,124.05435
15,1729,0,3,0.1,131.7947
52,414,2,2,0.132,116.36569
71,860,1,2,0.0633910606834176,135.75914
32,822,3,2,0.132,125.60336
82,10,3,2,0.132,135.93405
23,2002,3,2,0.132,103.559586
38,277,0,1,0.088,132.56512
89,445,2,1,0.088,141.51338
71,1545,0,2,0.132,125.43895
58,810,0,1,0.088,126.077385
82,486,2,3,0.1,130.70108
13,1226,3,3,0.154,120.48227
112,1211,0,3,0.154,117.7302
102,128,0,2,0.132,144.98819
112,1114,0,2,0.132,121.93587
97,1085,2,1,0.088,129.29138
33,1361,0,1,0.088,129.86859
42,1396,0,2,0.132,124.87838
42,866,0,2,0.132,127.86517
85,659,3,1,0.088,115.39497
24,47,1,3,0.154,106.25684
16,67,3,1,0.088,138.20308
69,281,3,2,0.132,144.65897
5,973,0,2,0.0033651819585778647,138.18097
103,854,2,2,0.132,134.9759
74,1999,0,2,0.132,132.97716
93,1159,1,1,0.088,115.12867
66,1866,1,2,0.00430891982081949,130.32263
25,1239,3,2,0.132,142.00984
89,1836,0,1,0.088,148.2018
24,139,1,3,0.154,103.18281
3,260,3,1,0.088,144.91055
105,64,0,0,0.154,132.64482
28,315,2,0,0.03711571615421155,106.22739
8,1132,1,2,0.132,125.745285
52,1901,1,1,0.002541976819811248,112.049225
24,1707,0,3,0.01200000000000001,125.15517
68,973,3,1,0.088,135.23978
92,1324,0,2,0.132,132.3406
74,1429,2,1,0.088,135.64091
46,1462,1,2,0.132,125.527145
34,263,0,2,0.132,114.95884
63,985,3,0,0.154,124.26632
70,659,0,0,0.154,117.703476
33,492,2,2,0.132,128.0399
28,315,0,3,0.154,106.22739
28,1651,2,1,0.007683554270763976,125.58227
115,1852,3,1,0.088,126.32865
63,80,1,1,0.07219672571780442,126.91488
37,96,0,3,0.154,inf
16,1268,0,2,0.132,144.13332
91,1462,0,2,0.132,129.1782
61,1190,3,3,0.1,133.63399
92,185,2,2,0.024779896477869157,132.4949
61,1408,3,1,0.044971187024983456,135.23831
3,1534,1,2,0.132,150.27643
53,359,3,3,0.154,inf
88,1653,3,2,0.132,132.91855
16,1487,1,1,0.088,138.53506
97,1507,2,1,0.088,129.35425
31,1174,0,3,0.154,116.35624
66,1182,2,1,0.0722132490688524,128.29985
48,1238,2,1,0.05104723678498349,131.51393
106,444,3,1,0.088,140.1685
106,1190,2,3,0.018889465873302258,137.3032
4,155,2,1,0.088,123.1082
20,86,0,3,0.09777236539120063,131.47495
49,137,2,2,0.132,121.91355
102,453,1,2,0.132,inf
15,1346,3,3,0.154,129.97227
61,1534,3,2,0.039854864415446,137.87881
14,233,0,2,0.132,139.05354
3,1193,0,3,0.1,147.61444
57,1022,2,1,0.088,127.14064
42,1027,1,3,0.154,122.47742
52,1176,3,2,0.132,112.554474
58,1606,0,1,0.088,126.03927
68,350,2,1,0.088,132.30843
15,1412,3,3,0.01200000000000001,132.03606
23,1843,1,3,0.154,110.45948
93,374,2,2,0.132,120.011894
24,843,0,2,0.132,126.95185
59,1795,0,1,0.088,132.4959
16,284,0,2,0.132,140.48529
15,530,2,0,0.154,127.523605
61,717,3,2,0.132,133.61626
112,152,0,3,0.06006062376970961,117.51672
52,746,0,2,0.132,117.75776
30,165,3,3,0.14834177416272276,110.67766
14,83,3,1,0.088,138.92249
89,1189,3,1,0.088,146.95566
61,1194,0,3,0.1,133.63042
11,1825,2,3,0.08840344682985023,135.2777
112,230,1,1,0.088,116.66273
66,1134,1,2,0.132,130.98074
32,1105,0,3,0.154,123.236885
33,1781,1,1,0.088,124.136604
92,1165,0,0,0.154,126.654366
33,348,0,3,0.021729430187797827,115.673035
32,145,1,1,0.088,126.530975
103,836,2,2,0.07894873384153478,138.15752
16,1857,3,2,0.132,144.66486
23,581,2,1,0.088,109.01861
36,1848,2,1,0.088,124.715614
52,1641,1,0,0.154,112.84413
103,169,2,1,0.004986532985963826,134.49481
34,66,0,2,0.132,112.91914
74,1909,3,1,0.088,137.89177
59,473,1,1,0.088,127.7161
51,779,1,1,0.01716573942990629,119.41651
88,1413,3,0,0.01691171074279285,127.55492
89,1795,0,3,0.154,136.07442
112,405,3,1,0.088,118.89717
89,85,3,2,0.132,147.51056
57,1930,3,2,0.132,126.30503
52,303,0,2,0.132,121.544945
36,1256,2,2,0.132,127.87079
92,1744,1,2,0.132,128.87256
59,557,1,1,0.088,144.07535
46,1114,2,3,0.07265081960083092,123.41643
71,845,0,2,0.132,136.55708
3,1515,0,2,0.132,150.95676
97,832,3,2,0.132,136.13669
103,72,0,3,0.01200000000000001,140.14053
16,1293,1,1,0.088,138.10725
52,681,1,1,0.088,117.31963
16,1715,0,3,0.154,131.66139
74,256,1,1,0.088,139.38782
94,734,3,2,0.132,130.95424
82,741,3,1,0.088,134.19426
75,928,3,2,0.04800167636196212,127.64459
42,1080,0,2,0.132,126.88857
17,1282,1,3,0.017973849240560058,128.81657
33,993,3,2,0.132,126.282074
52,916,3,2,0.03357504526650262,125.81197
59,1452,0,2,0.132,145.51007
59,1449,0,2,0.132,156.38046
4,1573,1,1,0.088,122.03762
46,1470,2,3,0.1,122.52423
84,992,2,2,0.132,111.88736
18,553,0,1,0.004328081579194731,120.13478
49,1753,1,1,0.088,116.86789
113,232,3,3,0.0865913020083807,122.65115
70,779,3,2,0.132,120.425705
16,1620,1,1,0.088,124.46699
88,795,1,0,0.06001313766454763,127.34728
66,1375,3,2,0.132,131.98747
36,1743,1,3,0.154,122.166916
24,1510,0,1,0.088,125.950134
71,1183,2,3,0.1,135.33661
8,1501,1,3,0.1,125.69976
58,1363,0,3,0.1,125.68419
22,274,3,3,0.1,135.88051
62,1043,2,1,0.088,119.876076
52,1766,0,1,0.088,111.18428
23,1301,1,1,0.088,118.76208
11,1930,0,0,0.02148942936799708,133.40001
92,2006,2,2,0.132,128.39629
92,1240,3,1,0.088,129.37274
52,1338,3,2,0.132,113.72922
102,318,0,2,0.132,143.64948
33,1567,1,3,0.154,115.87423
67,232,0,1,0.088,124.943825
90,224,0,3,0.001431542964322862,129.07071
24,1869,0,1,0.088,126.30242
74,380,2,1,0.088,136.81973
68,194,0,2,0.132,140.58995
102,372,0,1,0.088,141.55304
52,482,1,3,0.1,114.046364
32,1626,0,1,0.088,125.75038
77,1981,2,1,0.088,120.03326
16,1569,1,2,0.132,139.63419
97,528,0,1,0.088,129.37517
89,837,0,1,0.088,147.82433
71,1755,0,1,0.010914385342408156,144.09131
97,857,1,0,0.0012504197527740402,126.830444
52,800,3,2,0.132,115.995094
15,819,2,2,0.132,130.83844
82,464,3,2,0.132,132.94582
107,223,3,0,0.037321388972541725,123.76401
4,166,3,2,0.132,120.56815
105,1919,0,2,0.132,140.46762
18,1105,1,0,0.01977059250732774,115.46425
48,782,2,2,0.019020002361287758,130.6523
23,2002,1,1,0.088,103.559586
24,106,0,1,0.088,134.95428
32,396,3,2,0.132,125.75038
28,1936,1,3,0.154,109.49083
59,1255,0,2,0.132,123.40805
34,654,0,2,0.132,132.59103
92,1892,1,2,0.132,130.66263
70,248,0,2,0.132,121.2142
71,356,1,2,0.132,134.44861
79,34,0,0,0.04241119844813025,136.19698
77,1634,3,1,0.088,117.50836
56,1501,1,1,0.0869016760885615,124.46449
19,798,2,1,0.088,125.395615
70,1899,3,2,0.0029902071484471104,121.267815
1,1942,3,3,0.15261106761124338,123.4873
59,1915,3,1,0.088,119.30005
97,1273,3,1,0.03559815440027955,129.48337
43,1490,3,2,0.06455165524829332,125.56946
82,10,1,1,0.088,135.93405
77,924,1,1,0.05534132612916179,120.10167
52,1572,0,1,0.088,107.89374
97,21,0,3,0.03371666316920231,129.90463
0,693,2,3,0.1,117.36314
52,807,0,2,0.132,118.78688
100,1530,2,3,0.015043519457969334,139.27158
115,1137,1,2,0.132,132.4
105,179,3,1,0.088,131.32787
77,1363,0,1,0.088,120.93738
24,1147,1,2,0.132,122.84561
59,1631,0,0,0.154,124.05435
105,1619,0,1,0.088,134.79614
71,1642,0,1,0.088,138.8391
15,1682,3,2,0.132,137.72415
25,1239,1,1,0.088,142.00984
110,43,0,3,0.154,115.72346
92,1985,2,2,0.132,128.98128
52,512,1,2,0.132,117.43139
53,359,1,2,0.132,inf
42,1169,2,1,0.05483605873620431,130.12134
58,1095,3,1,0.088,125.836174
44,164,3,1,0.088,137.21603
43,1540,2,1,0.088,121.15424
51,401,2,0,0.0028990300846309935,115.64786
82,853,2,3,0.154,129.79233
32,1542,0,1,0.088,131.04659
16,1972,3,1,0.088,131.34901
93,289,3,1,0.088,115.07907
36,197,1,3,0.154,123.020386
49,1926,3,2,0.132,116.871155
52,833,3,1,0.088,111.75553
21,576,2,1,0.06735503658544675,inf
59,1933,2,2,0.132,114.03936
33,492,0,1,0.088,128.0399
8,756,0,1,0.088,132.5805
24,47,0,0,0.154,106.25684
52,1280,1,1,0.088,115.96706
24,1566,1,2,0.132,125.20453
94,610,0,2,0.132,131.24545
110,641,3,3,0.154,114.78528
3,1283,3,2,0.132,151.80249
61,1190,1,2,0.132,133.63399
92,185,0,1,0.088,132.4949
93,1552,3,2,0.132,116.08947
11,1779,0,0,0.04807845050968637,134.13779
34,1251,2,2,0.03620639871185305,112.91914
15,141,3,1,0.088,132.3338
93,374,0,1,0.088,120.011894
52,1229,0,2,0.132,111.899414
112,224,3,2,0.132,122.56635
13,1226,2,0,0.08252070273608039,120.48227
16,1067,1,1,0.088,138.4938
71,2001,0,1,0.088,137.46375
83,901,2,2,0.132,121.00438
11,1825,0,2,0.017860612468733272,135.2777
51,1018,2,0,0.154,inf
3,602,1,1,0.088,145.33192
19,1645,1,3,0.03152970930086324,125.66787
62,630,0,3,0.154,119.26227
69,1979,1,1,0.088,138.6033
62,240,3,2,0.132,118.71686
32,1292,3,3,0.1,130.76149
52,539,1,1,0.088,114.02578
10,767,3,0,0.05091774656978734,120.51446
92,1659,2,1,0.088,129.94183
62,1596,0,2,0.132,121.89077
52,1728,2,2,0.132,115.090164
110,1427,2,1,0.088,114.03287
61,717,1,1,0.088,133.61626
39,1397,3,0,0.03507682498720174,121.32973
16,1400,1,3,0.154,131.7113
79,1678,0,2,0.03954373922047333,153.62213
39,417,3,3,0.04317911081908668,121.426025
3,1611,1,2,0.132,145.66856
19,930,3,0,0.1375038560428518,125.40093
32,558,3,2,0.132,129.41837
16,1251,2,2,0.09579360128814696,124.698555
75,18,2,0,0.04741282316559339,122.32215
57,1540,1,0,0.05687985394682482,123.230774
42,648,2,1,0.088,124.97622
94,515,0,2,0.132,133.31833
23,625,3,1,0.088,129.48361
23,581,0,0,0.154,109.01861
77,1849,0,1,0.088,116.33694
82,1901,0,0,0.154,128.18277
93,971,2,1,0.088,115.726105
36,1643,2,2,0.132,128.31717
36,1598,1,1,0.088,126.359505
52,1007,3,0,0.154,108.7089
95,847,0,1,0.088,138.66896
77,1257,0,2,0.132,119.8321
63,341,2,2,0.049229991645526244,128.81863
24,588,1,2,0.132,128.02585
102,178,3,2,0.132,145.24248
63,963,1,2,0.132,127.71815
105,511,1,1,0.088,131.46114
94,704,0,3,0.154,121.432526
93,1816,2,3,0.1,115.242035
24,1044,3,0,0.154,108.10996
32,1655,0,3,0.154,123.66174
52,2016,3,1,0.088,115.55853
84,992,0,1,0.088,111.88736
0,636,1,2,0.132,119.20838
16,79,3,2,0.132,138.29283
99,922,0,3,0.154,inf
66,638,3,1,0.088,134.35658
25,1444,1,3,0.02171174795559161,139.22726
24,1044,1,3,0.154,108.10996
71,1183,0,2,0.132,135.33661
15,507,3,2,0.132,131.41943
48,1981,2,3,0.1,130.10661
59,687,3,3,0.154,129.95512
54,694,1,1,0.088,139.09215
31,1489,3,2,0.132,129.51562
82,595,0,2,0.132,135.68536
28,319,3,1,0.088,106.76278
48,1590,0,2,0.054975946972540934,142.63794
51,1899,2,1,0.088,120.21415
4,300,0,2,0.132,128.831
61,793,1,2,0.132,133.64122
71,1779,1,2,0.132,134.48866
52,868,0,1,0.088,115.07239
52,1338,1,1,0.088,113.72922
92,1004,1,3,0.1,127.173744
62,477,3,2,0.132,121.75651
48,924,1,3,0.1,130.04832
80,670,0,3,0.154,103.237785
44,1157,0,3,0.1,137.33469
71,238,1,1,0.088,136.89343
0,1084,2,3,0.154,116.44278
0,1284,3,1,0.088,118.57849
77,1286,3,1,0.088,117.00041
62,90,2,1,0.088,118.29218
82,741,0,1,0.088,134.19426
85,511,0,2,0.10949313838618008,116.21165
36,1743,0,0,0.047455298869136214,122.166916
67,1315,0,2,0.132,123.859436
56,369,2,1,0.03468339620028188,124.55614
67,1415,2,0,0.10543067962099596,102.67819
92,615,1,2,0.132,126.699394
94,1789,2,2,0.11278150710745916,129.71196
15,819,0,1,0.088,130.83844
16,1494,2,2,0.132,138.01758
62,888,1,1,0.088,119.533066
92,839,3,2,0.132,128.9426
32,835,0,1,0.088,145.14835
87,1930,2,1,0.022461755076238377,128.54512
82,1536,1,2,0.132,133.41524
62,154,3,1,0.036927496568907814,123.12361
66,1186,3,2,0.132,129.78236
24,1911,1,0,0.154,105.58893
13,152,0,1,0.043704591891982864,123.47581
33,1567,0,0,0.06204554467505918,115.87423
93,661,1,3,0.030196730766745727,112.53985
32,396,1,1,0.088,125.75038
62,1594,0,1,0.088,119.08078
52,702,1,2,0.132,119.759445
71,1393,1,1,0.088,137.13072
109,1130,3,2,0.1003793218808623,111.075714
16,1271,1,0,0.034275976023270066,124.66588
27,169,1,1,0.001706158304736194,119.89189
52,651,0,3,0.154,110.285835
36,1282,2,1,0.02886921077300822,124.82918
97,320,3,1,0.088,131.20267
4,68,2,1,0.088,118.34629
89,88,3,1,0.088,144.98692
112,1114,2,2,0.132,121.93587
3,11,0,3,0.01200000000000001,148.50528
68,1863,0,2,0.132,142.23521
28,347,3,1,0.088,110.485725
89,1546,1,1,0.088,142.28214
56,1651,2,3,0.06052892129363899,124.829994
82,1715,0,2,0.12513903636380153,131.24654
28,871,2,3,0.154,105.818565
113,764,3,1,0.088,128.03705
105,179,1,0,0.154,131.32787
52,2032,3,2,0.132,117.62118
59,386,0,2,0.132,155.69214
52,1465,2,1,0.088,110.898735
52,1026,3,1,0.088,118.79785
79,1162,1,3,0.03791278868545933,145.9987
82,464,0,2,0.132,132.94582
32,674,1,1,0.088,128.83421
7,1991,0,1,0.035990989840320786,133.53944
114,1744,0,3,0.03250893661815765,133.0631
92,989,0,1,0.088,128.71408
24,450,3,2,0.132,124.02645
27,18,0,1,0.088,115.63248
24,619,2,1,0.088,121.34289
23,938,0,1,0.088,113.87184
107,771,3,1,0.088,124.84287
88,1273,1,3,0.1,129.01013
32,766,3,2,0.132,130.71188
74,934,0,1,0.088,134.19151
46,1752,0,1,0.088,126.37771
34,255,0,1,0.088,112.91914
38,1339,2,1,0.02686239500859916,127.73105
48,1568,2,2,0.132,131.47488
59,885,2,2,0.132,138.81706
24,1648,0,3,0.1,123.50054
87,1554,1,2,0.132,136.05974
49,1926,1,1,0.03298857335324118,116.871155
83,817,0,1,0.088,128.62117
62,2024,2,2,0.132,117.626434
87,1849,0,2,0.132,128.97937
6,348,3,3,0.05873803051220211,116.497185
70,1942,2,1,0.02010881313667931,118.06089
21,576,0,0,0.04749602055108952,inf
82,1169,3,2,0.132,139.19876
89,1082,3,2,0.132,146.34326
107,1961,1,2,0.132,125.36364
82,1127,2,1,0.088,136.31854
74,1943,0,2,0.132,139.6378
85,348,2,1,0.088,113.74469
0,971,2,3,0.1,117.81072
97,1967,3,1,0.088,129.83305
52,1741,1,2,0.132,114.22257
102,46,3,3,0.1,136.09428
110,704,1,2,0.132,113.294304
48,1723,0,2,0.132,131.389
25,1883,2,2,0.034271367948193854,140.65344
77,1420,1,1,0.088,119.05507
24,454,0,2,0.132,101.93009
9,152,1,3,0.05096998214930726,122.37383
43,505,3,2,0.132,121.375114
0,679,1,2,0.132,121.99736
89,95,0,1,0.088,149.5117
39,1347,0,3,0.01200000000000001,125.477486
16,1697,0,1,0.088,140.31818
59,739,3,1,0.088,145.81541
52,1689,3,3,0.1,114.96037
62,1246,1,2,0.132,121.615265
52,288,3,1,0.088,108.25175
61,385,3,1,0.088,133.62326
52,1728,0,1,0.088,115.090164
91,1136,3,2,0.132,129.11305
15,1370,3,1,0.088,133.26367
52,1954,1,3,0.154,110.3436
31,1748,3,1,0.088,124.7868
16,1868,1,3,0.154,130.59154
95,988,2,2,0.132,135.3941
59,1425,0,2,0.132,141.69966
62,202,1,3,0.1,120.06063
93,1944,1,0,0.0001413808191537691,114.08553
36,592,3,2,0.132,128.6049
115,1490,0,3,0.0874081020484658,123.9683
20,86,2,3,0.02805343303164501,131.47495
95,1570,1,1,0.088,131.12463
85,179,3,2,0.0851930720253179,116.298
74,2004,1,2,0.09471067171895686,131.59996
102,1630,1,2,0.132,139.04358
38,1753,3,1,0.03414797614171358,122.675026
24,1415,1,0,0.04438999277900402,97.89254
4,569,3,1,0.088,121.7831
24,1398,1,2,0.132,127.61131
77,30,3,1,0.088,118.333496
93,1552,0,2,0.132,116.08947
16,175,2,1,0.088,132.65738
63,341,0,1,0.088,128.81863
94,1855,1,2,0.11784537969538178,130.75668
93,932,3,2,0.132,118.24644
66,278,0,2,0.132,133.26498
3,1713,3,2,0.132,147.02338
51,997,2,2,0.006987035469146141,120.31408
4,1027,2,2,0.132,120.92668
52,1074,1,3,0.1,113.91722
31,499,0,3,0.060189821920306585,122.70281
24,1014,0,1,0.088,123.145424
36,1643,0,1,0.088,128.31717
58,1116,3,2,0.08855830177943347,131.06331
58,1070,1,3,0.01200000000000001,125.97569
11,860,0,2,0.132,135.35193
0,609,3,1,0.03954679283603885,118.59826
28,1048,2,2,0.132,128.92456
77,1743,0,2,0.132,117.96815
93,1159,3,1,0.088,115.12867
24,1202,3,2,0.132,127.7676
16,79,1,1,0.088,138.29283
74,1580,3,0,0.154,131.7145
16,1012,0,2,0.09362426201505764,146.76176
70,1688,2,1,0.088,117.73856
82,392,3,1,0.088,134.10596
26,1371,1,2,0.132,129.12659
34,1616,2,1,0.08190638795299515,124.25191
33,519,0,2,0.132,129.72862
16,481,3,2,0.132,144.23674
92,1100,2,3,0.1,127.444305
112,1211,3,1,0.088,117.7302
88,115,1,3,0.01200000000000001,129.08029
22,1560,0,3,0.1,136.20488
94,430,3,3,0.154,121.84189
107,994,0,1,0.088,124.202156
77,983,0,1,0.088,118.82787
105,64,0,3,0.154,132.64482
52,1675,0,1,0.088,109.5829
91,2003,1,2,0.0813817553017562,122.52048
62,505,3,0,0.154,115.803185
53,920,3,1,0.088,135.3869
107,1645,2,2,0.132,124.55036
112,363,1,2,0.132,120.8167
16,1409,3,1,0.088,139.10027
59,488,3,2,0.132,141.45706
59,687,1,2,0.132,129.95512
82,1676,3,2,0.132,134.11522
23,750,3,2,0.132,105.9593
71,1545,3,0,0.154,125.43895
82,46,3,2,0.132,132.77248
52,92,1,1,0.088,114.484276
23,86,3,1,0.088,109.15867
70,1397,0,1,0.088,119.89976
82,571,2,1,0.088,132.27289
68,1416,1,1,0.088,131.628
52,94,3,1,0.088,113.03174
7,1723,3,3,0.08301338142263995,133.57384
63,467,3,1,0.088,128.60683
37,96,3,1,0.088,inf
10,9,1,2,0.132,126.60454
25,1344,0,3,0.1,139.10065
24,843,2,2,0.132,126.95185
103,559,1,2,0.016228014395993362,142.81357
24,1044,0,0,0.154,108.10996
44,1889,0,3,0.01200000000000001,138.03105
17,1848,0,3,0.04473754706531702,128.76129
61,1194,2,3,0.1,133.63042
24,1603,3,1,0.088,125.03528
70,1149,0,0,0.051012641689305166,117.41466
94,1789,0,1,0.07022005648443022,129.71196
66,638,0,1,0.088,134.35658
97,795,1,0,0.09398686233545236,127.2884
16,1739,3,1,0.088,130.59496
52,271,2,2,0.132,117.34914
97,1413,1,3,0.154,127.5932
99,862,2,1,0.088,125.85361
89,2009,1,2,0.132,146.02103
102,1467,3,1,0.07180963355758577,137.88986
32,334,3,2,0.132,128.88759
25,857,2,1,0.088,128.21265
115,1223,2,2,0.132,126.6339
89,495,2,1,0.088,143.6576
0,1421,3,2,0.132,120.963264
66,529,2,3,0.154,124.72271
43,929,1,2,0.132,125.62285
97,841,1,2,0.03167235887033598,130.33066
32,337,3,2,0.132,129.8812
22,1985,0,3,0.1,136.30667
93,1316,2,2,0.132,116.23681
24,697,3,1,0.088,122.867325
70,659,1,1,0.088,117.703476
16,902,3,3,0.154,130.6266
92,1165,0,3,0.1477865640806917,126.654366
74,1252,2,2,0.132,131.67596
87,1145,2,1,0.088,125.43085
60,1058,0,2,0.002293466940194916,131.06815
92,1744,3,2,0.132,128.87256
57,1022,3,2,0.132,127.14064
31,1708,3,2,0.132,123.45301
75,350,0,3,0.1265577280635327,125.700264
49,488,1,0,0.01361829613111934,117.05455
85,1688,2,3,0.09946289860061522,115.43688
4,1968,2,2,0.132,121.702965
3,1193,3,1,0.088,147.61444
0,416,0,1,0.088,122.853516
4,68,0,0,0.154,118.34629
4,2020,0,1,0.088,122.3337
18,171,3,1,0.088,128.98102
63,650,0,1,0.088,126.597
32,960,0,2,0.132,129.90234
61,11,0,2,0.132,135.09021
56,1797,0,1,0.08563112598036682,123.69844
8,369,2,1,0.053316603799718115,125.75129
105,908,3,1,0.088,144.98836
48,1238,3,2,0.132,131.51393
22,99,3,3,0.01200000000000001,136.46918
82,1093,2,2,0.132,134.21722
61,347,2,0,0.154,126.43036
30,1875,3,2,0.10766004365451981,114.59889
34,1271,1,1,0.088,112.8464
105,1708,1,1,0.0025616133574496713,139.7929
28,871,0,2,0.132,105.818565
6,1875,2,1,0.06534408298900626,127.27973
42,83,1,2,0.03182590876105318,131.97928
83,958,2,2,0.132,inf
74,273,1,2,0.0398307256264161,135.31616
97,1259,3,2,0.132,129.62991
8,1618,3,2,0.132,128.68689
32,486,3,1,0.088,130.81932
77,197,0,2,0.132,118.90817
32,1304,0,1,0.088,127.648
59,1076,3,2,0.132,135.93973
87,1599,0,2,0.055518829760210275,139.1719
52,1610,0,2,0.132,114.715195
52,1641,2,1,0.088,112.84413
48,1568,0,1,0.088,131.47488
32,524,1,2,0.132,130.3232
77,1848,3,2,0.132,120.979675
70,80,3,2,0.132,121.926025
62,1203,2,1,0.088,119.71989
93,661,0,0,0.154,112.53985
56,1344,1,2,0.132,125.71691
92,1110,3,2,0.132,128.25562
62,1625,1,3,0.154,119.21498
94,1078,3,3,0.053346272218775415,125.746414
99,1222,1,2,0.01794296807796414,134.15318
61,1723,1,1,0.088,133.64351
89,560,2,2,0.132,144.40082
24,1263,3,2,0.132,124.503586
82,1269,1,2,0.132,134.21909
20,460,0,3,0.154,122.8083
85,348,0,0,0.10137752415463741,113.74469
82,642,3,2,0.132,136.55132
30,1756,0,1,0.088,114.34499
69,1930,2,3,0.10081230776037958,132.07486
0,1876,2,3,0.1,118.05305
32,903,3,3,0.154,124.172585
58,641,3,0,0.07861254702908238,122.61208
32,1626,2,1,0.088,125.75038
74,1005,3,1,0.088,136.40752
20,951,0,2,0.12326284658210207,145.08452
8,1706,0,2,0.132,127.018684
28,545,0,1,0.05981055267076377,125.68897
24,1889,0,2,0.132,125.06624
52,1167,0,2,0.132,116.4386
43,505,1,1,0.088,121.375114
52,1098,3,1,0.088,117.7825
11,1113,0,3,0.1,135.55573
18,1299,2,1,0.088,125.177246
105,304,3,2,0.132,146.76973
49,661,2,3,0.0834177688776779,116.078224
52,1493,3,2,0.132,117.21272
52,288,1,0,0.154,108.25175
59,2026,0,2,0.132,125.88616
66,1131,2,1,0.088,128.83337
24,1510,1,2,0.132,125.950134
107,771,0,1,0.088,124.84287
0,916,3,1,0.088,121.33901
82,501,3,1,0.088,139.31316
105,1459,3,2,0.07671741073449334,137.9055
62,1043,3,2,0.132,119.876076
24,1720,1,3,0.154,121.43627
95,988,0,1,0.0524149249226977,135.3941
71,2001,2,1,0.088,137.46375
42,456,3,3,0.07762446973261702,124.72963
99,1691,0,1,0.04621907329449895,135.00255
44,1800,0,2,0.132,137.53108
107,223,3,3,0.154,123.76401
92,4,0,1,0.088,128.81181
44,1667,2,3,0.029310018537196447,137.72528
32,397,2,2,0.132,125.86174
52,1021,1,1,0.088,113.9959
32,1901,2,1,0.088,127.85046
70,722,0,1,0.088,118.48468
67,1422,3,1,0.088,130.15176
102,1236,0,1,0.088,143.99103
52,1543,2,1,0.088,114.68258
51,997,0,1,0.017756441253384853,120.31408
62,1254,2,0,0.025935308860546943,115.757454
92,1485,3,1,0.088,128.98128
95,738,1,2,0.132,134.23291
97,528,1,2,0.132,129.37517
92,2006,3,3,0.1,128.39629
58,1046,3,2,0.132,126.06777
3,500,2,3,0.154,145.1449
28,1048,0,1,0.088,128.92456
92,852,0,3,0.1,128.09807
113,1951,2,2,0.132,125.4471
48,782,3,3,0.1,130.6523
52,936,2,2,0.132,114.86835
13,1721,0,2,0.132,124.4123
89,1103,3,3,0.09747345725769499,143.08826
11,1468,2,1,0.088,136.38858
0,574,1,2,0.132,120.28348
16,753,3,2,0.132,144.2521
24,448,1,2,0.132,124.111465
97,1991,1,1,0.054506936067921175,130.38155
56,116,2,3,0.154,121.965065
59,488,1,1,0.088,141.45706
16,312,2,2,0.132,138.61067
0,184,0,1,0.0772671088870168,119.88112
16,1031,2,3,0.01200000000000001,133.281
16,367,0,1,0.088,140.95721
110,432,3,2,0.132,118.38339
97,21,3,1,0.088,129.90463
24,1250,1,2,0.132,125.267
59,1255,3,0,0.154,123.40805
36,197,3,3,0.154,123.020386
16,270,1,1,0.088,139.4844
59,1631,0,3,0.154,124.05435
113,1656,3,2,0.132,101.037994
105,1395,1,1,0.088,141.32874
24,1918,2,1,0.088,122.43537
92,1289,0,3,0.1,127.37829
14,769,0,2,0.018302083388702872,141.10828
24,1566,3,2,0.132,125.20453
23,2002,2,2,0.132,103.559586
89,445,1,1,0.088,141.51338
52,1937,3,3,0.154,113.63846
62,896,1,3,0.154,118.585236
82,486,1,3,0.1,130.70108
82,710,1,2,0.05821611986190722,132.67506
97,1507,0,3,0.051928390459514945,129.35425
97,1085,1,1,0.088,129.29138
24,47,0,3,0.154,106.25684
16,67,2,1,0.088,138.20308
11,1276,1,1,0.088,140.25194
19,798,3,2,0.10049962151172825,125.395615
91,992,0,0,0.0006390492332292719,118.834404
66,722,3,0,0.154,122.31621
58,432,0,3,0.05856139141621783,125.54713
93,636,0,1,0.088,117.30064
32,822,2,2,0.132,125.60336
44,1157,2,3,0.1,137.33469
102,1507,1,2,0.03914668111358774,136.5146
6,1756,2,1,0.06202557041873094,127.26176
58,1848,1,3,0.1,125.70428
52,579,0,2,0.132,118.21285
52,539,3,1,0.088,114.02578
42,1181,3,2,0.132,128.63478
13,1226,2,3,0.154,120.48227
89,2013,0,1,0.088,149.66943
110,43,3,1,0.088,115.72346
17,439,3,1,0.022637954887341327,132.58995
68,973,2,1,0.088,135.23978
51,1018,2,3,0.154,inf
33,492,1,2,0.132,128.0399
115,1852,2,1,0.088,126.32865
113,1770,3,1,0.088,126.323944
71,103,3,2,0.132,139.62679
88,1653,2,2,0.132,132.91855
62,1594,2,1,0.088,119.08078
16,1487,0,1,0.088,138.53506
74,1429,1,1,0.088,135.64091
19,930,3,3,0.08767294980003232,125.40093
77,1849,2,1,0.088,116.33694
74,1213,3,3,0.154,132.2102
63,662,1,1,0.088,127.27979
48,1238,1,1,0.037581806064983486,131.51393
106,444,2,1,0.088,140.1685
32,337,1,1,0.088,129.8812
75,116,2,1,0.06467478935569507,124.37731
3,614,2,2,0.132,144.80353
62,1308,0,2,0.132,122.13566
4,155,1,1,0.088,123.1082
49,137,1,2,0.132,121.91355
102,453,0,2,0.132,inf
15,1346,2,3,0.1,129.97227
57,1022,1,1,0.088,127.14064
79,441,0,2,0.132,150.81577
8,1618,1,1,0.088,128.68689
52,1176,2,2,0.132,112.554474
61,1408,2,1,0.088,135.23831
63,1699,3,1,0.088,126.42735
63,963,3,2,0.132,127.71815
33,1155,3,1,0.088,127.78056
3,15,2,0,0.154,144.45853
93,374,1,2,0.132,120.011894
15,530,1,0,0.154,127.523605
92,1267,2,3,0.01200000000000001,128.75853
82,1093,0,1,0.088,134.21722
11,1825,1,3,0.08219609742985022,135.2777
52,1007,3,3,0.154,108.7089
51,156,3,1,0.088,121.1163
83,670,3,1,0.088,121.127396
97,1259,1,1,0.088,129.62991
46,1645,0,0,0.09952755156282184,121.91461
42,1027,0,3,0.12920060685310633,122.47742
89,1991,2,1,0.01374345573708674,143.25879
43,1254,0,1,0.088,121.111015
33,1781,0,1,0.07754129710923158,124.136604
27,18,2,1,0.05695058678980591,115.63248
33,1059,2,1,0.088,127.303246
92,1595,0,3,0.1,128.25562
59,1740,1,2,0.132,141.69008
32,145,0,1,0.088,126.530975
36,1848,1,1,0.088,124.715614
34,1120,3,2,0.132,112.420784
52,1641,0,0,0.154,112.84413
30,165,2,3,0.04606182433290265,110.67766
59,473,0,1,0.088,127.7161
52,686,2,3,0.154,113.404076
68,525,3,1,0.088,139.92833
105,165,3,2,0.0588714137472065,133.09605
8,39,1,2,0.132,129.86111
112,230,0,1,0.088,116.66273
3,1380,2,1,0.088,150.60272
10,656,3,1,4.369140768106794e-05,123.824036
87,1661,0,1,0.088,137.1285
36,1256,1,2,0.132,127.87079
59,557,0,1,0.088,144.07535
95,424,0,2,0.132,138.81995
23,1885,0,2,0.132,108.678154
46,1114,1,3,0.07189432040083094,123.41643
23,306,2,0,0.154,108.73907
3,51,1,1,0.088,149.92905
42,1664,0,1,0.088,128.19168
0,932,2,1,0.088,120.03891
89,473,2,0,0.154,131.52232
23,581,1,1,0.088,109.01861
0,1382,3,2,0.132,119.41303
33,1039,3,1,0.088,120.828224
74,256,0,1,0.088,139.38782
24,887,2,1,0.088,125.67606
82,741,2,1,0.00563195380919676,134.19426
75,928,2,2,0.132,127.64459
93,730,1,0,0.154,113.01607
8,1797,0,1,0.002368874019633177,125.26117
32,1031,3,2,0.003628278356198056,131.99228
16,98,3,0,0.154,129.21205
61,1562,2,2,0.132,134.9025
110,430,2,1,0.088,113.60811
4,1573,0,1,0.088,122.03762
84,992,1,2,0.132,111.88736
42,1317,3,2,0.132,133.47714
49,1753,0,1,0.088,116.86789
113,232,2,3,0.03786758520838074,122.65115
89,36,0,1,0.088,147.85808
91,1432,2,2,0.132,125.11606
16,1293,0,1,0.088,138.10725
36,1743,0,3,0.06523323421434749,122.166916
63,156,0,2,0.08369237522312284,127.16396
23,1911,3,1,0.088,103.09094
48,1172,0,0,0.154,127.250854
17,1282,0,3,0.1,128.81657
62,1043,1,1,0.088,119.876076
52,621,3,2,0.132,121.15032
52,1243,2,2,0.132,114.40889
92,2006,1,2,0.132,128.39629
48,1687,3,1,0.088,131.55579
82,57,3,0,0.154,128.6188
24,1911,1,3,0.154,105.58893
24,1541,0,0,0.154,104.03678
44,1667,0,2,0.132,137.72528
33,1567,0,3,0.154,115.87423
52,482,0,3,0.1,114.046364
82,100,3,2,0.132,131.85594
42,710,3,3,0.062286211600895286,123.59186
82,330,3,1,0.088,134.62782
58,1953,3,3,0.04618515760859934,125.68926
54,594,3,2,0.132,140.03523
62,147,0,0,0.154,117.260254
3,500,0,2,0.132,145.1449
3,531,2,1,0.088,148.64531
105,304,0,2,0.132,146.76973
52,800,2,2,0.132,115.995094
97,97,2,2,0.132,129.3019
4,166,2,2,0.132,120.56815
48,782,1,2,0.05051633397101102,130.6523
51,232,3,2,0.06898026053759332,120.64192
74,380,1,1,0.088,136.81973
23,2002,0,1,0.088,103.559586
52,620,1,2,0.132,116.02381
60,1970,3,2,0.04121122902019492,133.41653
62,1141,0,1,0.05197378496890781,123.12361
32,396,2,2,0.132,125.75038
58,1196,0,1,0.088,133.50394
107,931,3,1,0.088,127.919685
24,1864,0,1,0.088,131.8972
105,179,1,3,0.154,131.32787
77,1981,1,1,0.088,120.03326
92,1892,0,2,0.132,130.66263
89,1731,0,2,0.132,148.85136
102,1279,0,1,0.088,141.78163
31,1966,0,2,0.051685808430903424,138.23622
19,798,1,1,0.088,125.395615
11,1272,0,3,0.1,135.86816
18,1105,0,0,0.06309461175124345,115.46425
1,1942,2,3,0.154,123.4873
59,1915,2,1,0.088,119.30005
32,22,2,1,0.088,129.44215
33,78,1,2,0.132,127.87298
97,1273,2,1,0.088,129.48337
82,10,0,1,0.088,135.93405
105,1830,0,2,0.132,142.38464
74,117,3,2,0.132,142.64468
52,651,3,1,0.088,110.285835
93,1525,1,3,0.1,115.00581
52,1741,3,2,0.132,114.22257
0,289,2,1,0.088,117.00543
0,693,1,3,0.1,117.36314
21,576,0,3,0.154,inf
8,290,3,3,0.1,126.33776
100,1530,1,3,0.019494071857969336,139.27158
16,438,3,1,0.088,139.11533
69,427,2,1,0.088,138.52266
16,263,1,1,0.088,126.58839
9,152,3,3,0.016194056449339578,122.37383
24,1147,0,2,0.132,122.84561
62,873,0,2,0.132,121.385315
52,1191,0,3,0.154,113.214836
102,163,3,1,0.088,142.00946
74,1875,2,1,0.02265591701099373,138.17397
87,1254,0,0,0.029342725122706387,125.72235
67,165,0,0,0.15027373522099596,123.64611
25,1239,0,1,0.088,142.00984
3,260,0,0,0.154,144.91055
24,619,3,2,0.132,121.34289
52,512,0,2,0.132,117.43139
37,340,0,1,0.088,129.10951
62,2031,1,2,0.132,119.36747
102,1609,0,1,0.08653120522134558,146.04918
97,1023,3,2,0.132,129.34377
43,1540,1,1,0.088,121.15424
52,1710,2,1,0.088,120.543106
97,1222,1,2,0.11405703192203587,132.78741
59,1425,2,2,0.132,141.69966
95,1262,3,2,0.132,128.17253
70,985,3,2,0.0364722509289051,119.03323
82,853,1,3,0.154,129.79233
62,896,0,0,0.154,118.585236
16,1972,2,1,0.088,131.34901
36,197,0,3,0.154,123.020386
57,16,2,2,0.132,127.61873
52,927,3,2,0.132,123.58746
71,678,1,2,0.132,139.04982
54,1858,3,2,0.012630895507709017,146.22365
30,992,1,3,0.154,107.159775
97,795,3,0,0.11611319594525693,127.2884
54,1096,1,2,0.132,140.506
110,641,2,3,0.154,114.78528
24,454,3,0,0.154,101.93009
71,103,1,1,0.088,139.62679
93,1944,1,3,0.154,114.08553
42,1169,1,1,0.007806359767604215,130.12134
44,164,2,1,0.088,137.21603
44,786,1,1,0.088,138.05804
48,366,3,2,0.132,134.43143
59,23,3,3,0.154,128.55214
31,705,2,2,0.132,123.209015
14,1630,0,1,0.088,137.5719
24,1415,1,3,0.154,97.89254
27,862,3,2,0.132,117.0385
83,901,1,2,0.132,121.00438
89,1382,2,1,0.088,144.65833
51,1018,1,0,0.154,inf
95,467,2,3,0.01200000000000001,129.64026
28,206,3,0,0.154,108.41876
82,1127,3,2,0.132,136.31854
44,1623,3,3,0.1,137.64551
68,1500,3,3,0.15111286083782052,131.91673
52,1176,0,1,0.088,112.554474
32,1292,2,3,0.1,130.76149
10,767,2,0,0.05314291026419396,120.51446
62,19,3,1,0.088,127.26404
52,1728,1,2,0.132,115.090164
93,205,0,2,0.132,117.8882
110,1427,1,1,0.088,114.03287
93,781,3,1,0.088,115.86948
46,543,0,1,0.088,125.1895
70,417,0,1,0.088,120.03708
61,717,0,1,0.088,133.61626
32,1511,3,2,0.132,129.94897
43,423,3,2,0.132,120.51534
70,1704,1,0,0.020653120210944537,114.57959
16,1400,0,3,0.154,131.7113
15,985,2,0,0.0055159278780342325,127.58249
62,553,0,1,0.08367191842080526,117.878265
74,1580,3,3,0.154,131.7145
107,994,2,1,0.088,124.202156
31,499,3,1,0.088,122.70281
25,1042,0,1,0.088,144.31343
52,1675,2,1,0.088,109.5829
57,1825,3,2,0.132,128.34439
52,980,1,1,0.088,112.971054
24,493,0,2,0.132,125.3339
0,1717,0,3,0.1,118.86352
19,1347,2,2,0.132,128.4612
38,277,3,2,0.132,132.56512
112,1228,3,2,0.132,123.30136
97,832,0,1,0.088,136.13669
112,363,3,2,0.132,120.8167
70,365,2,2,0.02107298020994866,120.07444
10,670,0,2,0.09596195948556319,122.95155
87,1117,3,0,0.09341089226740486,127.515
115,154,0,1,0.088,128.27147
54,131,2,3,0.0029453839075747287,137.5662
100,1383,0,2,0.11232638601278097,152.96808
36,1598,0,1,0.088,126.359505
57,1930,0,1,0.051913304794587806,126.30503
0,553,1,0,0.08063106578590232,115.84882
77,1172,2,2,0.1046723836596366,116.88453
39,14,0,1,0.0069266433454383824,128.07225
63,341,1,2,0.132,128.81863
87,1602,2,2,0.1288111731202103,133.71931
24,588,0,2,0.132,128.02585
66,1696,0,1,0.088,133.54762
63,963,0,2,0.132,127.71815
36,1363,2,2,0.06762229684555254,124.69154
51,529,1,2,0.132,120.22916
71,1545,3,3,0.154,125.43895
0,1382,1,1,0.0599033699986693,119.41303
75,928,0,1,0.004135657941141846,127.64459
23,1044,2,1,0.023660144871059524,108.56904
24,1044,2,0,0.154,108.10996
94,976,3,1,0.0817425976044302,128.1024
87,356,1,1,0.006282026979072153,129.4069
52,2016,2,1,0.088,115.55853
52,1007,2,0,0.154,108.7089
110,1816,0,2,0.132,118.36295
107,1526,0,1,0.01900461774779734,128.36705
89,1836,3,2,0.132,148.2018
54,131,3,1,0.088,137.5662
70,779,0,1,0.088,120.425705
25,1444,0,3,0.1,139.22726
24,1044,0,3,0.154,108.10996
48,1981,1,3,0.1,130.10661
52,1162,0,1,0.088,118.18591
92,1750,1,2,0.132,128.55225
92,336,2,2,0.132,128.52852
0,1084,3,0,0.154,116.44278
54,594,1,1,0.0321616112250829,140.03523
68,525,0,1,0.088,139.92833
68,1416,2,2,0.132,131.628
70,1266,1,3,0.154,119.123924
52,586,1,3,0.01200000000000001,115.30518
97,795,1,3,0.154,127.2884
3,1406,1,2,0.132,150.80981
75,1204,0,2,0.132,130.02505
52,1435,0,2,0.132,123.98721
62,477,2,2,0.132,121.75651
48,924,0,3,0.1,130.04832
15,507,2,2,0.132,131.41943
36,1834,3,1,0.088,129.45639
51,1745,2,2,0.132,120.26223
77,1286,2,1,0.088,117.00041
62,90,1,1,0.088,118.29218
11,1806,1,2,0.132,140.4303
16,1841,0,2,0.132,141.84363
89,254,3,3,0.154,140.87634
51,413,1,2,0.08643332365576561,125.22709
42,722,2,0,0.06309714243438477,120.94835
83,631,3,1,0.002782986759285927,121.19395
34,1271,3,1,0.088,112.8464
67,1415,1,0,0.10961000722099598,102.67819
19,629,2,0,0.036845763804926795,124.00835
23,34,2,1,0.088,108.23192
105,1152,3,1,0.088,132.873
49,488,1,3,0.154,117.05455
28,850,2,2,0.132,125.784904
74,1362,3,1,0.088,132.97716
92,839,2,2,0.132,128.9426
4,68,0,3,0.154,118.34629
87,1930,1,1,0.05496735440541234,128.54512
82,1536,0,2,0.132,133.41524
109,1704,1,1,0.088,108.842545
24,1911,0,0,0.154,105.58893
32,396,0,1,0.088,125.75038
46,1462,3,1,0.088,125.527145
52,702,0,2,0.132,119.759445
38,42,3,2,0.132,128.00514
15,1729,1,3,0.01200000000000001,131.7947
3,1736,1,2,0.132,144.87646
28,1303,3,3,0.1,125.784904
38,395,0,1,0.07107864218567475,134.29973
44,792,3,1,0.088,137.53108
1,1942,0,2,0.132,123.4873
82,1269,3,2,0.132,134.21909
71,898,0,3,0.1,136.22948
43,1490,0,1,0.02149556691347229,125.56946
20,460,2,3,0.154,122.8083
56,545,2,2,0.041564251966163646,124.99694
85,777,3,1,0.088,120.99513
97,320,2,1,0.088,131.20267
8,656,2,3,0.1,125.69976
24,272,0,2,0.132,127.488594
112,1114,1,2,0.132,121.93587
95,1397,1,0,0.05787765250794871,126.43561
42,1396,1,2,0.132,124.87838
8,1327,3,2,0.132,129.27008
70,1942,0,3,0.0558369337400704,118.06089
16,353,2,3,0.1,132.96996
33,1459,0,3,0.1,123.202126
97,1023,1,1,0.088,129.34377
95,1262,1,1,0.044537469457476025,128.17253
70,985,1,1,0.088,119.03323
49,730,0,3,0.154,116.54482
109,1130,2,2,0.132,111.075714
113,764,2,1,0.088,128.03705
63,278,0,1,0.04952010556672476,135.07262
52,2032,2,2,0.132,117.62118
115,1938,3,1,0.088,131.9602
92,17,3,2,0.132,128.39629
61,496,2,2,0.132,133.64233
102,2020,1,3,0.11676893754048503,134.75952
15,1682,0,1,0.088,137.72415
24,450,2,2,0.132,124.02645
24,619,1,1,0.088,121.34289
44,122,3,2,0.132,138.60826
48,294,3,1,0.088,133.60263
89,925,0,2,0.132,154.13101
107,771,2,1,0.088,124.84287
89,88,2,1,0.088,144.98692
38,1010,0,2,0.048040507937187116,142.1318
12,1130,0,3,0.05714916529623687,110.874954
26,1305,1,2,0.132,128.84041
59,885,1,2,0.132,138.81706
28,871,1,3,0.154,105.818565
49,1926,0,1,0.088,116.871155
57,16,0,1,0.088,127.61873
70,1942,1,1,0.012313037456679304,118.06089
69,251,3,2,0.132,143.07059
31,1174,3,0,0.154,116.35624
16,575,3,2,0.132,130.64926
46,1644,2,1,0.088,125.5579
61,385,1,3,0.1,133.62326
29,72,1,2,0.07451031990586768,124.69909
95,1005,0,2,0.10119382193706078,135.11264
52,666,0,1,0.03833949403080286,125.88329
107,1961,0,2,0.132,125.36364
110,641,0,2,0.132,114.78528
0,971,1,3,0.1,117.81072
88,1273,0,3,0.0550044639912608,129.01013
97,1967,2,1,0.088,129.83305
52,1741,0,2,0.132,114.22257
48,1442,0,1,0.088,132.10121
102,46,2,3,0.1,136.09428
15,1481,3,1,0.088,134.75034
110,704,0,2,0.132,113.294304
69,1390,3,1,0.088,140.39896
19,562,2,2,0.08457201482953497,129.3223
89,951,3,1,0.088,144.83525
24,74,3,2,0.132,128.78444
43,423,1,1,0.088,120.51534
58,30,0,0,0.08914187697933337,123.871086
42,1621,2,1,0.088,124.77506
71,1755,3,2,0.10292966761433203,144.09131
52,1905,0,1,0.088,125.939575
74,587,1,2,0.132,136.90425
52,1391,3,3,0.154,111.52421
59,739,2,1,0.088,145.81541
0,1579,3,1,0.088,120.51575
52,1689,2,3,0.1,114.96037
62,1246,0,2,0.132,121.615265
52,288,2,1,0.088,108.25175
82,1127,1,1,0.088,136.31854
14,1621,0,3,0.1,133.44232
68,1500,1,2,0.132,131.91673
85,1149,3,0,0.053898012876358786,115.00466
32,1292,0,2,0.132,130.76149
56,656,2,1,0.088,124.46449
30,992,0,0,0.15336095076677073,107.159775
61,385,2,1,0.088,133.62326
8,1501,3,2,0.132,125.69976
24,448,3,2,0.132,124.111465
31,1748,2,1,0.088,124.7868
66,1899,1,3,0.154,124.706184
32,1626,3,2,0.132,125.75038
62,202,0,3,0.1,120.06063
16,464,2,2,0.132,133.35417
93,1944,0,0,0.154,114.08553
20,86,1,3,0.04304476743164501,131.47495
52,1349,0,1,0.088,120.1722
33,606,2,3,0.1,121.337906
103,871,3,0,0.1524582848567357,122.0973
70,511,0,0,0.029469129040432362,118.59277
57,1825,1,1,0.088,128.34439
77,30,2,1,0.088,118.333496
59,1795,1,1,0.088,132.4959
94,1855,0,2,0.132,130.75668
112,1228,1,1,0.03611774376754684,123.30136
3,1713,2,2,0.132,147.02338
52,1543,3,2,0.132,114.68258
59,1255,3,3,0.154,123.40805
52,1074,0,3,0.1,113.91722
26,1859,1,3,0.01200000000000001,125.06158
3,1230,0,1,0.088,152.07375
46,45,3,2,0.132,130.48769
77,1363,3,2,0.132,120.93738
59,557,2,1,0.088,144.07535
28,1048,1,2,0.132,128.92456
82,1839,3,2,0.132,138.54346
74,1999,1,2,0.132,132.97716
24,1398,0,2,0.132,127.61131
103,198,3,1,0.088,143.46936
87,1602,0,1,0.07333366006385764,133.71931
41,1543,0,3,0.016064266474837836,120.96265
110,1693,1,3,0.103194569604428,116.719604
38,839,3,1,0.088,126.17471
8,169,3,0,0.12853479538946,125.08203
15,600,3,2,0.132,133.11282
62,797,3,1,0.088,120.646835
8,149,3,2,0.1240595775082659,127.21964
67,1840,3,1,0.088,126.37909
92,1100,1,3,0.1,127.444305
88,115,0,3,0.1,129.08029
52,188,3,2,0.132,126.22765
66,1399,0,2,0.132,132.93518
92,1289,3,1,0.088,127.37829
46,1156,0,1,0.088,126.96083
11,1468,3,2,0.132,136.38858
15,507,0,1,0.088,131.41943
53,920,2,1,0.006545156576156147,135.3869
26,1371,0,2,0.132,129.12659
112,363,0,2,0.132,120.8167
66,123,3,1,0.088,130.14049
34,1616,1,1,0.088,124.25191
59,488,2,2,0.132,141.45706
52,1766,1,1,0.088,111.18428
59,687,0,2,0.132,129.95512
16,267,2,2,0.132,140.13809
66,1069,3,1,0.088,133.51195
71,57,3,3,0.154,133.00607
2,1931,0,2,0.0017059407905127555,119.64353
82,46,2,2,0.11622735281578789,132.77248
6,1580,3,2,0.07327156473462748,121.73425
22,285,0,2,0.132,149.83026
23,86,2,1,0.088,109.15867
52,94,2,1,0.088,113.03174
53,836,2,1,0.06791557476636848,133.8838
82,1530,2,3,0.08495648054203067,131.20612
89,489,3,2,0.132,143.83904
4,155,3,1,0.088,123.1082
28,850,0,1,0.088,125.784904
89,1455,3,1,0.088,145.40373
24,1869,1,1,0.088,126.30242
62,477,0,1,0.088,121.75651
56,995,3,1,0.088,124.78169
68,1184,1,2,0.132,132.22495
63,467,2,1,0.088,128.60683
93,374,3,2,0.132,120.011894
24,843,1,2,0.132,126.95185
103,559,0,2,0.132,142.81357
15,530,3,0,0.154,127.523605
1,985,3,2,0.0955277490710949,124.55547
24,1603,2,1,0.088,125.03528
93,1926,1,1,0.055011426646758815,113.26108
18,90,1,3,0.07145725347804058,120.541405
58,43,3,0,0.09047882342111477,123.50728
18,1084,3,1,0.088,123.05038
3,15,2,3,0.154,144.45853
88,479,2,2,0.132,131.97064
52,271,1,2,0.132,117.34914
49,258,0,1,0.088,119.269
83,580,0,1,0.088,127.33954
10,9,0,2,0.132,126.60454
14,748,3,3,0.1,133.86292
57,1790,0,3,0.154,126.960754
115,1223,1,2,0.132,126.6339
0,1421,2,2,0.132,120.963264
106,44,3,3,0.1,137.32848
43,929,0,2,0.132,125.62285
71,1576,2,1,0.088,129.24547
52,414,1,1,0.088,116.36569
93,1316,1,2,0.132,116.23681
24,697,2,1,0.088,122.867325
52,1641,0,3,0.154,112.84413
49,488,0,0,0.154,117.05455
85,1688,1,3,0.12764680313685986,115.43688
56,545,0,1,0.028189447329236228,124.99694
105,1814,2,1,0.088,133.78523
44,122,1,1,0.088,138.60826
89,966,1,2,0.132,146.21445
32,334,2,2,0.132,128.88759
44,871,3,0,0.0015417151432642884,126.40485
77,1849,3,2,0.08678631550603866,116.33694
82,1093,1,2,0.132,134.21722
16,353,0,2,0.132,132.96996
32,337,2,2,0.132,129.8812
61,347,1,0,0.154,126.43036
34,1271,0,1,0.088,112.8464
42,748,1,1,0.0516932590251859,125.06758
14,772,0,1,0.042777795868616464,138.6861
92,17,1,1,0.088,128.39629
16,914,3,1,0.088,138.77147
97,1259,2,2,0.132,129.62991
31,1708,2,2,0.02444432784137962,123.45301
8,1618,2,2,0.132,128.68689
93,1369,0,1,0.088,118.54817
63,469,0,1,0.088,129.87944
8,1132,0,1,0.088,125.745285
4,1968,1,2,0.132,121.702965
26,1619,2,3,0.06862489239552544,123.40469
71,1183,3,3,0.1,135.33661
59,1076,2,2,0.132,135.93973
82,71,3,1,0.088,133.48637
6,1875,1,1,0.047165429087737215,127.27973
62,1625,0,3,0.154,119.21498
70,699,3,3,0.154,119.82632
16,379,3,1,0.05689958598481386,131.91039
89,560,1,2,0.132,144.40082
24,1263,2,2,0.132,124.503586
89,1082,0,1,0.088,146.34326
92,1985,3,2,0.132,128.98128
71,788,3,2,0.132,137.59717
82,1269,0,2,0.132,134.21909
63,699,0,0,0.01591724102614253,124.972275
52,1689,0,2,0.132,114.96037
62,2031,3,2,0.132,119.36747
34,1251,3,2,0.132,112.91914
102,2020,0,0,0.01958372588804519,134.75952
52,823,2,1,0.088,115.40407
49,289,0,2,0.132,118.847946
69,1930,1,3,0.11328579781060402,132.07486
24,1974,3,3,0.1,123.42275
19,562,0,1,0.02166986331882348,129.3223
32,903,2,3,0.154,124.172585
32,1626,1,1,0.088,125.75038
74,1005,2,1,0.088,136.40752
32,889,3,1,0.088,129.68987
88,1553,0,3,0.1,129.2408
24,1541,0,3,0.154,104.03678
43,505,0,1,0.088,121.375114
19,1645,2,3,0.04734088230086335,125.66787
52,1098,2,1,0.088,117.7825
52,1391,1,2,0.132,111.52421
49,661,1,3,0.12380326923325427,116.078224
11,391,1,3,0.1,135.02074
93,1506,2,3,0.1,115.30776
52,288,0,0,0.154,108.25175
66,1131,1,1,0.088,128.83337
71,1207,3,2,0.132,143.63503
15,1412,2,2,0.132,132.03606
23,1843,0,2,0.132,110.45948
82,642,2,2,0.132,136.55132
61,385,0,0,0.1128662998913616,133.62326
24,887,3,2,0.132,125.67606
24,475,3,3,0.01200000000000001,124.61547
6,1252,0,1,0.088,121.413956
71,2001,1,1,0.088,137.46375
58,58,0,2,0.132,128.08713
58,1693,2,3,0.06069976979146102,123.985245
110,430,3,2,0.132,113.60811
91,437,0,2,0.09810267715389687,131.21071
29,1313,2,0,0.024151734748216094,116.8319
44,1667,1,3,0.030832575937196516,137.72528
75,1500,3,2,0.0763487419590575,125.43285
32,397,1,2,0.132,125.86174
56,767,0,1,0.034577393695263775,120.95823
3,500,3,0,0.03237703667867681,145.1449
57,1540,2,0,0.10048417190682482,123.230774
52,1543,1,1,0.088,114.68258
84,401,3,2,0.007695958246504098,110.9894
22,302,0,2,0.132,150.45482
85,659,0,3,0.12318328345446167,115.39497
0,693,3,3,0.1,117.36314
95,738,0,2,0.132,134.23291
51,1627,0,2,0.132,121.17086
66,1134,0,1,0.088,130.98074
24,1147,2,2,0.132,122.84561
113,1951,1,2,0.132,125.4471
105,744,1,2,0.132,143.17354
12,1704,3,3,0.154,108.27947
49,591,3,2,0.132,122.65939
24,1202,0,1,0.088,127.7676
38,488,3,3,0.07560108644442359,122.938354
52,1099,3,1,0.088,125.83338
97,1669,0,2,0.13118391996939527,129.59967
99,922,3,0,0.12472187390486295,inf
92,989,3,2,0.132,128.71408
11,1468,1,1,0.088,136.38858
80,854,0,2,0.049745064329667965,103.675934
66,985,1,0,0.154,122.71105
34,255,3,2,0.132,112.91914
59,488,0,1,0.088,141.45706
92,1485,2,1,0.088,128.98128
33,993,2,1,0.088,126.282074
1,530,0,3,0.1333174327059492,124.578735
28,816,0,2,0.132,129.89763
82,823,3,1,0.088,131.68628
24,460,3,1,0.012350459208940595,105.09681
36,197,2,3,0.154,123.020386
16,270,0,1,0.088,139.4844
3,1367,0,2,0.132,148.56737
25,817,1,2,0.062422388748193836,143.44608
58,1282,3,3,0.06302363793468305,125.79914
113,1656,2,2,0.132,101.037994
24,1918,1,1,0.088,122.43537
3,260,0,3,0.154,144.91055
57,1328,1,2,0.132,133.41652
70,779,2,1,0.03929680441009378,120.425705
24,1566,2,2,0.132,125.20453
11,1272,3,1,0.088,135.86816
52,1937,2,3,0.154,113.63846
62,896,0,3,0.154,118.585236
92,1750,3,2,0.132,128.55225
44,1157,3,0,0.0004098878783889287,137.33469
82,710,0,2,0.09335167313578807,132.67506
23,460,3,2,0.132,103.38578
31,1782,3,3,0.154,120.04503
82,46,0,1,0.088,132.77248
85,1567,3,1,0.088,114.00335
112,629,2,1,0.088,116.947365
16,67,1,1,0.088,138.20308
97,795,3,3,0.154,127.2884
24,454,3,3,0.154,101.93009
11,1276,0,1,0.088,140.25194
32,22,3,2,0.132,129.44215
16,1697,3,2,0.132,140.31818
66,722,2,0,0.09090285756561522,122.31621
44,1157,1,3,0.1,137.33469
6,1756,1,1,0.088,127.26176
52,1373,0,2,0.132,125.736824
52,539,2,1,0.088,114.02578
42,1181,2,2,0.132,128.63478
82,486,0,3,0.1,130.70108
52,1768,0,3,0.01200000000000001,116.2838
110,1427,3,1,0.088,114.03287
38,933,1,3,0.14266021004442356,124.18922
22,312,0,3,0.1,135.8302
16,1569,0,1,0.088,139.63419
8,149,0,2,0.09336345462826523,127.21964
0,1421,0,1,0.088,120.963264
32,249,3,1,0.088,124.260796
51,1018,1,3,0.154,inf
28,206,3,3,0.154,108.41876
91,1422,0,3,0.01200000000000001,125.73276
15,819,1,1,0.088,130.83844
48,1969,0,2,0.132,132.56337
52,1845,3,1,0.088,111.25714
102,1507,0,2,0.132,136.5146
34,1165,3,1,0.088,125.01331
3,15,0,2,0.132,144.45853
28,1936,0,2,0.132,109.49083
38,426,3,2,0.132,132.50285
28,1298,3,2,0.132,125.75482
74,1429,0,1,0.088,135.64091
32,1812,3,1,0.088,128.01447
36,1953,1,1,0.088,124.67632
77,1849,1,1,0.088,116.33694
71,356,0,1,0.07135291368612451,134.44861
63,662,0,1,0.088,127.27979
34,615,0,2,0.132,125.21663
32,337,0,1,0.088,129.8812
3,614,1,2,0.132,144.80353
18,2024,3,3,0.154,119.85236
36,1598,2,1,0.088,126.359505
15,1346,1,3,0.1,129.97227
57,1022,0,1,0.088,127.14064
31,1708,0,1,0.088,123.45301
71,674,2,0,0.1321605802784163,133.05196
63,1699,2,1,0.088,126.42735
63,963,2,2,0.132,127.71815
33,1155,2,1,0.088,127.78056
3,15,1,0,0.154,144.45853
52,1402,3,1,0.088,118.49024
92,1267,1,3,0.01200000000000001,128.75853
91,1830,1,2,0.132,128.072
74,1966,0,2,0.08031419156909658,149.75342
115,1137,0,1,0.088,132.4
30,1130,0,0,0.007541263859854569,106.71885
33,299,0,2,0.132,124.50777
16,392,2,1,0.088,135.11073
26,720,3,2,0.132,133.04121
52,1675,3,2,0.132,109.5829
97,1259,0,1,0.08273645924113843,129.62991
8,1618,0,1,0.088,128.68689
27,18,1,1,0.088,115.63248
53,1313,3,3,0.10738642928189582,125.87103
71,589,3,1,0.088,137.77936
33,1059,1,1,0.088,127.303246
0,1717,3,1,0.0036694055187004027,118.86352
34,1120,2,2,0.132,112.420784
63,2022,1,2,0.132,128.19066
59,1933,1,1,0.088,114.03936
52,1007,2,3,0.154,108.7089
105,165,2,2,0.132,133.09605
107,994,3,2,0.132,124.202156
3,1380,1,1,0.088,150.60272
19,795,1,2,0.132,125.22288
61,1854,0,2,0.132,136.0856
36,1256,0,2,0.132,127.87079
92,1985,1,1,0.088,128.98128
61,1190,0,1,0.088,133.63399
58,1348,2,3,0.06363381339836316,123.65321
93,1552,2,1,0.088,116.08947
3,51,0,1,0.088,149.92905
53,359,0,1,0.088,inf
34,1251,1,1,0.004705061671780558,112.91914
24,887,1,1,0.088,125.67606
66,217,0,2,0.132,134.20633
112,224,2,1,0.088,122.56635
32,1031,2,2,0.132,131.99228
102,866,2,2,0.132,137.46921
92,1832,3,3,0.01200000000000001,128.6697
52,833,2,0,0.154,111.75553
52,686,1,3,0.154,113.404076
31,607,3,3,0.154,120.70254
61,1562,1,2,0.132,134.9025
23,134,2,1,0.088,126.48271
110,430,1,1,0.088,113.60811
11,860,2,1,0.028625625466622673,135.35193
9,930,3,2,0.12045756530997026,123.63986
23,306,1,0,0.154,108.73907
91,1432,1,2,0.132,125.11606
0,932,1,1,0.088,120.03891
87,1930,3,1,0.07720605992541218,128.54512
15,1412,0,1,0.088,132.03606
56,1132,2,1,0.088,124.54551
33,1039,2,1,0.088,120.828224
22,1012,0,1,0.088,142.76018
52,1243,1,2,0.132,114.40889
36,1977,3,3,0.01200000000000001,125.321396
74,2004,2,2,0.06892558442391472,131.59996
16,98,2,0,0.154,129.21205
3,1611,0,1,0.088,145.66856
15,1729,3,3,0.01200000000000001,131.7947
32,558,2,1,0.088,129.41837
85,1052,0,1,0.088,115.41738
24,1782,0,2,0.132,122.35279
62,240,2,1,0.088,118.71686
48,1687,2,1,0.088,131.55579
82,57,2,0,0.154,128.6188
24,1911,0,3,0.0628659659595556,105.58893
23,1911,2,1,0.088,103.09094
92,1624,1,2,0.132,129.11934
37,126,1,2,0.0386422842608696,129.05522
58,810,3,1,0.088,126.077385
77,903,0,0,0.05787900762841702,113.80306
4,2020,3,2,0.132,122.3337
24,272,2,2,0.132,127.488594
89,227,1,2,0.132,144.60948
102,128,3,2,0.132,144.98819
112,1114,3,2,0.132,121.93587
62,367,0,2,0.132,126.21638
42,1396,3,2,0.132,124.87838
82,100,2,2,0.11677352052380241,131.85594
58,1953,2,3,0.1,125.68926
54,594,2,2,0.132,140.03523
62,1605,2,2,0.132,122.32852
8,390,1,2,0.132,127.743935
92,2006,0,2,0.132,128.39629
49,730,2,3,0.154,116.54482
74,1999,3,2,0.132,132.97716
46,1512,2,3,0.1,123.14752
4,166,1,2,0.132,120.56815
105,64,3,0,0.154,132.64482
77,1356,1,1,0.088,121.5615
32,1304,3,2,0.132,127.648
52,620,0,2,0.132,116.02381
93,1816,1,2,0.132,115.242035
82,674,2,0,0.021839419721583708,129.00064
52,1610,3,3,0.1,114.715195
107,931,2,1,0.047673049752738145,127.919685
82,330,2,1,0.088,134.62782
95,2028,2,1,0.088,133.58998
42,866,3,2,0.132,127.86517
16,1647,2,2,0.132,140.54019
23,460,1,1,0.088,103.38578
31,1782,1,2,0.132,120.04503
34,263,3,2,0.07945108767185294,114.95884
58,137,3,2,0.132,127.98724
58,1282,1,2,0.132,125.79914
93,346,0,3,0.154,114.65784
16,79,2,1,0.088,138.29283
97,97,1,2,0.132,129.3019
16,1268,3,2,0.132,144.13332
18,147,1,3,0.154,119.28112
33,78,0,2,0.132,127.87298
109,1704,2,2,0.132,108.842545
74,1799,0,1,0.088,145.28299
93,1525,0,3,0.12800927241892665,115.00581
52,1741,2,2,0.132,114.22257
0,1261,3,2,0.132,124.80726
36,1001,3,1,0.088,126.90465
31,1174,3,3,0.154,116.35624
22,1744,0,3,0.06749106338184235,136.36072
8,290,2,3,0.1,126.33776
93,184,0,1,0.0107328911129832,118.14991
28,319,2,0,0.154,106.76278
52,1561,1,2,0.132,116.03992
69,427,1,1,0.0418947014512068,138.52266
70,659,3,0,0.1535666377319343,117.703476
51,511,3,0,0.08427452619627673,117.60853
28,315,3,3,0.154,106.22739
28,545,3,2,0.132,125.68897
71,1779,0,1,0.088,134.48866
9,152,2,3,0.04569959114930726,122.37383
36,759,2,2,0.132,128.41153
19,798,0,1,0.088,125.395615
32,22,1,1,0.088,129.44215
74,1875,1,1,0.04083457091226278,138.17397
16,1697,1,1,0.088,140.31818
14,233,3,2,0.132,139.05354
89,518,2,1,0.088,145.2441
58,1606,3,1,0.088,126.03927
16,1091,0,1,0.088,141.53334
54,1930,0,0,0.13251057063200292,134.6389
16,284,3,2,0.032393609474041796,140.48529
97,1023,2,2,0.132,129.34377
43,1540,0,1,0.088,121.15424
52,1710,1,1,0.088,120.543106
97,1222,0,2,0.132,132.78741
59,1425,1,2,0.132,141.69966
95,1262,2,2,0.007109207003344303,128.17253
70,985,2,2,0.10858705060890511,119.03323
100,1530,0,3,0.06279674385796934,139.27158
16,438,2,1,0.088,139.11533
14,1968,0,0,0.154,132.48392
61,1194,3,3,0.1,133.63042
106,1669,2,3,0.01200000000000001,137.36707
71,678,0,2,0.132,139.04982
46,1644,3,2,0.004691629765959993,125.5579
16,1494,1,1,0.088,138.01758
57,1602,0,2,0.10773736200491935,131.71576
30,992,0,3,0.154,107.159775
24,1415,2,0,0.048569320379004036,97.89254
32,1105,3,3,0.154,123.236885
92,1165,3,0,0.154,126.654366
66,1186,2,1,0.088,129.78236
42,1951,0,3,0.01200000000000001,126.467384
71,103,0,1,0.088,139.62679
59,1795,3,1,0.088,132.4959
93,1944,0,3,0.154,114.08553
52,877,2,1,0.088,110.40229
52,746,3,2,0.132,117.75776
44,164,1,1,0.088,137.21603
34,66,3,2,0.132,112.91914
44,786,0,1,0.088,138.05804
52,831,0,2,0.132,119.4217
56,1344,3,1,0.088,125.71691
57,16,1,2,0.132,127.61873
31,705,1,2,0.132,123.209015
89,1795,3,3,0.13372921945774632,136.07442
112,921,0,2,0.132,121.87595
24,991,1,3,0.01200000000000001,124.64873
77,1759,1,3,0.1466549781542981,118.92202
54,1096,0,2,0.132,140.506
95,467,1,3,0.01200000000000001,129.64026
71,845,3,2,0.132,136.55708
3,1515,3,2,0.132,150.95676
44,1623,2,3,0.1,137.64551
68,1500,2,3,0.1,131.91673
32,1292,1,3,0.1,130.76149
85,722,0,3,0.08454874086426073,116.18569
10,767,1,0,0.06150156546419398,120.51446
16,1715,3,3,0.154,131.66139
102,1236,3,2,0.132,143.99103
107,1470,0,2,0.132,125.550446
7,1273,0,2,0.132,133.57426
48,366,2,2,0.132,134.43143
93,781,2,1,0.088,115.86948
32,1511,2,2,0.132,129.94897
43,423,2,2,0.132,120.51534
16,464,3,3,0.1,133.35417
24,1415,0,3,0.154,97.89254
27,862,2,2,0.031642231787009534,117.0385
52,207,2,2,0.132,124.88583
52,1465,1,0,0.154,110.898735
52,303,3,2,0.132,121.544945
24,1417,2,3,0.1,123.20804
29,733,2,2,0.132,124.13727
107,994,1,1,0.088,124.202156
28,206,2,0,0.154,108.41876
67,1152,0,2,0.03807583930070668,123.634514
52,1675,1,1,0.088,109.5829
57,1825,2,2,0.10195840765378883,128.34439
52,980,0,1,0.088,112.971054
115,929,2,3,0.02745034648831668,124.018005
89,755,2,1,0.088,140.21808
91,2003,2,2,0.07342965978458063,122.52048
32,766,2,1,0.088,130.71188
70,365,1,2,0.08011452708479982,120.07444
48,1568,1,1,0.08242078090298796,131.47488
52,1766,3,1,0.088,111.18428
34,1120,0,1,0.088,112.420784
11,1930,3,0,0.154,133.40001
14,2020,3,3,0.154,132.66434
52,2016,0,3,0.1,115.55853
82,1169,2,1,0.03316394126379568,139.19876
54,131,1,3,0.01200000000000001,137.5662
103,384,0,2,0.132,148.42
77,1172,1,2,0.04039421949963673,116.88453
67,232,3,1,0.088,124.943825
93,636,3,2,0.132,117.30064
24,1869,3,1,0.088,126.30242
97,1723,1,2,0.019236837819300773,129.4945
36,1363,1,2,0.132,124.69154
51,529,0,2,0.08899424848356435,120.22916
102,372,3,1,0.088,141.55304
94,976,2,1,0.03875759312443017,128.1024
92,1832,1,2,0.132,128.6697
36,1977,1,2,0.132,125.321396
0,679,0,1,0.088,121.99736
42,1317,0,1,0.088,133.47714
102,318,3,2,0.132,143.64948
48,1259,0,2,0.0768370235302398,131.25098
52,1954,0,2,0.132,110.3436
16,1868,0,2,0.132,130.59154
34,654,3,2,0.132,132.59103
92,336,1,2,0.132,128.52852
77,1348,2,3,0.09036618660163684,118.19152
42,156,0,3,0.1,124.04914
97,44,0,2,0.0734155926249721,129.64684
34,1004,0,1,0.00461542315633387,125.96566
54,594,0,1,0.088,140.03523
70,1266,0,3,0.154,119.123924
105,733,2,1,0.006673836084501533,139.34447
52,586,0,3,0.1,115.30518
95,1375,2,2,0.04931584098942007,134.5365
3,1406,0,2,0.132,150.80981
24,1720,2,3,0.154,121.43627
93,1876,0,2,0.132,116.03051
4,1027,1,1,0.088,120.92668
52,807,3,2,0.132,118.78688
89,254,2,3,0.154,140.87634
82,100,0,1,0.0798654866323954,131.85594
51,413,0,2,0.132,125.22709
56,1797,1,1,0.088,123.69844
61,347,3,0,0.154,126.43036
42,722,1,0,0.06853026831438477,120.94835
58,137,1,1,0.06576894388921567,127.98724
19,629,1,0,0.057015619697603645,124.00835
42,1144,0,2,0.024601668949756128,129.4546
77,1348,3,1,0.088,118.19152
23,34,1,1,0.088,108.23192
59,1631,3,0,0.154,124.05435
49,488,0,3,0.1111067252332543,117.05455
105,1149,2,1,0.088,130.47318
105,1619,3,1,0.088,134.79614
24,1202,2,1,0.088,127.7676
92,839,1,2,0.132,128.9426
52,1572,3,1,0.088,107.89374
43,1254,3,2,0.132,121.111015
51,1745,1,2,0.132,120.26223
24,1707,1,2,0.132,125.15517
60,1970,0,1,0.06858564434325211,133.41653
46,1462,2,1,0.088,125.527145
16,221,1,2,0.132,138.18773
93,1159,0,3,0.1,115.12867
112,1211,2,0,0.13075759953254176,117.7302
62,1203,3,1,0.088,119.71989
3,1736,0,2,0.132,144.87646
62,1625,2,3,0.154,119.21498
66,156,3,3,0.05854537845889801,125.51843
33,492,3,1,0.088,128.0399
105,1152,2,1,0.088,132.873
8,756,3,1,0.088,132.5805
28,315,1,2,0.132,106.22739
24,47,3,0,0.154,106.25684
71,1642,3,1,0.088,138.8391
44,792,2,1,0.088,137.53108
94,610,3,2,0.132,131.24545
87,1661,3,2,0.132,137.1285
23,1885,3,3,0.1529277357749972,108.678154
82,1269,2,2,0.132,134.21909
0,781,2,3,0.1,118.01659
107,1645,1,1,0.088,124.55036
92,185,3,1,0.088,132.4949
56,545,1,2,0.013413231166163442,124.99694
42,1664,3,2,0.132,128.19168
74,117,0,1,0.088,142.64468
105,1814,3,2,0.132,133.78523
23,750,2,1,0.088,105.9593
8,656,1,3,0.1,125.69976
87,16,3,3,0.07063363419496868,129.914
8,631,0,0,0.154,125.211426
61,1199,0,2,0.132,137.73203
95,1397,0,0,0.14869331170794872,126.43561
32,1542,3,1,0.088,131.04659
38,42,2,2,0.132,128.00514
8,1327,2,2,0.132,129.27008
42,1052,1,0,0.154,120.08419
16,353,1,3,0.1,132.96996
17,1095,1,3,0.06783209782475694,128.83815
97,1023,0,1,0.088,129.34377
109,1130,1,2,0.132,111.075714
28,545,1,1,0.05677508048700661,125.68897
92,17,2,2,0.132,128.39629
82,1812,0,0,0.154,128.33775
61,496,1,2,0.132,133.64233
62,630,3,3,0.1425300156515343,119.26227
46,1414,1,2,0.132,125.13975
52,1760,0,2,0.132,116.52404
74,1262,3,3,0.154,132.89044
62,1596,3,2,0.132,121.89077
44,122,2,2,0.132,138.60826
37,96,2,0,0.09439484486748703,inf
82,1676,2,1,0.088,134.11522
97,1507,1,3,0.051870730368091034,129.35425
23,1843,2,2,0.132,110.45948
52,1229,3,2,0.132,111.899414
10,631,0,1,0.07138602462294533,122.96407
95,1262,0,1,0.088,128.17253
103,1310,0,2,0.132,147.65015
26,1305,0,2,0.132,128.84041
70,985,0,1,0.06072575490559956,119.03323
59,885,0,2,0.132,138.81706
18,427,1,1,0.046105298548793194,127.445625
61,1194,1,2,0.132,133.63042
93,466,3,1,0.088,115.08451
31,1174,2,0,0.154,116.35624
16,575,2,2,0.132,130.64926
46,1644,1,1,0.088,125.5579
112,230,2,0,0.06298274180423438,116.66273
36,704,3,0,0.053346313356743585,119.9189
58,1848,2,3,0.07740040736107659,125.70428
61,385,0,3,0.1,133.62326
24,1513,1,2,0.132,127.504524
24,1541,3,1,0.088,104.03678
0,971,0,3,0.1,117.81072
97,1413,0,2,0.132,127.5932
97,1967,1,1,0.088,129.83305
52,823,3,2,0.132,115.40407
103,836,3,1,0.028938555108345337,138.15752
94,515,3,2,0.132,133.31833
97,534,0,3,0.012436756739373722,129.44595
7,841,3,2,0.12970065989403456,133.54143
25,857,1,0,0.15274958024722596,128.21265
19,562,1,2,0.132,129.3223
23,1843,3,0,0.05210260149460999,110.45948
0,1261,0,2,0.132,124.80726
61,1524,1,2,0.132,133.63155
3,614,3,2,0.132,144.80353
42,1621,1,1,0.088,124.77506
29,1313,2,3,0.07525252721810416,116.8319
16,902,2,2,0.132,130.6266
74,1252,1,1,0.088,131.67596
87,1145,1,0,0.05273662687273231,125.43085
52,1391,2,3,0.154,111.52421
24,1417,0,2,0.132,123.20804
92,1744,2,1,0.088,128.87256
87,929,3,2,0.02256156161869305,129.267
68,1204,3,2,0.132,136.03033
89,2009,0,1,0.088,146.02103
102,46,1,3,0.1,136.09428
32,1105,2,0,0.10943243587124346,123.236885
51,779,0,3,0.154,119.41651
94,704,3,3,0.154,121.432526
66,1899,0,3,0.154,124.706184
112,405,2,3,0.154,118.89717
43,423,0,1,0.088,120.51534
16,464,1,2,0.132,133.35417
3,617,3,2,0.132,148.67442
62,1308,1,2,0.132,122.13566
28,149,3,1,0.088,126.65871
0,1304,3,0,0.154,116.22453
33,606,1,3,0.1,121.337906
74,587,0,2,0.132,136.90425
84,992,3,1,0.088,111.88736
88,1119,1,2,0.06520721576280678,134.4277
99,922,3,3,0.154,inf
57,1328,3,2,0.132,133.41652
57,1825,0,1,0.088,128.34439
59,1740,2,2,0.132,141.69008
54,823,3,3,0.1,136.17473
97,1442,3,1,0.088,130.96649
32,1655,3,3,0.154,123.66174
32,524,0,1,0.088,130.3232
28,1684,1,2,0.132,128.97798
58,1196,3,2,0.132,133.50394
56,1344,0,1,0.088,125.71691
92,1110,2,1,0.088,128.25562
83,958,1,1,0.088,inf
82,595,3,2,0.132,135.68536
1,530,3,1,0.088,124.578735
0,53,0,3,0.1,118.97344
4,300,3,2,0.132,128.831
52,868,3,1,0.088,115.07239
56,1416,0,3,0.03391561204440843,122.70724
82,1839,2,2,0.132,138.54346
113,1182,1,2,0.132,125.7227
80,670,3,3,0.1300630376348947,103.237785
89,473,3,0,0.154,131.52232
105,1052,2,2,0.09173810838923926,130.8977
52,383,2,2,0.132,119.42932
87,1825,0,3,0.049451048041606105,130.60597
110,1693,0,3,0.154,116.719604
51,456,0,2,0.1303768549494111,121.819664
38,839,2,1,0.088,126.17471
66,413,1,2,0.04556667634423439,129.493
8,169,2,0,0.154,125.08203
67,1315,3,2,0.132,123.859436
52,94,0,3,0.154,113.03174
15,600,2,2,0.132,133.11282
62,797,2,1,0.088,120.646835
88,531,3,1,0.088,130.97652
20,1546,3,2,0.03094998791938547,142.33385
52,1493,2,1,0.088,117.21272
23,1301,0,3,0.0361966451314602,118.76208
10,1883,0,2,0.132,127.129234
66,123,2,1,0.088,130.14049
93,730,2,0,0.154,113.01607
0,1369,3,1,0.088,120.30306
43,1117,2,2,0.132,123.5299
16,267,1,2,0.132,140.13809
71,57,2,3,0.154,133.00607
17,132,1,2,0.01812743422056662,132.67325
107,223,2,2,0.132,123.76401
57,1254,0,0,0.12465727487729361,123.23664
53,836,1,1,0.0868631017425246,133.8838
1,659,3,0,0.0004333622680657012,123.23794
19,444,2,2,0.009611249734452376,131.12782
92,1616,2,1,0.006093612047004843,126.18172
23,1858,0,2,0.132,132.25368
89,1455,2,1,0.088,145.40373
0,900,0,2,0.132,123.03359
88,1669,3,3,0.1,129.11049
13,152,3,1,0.07622891184067163,123.47581
66,126,2,1,0.088,127.15756
33,1567,3,0,0.028666852610807453,115.87423
24,1720,0,2,0.132,121.43627
56,995,2,1,0.088,124.78169
63,467,1,1,0.088,128.60683
3,15,3,0,0.154,144.45853
70,417,3,2,0.132,120.03708
28,1936,3,0,0.10596100629960303,109.49083
58,1046,2,1,0.088,126.06777
24,1811,2,2,0.132,128.6236
89,489,2,2,0.132,143.83904
71,674,2,3,0.154,133.05196
62,553,3,2,0.132,117.878265
59,0,0,1,0.088,149.00175
18,90,0,3,0.154,120.541405
18,1084,2,1,0.088,123.05038
52,936,1,1,0.088,114.86835
77,1356,3,1,0.088,121.5615
3,15,1,3,0.154,144.45853
27,18,3,1,0.088,115.63248
23,938,3,1,0.088,113.87184
102,772,2,2,0.132,140.02356
56,116,1,2,0.0993005680828476,121.965065
74,934,3,1,0.088,134.19151
36,432,1,1,0.05143712288966784,124.52709
68,1863,3,2,0.132,142.23521
16,312,1,1,0.088,138.61067
87,522,1,2,0.132,136.78665
14,748,2,3,0.1,133.86292
105,179,2,3,0.154,131.32787
77,1634,2,3,0.154,117.50836
0,258,2,2,0.132,117.33565
110,432,2,1,0.088,118.38339
24,1648,3,3,0.1,123.50054
24,1250,0,1,0.088,125.267
43,1105,2,0,0.04456756412875654,119.26374
93,693,3,2,0.023959768432271433,115.25421
52,414,0,1,0.088,116.36569
21,576,3,0,0.02924440745108952,inf
93,1316,0,2,0.132,116.23681
113,126,1,2,0.03308260731709181,124.65349
88,479,1,2,0.132,131.97064
91,546,2,2,0.016825457049316234,128.45845
74,1943,3,2,0.132,139.6378
52,271,0,2,0.132,117.34914
0,574,0,1,0.088,120.28348
46,1752,3,1,0.088,126.37771
88,437,0,1,0.088,134.72917
105,1814,1,1,0.088,133.78523
44,122,0,1,0.088,138.60826
32,334,1,2,0.132,128.88759
21,576,1,3,0.07906050200470377,inf
106,44,2,3,0.01200000000000001,137.32848
80,169,1,2,0.03984324032966796,102.014656
52,1280,0,3,0.01200000000000001,115.96706
61,347,0,0,0.0860645933160196,126.43036
58,63,3,2,0.132,127.180916
0,1939,0,2,0.132,124.44583
103,928,3,3,0.1,137.9528
92,17,0,1,0.088,128.39629
109,401,3,2,0.12430404175349591,111.23325
32,822,1,1,0.088,125.60336
31,1708,1,2,0.132,123.45301
107,1526,3,2,0.09299208019555388,128.36705
114,1832,0,3,0.1,133.05128
62,2017,0,1,0.088,129.9738
85,1688,0,3,0.154,115.43688
4,1968,0,2,0.132,121.702965
26,1619,1,3,0.06775127339552545,123.40469
13,1226,1,2,0.132,120.48227
52,833,2,3,0.154,111.75553
27,767,3,1,0.088,116.48891
115,1490,3,3,0.154,123.9683
33,474,3,3,0.154,121.36383
3,602,0,3,0.154,145.33192
23,306,1,3,0.154,108.73907
3,946,1,2,0.132,149.28436
69,251,0,1,0.088,143.07059
16,379,2,1,0.088,131.91039
16,575,0,1,0.088,130.64926
74,1294,2,2,0.132,135.21689
22,491,0,2,0.132,152.28293
71,788,2,2,0.132,137.59717
52,541,3,3,0.07584747101454067,114.38414
74,1592,1,2,0.132,139.5121
24,1541,1,0,0.1315628201975327,104.03678
62,2031,2,2,0.132,119.36747
52,823,1,1,0.088,115.40407
88,1653,1,1,0.056111145442505284,132.91855
66,278,3,2,0.132,133.26498
16,98,2,3,0.154,129.21205
24,1974,2,3,0.1,123.42275
19,930,2,2,0.07496322266169814,125.40093
74,1213,2,2,0.132,132.2102
24,74,0,1,0.088,128.78444
82,71,2,1,0.088,133.48637
63,248,2,3,0.0744513499605107,126.20935
36,1643,3,1,0.088,128.31717
16,902,0,1,0.088,130.6266
11,860,3,2,0.05677837454873336,135.35193
52,1391,0,2,0.132,111.52421
11,391,0,3,0.1,135.02074
93,1506,1,3,0.1,115.30776
52,1176,1,1,0.088,112.554474
16,1012,3,2,0.132,146.76176
63,341,3,1,0.088,128.81863
89,34,1,0,0.11527439945653839,131.45555
15,1412,1,2,0.132,132.03606
33,519,3,2,0.132,129.72862
42,365,0,0,0.09914496283960372,122.306366
105,511,2,0,0.154,131.46114
99,1277,0,2,0.132,135.26292
24,1014,3,1,0.088,123.145424
8,1975,0,3,0.01200000000000001,127.71907
3,617,1,1,0.088,148.67442
58,1693,1,3,0.025680949591460833,123.985245
23,134,3,2,0.132,126.48271
22,1485,0,3,0.1,136.30667
105,64,3,3,0.154,132.64482
99,922,1,2,0.132,inf
74,598,0,2,0.132,144.32674
29,1313,1,0,0.028331062348216106,116.8319
62,1058,0,2,0.1297065330598051,122.56578
59,1740,0,1,0.088,141.69008
62,1852,2,2,0.02329069051974242,121.186646
31,1882,1,2,0.132,125.019066
63,1866,0,2,0.132,132.07614
84,401,2,2,0.07753484171232694,110.9894
16,569,3,2,0.06232340079876203,133.33192
16,1711,1,2,0.132,138.2382
77,983,3,1,0.088,118.82787
54,1117,3,0,0.018659384834911683,133.82458
105,744,0,2,0.132,143.17354
54,1602,2,2,0.003188826879789719,139.63535
12,1704,2,3,0.055322854096236856,108.27947
52,399,1,2,0.132,118.013664
93,346,3,1,0.088,114.65784
89,1103,1,3,0.01200000000000001,143.08826
28,1426,2,2,0.132,128.86752
11,1468,0,1,0.088,136.38858
28,319,2,3,0.154,106.76278
33,993,1,1,0.088,126.282074
70,1397,3,1,0.088,119.89976
92,1240,0,2,0.132,129.37274
67,1315,1,1,0.088,123.859436
52,1338,0,3,0.154,113.72922
99,1164,0,2,0.132,136.6811
89,841,3,3,0.1,142.834
57,1328,0,2,0.132,133.41652
0,1284,2,3,0.01200000000000001,118.57849
0,293,0,1,0.088,123.59847
70,779,1,1,0.0708342605700937,120.425705
52,666,3,2,0.132,125.88329
32,100,2,2,0.015226479476197596,132.20624
63,182,1,2,0.132,127.56769
25,1344,3,3,0.1,139.10065
92,1004,3,0,0.154,127.173744
52,1937,1,3,0.154,113.63846
52,621,2,1,0.088,121.15032
49,439,3,1,0.06536204511265867,123.97712
13,798,3,2,0.03150037848827175,124.97022
23,460,2,2,0.132,103.38578
31,1782,2,3,0.154,120.04503
42,156,2,3,0.0726548354815868,124.04914
85,1567,2,1,0.088,114.00335
6,1580,0,1,0.088,121.73425
22,1985,3,3,0.01200000000000001,136.30667
107,223,0,1,0.07965259388376432,123.76401
62,888,0,3,0.1,119.533066
66,341,2,2,0.08277000835447376,127.13238
97,795,2,3,0.154,127.2884
89,489,0,1,0.088,143.83904
92,1165,3,3,0.154,126.654366
71,238,0,3,0.1,136.89343
52,274,3,1,0.088,115.54942
52,894,2,2,0.132,119.27938
16,66,2,1,0.088,124.698555
0,416,3,1,0.088,122.853516
71,1393,0,3,0.01200000000000001,137.13072
92,1750,2,2,0.132,128.55225
4,68,3,0,0.154,118.34629
11,1806,2,2,0.132,140.4303
63,650,3,1,0.088,126.597
38,933,0,3,0.154,124.18922
56,1797,3,1,0.088,123.69844
70,417,1,1,0.088,120.03708
36,536,2,1,0.088,125.06305
66,1635,0,1,0.025599151815897725,135.05809
36,1286,0,0,0.154,121.36501
1,985,0,1,0.027274245094400434,124.55547
52,1349,3,2,0.132,120.1722
52,800,1,1,0.088,115.995094
62,553,1,1,0.088,117.878265
82,889,0,3,0.154,129.7146
48,782,0,1,0.088,130.6523
52,1845,2,1,0.088,111.25714
77,197,3,2,0.132,118.90817
42,1181,1,2,0.132,128.63478
28,347,2,3,0.154,110.485725
89,1546,0,3,0.1,142.28214
32,960,3,2,0.132,129.90234
32,1812,2,1,0.088,128.01447
52,1465,1,3,0.154,110.898735
93,661,3,0,0.154,112.53985
24,1648,1,2,0.132,123.50054
77,782,2,1,0.0046920079461738595,120.71548
28,206,2,3,0.154,108.41876
62,2024,3,1,0.0839191354096695,117.626434
18,2024,2,3,0.154,119.85236
26,1814,3,3,0.05730788080747942,122.27446
59,1915,1,0,0.154,119.30005
0,553,2,0,0.0321916859233215,115.84882
20,460,3,3,0.154,122.8083
71,674,1,0,0.1419123446784162,133.05196
58,1095,0,2,0.11033261577865905,125.836174
52,651,2,0,0.154,110.285835
87,1602,3,2,0.053819724147919246,133.71931
52,877,3,2,0.132,110.40229
71,1812,0,3,0.02426372961385545,132.73163
30,1756,3,1,0.088,114.34499
28,1298,2,2,0.132,125.75482
25,1416,0,0,0.01531228054991604,136.81023
52,1167,3,2,0.132,116.4386
58,63,1,1,0.088,127.180916
16,392,1,1,0.088,135.11073
59,2026,3,2,0.132,125.88616
71,589,2,1,0.088,137.77936
0,941,0,1,0.088,123.33491
33,1059,0,1,0.088,127.303246
46,1156,3,2,0.132,126.96083
52,637,2,2,0.132,121.20697
19,1413,2,2,0.04777396975195192,125.56763
34,1120,1,2,0.132,112.420784
95,988,3,1,0.088,135.3941
44,1800,3,2,0.132,137.53108
52,927,2,1,0.088,123.58746
11,1117,2,0,0.11450779181580015,132.69049
110,1743,3,3,0.047994831085652445,115.97834
11,1113,3,3,0.1,135.55573
92,4,3,1,0.088,128.81181
70,699,0,2,0.132,119.82632
29,72,2,2,0.06043480950586769,124.69909
92,1985,0,1,0.088,128.98128
93,1552,1,1,0.088,116.08947
62,2031,0,1,0.088,119.36747
34,1251,0,1,0.088,112.91914
77,1420,0,3,0.06326893615266121,119.05507
24,887,0,1,0.088,125.67606
56,850,3,3,0.01954341866154216,125.14162
59,23,2,2,0.132,128.55214
52,1074,2,2,0.132,113.91722
112,224,1,1,0.088,122.56635
63,2022,0,2,0.132,128.19066
25,1755,0,2,0.132,145.55092
102,866,1,2,0.08303944573156843,137.46921
92,1832,2,3,0.01200000000000001,128.6697
52,833,1,0,0.154,111.75553
52,1954,3,0,0.154,110.3436
16,1868,3,0,0.154,130.59154
31,607,2,3,0.154,120.70254
59,1933,0,1,0.088,114.03936
4,569,2,3,0.154,121.7831
15,5,3,1,0.088,130.68153
48,1687,0,3,0.01200000000000001,131.55579
102,1615,2,1,0.088,138.79169
58,1070,2,2,0.132,125.97569
28,1048,3,1,0.088,128.92456
110,641,1,2,0.132,114.78528
92,852,3,3,0.1,128.09807
51,248,2,2,0.132,120.180305
91,1919,3,1,0.088,126.22822
70,722,3,1,0.088,118.48468
13,1721,3,2,0.132,124.4123
71,1207,0,1,0.088,143.63503
36,485,0,1,0.088,130.39789
56,1132,1,1,0.088,124.54551
83,580,3,2,0.132,127.33954
24,475,0,2,0.132,124.61547
0,184,3,1,0.088,119.88112
16,367,3,1,0.088,140.95721
0,609,2,3,0.01200000000000001,118.59826
59,1631,3,3,0.154,124.05435
23,134,1,1,0.088,126.48271
93,1159,2,3,0.1,115.12867
89,1952,2,1,0.088,145.16267
74,1580,2,2,0.132,131.7145
16,175,1,3,0.1,132.65738
70,1688,1,3,0.026353196863140138,117.73856
32,558,1,1,0.088,129.41837
48,496,0,2,0.132,131.38007
62,240,1,1,0.088,118.71686
54,1599,0,1,0.088,145.07932
75,1500,0,1,0.02957088101455324,125.43285
9,223,0,2,0.034826232506964594,123.11301
112,363,2,1,0.088,120.8167
92,1624,0,2,0.132,129.11934
37,126,0,2,0.061072338853768615,129.05522
112,1211,2,3,0.154,117.7302
89,919,1,2,0.03526109441442837,147.05455
24,272,1,2,0.132,127.488594
16,569,1,1,0.0008731098729949927,133.33192
42,1396,2,2,0.132,124.87838
82,100,1,2,0.09064148883768297,131.85594
58,1953,1,3,0.1,125.68926
20,254,0,2,0.132,140.82375
62,1605,1,2,0.132,122.32852
49,730,1,3,0.154,116.54482
14,769,3,2,0.132,141.10828
63,997,0,2,0.132,126.32983
30,1644,0,1,0.088,117.665215
74,1999,2,2,0.132,132.97716
46,1512,1,3,0.1,123.14752
54,1602,0,1,0.014666339936142359,139.63535
19,1347,1,1,0.06607975387209122,128.4612
17,1116,0,1,0.088,133.6914
63,469,3,2,0.132,129.87944
8,631,0,3,0.03146416275128852,125.211426
52,92,0,3,0.1,114.484276
58,810,2,1,0.088,126.077385
97,1507,3,3,0.08274617442954824,129.35425
95,2028,1,1,0.088,133.58998
82,1812,0,3,0.061747236086377943,128.33775
23,460,0,1,0.088,103.38578
43,929,2,1,0.07121229506827423,125.62285
18,427,3,1,0.06655871044113149,127.445625
36,430,3,0,0.10396977077511951,120.25458
97,97,0,2,0.10034271795484428,129.3019
37,96,2,3,0.12117359674046982,inf
82,674,1,0,0.01208765532158379,129.00064
92,1324,2,2,0.132,132.3406
16,1487,3,1,0.088,138.53506
92,1750,0,1,0.088,128.55225
0,1700,0,2,0.132,123.501205
12,348,0,1,0.026827662682993886,110.969284
31,1174,2,3,0.154,116.35624
26,1313,0,0,0.0850052096517839,121.3624
82,1530,3,3,0.053862756342030665,131.20612
103,1859,3,3,0.016619798588501045,139.04727
28,319,1,0,0.154,106.76278
52,1561,0,2,0.132,116.03992
97,795,0,2,0.132,127.2884
28,315,2,3,0.154,106.22739
16,1739,2,3,0.154,130.59496
95,1682,1,2,0.132,135.42186
36,759,1,2,0.132,128.41153
102,453,3,2,0.132,inf
102,1027,0,0,0.1420777325362065,133.94492
62,154,0,2,0.010408916119742484,123.12361
18,147,0,3,0.154,119.28112
16,66,0,0,0.006644657623270045,124.698555
32,22,0,1,0.088,129.44215
52,1560,2,2,0.132,116.912025
14,233,2,2,0.132,139.05354
99,862,1,3,0.099971899591663,125.85361
62,477,1,1,0.088,121.75651
15,507,1,1,0.088,131.41943
25,857,1,3,0.154,128.21265
3,1534,3,2,0.02499110144587352,150.27643
58,1606,2,1,0.088,126.03927
77,536,3,1,0.088,121.22921
62,90,0,0,0.154,118.29218
23,1843,3,3,0.154,110.45948
11,1806,0,1,0.088,140.4303
16,284,2,2,0.04557530483191097,140.48529
32,960,1,1,0.088,129.90234
112,152,2,3,0.03367068396970957,117.51672
97,1936,2,0,0.026416898843444225,121.48738
34,1271,2,0,0.10105636069672991,112.8464
106,1669,1,3,0.01200000000000001,137.36707
83,290,2,2,0.07093529979569985,122.695114
95,1266,2,0,0.154,125.858505
3,1193,2,3,0.07967618552453354,147.61444
42,1027,3,3,0.14279125175310628,122.47742
52,1845,0,0,0.154,111.25714
32,1105,2,3,0.154,123.236885
92,1165,2,0,0.154,126.654366
77,1286,1,0,0.04465500766214159,117.00041
66,1186,1,1,0.088,129.78236
32,145,3,1,0.088,126.530975
93,781,0,3,0.1,115.86948
75,1184,0,1,0.088,125.80225
20,755,0,2,0.132,140.1199
59,1795,2,1,0.088,132.4959
32,1530,2,2,0.132,131.44942
52,1641,3,0,0.154,112.84413
52,746,2,2,0.132,117.75776
34,66,2,2,0.132,112.91914
48,801,2,2,0.0003688771995573603,132.23567
28,1684,3,2,0.132,128.97798
31,705,0,2,0.132,123.209015
25,1853,0,2,0.132,145.38913
28,1303,2,2,0.132,125.784904
24,991,0,3,0.1,124.64873
112,230,3,1,0.088,116.66273
16,1494,0,1,0.088,138.01758
59,1896,0,2,0.132,156.6049
28,251,0,2,0.1007952061596098,136.01772
59,557,3,1,0.088,144.07535
66,1134,3,2,0.132,130.98074
33,1781,3,1,0.088,124.136604
33,348,2,3,0.154,115.673035
71,845,2,2,0.132,136.55708
92,1595,3,3,0.1,128.25562
26,1950,2,2,0.0723233211947305,130.59761
103,1061,3,2,0.132,146.58047
56,767,3,2,0.05118858661299047,120.95823
8,369,1,3,0.1,125.75129
52,681,3,1,0.088,117.31963
52,877,1,1,0.088,110.40229
68,1455,0,2,0.132,139.15538
42,1080,2,2,0.132,126.88857
51,456,2,2,0.132,121.819664
59,473,3,1,0.088,127.7161
61,1723,0,3,0.032608825286099236,133.64351
56,1651,0,2,0.132,124.829994
89,1795,2,3,0.154,136.07442
52,2032,1,1,0.088,117.62118
52,1465,0,0,0.154,110.898735
68,1843,0,0,0.0897920684146504,124.66501
52,303,2,2,0.132,121.544945
77,1759,0,3,0.154,118.92202
58,1743,0,0,0.10654470113086378,123.26073
24,1417,1,3,0.1,123.20804
95,424,3,2,0.132,138.81995
49,1753,3,1,0.05385202385828641,116.86789
52,1641,1,3,0.154,112.84413
115,929,1,3,0.02189193548831664,124.018005
89,755,1,1,0.088,140.21808
46,14,3,1,0.088,126.188484
16,1293,3,1,0.088,138.10725
36,1743,3,3,0.10600516891434755,122.166916
24,1510,2,1,0.088,125.950134
16,1715,2,3,0.154,131.66139
74,256,3,1,0.088,139.38782
58,1363,2,3,0.1,125.68419
25,113,3,1,0.088,143.81183
17,1282,3,3,0.03697636206531696,128.81657
70,365,0,2,0.132,120.07444
80,169,3,2,0.132,102.014656
52,1766,2,1,0.088,111.18428
87,1172,1,2,0.09160578050036328,129.3944
114,4,0,3,0.1,133.05954
59,1452,2,2,0.132,145.51007
11,1930,2,0,0.029837356501883294,133.40001
52,207,1,2,0.132,124.88583
4,1573,3,1,0.08410926978360035,122.03762
29,72,0,1,0.088,124.69909
92,852,1,2,0.132,128.09807
16,1620,3,1,0.088,124.46699
61,1872,0,2,0.132,139.41785
24,450,1,1,0.088,124.02645
44,1667,3,2,0.132,137.72528
15,1370,0,2,0.132,133.26367
16,1151,0,2,0.132,142.51524
54,1942,1,0,0.0608386779065907,132.94432
32,766,1,1,0.088,130.71188
24,1869,2,1,0.088,126.30242
52,482,3,3,0.1,114.046364
23,1301,3,1,0.088,118.76208
16,1569,3,2,0.132,139.63419
92,1832,0,2,0.132,128.6697
62,147,3,0,0.154,117.260254
46,1136,2,1,0.06018695131368115,125.57061
97,528,2,1,0.088,129.37517
82,1169,1,1,0.08019364023239578,139.19876
32,1901,1,3,0.13424414629976658,127.85046
52,1689,1,2,0.132,114.96037
33,1567,3,3,0.154,115.87423
97,1104,0,2,0.132,139.16194
95,1549,2,2,0.132,134.60698
24,448,2,1,0.088,124.111465
28,1936,3,3,0.154,109.49083
16,312,3,1,0.088,138.61067
83,631,0,3,0.11071766389491916,121.19395
92,336,0,2,0.132,128.52852
102,1279,3,1,0.088,141.78163
36,1977,0,2,0.132,125.321396
77,1348,1,3,0.154,118.19152
71,356,3,2,0.132,134.44861
105,62,0,2,0.132,159.73328
82,1921,0,3,0.01200000000000001,132.8016
52,1021,0,3,0.1,113.9959
52,414,2,1,0.088,116.36569
106,1160,0,2,0.1231044779305197,147.53766
17,1489,0,1,0.036139281899089215,133.46988
18,1105,3,0,0.035185303900940795,115.46425
82,10,3,1,0.088,135.93405
105,1830,3,2,0.132,142.38464
23,2002,3,1,0.088,103.559586
97,801,2,2,0.13163112280044265,132.01765
24,1170,0,1,0.088,132.68695
62,1141,3,1,0.088,123.12361
71,1545,0,1,0.06591009268455314,125.43895
3,1713,1,1,0.088,147.02338
59,1255,2,2,0.132,123.40805
4,1027,0,1,0.088,120.92668
89,1731,3,2,0.132,148.85136
38,1753,1,0,0.08870175973548466,122.675026
107,1413,3,1,0.08158897967340978,124.612305
24,1147,3,2,0.132,122.84561
89,445,0,3,0.1,141.51338
103,854,2,1,0.088,134.9759
52,1191,3,3,0.154,113.214836
23,34,0,1,0.088,108.23192
74,1999,0,1,0.088,132.97716
105,1149,1,1,0.088,130.47318
24,1202,1,1,0.088,127.7676
87,1254,3,0,0.01670154343850265,125.72235
77,924,3,1,0.088,120.10167
25,1239,3,1,0.088,142.00984
24,139,1,2,0.132,103.18281
3,260,3,0,0.154,144.91055
52,512,3,2,0.132,117.43139
97,1085,0,3,0.1,129.29138
24,1707,0,2,0.132,125.15517
52,807,2,2,0.132,118.78688
92,1324,0,1,0.088,132.3406
38,1214,0,2,0.06319334213680022,133.30722
46,1462,1,1,0.088,125.527145
49,58,3,2,0.10244923991494692,121.95406
62,896,3,0,0.0026645196333393295,118.585236
16,221,0,2,0.132,138.18773
92,1100,0,2,0.132,127.444305
58,137,0,1,0.088,127.98724
66,156,2,3,0.027345164518413206,125.51843
59,1631,2,0,0.040075492917601874,124.05435
33,492,2,1,0.04007144798923171,128.0399
105,1152,1,1,0.088,132.873
28,315,0,2,0.132,106.22739
24,47,2,0,0.154,106.25684
71,1642,2,1,0.088,138.8391
44,792,1,1,0.088,137.53108
49,1116,3,1,0.023050738413080557,124.952126
16,1268,0,1,0.088,144.13332
110,43,2,3,0.154,115.72346
107,1645,0,1,0.088,124.55036
37,340,3,1,0.07576633489384532,129.10951
3,1534,1,1,0.088,150.27643
53,359,3,2,0.132,inf
23,750,1,1,0.088,105.9593
57,505,0,0,0.07288191845450642,123.51416
0,1504,0,1,0.088,122.84295
42,1052,0,0,0.154,120.08419
16,1067,3,1,0.088,138.4938
112,1211,1,0,0.154,117.7302
17,1095,0,3,0.1,128.83815
115,1852,1,3,0.01200000000000001,126.32865
102,453,1,1,0.088,inf
92,799,3,1,0.088,132.87834
115,1141,0,2,0.132,128.27147
0,781,1,3,0.07979625822775135,118.01659
62,1596,2,2,0.132,121.89077
82,1676,1,1,0.088,134.11522
23,1843,1,2,0.132,110.45948
52,1161,3,1,0.088,125.235634
48,1238,0,3,0.01200000000000001,131.51393
24,843,0,1,0.088,126.95185
52,1229,2,2,0.132,111.899414
112,629,3,1,0.088,116.947365
61,717,3,1,0.088,133.61626
52,746,0,1,0.088,117.75776
16,1400,3,3,0.154,131.7113
22,1701,0,1,0.088,140.20164
77,1078,3,2,0.037222724390648,119.9285
3,1611,3,2,0.132,145.66856
61,1194,0,2,0.132,133.63042
4,710,3,1,0.05256143187746072,122.12718
62,630,2,3,0.154,119.26227
16,575,1,2,0.132,130.64926
85,1149,0,2,0.132,115.00466
112,230,1,0,0.062835726549453,116.66273
89,34,1,3,0.154,131.45555
36,704,2,0,0.15364526319400473,119.9189
69,1979,3,1,0.088,138.6033
105,511,2,3,0.154,131.46114
109,1747,0,2,0.13132127371435814,111.18114
62,1058,2,2,0.132,122.56578
37,96,1,0,0.042902441427487045,inf
70,1747,2,0,0.09014379336835426,116.39309
93,205,3,2,0.132,117.8882
23,581,2,0,0.04731639116405306,109.01861
25,857,0,0,0.154,128.21265
46,543,3,1,0.088,125.1895
115,1223,0,1,0.088,126.6339
34,66,0,1,0.088,112.91914
82,1901,2,0,0.14786111533252635,128.18277
115,1203,0,3,0.1,124.89844
31,1174,1,0,0.154,116.35624
89,85,3,1,0.0666946031874299,147.51056
29,1313,1,3,0.07115333421810416,116.8319
16,902,1,2,0.132,130.6266
25,1042,3,1,0.088,144.31343
32,486,0,2,0.132,130.81932
36,1598,3,1,0.088,126.359505
57,1930,3,1,0.01079394007458781,126.30503
92,1744,1,1,0.088,128.87256
3,1562,1,1,0.088,148.00163
24,1513,0,2,0.132,127.504524
52,399,3,2,0.132,118.013664
30,2027,0,2,0.132,125.35151
103,169,0,3,0.154,134.49481
24,588,3,2,0.132,128.02585
52,484,0,2,0.132,116.059425
68,1204,2,2,0.132,136.03033
7,841,2,2,0.06279294672966407,133.54143
105,511,3,1,0.088,131.46114
88,1507,2,3,0.05896763063190914,128.90033
94,704,2,3,0.154,121.432526
75,928,3,1,0.05784111505711628,127.64459
28,1823,3,1,0.088,129.92921
66,985,2,0,0.14848407212196577,122.71105
112,405,1,3,0.154,118.89717
82,1333,1,2,0.132,134.64003
1,530,1,3,0.052410530965878804,124.578735
61,1524,0,2,0.08760075929630151,133.63155
71,1576,1,0,0.154,129.24547
3,617,2,2,0.132,148.67442
33,606,0,3,0.154,121.337906
61,34,2,0,0.027302105103461566,132.35252
84,992,2,1,0.088,111.88736
49,1753,1,0,0.06529824026451533,116.86789
57,1328,2,2,0.132,133.41652
23,581,0,3,0.154,109.01861
22,802,0,2,0.132,150.40456
77,1257,2,2,0.132,119.8321
70,779,3,1,0.088,120.425705
16,1620,1,0,0.154,124.46699
66,1696,3,1,0.088,133.54762
25,1444,3,3,0.1,139.22726
66,1375,3,1,0.01765395704917308,131.98747
71,1183,2,2,0.132,135.33661
59,1076,1,1,0.088,135.93973
52,1162,3,1,0.088,118.18591
32,1655,2,3,0.154,123.66174
28,1684,0,2,0.132,128.97798
92,1110,1,1,0.088,128.25562
83,958,0,1,0.088,inf
49,1214,0,2,0.06880665786319978,128.86093
4,300,2,2,0.132,128.831
71,1779,3,2,0.132,134.48866
24,1263,1,1,0.088,124.503586
52,868,2,1,0.088,115.07239
52,1338,3,1,0.088,113.72922
87,1022,1,3,0.154,129.40524
82,501,0,2,0.132,139.31316
92,1004,3,3,0.1,127.173744
102,318,0,1,0.088,143.64948
113,1182,0,2,0.132,125.7227
62,1043,0,3,0.1,119.876076
24,1044,3,3,0.154,108.10996
80,670,2,3,0.08096768363489472,103.237785
68,194,0,1,0.088,140.58995
115,929,0,0,0.11549770940314036,124.018005
32,903,1,2,0.132,124.172585
32,1626,0,0,0.154,125.75038
15,600,1,2,0.132,133.11282
16,1569,1,1,0.088,139.63419
82,595,2,2,0.132,135.68536
48,1789,0,2,0.132,134.11978
18,920,2,1,0.08145484342384385,126.92399
61,793,3,2,0.132,133.64122
52,1435,3,2,0.132,123.98721
82,1839,1,2,0.132,138.54346
52,1493,1,1,0.088,117.21272
16,1220,1,2,0.132,140.44945
48,924,3,3,0.1,130.04832
52,383,1,2,0.132,119.42932
82,642,1,1,0.088,136.55132
46,1228,2,1,0.088,124.189476
89,1076,1,3,0.154,139.35
32,396,3,1,0.088,125.75038
43,1117,1,2,0.132,123.5299
105,72,2,2,0.07156519049413232,139.81046
29,1814,1,3,0.05111827269252062,118.74163
67,1315,2,2,0.132,123.859436
36,1286,0,3,0.14826450999836313,121.36501
52,702,3,2,0.132,119.759445
71,1393,3,1,0.088,137.13072
71,356,1,1,0.08171797302092784,134.44861
14,911,0,2,0.132,137.05121
62,888,3,1,0.088,119.533066
15,699,1,0,0.12586818896147614,128.24664
1,1942,3,2,0.132,123.4873
32,397,0,1,0.088,125.86174
82,1536,3,2,0.132,133.41524
24,1911,3,0,0.154,105.58893
13,152,2,1,0.05131182236443599,123.47581
33,1567,2,0,0.154,115.87423
0,1369,2,1,0.088,120.30306
102,1080,1,3,0.01200000000000001,136.82262
105,253,0,2,0.05105646384199147,139.69019
115,1254,1,0,0.055359846215024794,121.09066
107,223,1,2,0.132,123.76401
8,390,2,2,0.132,127.743935
59,1915,1,3,0.154,119.30005
58,1046,1,1,0.088,126.06777
24,1811,1,2,0.132,128.6236
105,179,3,0,0.154,131.32787
89,489,1,2,0.132,143.83904
1,659,2,0,0.011285363369627988,123.23794
71,674,1,3,0.154,133.05196
24,1147,1,1,0.088,122.84561
79,1162,3,3,0.1,145.9987
113,1951,0,1,0.088,125.4471
16,1851,0,2,0.132,138.11293
52,651,2,3,0.154,110.285835
71,898,3,3,0.1,136.22948
77,1356,2,1,0.088,121.5615
92,989,2,1,0.088,128.71408
102,772,1,2,0.132,140.02356
52,512,1,1,0.088,117.43139
24,272,3,2,0.132,127.488594
56,116,0,2,0.132,121.965065
34,255,2,1,0.051315312758785425,112.91914
16,312,0,1,0.088,138.61067
87,522,0,2,0.132,136.78665
14,748,1,3,0.1,133.86292
77,1634,1,3,0.154,117.50836
12,1130,3,3,0.002786585696236882,110.874954
89,1546,3,1,0.088,142.28214
83,1551,0,1,0.088,128.54823
16,1647,3,2,0.132,140.54019
99,616,0,2,0.132,135.37938
93,693,2,2,0.132,115.25421
56,631,0,2,0.046808314646922144,123.60497
113,1656,1,1,0.088,101.037994
113,126,0,2,0.07092766114623139,124.65349
69,1242,0,1,0.088,143.90509
24,1566,1,1,0.088,125.20453
7,1991,2,1,0.0025632948923995924,133.53944
94,610,0,1,0.088,131.24545
107,1961,3,2,0.132,125.36364
52,936,0,1,0.088,114.86835
91,546,1,2,0.132,128.45845
74,1943,2,2,0.132,139.6378
23,938,2,1,0.088,113.87184
106,1062,1,2,0.132,141.06049
88,1273,3,3,0.1,129.01013
16,1972,1,3,0.154,131.34901
93,1036,0,2,0.132,131.84987
56,1298,0,3,0.0828152585478773,125.09577
110,432,1,1,0.036562877110332154,118.38339
87,1554,3,2,0.132,136.05974
106,44,1,3,0.0354647189060773,137.32848
107,1340,1,2,0.132,123.97386
10,545,0,3,0.1,124.370674
69,281,0,1,0.088,144.65897
22,438,0,3,0.1,136.02892
52,1905,3,1,0.07906919551695589,125.939575
16,1697,2,1,0.088,140.31818
89,518,3,1,0.088,145.2441
109,401,2,2,0.020568563954358188,111.23325
62,630,0,2,0.132,119.26227
32,822,0,1,0.088,125.60336
93,1084,0,3,0.13792657612006767,114.32729
30,992,3,0,0.027520582406770716,107.159775
0,489,0,2,0.132,120.923416
62,1596,0,1,0.088,121.89077
13,1226,0,2,0.132,120.48227
110,704,3,2,0.132,113.294304
110,1427,2,0,0.03454661640980283,114.03287
52,833,1,3,0.154,111.75553
52,1954,3,3,0.154,110.3436
10,1537,0,1,0.02081242864169275,129.29985
16,1868,3,3,0.154,130.59154
112,629,1,0,0.09698438030239635,116.947365
93,1944,3,0,0.154,114.08553
115,1490,2,3,0.154,123.9683
16,1400,1,2,0.12200488832611955,131.7113
32,249,2,0,0.154,124.260796
18,693,0,1,0.03077501615168393,124.89097
77,1420,3,1,0.07861600373945182,119.05507
24,454,2,2,0.132,101.93009
3,1611,1,1,0.088,145.66856
74,1294,1,2,0.132,135.21689
52,541,2,3,0.1,114.38414
74,1592,0,2,0.132,139.5121
62,1490,1,2,0.132,118.71973
62,1166,1,2,0.132,127.267586
68,1836,0,2,0.08584648585900306,142.3679
66,278,2,2,0.132,133.26498
7,841,0,1,0.088,133.54143
89,990,1,2,0.132,145.0696
62,202,3,3,0.1,120.06063
19,930,1,2,0.05807261018169829,125.40093
52,1074,3,3,0.10280603921027745,113.91722
51,1018,0,2,0.132,inf
77,1849,0,0,0.154,116.33694
74,1213,1,2,0.132,132.2102
29,836,2,1,0.02008442523363152,124.64337
95,1570,3,1,0.088,131.12463
63,248,1,3,0.12280151816051066,126.20935
102,1630,3,2,0.09691907372515585,139.04358
3,614,0,1,0.088,144.80353
3,1230,3,1,0.088,152.07375
102,1615,3,2,0.132,138.79169
24,1415,3,0,0.019370504579004022,97.89254
58,1070,3,3,0.1,125.97569
15,1346,0,2,0.132,129.97227
93,1506,0,3,0.1,115.30776
24,1398,3,2,0.132,127.61131
94,1855,3,2,0.132,130.75668
89,34,0,0,0.10780333558964215,131.45555
63,963,1,1,0.088,127.71815
88,1653,0,1,0.088,132.91855
52,92,2,3,0.1,114.484276
105,511,1,0,0.154,131.46114
24,1014,2,1,0.088,123.145424
3,617,0,1,0.088,148.67442
88,115,3,3,0.1,129.08029
29,733,3,2,0.132,124.13727
32,1715,0,2,0.0068609636361984805,131.4917
61,1534,0,1,0.00844058802753861,137.87881
93,346,1,3,0.154,114.65784
66,1399,3,2,0.132,132.93518
16,79,3,1,0.088,138.29283
99,922,0,2,0.132,inf
59,1215,0,2,0.132,139.73148
0,1382,0,3,0.01200000000000001,119.41303
32,853,0,2,0.132,129.7819
24,1044,1,2,0.07161489246770925,108.10996
26,1371,3,2,0.132,129.12659
71,1113,2,2,0.11695273377126669,135.9624
52,944,1,2,0.132,117.03492
59,687,3,2,0.132,129.95512
31,1882,0,2,0.132,125.019066
22,1561,0,3,0.1,135.87631
52,92,3,1,0.088,114.484276
52,2016,1,3,0.01200000000000001,115.55853
38,1798,0,2,0.132,142.52562
16,1711,0,2,0.132,138.2382
52,1007,1,2,0.132,108.7089
105,165,1,1,0.088,133.09605
20,495,3,2,0.04748943002271683,143.80772
82,595,0,1,0.088,135.68536
77,983,2,1,0.088,118.82787
105,64,2,3,0.154,132.64482
61,793,1,1,0.088,133.64122
71,1779,1,1,0.088,134.48866
53,1313,2,2,0.132,125.87103
52,399,0,2,0.132,118.013664
62,477,3,1,0.088,121.75651
46,917,0,1,0.07120839100518697,131.14027
87,356,0,3,0.05911375604531238,129.4069
28,1426,1,2,0.132,128.86752
33,1361,3,2,0.132,129.86859
28,319,1,3,0.154,106.76278
70,1397,2,1,0.088,119.89976
52,686,0,2,0.132,113.404076
67,1315,0,1,0.088,123.859436
17,1848,2,3,0.022599592638923416,128.76129
52,274,1,3,0.01200000000000001,115.54942
54,1602,1,2,0.03462413343978965,139.63535
97,1413,3,3,0.154,127.5932
10,9,3,2,0.132,126.60454
94,734,0,1,0.088,130.95424
63,182,0,2,0.132,127.56769
25,1344,2,3,0.1,139.10065
52,621,1,1,0.088,121.15032
52,1243,0,1,0.088,114.40889
44,1889,2,3,0.01200000000000001,138.03105
42,156,1,3,0.020205474281586783,124.04914
43,929,3,2,0.10943843838130696,125.62285
61,1562,0,1,0.088,134.9025
42,779,0,0,0.022248151874781047,122.55685
74,1362,2,3,0.154,132.97716
88,1336,3,1,0.088,133.8305
70,1149,2,0,0.0014214288876535919,117.41466
92,1165,2,3,0.154,126.654366
0,1088,0,2,0.132,122.53172
112,921,1,2,0.132,121.87595
0,1284,1,3,0.01200000000000001,118.57849
63,1942,1,0,0.06400022120196577,123.33755
49,488,3,0,0.154,117.05455
4,68,2,0,0.154,118.34629
4,2020,2,1,0.088,122.3337
57,1790,3,3,0.154,126.960754
112,1114,2,1,0.088,121.93587
56,1797,2,1,0.088,123.69844
46,135,1,2,0.132,125.768684
56,1651,2,2,0.132,124.829994
105,1708,3,1,0.000973048931298931,139.7929
8,390,0,1,0.088,127.743935
52,800,0,1,0.088,115.995094
52,894,1,2,0.132,119.27938
83,116,0,0,0.048638364167904624,120.08337
26,72,2,1,0.088,126.940155
4,166,0,1,0.088,120.56815
24,139,3,2,0.132,103.18281
77,197,2,2,0.132,118.90817
28,347,1,3,0.154,110.485725
32,1304,2,1,0.088,127.648
52,1610,2,2,0.132,114.715195
32,960,2,2,0.132,129.90234
52,1465,0,3,0.154,110.898735
16,1647,1,1,0.088,140.54019
24,1648,0,2,0.132,123.50054
87,1554,1,1,0.009758794971753804,136.05974
62,1625,3,3,0.154,119.21498
42,282,1,2,0.132,127.84058
62,2024,2,1,0.088,117.626434
95,728,3,1,0.088,134.49843
24,619,0,3,0.154,121.34289
59,1915,0,0,0.154,119.30005
107,771,1,3,0.154,124.84287
89,1082,3,1,0.088,146.34326
8,1132,3,1,0.088,125.745285
63,699,3,0,0.049773278591966924,124.972275
14,372,0,2,0.132,141.16205
74,1943,0,1,0.088,139.6378
52,651,1,0,0.154,110.285835
52,1741,1,1,0.088,114.22257
110,704,1,1,0.088,113.294304
77,1634,0,0,0.1221760892727323,117.50836
28,545,2,1,0.088,125.68897
24,454,0,1,0.088,101.93009
63,699,1,3,0.154,124.972275
43,505,3,1,0.088,121.375114
109,401,0,1,0.088,111.23325
52,1689,3,2,0.132,114.96037
59,2026,2,2,0.132,125.88616
88,862,2,0,0.15273317468089295,127.34459
105,1859,0,2,0.132,137.30618
74,865,1,2,0.132,141.00089
52,637,1,2,0.132,121.20697
16,1868,1,2,0.132,130.59154
19,1413,1,2,0.022438051031952178,125.56763
6,1252,3,1,0.07479416890900634,121.413956
8,290,1,2,0.11460796268556328,126.33776
59,1425,0,1,0.088,141.69966
15,5,1,3,0.1,130.68153
62,202,1,2,0.132,120.06063
58,58,3,2,0.029550760085053085,128.08713
36,592,3,1,0.088,128.6049
113,1627,2,3,0.1,123.124275
8,1706,2,2,0.132,127.018684
44,1800,2,2,0.132,137.53108
52,1167,2,2,0.132,116.4386
52,927,1,1,0.088,123.58746
11,1113,2,3,0.1,135.55573
54,328,0,2,0.132,147.95851
24,1510,3,2,0.132,125.950134
71,1237,2,2,0.132,142.54266
93,1552,0,1,0.088,116.08947
24,1720,3,3,0.154,121.43627
44,164,0,0,0.154,137.21603
66,278,0,1,0.038479894433275236,133.26498
4,1027,2,1,0.088,120.92668
59,23,1,2,0.132,128.55214
52,1074,1,2,0.132,113.91722
52,833,0,0,0.154,111.75553
68,1308,1,1,0.02291130660117527,135.28056
31,607,1,3,0.154,120.70254
52,288,1,3,0.154,108.25175
4,569,1,3,0.154,121.7831
15,5,2,1,0.088,130.68153
92,4,2,1,0.088,128.81181
87,594,2,1,0.07958006925491706,134.1343
102,1615,1,1,0.088,138.79169
58,1070,1,2,0.132,125.97569
77,30,1,3,0.154,118.333496
28,1048,2,1,0.088,128.92456
92,852,2,3,0.1,128.09807
3,1283,0,1,0.088,151.80249
51,248,1,2,0.05847297866660778,120.180305
44,1623,1,2,0.132,137.64551
52,1021,3,1,0.088,113.9959
24,1202,3,1,0.088,127.7676
92,42,0,2,0.132,131.14636
91,1919,2,1,0.004490166361681411,126.22822
70,722,2,1,0.088,118.48468
13,1721,2,2,0.132,124.4123
80,854,3,2,0.02192900127491354,103.675934
97,1085,2,3,0.1,129.29138
26,1371,1,1,0.088,129.12659
85,659,3,3,0.12207022629295863,115.39497
38,1753,1,3,0.154,122.675026
28,816,3,2,0.132,129.89763
0,184,2,1,0.088,119.88112
0,1815,2,2,0.132,119.75321
95,738,3,2,0.132,134.23291
97,528,3,2,0.132,129.37517
66,469,2,2,0.132,128.07477
93,1159,1,3,0.1,115.12867
89,1952,1,1,0.088,145.16267
105,1395,3,1,0.088,141.32874
25,1551,2,2,0.132,143.59537
74,1580,1,2,0.132,131.7145
29,733,1,1,0.088,124.13727
16,175,0,3,0.1,132.65738
52,1675,0,0,0.154,109.5829
91,2003,1,1,0.088,122.52048
0,574,3,2,0.132,120.28348
88,1793,0,2,0.132,134.44336
112,363,1,1,0.088,120.8167
38,1463,2,2,0.132,123.50114
62,896,3,3,0.154,118.585236
67,1840,2,3,0.01200000000000001,126.37909
59,488,3,1,0.088,141.45706
88,437,3,2,0.132,134.72917
82,710,3,2,0.04297958657578782,132.67506
32,1511,1,1,0.088,129.94897
89,919,0,2,0.132,147.05455
97,858,3,2,0.132,138.66231
0,609,1,3,0.01200000000000001,118.59826
97,1085,3,1,0.088,129.29138
24,1250,3,2,0.132,125.267
16,270,3,1,0.088,139.4844
59,1631,2,3,0.154,124.05435
24,47,2,3,0.154,106.25684
92,1289,2,3,0.1,127.37829
91,992,2,0,0.07392154915322927,118.834404
103,854,3,2,0.11007099872508647,134.9759
7,1723,3,2,0.06102858192966393,133.57384
77,1172,0,1,0.030295108457187747,116.88453
46,1512,0,3,0.1,123.14752
89,445,3,1,0.03665604492758198,141.51338
52,579,2,2,0.132,118.21285
82,486,3,3,0.1,130.70108
6,2004,3,1,0.088,120.88168
97,1507,2,3,0.04103236936809086,129.35425
112,1211,1,3,0.154,117.7302
52,94,1,3,0.154,113.03174
22,312,3,3,0.1,135.8302
11,1276,3,1,0.088,140.25194
0,1895,0,2,0.132,123.22514
58,432,2,3,0.1,125.54713
10,1883,1,2,0.132,127.129234
60,929,0,0,0.01903625636126692,127.4667
92,1324,1,2,0.132,132.3406
74,1429,3,1,0.088,135.64091
16,1701,3,2,0.132,144.10661
0,1421,3,1,0.088,120.963264
43,929,1,1,0.08219725170827424,125.62285
63,662,3,1,0.088,127.27979
34,615,3,2,0.132,125.21663
32,337,3,1,0.088,129.8812
93,1316,2,1,0.088,116.23681
40,1169,0,3,0.035976976183237364,149.02412
67,546,0,2,0.132,133.07515
16,1739,1,3,0.154,130.59496
37,96,1,3,0.12328175314046982,inf
52,1560,1,2,0.132,116.912025
57,1022,3,1,0.088,127.14064
31,1708,3,1,0.08702695106870106,123.45301
99,862,0,3,0.123902323591663,125.85361
25,857,0,3,0.154,128.21265
3,1534,2,2,0.132,150.27643
89,495,0,3,0.01200000000000001,143.6576
30,859,0,2,0.132,117.45057
16,1487,2,1,0.088,138.53506
16,284,1,2,0.132,140.48529
89,254,1,2,0.132,140.87634
32,960,0,1,0.088,129.90234
61,11,0,1,0.088,135.09021
112,152,1,3,0.0361301997697096,117.51672
31,1174,1,3,0.154,116.35624
48,1238,3,1,0.088,131.51393
82,1093,2,1,0.088,134.21722
115,1137,3,1,0.088,132.4
30,1130,3,0,0.06871877437985455,106.71885
34,1271,1,0,0.11972402397672993,112.8464
62,1308,2,2,0.132,122.13566
11,1825,3,3,0.03711359868824407,135.2777
106,1669,0,3,0.0026426902733023006,137.36707
102,453,2,2,0.132,inf
83,290,1,2,0.017392037314436726,122.695114
74,273,1,1,0.088,135.31616
3,1193,1,3,0.08412673792453357,147.61444
92,839,0,1,0.088,128.9426
8,1618,3,1,0.088,128.68689
48,294,0,2,0.132,133.60263
42,1027,2,3,0.154,122.47742
30,273,0,3,0.1,114.31839
52,1572,2,0,0.154,107.89374
43,1254,2,1,0.088,121.111015
36,1078,1,2,0.132,123.63128
51,1745,0,1,0.088,120.26223
59,1740,3,2,0.132,141.69008
32,1304,0,0,0.010922921003662489,127.648
113,456,0,3,0.09324669325471333,123.70521
71,1576,1,3,0.154,129.24547
32,1530,1,2,0.132,131.44942
33,348,3,0,0.0626539377658546,115.673035
36,1848,3,1,0.088,124.715614
52,1610,0,1,0.088,114.715195
52,1641,2,0,0.154,112.84413
24,697,1,3,0.13149207998306503,122.867325
103,169,3,1,0.017231316854734974,134.49481
28,1684,2,2,0.132,128.97798
38,609,3,2,0.04635009755176828,126.13394
92,1521,0,2,0.132,138.6262
70,80,3,1,0.088,121.926025
85,401,1,2,0.0151292471333149,113.93543
18,553,0,3,0.06537423142957494,120.13478
28,1303,1,2,0.132,125.784904
62,1625,1,2,0.132,119.21498
82,1269,1,1,0.088,134.21909
33,348,1,3,0.154,115.673035
92,1595,2,3,0.1,128.25562
26,1950,1,2,0.0863988315947305,130.59761
113,1182,2,2,0.132,125.7227
32,145,2,1,0.088,126.530975
8,369,0,3,0.1,125.75129
30,1130,1,3,0.019205268069941828,106.71885
23,581,3,1,0.088,109.01861
48,976,3,2,0.008753258332540814,132.54938
52,877,0,1,0.088,110.40229
8,656,0,2,0.132,125.69976
69,1460,1,2,0.132,138.93098
42,1080,1,2,0.132,126.88857
51,456,1,2,0.132,121.819664
38,42,1,1,0.08119755173628532,128.00514
43,1105,3,0,0.1188146960990592,119.26374
22,284,0,3,0.01200000000000001,137.01233
59,473,2,1,0.088,127.7161
8,39,3,2,0.132,129.86111
31,611,0,2,0.132,136.22977
52,2032,0,1,0.088,117.62118
52,1167,0,1,0.088,116.4386
61,496,0,1,0.088,133.64233
83,136,3,1,0.088,127.17368
11,1113,0,2,0.132,135.55573
49,1753,2,1,0.088,116.86789
23,1885,2,2,0.132,108.678154
46,1114,3,3,0.1,123.41643
115,929,0,3,0.009904414535614775,124.018005
59,2026,0,1,0.088,125.88616
3,51,3,1,0.088,149.92905
42,1664,2,1,0.088,128.19168
16,1293,2,1,0.088,138.10725
36,1743,2,3,0.154,122.166916
74,1262,2,2,0.1248907929966557,132.89044
115,630,3,3,0.01146998434846569,124.539986
57,860,1,2,0.0013300211698312747,128.44083
24,1510,1,1,0.088,125.950134
16,1715,1,3,0.154,131.66139
32,1626,0,3,0.154,125.75038
74,256,2,1,0.07449190345234874,139.38782
17,1282,2,3,0.03363838442639358,128.81657
66,217,3,2,0.132,134.20633
93,730,3,0,0.154,113.01607
62,1043,3,1,0.088,119.876076
8,1327,1,1,0.088,129.27008
80,169,2,2,0.01169221952966798,102.014656
87,1172,0,2,0.132,129.3944
59,1452,1,2,0.132,145.51007
44,1800,0,1,0.088,137.53108
23,306,2,3,0.154,108.73907
4,1573,2,1,0.088,122.03762
3,946,2,2,0.132,149.28436
83,1407,1,2,0.132,128.44704
62,860,2,1,0.01958431679437489,120.24675
85,1052,3,1,0.01924078026718537,115.41738
24,1782,3,2,0.08046161174773914,122.35279
20,34,0,0,0.003785465962227591,130.72041
107,152,0,0,0.154,123.06676
16,1620,2,1,0.088,124.46699
74,1592,2,2,0.132,139.5121
24,1541,2,0,0.08590903257094204,104.03678
24,450,0,1,0.088,124.02645
44,1667,2,2,0.132,137.72528
32,766,0,1,0.088,130.71188
58,1363,1,3,0.1,125.68419
38,1473,1,2,0.132,127.89767
102,1080,3,3,0.05015828377003326,136.82262
16,98,3,3,0.154,129.21205
10,632,0,2,0.132,123.634315
83,169,2,2,0.062973676078737,120.76686
52,482,2,3,0.1,114.046364
89,86,1,0,0.11801461068478439,132.24155
11,1930,1,0,0.15172862707768342,133.40001
62,147,2,0,0.154,117.260254
46,190,3,2,0.132,127.76597
97,528,1,1,0.088,129.37517
92,2006,3,2,0.132,128.39629
32,1901,0,3,0.154,127.85046
3,500,2,2,0.132,145.1449
92,852,0,2,0.132,128.09807
24,1911,3,3,0.154,105.58893
44,1991,2,2,0.09168604938596558,139.79393
33,1567,2,3,0.154,115.87423
48,782,3,2,0.132,130.6523
52,1543,0,3,0.08393573352516218,114.68258
93,1582,0,2,0.132,124.49071
30,298,1,2,0.132,115.61144
13,1721,0,1,0.088,124.4123
74,380,3,1,0.088,136.81973
103,920,0,3,0.01200000000000001,140.20042
91,1136,0,1,0.088,129.11305
24,448,1,1,0.088,124.111465
16,312,2,1,0.088,138.61067
114,1750,0,3,0.1,133.04457
77,1981,3,1,0.088,120.03326
92,1892,2,2,0.132,130.66263
16,464,0,1,0.088,133.35417
70,248,1,2,0.07352702133339223,121.2142
85,179,0,1,0.088,116.298
77,1348,0,3,0.154,118.19152
99,922,2,2,0.132,inf
14,769,0,1,0.088,141.10828
22,481,0,1,0.088,140.29102
11,378,0,2,0.132,138.10167
32,835,3,2,0.132,145.14835
23,2002,2,1,0.088,103.559586
97,801,1,2,0.132,132.01765
52,620,3,2,0.132,116.02381
62,1141,2,1,0.08509020016890778,123.12361
59,1255,1,2,0.132,123.40805
21,576,2,3,0.12896130900470376,inf
24,1918,0,3,0.154,122.43537
22,1744,3,3,0.01200000000000001,136.36072
38,1753,0,0,0.1027785021354847,122.675026
16,263,3,1,0.06303643960821925,126.58839
88,1119,0,1,0.088,134.4277
60,860,0,3,0.02765078261175588,128.68916
19,798,3,1,0.015848862345086784,125.395615
62,873,2,2,0.132,121.385315
11,1272,2,3,0.01200000000000001,135.86816
103,854,1,1,0.088,134.9759
52,1191,2,3,0.154,113.214836
33,78,3,2,0.132,127.87298
24,904,1,2,0.132,128.63857
75,862,3,1,0.024105810935318023,123.18673
77,924,2,1,0.088,120.10167
44,1157,2,2,0.132,137.33469
93,1525,3,3,0.154,115.00581
52,579,0,1,0.088,118.21285
16,1091,3,1,0.088,141.53334
32,776,0,2,0.132,150.38034
3,1713,0,1,0.088,147.02338
97,21,1,3,0.01200000000000001,129.90463
52,807,1,2,0.132,118.78688
42,764,1,2,0.020263077920271516,129.01547
97,1222,3,2,0.132,132.78741
93,1815,3,2,0.132,117.939476
100,1530,3,3,0.04613724365796934,139.27158
49,58,2,2,0.132,121.95406
93,466,0,3,0.1,115.08451
63,659,1,0,0.016057287519860797,123.11796
71,678,3,2,0.132,139.04982
33,492,1,1,0.088,128.0399
52,539,1,3,0.1,114.02578
30,992,3,3,0.154,107.159775
105,1052,1,1,0.088,130.8977
3,260,2,0,0.14939186999867685,144.91055
110,43,1,3,0.154,115.72346
110,1427,2,3,0.154,114.03287
0,941,3,2,0.132,123.33491
52,512,2,2,0.132,117.43139
112,629,1,3,0.154,116.947365
71,103,3,1,0.088,139.62679
93,1944,3,3,0.154,114.08553
16,267,0,1,0.088,140.13809
32,249,2,3,0.154,124.260796
43,1540,3,1,0.088,121.15424
103,419,3,2,0.132,140.38217
82,853,3,3,0.154,129.79233
17,132,0,1,0.088,132.67325
115,1852,0,3,0.1,126.32865
0,205,2,2,0.132,119.66468
112,921,3,2,0.132,121.87595
102,453,0,1,0.088,inf
54,1096,3,2,0.132,140.506
92,1616,1,0,0.154,126.18172
103,953,0,2,0.132,144.83655
85,722,3,3,0.08205961682561641,116.18569
82,1676,0,1,0.088,134.11522
77,1849,0,3,0.154,116.33694
7,1273,3,2,0.132,133.57426
44,786,3,1,0.088,138.05804
99,1277,1,2,0.132,135.26292
16,1400,2,3,0.154,131.7113
24,1415,3,3,0.154,97.89254
19,1691,3,2,0.03617138407840326,131.79996
16,914,0,2,0.132,138.77147
51,1018,3,0,0.154,inf
62,553,2,1,0.088,117.878265
63,1699,1,3,0.154,126.42735
52,980,3,1,0.088,112.971054
89,34,0,3,0.154,131.45555
18,903,3,0,0.09354812489579617,116.17543
13,930,1,2,0.07392738981830171,124.87963
24,493,2,2,0.132,125.3339
27,18,2,0,0.055488074619621124,115.63248
105,511,1,3,0.154,131.46114
62,1058,1,2,0.132,122.56578
52,1728,3,2,0.132,115.090164
32,145,0,0,0.154,126.530975
3,1872,2,2,0.132,151.40892
34,1120,3,1,0.088,112.420784
0,258,1,1,0.088,117.33565
46,543,2,1,0.088,125.1895
70,417,2,1,0.088,120.03708
61,717,2,1,0.088,133.61626
59,1576,1,2,0.132,136.9058
52,2016,3,3,0.01200000000000001,115.55853
19,462,0,2,0.09282465239800805,135.6214
8,39,1,1,0.088,129.86111
82,1411,0,2,0.132,134.39384
82,889,1,3,0.154,129.7146
112,230,0,0,0.06905261489959796,116.66273
113,1201,0,2,0.132,124.94884
95,424,0,1,0.088,138.81995
16,1739,0,0,0.154,130.59496
54,1599,3,2,0.132,145.07932
112,1032,3,1,0.0006775735555639983,125.36493
103,1061,0,1,0.088,146.58047
52,399,2,2,0.132,118.013664
17,1116,3,2,0.04344169822056654,133.6914
24,588,2,2,0.132,128.02585
23,581,1,0,0.06059112269746231,109.01861
7,841,1,2,0.10032764112966402,133.54143
32,334,0,1,0.088,128.88759
0,1382,3,1,0.088,119.41303
88,1507,1,3,0.04812926963190897,128.90033
75,928,2,1,0.088,127.64459
24,1648,2,2,0.132,123.50054
82,1901,1,0,0.13657693081252634,128.18277
105,1423,0,2,0.132,141.859
82,1333,0,2,0.132,134.64003
71,1576,0,0,0.154,129.24547
83,670,1,3,0.06600512836510528,121.127396
102,1144,2,2,0.132,138.52904
58,63,2,1,0.088,127.180916
115,154,2,1,0.088,128.27147
57,1930,2,1,0.06553824492376162,126.30503
84,992,1,1,0.088,111.88736
92,1744,0,1,0.088,128.87256
107,1526,2,1,0.088,128.36705
49,1753,0,0,0.0512214978645153,116.86789
77,1257,1,2,0.132,119.8321
51,1152,0,2,0.09392416069929332,119.46376
91,1432,2,1,0.088,125.11606
33,910,1,2,0.132,124.8873
25,116,0,0,0.06476475569730988,136.34302
52,1162,2,1,0.088,118.18591
80,169,0,1,0.088,102.014656
33,474,2,2,0.132,121.36383
87,356,3,1,0.0007329504767642214,129.4069
97,44,3,2,0.01704932301445239,129.64684
0,679,3,1,0.088,121.99736
23,306,0,2,0.132,108.73907
3,946,0,1,0.088,149.28436
70,1266,3,3,0.154,119.123924
52,586,3,3,0.1,115.30518
87,1930,2,3,0.053187692239620415,128.54512
24,1263,0,1,0.088,124.503586
33,1039,1,3,0.154,120.828224
71,788,1,1,0.088,137.59717
16,1620,0,0,0.154,124.46699
24,1044,2,3,0.154,108.10996
71,1183,1,2,0.132,135.33661
48,1981,3,3,0.1,130.10661
59,1076,0,1,0.088,135.93973
62,90,3,1,0.008349792897663577,118.29218
16,98,1,2,0.132,129.21205
11,1806,3,2,0.132,140.4303
32,903,0,2,0.132,124.172585
54,594,3,1,0.088,140.03523
67,1415,3,0,0.13462949542099598,102.67819
82,595,1,2,0.132,135.68536
61,793,2,2,0.132,133.64122
42,1144,3,2,0.010684388955897295,129.4546
3,1406,3,2,0.132,150.80981
52,1435,2,2,0.132,123.98721
52,868,1,1,0.088,115.07239
105,304,0,1,0.088,146.76973
49,488,3,3,0.0783989135555764,117.05455
87,1022,0,3,0.154,129.40524
52,1493,0,1,0.088,117.21272
52,383,0,2,0.132,119.42932
82,642,0,1,0.088,136.55132
0,1084,3,3,0.0873929459833277,116.44278
24,1974,1,2,0.132,123.42275
89,1076,0,3,0.154,139.35
16,1841,2,2,0.132,141.84363
24,998,0,2,0.132,128.33495
32,396,2,1,0.088,125.75038
105,72,1,2,0.05748968009413233,139.81046
29,1814,0,3,0.12518863269252062,118.74163
51,413,3,2,0.132,125.22709
52,702,2,2,0.132,119.759445
3,1736,3,2,0.132,144.87646
16,1271,2,0,0.05294363930327009,124.66588
80,901,0,3,0.002367511634894709,103.30813
16,1220,0,2,0.132,140.44945
1,1942,2,2,0.132,123.4873
33,78,1,1,0.088,127.87298
18,1108,3,2,0.132,129.92332
75,862,1,0,0.022728264607011717,123.18673
82,1536,2,2,0.132,133.41524
25,580,2,2,0.132,142.36824
82,334,0,0,0.154,129.04504
105,1830,0,1,0.088,142.38464
109,1704,3,1,0.049649796197006074,108.842545
16,558,0,0,0.154,130.5614
24,1911,2,0,0.154,105.58893
105,1459,0,1,0.088,137.9055
52,651,3,0,0.154,110.285835
24,475,1,2,0.132,124.61547
84,401,1,1,0.02437584529918027,110.9894
88,1433,1,2,0.132,131.5185
3,1199,1,2,0.132,149.85681
95,1397,3,0,0.11375450948794871,126.43561
52,1695,1,2,0.132,116.56616
49,58,0,1,0.088,121.95406
59,1915,0,3,0.154,119.30005
82,1812,3,0,0.154,128.33775
24,1147,0,1,0.088,122.84561
51,365,2,3,0.154,119.06323
15,699,0,0,0.006775769591477798,128.24664
52,651,1,3,0.154,110.285835
71,898,2,3,0.01200000000000001,136.22948
0,289,0,3,0.154,117.00543
38,783,0,2,0.132,140.80493
92,989,1,1,0.088,128.71408
58,1754,1,2,0.132,128.63196
52,512,0,1,0.088,117.43139
77,1634,0,3,0.154,117.50836
97,1023,3,1,0.07846060676485667,129.34377
95,1262,3,1,0.014187080787651435,128.17253
26,1305,3,2,0.132,128.84041
70,985,3,1,0.0536437316966793,119.03323
113,1656,0,1,0.088,101.037994
71,678,1,1,0.088,139.04982
29,72,3,2,0.132,124.69909
54,1096,1,1,0.088,140.506
7,1991,1,1,0.026304975372399564,133.53944
107,1961,2,2,0.132,125.36364
0,971,3,3,0.1,117.81072
110,466,0,2,0.132,118.08856
106,1062,0,2,0.132,141.06049
88,1273,2,3,0.1,129.01013
16,753,0,1,0.088,144.2521
34,255,1,1,0.088,112.91914
16,1972,0,3,0.154,131.34901
66,248,0,3,0.05087704755790262,124.60636
103,419,1,1,0.06558097122596393,140.38217
103,1310,3,2,0.013403870504735793,147.65015
59,885,3,2,0.132,138.81706
87,1554,2,2,0.132,136.05974
107,1340,0,2,0.132,123.97386
24,1415,1,2,0.132,97.89254
83,901,1,1,0.088,121.00438
16,66,1,0,0.154,124.698555
8,1235,1,2,0.132,128.80894
24,1566,0,1,0.088,125.20453
8,670,0,0,0.06354635236580894,125.2539
62,1246,2,2,0.132,121.615265
82,1127,3,1,0.088,136.31854
44,164,0,3,0.09281304535297755,137.21603
32,1292,2,2,0.132,130.76149
52,1937,0,2,0.132,113.63846
89,2009,3,1,0.088,146.02103
110,704,2,2,0.132,113.294304
52,1728,1,1,0.088,115.090164
93,205,0,1,0.088,117.8882
110,1427,1,0,0.02744175948980282,114.03287
52,833,0,3,0.154,111.75553
66,1899,3,3,0.154,124.706184
112,629,0,0,0.11923210155225136,116.947365
43,423,3,1,0.088,120.51534
32,249,1,0,0.154,124.260796
20,86,3,3,0.13279018823164504,131.47495
24,454,1,2,0.132,101.93009
74,587,3,2,0.132,136.90425
115,873,0,3,0.041254338904236104,126.616196
62,553,0,0,0.03798115524543505,117.878265
82,1031,2,1,0.088,131.6893
109,401,1,2,0.03089060491435819,111.23325
28,1444,0,2,0.132,125.943
57,1825,3,1,0.088,128.34439
52,1845,1,0,0.154,111.25714
52,1402,0,2,0.132,118.49024
42,1181,0,1,0.088,128.63478
93,781,1,3,0.02020374177224865,115.86948
62,1490,0,2,0.035565578530399655,118.71973
112,1228,3,1,0.088,123.30136
89,990,0,2,0.132,145.0696
62,202,2,3,0.1,120.06063
107,994,0,3,0.154,124.202156
31,499,1,3,0.010654445920306677,122.70281
29,836,1,1,0.0011368982574753994,124.64337
28,206,1,2,0.132,108.41876
52,1349,2,1,0.088,120.1722
52,1675,0,3,0.154,109.5829
102,1630,2,2,0.132,139.04358
0,53,3,3,0.01200000000000001,118.97344
95,662,2,3,0.1,128.57625
16,1251,1,1,0.08329493832821944,124.698555
24,1398,2,2,0.132,127.61131
87,1602,2,1,0.088,133.71931
63,963,0,1,0.088,127.71815
87,1825,3,3,0.007922285441606156,130.60597
71,1545,3,2,0.09465232752089187,125.43895
110,1693,3,3,0.154,116.719604
52,92,1,3,0.1,114.484276
28,1298,1,1,0.088,125.75482
32,524,3,1,0.088,130.3232
105,511,0,0,0.030869800883290888,131.46114
59,1410,0,2,0.132,150.58333
4,748,1,2,0.132,123.776985
18,2024,1,2,0.06314189693527561,119.85236
67,232,2,3,0.10938931292587764,124.943825
103,928,0,1,0.08386434205885815,137.9528
56,1416,3,3,0.036220086044408434,122.70724
24,607,0,2,0.132,122.91296
66,1399,2,2,0.132,132.93518
91,1462,3,2,0.0670407007585741,129.1782
24,1044,0,2,0.10774925406770908,108.10996
26,1371,2,2,0.132,129.12659
34,1616,3,1,0.088,124.25191
52,944,0,2,0.132,117.03492
33,474,0,1,0.088,121.36383
39,45,0,2,0.025747281552614076,132.92088
52,1007,0,2,0.132,108.7089
68,1416,2,1,0.088,131.628
70,1266,1,2,0.132,119.123924
52,586,1,2,0.132,115.30518
3,1406,1,1,0.088,150.80981
52,1435,0,1,0.088,123.98721
53,1313,1,2,0.132,125.87103
23,1858,3,2,0.11936910449229099,132.25368
62,477,2,1,0.088,121.75651
14,155,1,3,0.1,133.36865
15,507,2,1,0.088,131.41943
59,687,2,2,0.132,129.95512
28,1426,0,2,0.132,128.86752
105,165,0,1,0.07209950717785824,133.09605
53,253,0,2,0.0014823042521408536,134.6373
61,793,0,1,0.088,133.64122
28,850,2,1,0.088,125.784904
59,0,3,1,0.088,149.00175
16,794,0,2,0.132,143.50583
68,1184,3,2,0.07481521249130196,132.22495
10,9,2,2,0.132,126.60454
24,843,3,2,0.132,126.95185
32,1031,0,1,0.088,131.99228
52,621,0,1,0.088,121.15032
83,631,1,3,0.004740071894919179,121.19395
34,1271,1,3,0.154,112.8464
105,1619,2,3,0.03756133263139819,134.79614
74,1362,1,3,0.10739746858819546,132.97716
15,1729,1,2,0.132,131.7947
52,414,3,1,0.088,116.36569
3,1736,1,1,0.088,144.87646
70,1149,1,0,0.01657121511670906,117.41466
52,1572,2,3,0.154,107.89374
105,1919,3,2,0.132,140.46762
62,240,0,0,0.154,118.71686
18,90,3,3,0.154,120.541405
77,1286,0,3,0.005735490001636867,117.00041
52,271,3,2,0.132,117.34914
28,593,1,2,0.132,128.86752
103,1950,0,2,0.040650256405269536,142.43561
57,1790,2,3,0.154,126.960754
24,272,0,1,0.088,127.488594
112,1114,1,1,0.088,121.93587
115,1223,3,2,0.132,126.6339
61,11,1,2,0.07387608238508295,135.09021
42,1396,1,1,0.088,124.87838
16,353,2,2,0.132,132.96996
33,1459,0,2,0.132,123.202126
56,1651,1,2,0.132,124.829994
18,1384,1,2,0.132,123.27808
93,1316,3,2,0.132,116.23681
109,1130,2,1,0.07088724320932335,111.075714
52,894,0,2,0.132,119.27938
61,496,2,1,0.088,133.64233
26,72,1,1,0.01868851256992085,126.940155
24,139,2,2,0.132,103.18281
85,1688,3,3,0.154,115.43688
30,1756,0,3,0.1,114.34499
4,1968,3,2,0.132,121.702965
44,122,3,1,0.088,138.60826
4,68,1,0,0.154,118.34629
36,1001,0,2,0.132,126.90465
4,2020,1,1,0.088,122.3337
97,1691,0,2,0.05736674112402787,133.75352
62,1605,0,1,0.088,122.32852
87,1172,2,2,0.027327616340363403,129.3944
16,1647,0,1,0.088,140.54019
26,1305,1,1,0.088,128.84041
42,748,3,1,0.03547577607924193,125.06758
59,885,1,1,0.088,138.81706
28,871,1,2,0.132,105.818565
91,777,2,1,0.07571822595537837,122.400925
58,1427,2,0,0.11945338359019717,121.86862
6,1875,3,1,0.01904056593873088,127.27973
42,83,2,2,0.12941611420105315,131.97928
42,282,0,2,0.132,127.84058
19,189,0,2,0.132,134.45251
74,273,2,2,0.132,135.31616
107,771,0,3,0.154,124.84287
32,1304,1,1,0.088,127.648
52,1741,0,1,0.088,114.22257
7,793,0,2,0.132,133.57213
52,1610,1,2,0.132,114.715195
110,704,0,1,0.088,113.294304
38,1473,3,2,0.132,127.89767
93,466,2,3,0.1,115.08451
3,602,3,3,0.154,145.33192
24,74,3,1,0.088,128.78444
87,1554,0,1,0.088,136.05974
107,152,0,3,0.033957344629510444,123.06676
9,152,0,2,0.03266342160300567,122.37383
36,759,0,1,0.088,128.41153
24,1541,2,3,0.154,104.03678
115,1141,1,2,0.0025144118802575832,128.27147
74,587,1,1,0.088,136.90425
52,1391,3,2,0.132,111.52421
97,1967,0,3,0.1,129.83305
11,391,3,3,0.1,135.02074
52,1689,2,2,0.132,114.96037
74,865,0,2,0.132,141.00089
42,365,3,0,0.10105560297438479,122.306366
69,1930,3,3,0.12752276565906964,132.07486
22,1689,0,3,0.01752788404766259,136.0818
32,1626,3,1,0.088,125.75038
8,290,0,2,0.132,126.33776
15,5,0,3,0.1,130.68153
71,2001,3,1,0.088,137.46375
62,202,0,2,0.132,120.06063
113,1627,1,3,0.1,123.124275
22,1485,3,3,0.01200000000000001,136.30667
88,1553,2,3,0.01200000000000001,129.2408
33,606,2,2,0.132,121.337906
49,661,3,3,0.154,116.078224
54,1858,0,1,0.07249540568894064,146.22365
59,2026,1,2,0.132,125.88616
74,598,3,2,0.132,144.32674
66,1131,3,1,0.088,128.83337
32,1400,0,2,0.132,131.41438
71,1237,1,2,0.132,142.54266
52,746,1,1,0.088,117.75776
34,66,1,1,0.088,112.91914
52,1543,3,1,0.088,114.68258
59,23,0,2,0.132,128.55214
52,1074,0,2,0.132,113.91722
22,1671,0,1,0.020621033940219066,140.50513
52,288,0,3,0.154,108.25175
92,4,1,1,0.088,128.81181
91,1156,0,2,0.132,131.63559
66,1134,2,1,0.009877827627725738,130.98074
32,1105,1,2,0.132,123.236885
28,1048,1,1,0.088,128.92456
71,845,1,1,0.088,136.55708
3,1515,1,1,0.05361121049200149,150.95676
32,397,3,2,0.132,125.86174
44,1623,0,2,0.132,137.64551
97,1669,2,2,0.132,129.59967
17,478,0,3,0.01200000000000001,129.60791
110,1693,1,2,0.132,116.719604
97,1085,1,3,0.1,129.29138
82,1901,3,0,0.154,128.18277
85,659,2,3,0.12638455877271504,115.39497
48,366,0,1,0.088,134.43143
38,1753,0,3,0.154,122.675026
1,530,2,3,0.049833895365878816,124.578735
28,816,2,2,0.132,129.89763
27,862,0,1,0.088,117.0385
51,1627,2,2,0.132,121.17086
66,469,1,2,0.132,128.07477
52,303,1,1,0.088,121.544945
3,500,3,3,0.154,145.1449
29,733,0,1,0.088,124.13727
77,30,0,3,0.154,118.333496
105,744,3,2,0.132,143.17354
69,1242,3,2,0.132,143.90509
13,1721,1,2,0.132,124.4123
11,1468,3,1,0.088,136.38858
26,1371,0,1,0.088,129.12659
100,1828,3,2,0.024629919778203446,150.58797
112,363,0,1,0.088,120.8167
62,896,2,3,0.154,118.585236
59,488,2,1,0.053921401314305034,141.45706
52,1766,1,0,0.154,111.18428
16,267,2,1,0.088,140.13809
92,1120,0,0,0.154,118.313324
32,1511,0,1,0.088,129.94897
52,207,0,1,0.088,124.88583
95,650,3,3,0.019192673076839695,127.90753
16,270,2,1,0.088,139.4844
3,1367,2,2,0.132,148.56737
99,1164,3,2,0.132,136.6811
92,1289,1,3,0.1,127.37829
3,260,2,3,0.154,144.91055
71,238,3,3,0.01200000000000001,136.89343
62,797,1,3,0.1,120.646835
52,579,1,2,0.132,118.21285
67,1840,1,3,0.1,126.37909
68,1184,1,1,0.088,132.22495
38,933,3,3,0.154,124.18922
16,1569,2,1,0.088,139.63419
18,693,3,2,0.10804023156772857,124.89097
92,1616,1,3,0.154,126.18172
1,985,3,1,0.0343562683033207,124.55547
11,1276,2,1,0.088,140.25194
91,992,1,0,0.08144433883322927,118.834404
48,1969,2,2,0.132,132.56337
58,432,1,3,0.1,125.54713
93,636,1,1,0.088,117.30064
93,1926,1,0,0.154,113.26108
44,1157,3,3,0.1,137.33469
102,1507,2,2,0.03447858887074168,136.5146
97,1553,2,2,0.0413115503241141,129.82797
3,15,2,2,0.132,144.45853
95,1549,1,1,0.088,134.60698
52,1373,2,2,0.132,125.736824
46,93,1,3,0.1,123.226974
66,2028,0,2,0.09356539077719611,131.00221
82,1542,1,3,0.1,130.88722
51,1018,3,3,0.154,inf
43,929,0,1,0.0795823439948021,125.62285
63,662,2,1,0.088,127.27979
93,1316,1,1,0.088,116.23681
19,1854,3,2,0.132,129.8515
15,819,3,1,0.088,130.83844
106,1259,0,1,0.005263540758861568,137.34236
27,18,2,3,0.14303794750135324,115.63248
105,1919,1,1,0.026458929798318542,140.46762
82,889,3,3,0.154,129.7146
68,350,1,3,0.02235376043782053,132.30843
71,391,0,2,0.132,135.40881
36,432,0,3,0.04143860858378218,124.52709
52,1560,0,2,0.132,116.912025
84,1747,0,2,0.0006787262856418619,110.953445
28,1936,2,2,0.132,109.49083
71,1812,3,3,0.11976837400023324,132.73163
62,1594,3,1,0.088,119.08078
24,1603,0,3,0.01200000000000001,125.03528
77,1849,3,1,0.088,116.33694
71,356,2,1,0.088,134.44861
82,1333,2,2,0.132,134.64003
82,1093,1,1,0.088,134.21722
32,337,2,1,0.088,129.8812
34,1271,0,0,0.154,112.8464
112,230,0,3,0.154,116.66273
33,299,2,2,0.132,124.50777
16,1739,0,3,0.154,130.59496
74,934,2,3,0.01200000000000001,134.19151
89,1662,2,2,0.132,145.98161
97,1259,2,1,0.088,129.62991
31,1708,2,1,0.06117575820261109,123.45301
8,1618,2,1,0.088,128.68689
74,1783,1,2,0.132,141.24213
24,139,0,1,0.088,103.18281
23,581,1,3,0.154,109.01861
59,1215,3,3,0.01200000000000001,139.73148
52,1572,1,0,0.154,107.89374
16,1491,0,2,0.132,138.9454
33,1059,3,1,0.088,127.303246
4,1968,1,1,0.088,121.702965
82,1901,1,3,0.019755853700233417,128.18277
71,1576,0,3,0.154,129.24547
32,1530,0,2,0.132,131.44942
24,697,0,3,0.13565126602350902,122.867325
48,801,0,2,0.132,132.23567
99,616,1,2,0.132,135.37938
31,421,1,2,0.002404519761407764,128.19719
28,1303,0,2,0.132,125.784904
62,1625,0,2,0.132,119.21498
105,1152,0,0,0.154,132.873
70,699,3,2,0.132,119.82632
82,321,0,2,0.132,136.37488
25,1416,1,3,0.154,136.81023
43,1254,1,1,0.088,121.111015
92,1985,3,1,0.088,128.98128
95,2004,0,2,0.132,127.45075
36,1078,0,2,0.132,123.63128
82,1269,0,1,0.088,134.21909
92,1595,1,3,0.1,128.25562
26,1950,0,2,0.09134974359473047,130.59761
62,2031,3,1,0.088,119.36747
53,359,2,1,0.088,inf
34,1251,3,1,0.088,112.91914
23,750,0,0,0.154,105.9593
69,1460,0,2,0.03623354529367567,138.93098
38,42,0,1,0.088,128.00514
63,2022,3,2,0.132,128.19066
25,1755,3,2,0.029070332385667974,145.55092
16,379,1,3,0.1,131.91039
52,686,3,3,0.154,113.404076
59,1933,3,1,0.088,114.03936
8,39,2,2,0.132,129.86111
16,1620,0,3,0.154,124.46699
24,1541,0,2,0.132,104.03678
3,1380,3,1,0.088,150.60272
23,1885,1,2,0.132,108.678154
23,306,3,0,0.11867470412820194,108.73907
93,1506,2,2,0.132,115.30776
61,1190,2,1,0.088,133.63399
3,51,2,1,0.088,149.92905
42,1664,1,1,0.088,128.19168
0,932,3,1,0.088,120.03891
62,1596,1,1,0.088,121.89077
71,1207,3,1,0.088,143.63503
15,521,0,0,0.154,128.21112
23,1843,0,1,0.088,110.45948
82,642,2,1,0.088,136.55132
33,1008,2,2,0.132,124.98699
24,887,3,1,0.088,125.67606
52,1229,1,1,0.088,111.899414
28,149,0,2,0.038636545371734776,126.65871
8,1327,0,1,0.088,129.27008
16,1542,0,3,0.026236927606130667,132.6499
83,901,3,1,0.088,121.00438
115,154,3,2,0.024996308680257595,128.27147
3,1611,2,1,0.088,145.66856
61,1562,3,2,0.132,134.9025
110,430,3,1,0.088,113.60811
83,1407,0,2,0.132,128.44704
62,630,1,2,0.132,119.26227
62,860,1,1,0.088,120.24675
44,1667,1,2,0.132,137.72528
75,1500,3,1,0.019863146163260764,125.43285
56,767,0,0,0.05176785867059153,120.95823
37,126,3,2,0.029459503333768622,129.05522
10,901,2,3,0.0061520695050808205,122.797226
52,1243,3,2,0.132,114.40889
20,254,3,2,0.132,140.82375
51,1627,0,1,0.088,121.17086
8,390,3,2,0.132,127.743935
63,997,3,2,0.09378550297819144,126.32983
16,558,0,3,0.154,130.5614
24,1911,2,3,0.154,105.58893
44,1991,1,2,0.09778543722596555,139.79393
97,1669,0,1,0.088,129.59967
36,1309,0,1,0.088,132.03874
0,289,2,3,0.1,117.00543
92,1624,3,2,0.132,129.11934
68,1204,1,1,0.088,136.03033
89,227,3,2,0.132,144.60948
1,530,0,2,0.132,124.578735
28,816,0,1,0.088,129.89763
62,147,1,0,0.154,117.260254
93,346,2,3,0.154,114.65784
3,500,1,2,0.132,145.1449
77,1743,3,2,0.132,117.96815
0,636,2,1,0.088,119.20838
57,1328,1,1,0.088,133.41652
97,97,3,2,0.132,129.3019
8,1501,0,1,0.088,125.69976
52,944,2,2,0.132,117.03492
52,620,2,2,0.132,116.02381
24,448,0,1,0.022359595427860868,124.111465
93,1816,3,2,0.132,115.242035
32,1655,1,2,0.132,123.66174
112,405,0,2,0.132,118.89717
92,1750,3,1,0.088,128.55225
66,248,2,3,0.0795486500394893,124.60636
23,460,3,1,0.0756495407910594,103.38578
31,1782,3,2,0.05153838825226087,120.04503
97,858,0,1,0.088,138.66231
69,427,3,1,0.02144128955886851,138.52266
42,1968,1,3,0.154,123.21315
71,1779,2,1,0.088,134.48866
1,1688,0,2,0.002165659151094901,123.26245
102,1027,3,0,0.14184542134425174,133.94492
11,1272,1,3,0.0297572879583939,135.86816
103,854,0,1,0.07740554493702678,134.9759
52,1191,1,3,0.154,113.214836
112,1644,0,2,0.132,125.69443
18,147,3,3,0.154,119.28112
16,66,3,0,0.07652226206327006,124.698555
32,22,3,1,0.088,129.44215
33,78,2,2,0.132,127.87298
44,1157,1,2,0.132,137.33469
93,1525,2,3,0.1,115.00581
52,1373,0,1,0.088,125.736824
32,57,1,2,0.132,128.36699
14,537,0,2,0.132,137.92334
105,490,1,2,0.132,139.70435
38,933,1,2,0.132,124.18922
83,1537,0,2,0.132,127.47322
15,600,0,1,0.088,133.11282
8,149,0,1,0.088,127.21964
49,58,1,2,0.132,121.95406
46,45,0,1,0.088,130.48769
52,1561,3,2,0.132,116.03992
16,263,2,1,0.088,126.58839
4,300,1,1,0.088,128.831
62,873,1,2,0.132,121.385315
82,1839,0,1,0.088,138.54346
92,1004,2,2,0.132,127.173744
24,904,0,2,0.132,128.63857
52,1845,3,0,0.154,111.25714
3,260,1,0,0.154,144.91055
110,1427,1,3,0.154,114.03287
112,629,0,3,0.154,116.947365
93,1944,2,3,0.154,114.08553
43,1117,0,1,0.088,123.5299
32,249,1,3,0.154,124.260796
36,536,1,3,0.01200000000000001,125.06305
44,1889,3,3,0.01200000000000001,138.03105
52,1710,3,1,0.088,120.543106
97,1222,2,2,0.132,132.78741
59,1425,3,2,0.132,141.69966
103,419,2,2,0.132,140.38217
57,16,3,2,0.132,127.61873
62,553,0,3,0.08862576857042506,117.878265
95,1866,2,2,0.132,132.84616
34,615,0,1,0.088,125.21663
92,615,2,1,0.088,126.699394
52,1845,1,3,0.154,111.25714
0,205,1,2,0.132,119.66468
71,678,2,2,0.132,139.04982
0,1088,1,2,0.02524427792083117,122.53172
112,921,2,2,0.132,121.87595
24,991,3,3,0.01200000000000001,124.64873
16,1494,3,1,0.088,138.01758
52,539,0,3,0.1,114.02578
30,992,2,3,0.154,107.159775
54,1096,2,2,0.132,140.506
95,467,3,3,0.1,129.64026
92,1616,0,0,0.154,126.18172
71,103,2,1,0.088,139.62679
93,661,2,2,0.132,112.53985
15,2028,0,2,0.038434609222803895,135.84885
44,786,2,1,0.088,138.05804
52,831,2,2,0.132,119.4217
100,1872,3,1,0.0049912011182786375,147.75143
31,705,3,2,0.132,123.209015
24,1415,2,3,0.154,97.89254
24,1811,0,1,0.088,128.6236
52,1465,3,0,0.154,110.898735
89,1354,0,2,0.132,153.74661
77,1759,3,3,0.154,118.92202
63,1699,0,3,0.154,126.42735
75,350,3,3,0.1,125.700264
18,1944,0,2,0.132,123.79333
24,493,1,2,0.132,125.3339
27,18,1,0,0.05757773841962113,115.63248
105,511,0,3,0.154,131.46114
70,365,3,2,0.132,120.07444
3,1872,1,2,0.132,151.40892
107,1470,2,2,0.132,125.550446
34,1120,2,1,0.088,112.420784
46,543,1,1,0.088,125.1895
61,1723,3,3,0.003235495986099318,133.64351
28,871,3,2,0.132,105.818565
46,1211,2,0,0.023242400467458235,121.25321
82,1031,3,2,0.12837172164380195,131.6893
107,994,3,1,0.088,124.202156
54,131,3,3,0.1,137.5662
52,980,2,1,0.088,112.971054
19,795,1,1,0.088,125.22288
0,1717,1,3,0.005513827059962367,118.86352
102,772,0,1,0.04522220413138353,140.02356
27,767,0,2,0.03615533885766964,116.48891
53,359,0,0,0.1293742460787135,inf
48,1568,3,1,0.088,131.47488
88,562,1,1,0.088,130.75972
16,99,1,2,0.04931164274579214,139.86102
106,44,0,2,0.0585844073750279,137.32848
102,866,2,1,0.088,137.46921
93,693,1,1,0.088,115.25421
92,1832,3,2,0.132,128.6697
18,737,3,1,0.088,130.35582
8,39,0,1,0.088,129.86111
22,1624,0,3,0.1,136.23753
102,1144,1,2,0.132,138.52904
115,154,1,1,0.022399239031092227,128.27147
57,1930,1,1,0.033032645594587656,126.30503
85,348,3,0,0.0913460622341454,113.74469
107,1526,1,1,0.088,128.36705
91,1432,1,1,0.088,125.11606
51,529,2,2,0.132,120.22916
33,910,0,2,0.11323945438550653,124.8873
62,191,0,1,0.088,129.43742
16,1868,2,2,0.132,130.59154
75,928,1,1,0.088,127.64459
10,901,0,2,0.132,122.797226
8,1706,3,2,0.132,127.018684
33,474,1,2,0.132,121.36383
36,1977,3,2,0.132,125.321396
74,2004,2,1,0.088,131.59996
97,44,2,2,0.132,129.64684
85,2003,2,2,0.058570340215419375,121.20521
70,1266,2,3,0.154,119.123924
70,1149,3,0,0.10010198712364121,117.41466
87,1930,1,3,0.040714202189395976,128.54512
74,1294,0,1,0.08788963534334232,135.21689
33,1039,0,3,0.154,120.828224
71,788,0,1,0.088,137.59717
33,1287,0,2,0.132,130.46216
52,541,1,2,0.132,114.38414
62,1166,0,1,0.088,127.267586
52,1954,2,2,0.132,110.3436
92,1624,1,1,0.088,129.11934
52,1162,1,1,0.088,118.18591
4,1027,3,1,0.088,120.92668
16,98,0,2,0.132,129.21205
54,1779,0,3,0.1135680614210739,135.51866
89,227,1,1,0.088,144.60948
92,336,3,2,0.132,128.52852
4,1621,1,2,0.132,123.490685
54,594,2,1,0.008419930745082932,140.03523
62,240,0,3,0.154,118.71686
52,586,2,3,0.01200000000000001,115.30518
3,1406,2,2,0.132,150.80981
52,1435,1,2,0.132,123.98721
114,989,0,3,0.1,133.05385
23,34,3,1,0.088,108.23192
74,1999,3,1,0.088,132.97716
49,488,2,3,0.154,117.05455
28,850,3,2,0.132,125.784904
40,239,0,2,0.020244301235446932,153.75908
93,1876,2,2,0.132,116.03051
51,1745,3,2,0.132,120.26223
20,445,3,2,0.132,141.50781
24,1707,3,2,0.132,125.15517
24,1974,0,2,0.132,123.42275
6,1294,0,2,0.06672193548666311,125.478294
93,1816,1,1,0.088,115.242035
16,1841,1,2,0.132,141.84363
38,1214,3,2,0.132,133.30722
25,9,2,1,0.088,140.24992
58,137,3,1,0.088,127.98724
19,629,3,0,0.013110974997178115,124.00835
3,1736,2,2,0.132,144.87646
93,346,0,2,0.132,114.65784
77,1743,1,1,0.088,117.96815
58,810,1,3,0.01200000000000001,126.077385
97,97,1,1,0.088,129.3019
63,521,0,3,0.154,125.10699
4,68,1,3,0.154,118.34629
33,78,0,1,0.088,127.87298
75,862,0,0,0.07110117628470045,123.18673
25,580,1,2,0.132,142.36824
107,1645,3,1,0.088,124.55036
17,43,3,0,0.045925723558218556,126.64979
109,1704,2,1,0.088,108.842545
52,1695,0,2,0.132,116.56616
16,221,3,2,0.132,138.18773
42,1052,3,0,0.154,120.08419
92,1100,3,2,0.132,127.444305
8,632,0,1,0.088,125.59624
17,1095,3,3,0.1,128.83815
105,64,1,2,0.132,132.64482
28,315,3,2,0.132,106.22739
28,545,3,1,0.0682246854707638,125.68897
63,699,2,3,0.154,124.972275
82,1812,2,0,0.154,128.33775
61,496,3,2,0.132,133.64233
51,365,1,3,0.154,119.06323
1,1942,1,2,0.132,123.4873
92,1004,0,1,0.08338457684366612,127.173744
52,1760,2,2,0.132,116.52404
71,898,1,3,0.05728988455969772,136.22948
71,1113,1,1,0.04985631215712483,135.9624
58,1754,0,2,0.132,128.63196
8,656,3,3,0.1,125.69976
0,1504,3,1,0.088,122.84295
95,1397,2,0,0.0485438208679487,126.43561
28,319,0,2,0.132,106.76278
24,47,3,3,0.154,106.25684
16,353,3,3,0.1,132.96996
33,1459,1,3,0.01200000000000001,123.202126
97,1023,2,1,0.088,129.34377
93,1815,0,1,0.088,117.939476
26,1305,2,2,0.132,128.84041
70,985,2,1,0.088,119.03323
52,274,0,2,0.132,115.54942
61,1194,3,2,0.132,133.63042
92,368,0,2,0.132,133.63474
46,1414,3,2,0.132,125.13975
71,678,0,1,0.088,139.04982
46,1644,3,1,0.088,125.5579
102,2020,2,3,0.12431838514048502,134.75952
49,591,0,1,0.07853665901174789,122.65939
61,385,2,3,0.1,133.62326
1,521,1,2,0.132,125.493904
24,912,0,2,0.132,137.96329
10,631,2,1,0.0258554748607987,122.96407
44,1889,1,2,0.132,138.03105
52,746,3,1,0.088,117.75776
34,66,3,1,0.088,112.91914
105,1781,0,1,0.010458702890768418,139.0203
103,419,0,1,0.088,140.38217
24,460,0,0,0.154,105.09681
52,831,0,1,0.088,119.4217
57,16,1,1,0.088,127.61873
88,1854,2,2,0.132,131.10046
42,1621,3,1,0.088,124.77506
92,615,0,0,0.154,126.699394
58,1606,1,3,0.01200000000000001,126.03927
112,921,0,1,0.088,121.87595
8,1235,0,2,0.132,128.80894
54,1096,0,1,0.088,140.506
107,152,3,1,0.011771088159328369,123.06676
109,1747,3,2,0.132,111.18114
24,1513,3,2,0.132,127.504524
32,100,0,1,0.008134513367604596,132.20624
68,1500,2,2,0.132,131.91673
32,1292,1,2,0.132,130.76149
25,857,3,0,0.154,128.21265
51,779,2,3,0.154,119.41651
110,1427,0,0,0.154,114.03287
19,562,3,2,0.09575699618750594,129.3223
66,1899,2,3,0.154,124.706184
61,1524,3,2,0.132,133.63155
43,423,2,1,0.088,120.51534
112,230,2,3,0.154,116.66273
62,1308,3,2,0.132,122.13566
32,249,0,0,0.154,124.260796
24,1415,0,2,0.132,97.89254
74,1252,3,1,0.013205831090993658,131.67596
52,303,3,1,0.088,121.544945
74,587,2,2,0.132,136.90425
24,1417,2,2,0.132,123.20804
82,1031,1,1,0.088,131.6893
75,350,1,2,0.013384334499574768,125.700264
57,1825,2,1,0.088,128.34439
52,980,0,0,0.1272151347874735,112.971054
52,484,3,2,0.132,116.059425
56,656,3,1,0.009485107532685305,124.46449
28,347,0,2,0.132,110.485725
113,456,1,3,0.01327328126738292,123.70521
38,426,0,1,0.088,132.50285
82,1093,3,1,0.088,134.21722
92,1120,2,0,0.154,118.313324
28,206,0,2,0.132,108.41876
83,958,3,1,0.088,inf
52,1349,1,1,0.088,120.1722
33,606,3,3,0.154,121.337906
88,1119,3,2,0.132,134.4277
95,662,1,3,0.1,128.57625
99,18,2,1,0.031049413210194082,124.87741
77,197,1,1,0.088,118.90817
113,1182,3,2,0.132,125.7227
52,1766,1,3,0.154,111.18428
92,1120,0,3,0.154,118.313324
110,1693,2,3,0.07777957300442781,116.719604
28,1298,0,1,0.088,125.75482
32,524,2,1,0.088,130.3232
52,1026,0,2,0.132,118.79785
89,755,0,3,0.154,140.21808
38,1384,0,3,0.08707039127767788,124.48049
48,1789,3,2,0.132,134.11978
4,748,0,2,0.132,123.776985
67,232,1,3,0.0249029069258776,124.943825
23,1301,2,3,0.020702929756463095,118.76208
87,1602,1,1,0.088,133.71931
94,976,0,3,0.007708851818775342,128.1024
52,637,0,1,0.088,121.20697
16,1868,0,1,0.088,130.59154
112,135,0,2,0.12804877007211857,126.07094
19,531,0,2,0.132,129.75737
8,1706,1,1,0.088,127.018684
109,348,0,3,0.05740117903849706,111.141624
44,1800,1,1,0.088,137.53108
52,1167,1,1,0.088,116.4386
82,1921,1,2,0.132,132.8016
53,836,3,1,0.05906144489165466,133.8838
70,1266,0,2,0.132,119.123924
14,911,3,2,0.132,137.05121
52,586,0,2,0.132,115.30518
67,365,2,2,0.11092701979005135,123.66498
66,1399,1,2,0.132,132.93518
3,1406,0,1,0.088,150.80981
25,174,0,2,0.132,144.17628
46,1057,0,1,0.088,127.60258
0,1339,1,2,0.06888634860761722,120.368515
53,1313,0,2,0.132,125.87103
14,155,0,3,0.1,133.36865
48,1172,3,0,0.09404437056726767,127.250854
24,1720,2,2,0.132,121.43627
16,267,3,2,0.132,140.13809
19,11,1,2,0.025523061363986854,128.93262
17,132,3,2,0.132,132.67325
89,254,2,2,0.132,140.87634
49,1284,0,2,0.12397950600619406,120.80793
57,1254,2,0,0.0507171973049752,123.23664
58,1070,0,1,0.088,125.97569
105,1149,2,0,0.13255290268329092,130.47318
28,850,1,1,0.088,125.784904
89,23,2,0,0.154,132.31386
68,1184,2,2,0.132,132.22495
82,22,0,0,0.1015695026439927,129.50833
87,522,3,2,0.132,136.78665
34,1271,0,3,0.154,112.8464
95,738,2,1,0.088,134.23291
4,569,0,2,0.132,121.7831
16,221,1,1,0.088,138.18773
105,1619,1,3,0.05582020829515369,134.79614
74,1362,0,3,0.154,132.97716
3,1736,0,1,0.088,144.87646
19,1692,0,2,0.132,133.1962
9,930,0,1,0.088,123.63986
113,126,3,2,0.08238989268915714,124.65349
113,1951,3,1,0.088,125.4471
52,1572,1,3,0.154,107.89374
16,1851,3,2,0.132,138.11293
114,1267,0,3,0.1,133.05643
93,1926,2,1,0.088,113.26108
18,90,2,3,0.06284917952826496,120.541405
52,936,3,1,0.088,114.86835
3,15,3,3,0.154,144.45853
28,593,0,2,0.132,128.86752
18,1108,0,1,0.088,129.92332
0,574,2,1,0.088,120.28348
97,460,3,0,0.09596385076725159,114.926186
56,116,3,2,0.132,121.965065
56,545,1,1,0.031224919512993388,124.99694
38,1463,1,1,0.088,123.50114
105,1814,3,1,0.088,133.78523
33,546,2,2,0.11517454295068377,128.73235
23,750,2,0,0.10302174339875883,105.9593
92,1892,3,2,0.132,130.66263
30,1130,2,3,0.015755013469941903,106.71885
57,1790,1,3,0.154,126.960754
0,1815,1,1,0.088,119.75321
83,1551,3,1,0.088,128.54823
56,1298,3,3,0.04649646748768832,125.09577
61,1199,0,1,0.020087474013320283,137.73203
0,609,0,2,0.11693938655726421,118.59826
24,1250,2,1,0.088,125.267
59,1631,1,2,0.132,124.05435
105,1152,0,3,0.154,132.873
105,1149,0,3,0.154,130.47318
25,817,3,1,0.018132105096613255,143.44608
16,353,1,2,0.132,132.96996
44,792,0,3,0.1,137.53108
22,438,3,3,0.1,136.02892
15,1729,0,2,0.132,131.7947
109,1130,1,1,0.07868301888932336,111.075714
61,496,1,1,0.088,133.64233
32,822,3,1,0.088,125.60336
10,116,0,0,0.04059688013478549,121.4931
52,1760,0,1,0.088,116.52404
23,750,0,3,0.154,105.9593
62,1596,3,1,0.088,121.89077
44,122,2,1,0.088,138.60826
89,966,2,2,0.132,146.21445
13,1226,3,2,0.132,120.48227
97,1507,1,2,0.09285331888641227,129.35425
112,1211,0,2,0.132,117.7302
102,128,0,1,0.088,144.98819
112,1114,0,1,0.088,121.93587
21,576,3,3,0.10360026550470375,inf
52,1229,3,1,0.088,111.899414
42,1396,0,1,0.088,124.87838
42,866,0,1,0.088,127.86517
18,1384,0,2,0.132,123.27808
26,1305,0,1,0.088,128.84041
42,748,2,1,0.06355132553818088,125.06758
59,885,0,1,0.088,138.81706
91,777,1,1,0.037802407875378335,122.400925
58,1427,1,0,0.12655824051019718,121.86862
23,306,3,3,0.154,108.73907
3,946,3,2,0.132,149.28436
16,1409,0,2,0.132,139.10027
93,1084,3,3,0.0666070540166723,114.32729
107,1433,0,2,0.132,129.23674
58,1848,2,2,0.07470570347809291,125.70428
74,1592,3,2,0.132,139.5121
26,1619,3,3,0.06297900148402646,123.40469
24,1541,3,0,0.154,104.03678
52,1901,1,0,0.01742306918747366,112.049225
95,1635,0,2,0.132,137.59506
38,1473,2,2,0.132,127.89767
93,466,1,3,0.1,115.08451
10,632,1,2,0.132,123.634315
34,263,0,1,0.088,114.95884
0,1261,0,1,0.088,124.80726
3,602,2,3,0.154,145.33192
3,614,3,1,0.088,144.80353
16,902,2,1,0.088,130.6266
37,96,0,2,0.132,inf
52,1391,2,2,0.132,111.52421
61,1190,3,2,0.132,133.63399
74,1909,2,2,0.132,137.89177
88,1653,3,1,0.088,132.91855
99,1277,2,2,0.132,135.26292
31,1174,0,2,0.132,116.35624
3,617,3,1,0.088,148.67442
62,1308,1,1,0.06508869339882473,122.13566
49,137,2,1,0.019452787809962263,121.91355
88,1553,1,3,0.01200000000000001,129.2408
24,1541,1,3,0.154,104.03678
33,606,1,2,0.132,121.337906
15,1346,3,2,0.132,129.97227
74,587,0,1,0.088,136.90425
14,233,0,1,0.088,139.05354
3,1193,0,2,0.132,147.61444
11,391,2,3,0.1,135.02074
103,836,1,3,0.01200000000000001,138.15752
99,922,3,2,0.132,inf
93,1506,3,3,0.1,115.30776
52,681,0,2,0.132,117.31963
52,1176,3,1,0.088,112.554474
32,853,3,2,0.132,129.7819
59,1740,2,1,0.088,141.69008
89,34,3,0,0.09483667360952475,131.45555
15,1412,3,2,0.132,132.03606
89,86,0,3,0.05622763460879937,132.24155
89,1914,0,2,0.132,148.59618
89,313,0,2,0.132,149.27333
16,284,0,1,0.088,140.48529
63,126,1,2,0.06027510842203859,128.8238
28,1684,1,1,0.088,128.97798
22,1561,3,3,0.09323241066676265,135.87631
113,1627,0,3,0.1,123.124275
16,1711,3,2,0.132,138.2382
83,958,1,0,0.154,inf
82,595,3,1,0.088,135.68536
66,1134,1,1,0.08597297961695757,130.98074
32,1105,0,2,0.132,123.236885
29,1313,3,0,0.0533505505482161,116.8319
113,1182,1,1,0.030669595411147693,125.7227
97,1669,1,2,0.132,129.59967
80,670,3,2,0.054439944654754435,103.237785
71,1237,0,2,0.132,142.54266
52,383,2,1,0.088,119.42932
30,1875,0,3,0.014592222161355528,114.59889
48,976,2,1,0.04924240687556983,132.54938
38,1475,0,2,0.132,142.72044
51,456,0,1,0.088,121.819664
85,659,1,3,0.109285067972715,115.39497
10,670,3,2,0.029601117988282855,122.95155
67,1315,3,1,0.088,123.859436
42,764,2,2,0.008669127283117029,129.01547
36,1693,2,3,0.015520657204111166,122.92398
52,1338,2,3,0.154,113.72922
51,1627,1,2,0.132,121.17086
66,469,0,2,0.11608626938785743,128.07477
52,303,0,1,0.088,121.544945
110,1363,3,1,0.05784676055033214,118.746765
105,744,2,2,0.132,143.17354
71,845,0,1,0.088,136.55708
46,479,2,1,0.088,124.84027
3,1515,0,1,0.088,150.95676
15,988,0,2,0.10347643058429662,137.6984
6,2004,0,3,0.04825308341180465,120.88168
23,1301,0,2,0.132,118.76208
1,1688,3,0,0.09927140099639033,123.26245
94,734,3,1,0.088,130.95424
92,1110,0,3,0.1,128.25562
42,911,1,2,0.132,129.57089
42,1080,0,1,0.088,126.88857
16,267,1,1,0.088,140.13809
33,993,3,1,0.088,126.282074
28,816,1,2,0.132,129.89763
59,1452,0,1,0.088,145.51007
3,1367,1,2,0.132,148.56737
0,1926,0,0,0.03889212784972679,115.41633
3,260,1,3,0.154,144.91055
112,1512,1,2,0.132,121.16969
0,1088,3,2,0.132,122.53172
22,1892,0,3,0.01200000000000001,137.4456
92,99,1,2,0.08268835725420787,129.57759
23,1858,0,1,0.015504594311059355,132.25368
46,1526,0,3,0.01200000000000001,123.928276
16,1180,0,2,0.132,144.27061
62,797,0,3,0.1,120.646835
67,1840,0,3,0.1,126.37909
52,1766,0,0,0.154,111.18428
38,933,2,3,0.154,124.18922
62,888,2,3,0.1,119.533066
92,2006,2,1,0.088,128.39629
92,1616,0,3,0.154,126.18172
89,489,2,1,0.088,143.83904
83,116,3,0,0.0314297003879046,120.08337
62,553,3,1,0.088,117.878265
13,152,1,3,0.04288887160077995,123.47581
93,1926,0,0,0.11510787215027321,113.26108
97,1553,1,2,0.132,129.82797
3,15,1,2,0.132,144.45853
62,1594,1,3,0.154,119.08078
33,1130,1,0,0.040450776734667765,115.823875
52,1373,1,2,0.132,125.736824
52,482,1,2,0.132,114.046364
16,1841,3,2,0.132,141.84363
92,1780,0,2,0.132,140.32793
58,1046,0,3,0.1,126.06777
105,179,2,2,0.132,131.32787
36,1953,2,1,0.088,124.67632
52,1465,3,3,0.154,110.898735
82,1542,0,3,0.07376307239386934,130.88722
36,1286,2,0,0.07786072441785838,121.36501
58,478,1,2,0.132,126.62587
52,800,3,1,0.088,115.995094
94,430,0,0,0.011316544483256447,121.84189
93,1316,0,1,0.088,116.23681
15,819,2,1,0.088,130.83844
48,1969,1,2,0.132,132.56337
27,18,1,3,0.1447947445013532,115.63248
4,166,3,1,0.088,120.56815
105,1919,0,1,0.088,140.46762
91,1526,0,1,0.06899538225220266,126.905716
82,889,2,3,0.154,129.7146
4,68,3,3,0.154,118.34629
48,782,2,1,0.08330799205382614,130.6523
88,479,1,1,0.045677374678771865,131.97064
52,271,0,1,0.088,117.34914
46,317,0,2,0.132,134.21732
89,1546,2,3,0.1,142.28214
28,1936,1,2,0.132,109.49083
46,93,0,3,0.1,123.226974
59,1255,0,1,0.088,123.40805
71,1812,2,3,0.154,132.73163
34,654,0,1,0.088,132.59103
92,1892,1,1,0.08190681044366627,130.66263
21,576,1,2,0.0893445964409425,inf
70,248,0,1,0.088,121.2142
77,1634,3,0,0.154,117.50836
83,670,2,3,0.07303231636510528,121.127396
58,63,3,1,0.088,127.180916
33,299,1,2,0.132,124.50777
23,938,1,3,0.154,113.87184
70,1899,3,1,0.006119318906615073,121.267815
103,928,3,2,0.08399832363803789,137.9528
59,1915,3,0,0.154,119.30005
74,934,1,3,0.1,134.19151
32,822,1,0,0.154,125.60336
31,1708,1,1,0.08543838664255032,123.45301
71,674,3,0,0.154,133.05196
105,1859,3,2,0.132,137.30618
74,1783,0,2,0.132,141.24213
52,1572,0,0,0.154,107.89374
4,1968,0,1,0.088,121.702965
97,21,0,2,0.132,129.90463
13,1226,1,1,0.088,120.48227
33,910,2,2,0.132,124.8873
16,1067,0,2,0.132,138.4938
10,1651,0,3,0.1,124.197845
52,807,0,1,0.088,118.78688
52,1695,2,2,0.132,116.56616
91,1830,2,2,0.132,128.072
33,474,3,2,0.132,121.36383
31,421,0,2,0.132,128.19719
70,699,2,2,0.132,119.82632
89,1662,1,2,0.132,145.98161
25,1416,0,3,0.12008438795559156,136.81023
110,43,0,2,0.132,115.72346
52,1161,0,2,0.132,125.235634
92,1985,2,1,0.088,128.98128
71,788,2,1,0.088,137.59717
83,995,3,3,0.05756614704485452,122.442314
62,2031,2,1,0.088,119.36747
53,359,1,1,0.088,inf
77,1420,2,3,0.048441764952661226,119.05507
44,164,3,0,0.154,137.21603
88,562,2,2,0.04742798517046504,130.75972
63,2022,2,2,0.132,128.19066
49,1926,3,1,0.088,116.871155
97,115,2,2,0.132,129.56483
52,833,3,0,0.154,111.75553
59,1933,2,1,0.088,114.03936
19,795,2,2,0.132,125.22288
92,1659,1,2,0.132,129.94183
110,641,3,2,0.132,114.78528
17,439,0,2,0.132,132.58995
3,1283,3,1,0.088,151.80249
93,1506,1,2,0.132,115.30776
61,1190,1,1,0.088,133.63399
52,1176,1,0,0.154,112.554474
93,1552,3,1,0.088,116.08947
14,1615,0,2,0.132,138.03612
34,1251,2,1,0.088,112.91914
15,1412,1,1,0.088,132.03606
33,1008,1,2,0.132,124.98699
52,1229,0,1,0.088,111.899414
112,224,3,1,0.088,122.56635
99,1277,0,1,0.088,135.26292
16,379,0,3,0.154,131.91039
8,1975,0,2,0.132,127.71907
113,1770,0,2,0.132,126.323944
83,901,2,1,0.088,121.00438
23,134,3,1,0.088,126.48271
16,175,3,3,0.1,132.65738
62,1246,3,2,0.132,121.615265
62,240,3,1,0.088,118.71686
32,1292,3,2,0.132,130.76149
74,598,0,1,0.088,144.32674
62,1058,0,1,0.088,122.56578
52,1728,2,1,0.088,115.090164
93,971,1,2,0.132,115.726105
24,1014,1,3,0.1,123.145424
110,1159,3,2,0.132,118.14562
89,919,3,2,0.132,147.05455
63,1866,0,1,0.088,132.07614
54,1656,2,0,0.007925240679603734,118.5983
32,558,3,1,0.088,129.41837
95,662,3,3,0.03144311781021178,128.57625
75,862,0,3,0.022209771906983783,123.18673
44,1991,0,2,0.132,139.79393
19,1347,3,1,0.088,128.4612
52,399,1,1,0.088,118.013664
103,733,0,3,0.01200000000000001,139.93584
36,1363,3,1,0.0022377828611481188,124.69154
0,289,1,3,0.1,117.00543
94,515,0,1,0.088,133.31833
92,1624,2,2,0.132,129.11934
37,126,2,2,0.021751671780869564,129.05522
89,227,2,2,0.132,144.60948
51,156,0,2,0.04830762477687717,121.1163
71,1779,0,3,0.0404319385789261,134.48866
62,1605,3,2,0.132,122.32852
49,730,3,3,0.154,116.54482
99,1164,0,1,0.088,136.6811
7,347,0,0,0.033920026456477376,125.94222
63,997,2,2,0.12501296453085387,126.32983
92,284,2,2,0.08642469516808904,130.32674
0,1895,3,2,0.132,123.22514
77,1743,2,2,0.132,117.96815
68,1032,1,2,0.132,138.95415
46,1512,3,3,0.1,123.14752
87,929,0,1,0.008417656005197893,129.267
57,1328,0,1,0.088,133.41652
77,1257,0,1,0.088,119.8321
24,588,1,1,0.07601939508006084,128.02585
8,631,2,3,0.05094436717421641,125.211426
68,1204,0,1,0.088,136.03033
70,1397,1,3,0.154,119.89976
93,1816,2,2,0.132,115.242035
32,1655,0,2,0.132,123.66174
51,1899,1,2,0.132,120.21415
66,248,1,3,0.03119848183948934,124.60636
23,460,2,1,0.088,103.38578
31,1782,2,2,0.132,120.04503
68,1503,0,2,0.132,142.24985
26,1313,2,0,0.05547440395939711,121.3624
58,1282,2,2,0.132,125.79914
42,1968,0,3,0.154,123.21315
36,759,3,2,0.132,128.41153
102,1027,2,0,0.10486025466425172,133.94492
18,147,2,3,0.154,119.28112
16,66,2,0,0.154,124.698555
71,1183,0,1,0.088,135.33661
15,507,3,1,0.088,131.41943
30,859,3,2,0.132,117.45057
71,1393,0,2,0.132,137.13072
32,57,0,2,0.132,128.36699
92,1750,2,1,0.088,128.55225
70,997,3,2,0.03821449702180857,121.35445
105,490,0,2,0.132,139.70435
28,319,3,0,0.154,106.76278
52,1561,2,2,0.132,116.03992
67,546,3,2,0.132,133.07515
4,300,0,1,0.088,128.831
62,154,2,2,0.132,123.12361
92,1004,1,2,0.132,127.173744
99,862,3,3,0.11469575769166299,125.85361
44,1157,0,2,0.132,137.33469
25,857,3,3,0.154,128.21265
52,1845,2,0,0.154,111.25714
16,255,2,1,0.03668468724121457,124.698555
110,1427,0,3,0.154,114.03287
42,1181,1,1,0.088,128.63478
85,511,0,1,0.088,116.21165
103,559,3,2,0.132,142.81357
10,631,3,2,0.04617640845035825,122.96407
32,960,3,1,0.088,129.90234
32,249,0,3,0.154,124.260796
36,536,0,3,0.1,125.06305
6,1704,1,0,0.04111948674367902,114.21353
95,1866,1,2,0.12769108017918052,132.84616
92,615,1,1,0.088,126.699394
14,710,0,3,0.08290263159910466,132.76477
19,1854,0,1,0.088,129.8515
16,1494,2,1,0.088,138.01758
30,273,3,3,0.01200000000000001,114.31839
82,1536,1,1,0.088,133.41524
66,1186,3,1,0.088,129.78236
8,369,3,3,0.1,125.75129
34,1271,2,3,0.154,112.8464
93,661,1,2,0.02398821460555256,112.53985
32,396,1,0,0.154,125.75038
52,877,3,1,0.088,110.40229
52,702,1,1,0.088,119.759445
52,831,1,2,0.132,119.4217
32,379,1,2,0.132,131.42429
109,1130,3,1,0.088,111.075714
52,1845,0,3,0.154,111.25714
77,1759,2,3,0.154,118.92202
24,1417,3,3,0.1,123.20804
52,651,0,2,0.132,110.285835
75,350,2,3,0.07342992676217946,125.700264
52,1641,3,3,0.154,112.84413
24,607,1,2,0.08462427320002819,122.91296
115,929,3,3,0.02498443663985095,124.018005
59,2026,3,1,0.088,125.88616
32,1812,0,3,0.0679890342997666,128.01447
68,1863,0,1,0.088,142.23521
107,1470,1,2,0.132,125.550446
34,1120,1,1,0.088,112.420784
87,1172,3,2,0.132,129.3944
61,1723,2,3,0.06730181655940157,133.64351
28,871,2,2,0.132,105.818565
52,207,3,2,0.132,124.88583
52,2032,3,1,0.088,117.62118
59,386,0,1,0.07769032850784155,155.69214
44,1800,3,1,0.088,137.53108
52,1465,2,0,0.154,110.898735
85,348,1,2,0.132,113.74469
3,628,1,2,0.132,148.63876
28,780,0,2,0.132,133.98544
11,1113,3,2,0.132,135.55573
20,34,3,0,0.05916332639047525,130.72041
24,450,3,1,0.088,124.02645
100,713,0,1,0.05928631389467827,151.62993
15,1370,2,2,0.132,133.26367
16,1151,2,2,0.132,142.51524
54,1942,3,0,0.12256751189375002,132.94432
32,766,3,1,0.088,130.71188
95,1570,0,2,0.132,131.12463
92,1076,0,0,0.04214264610184165,127.276306
43,505,2,3,0.10052137969869007,121.375114
16,99,0,2,0.11036983876218931,139.86102
59,885,2,1,0.088,138.81706
102,866,1,1,0.088,137.46921
93,693,0,1,0.05722498384831606,115.25421
92,1832,2,2,0.132,128.6697
59,1933,0,0,0.154,114.03936
82,1169,3,1,0.03883112359485885,139.19876
43,147,1,2,0.132,123.61209
32,1901,3,3,0.154,127.85046
107,1961,1,1,0.088,125.36364
110,641,1,1,0.088,114.78528
92,852,3,2,0.132,128.09807
106,1524,1,0,0.038201765572092025,137.2647
93,1582,3,2,0.132,124.49071
25,1883,2,1,0.088,140.65344
36,1977,2,2,0.132,125.321396
77,1348,3,3,0.154,118.19152
85,2003,1,2,0.0506182446982438,121.20521
52,1021,2,3,0.1,113.9959
89,23,2,3,0.06672835141544128,132.31386
74,1580,2,1,0.088,131.7145
70,722,1,3,0.154,118.48468
62,1246,1,1,0.088,121.615265
52,288,3,0,0.154,108.25175
69,356,0,3,0.01648673985906962,133.008
9,223,0,1,0.008347406116235676,123.11301
52,1954,1,2,0.132,110.3436
92,1624,0,1,0.088,129.11934
38,1463,3,1,0.088,123.50114
103,1950,1,2,0.04560116840526951,142.43561
4,1621,0,2,0.04504321036367642,123.490685
24,1918,3,3,0.154,122.43537
74,2004,1,1,0.088,131.59996
97,44,1,2,0.132,129.64684
102,1630,1,1,0.088,139.04358
112,93,0,2,0.132,121.39999
38,1753,3,0,0.12566957904436532,122.675026
56,854,0,2,0.03146966277376928,124.0895
52,710,2,2,0.132,116.77138
25,1537,2,2,0.132,142.23654
84,1130,2,1,0.017112756790676642,110.856705
74,1999,2,1,0.088,132.97716
24,1398,1,1,0.088,127.61131
52,541,0,2,0.132,114.38414
93,1876,1,2,0.132,116.03051
3,1713,3,1,0.088,147.02338
52,92,0,2,0.132,114.484276
24,1707,2,2,0.132,125.15517
89,227,0,1,0.088,144.60948
31,499,0,2,0.132,122.70281
25,9,1,1,0.088,140.24992
58,1116,3,1,0.045105450557735516,131.06331
58,137,2,1,0.06854721219003773,127.98724
89,445,2,3,0.1,141.51338
77,1743,0,1,0.088,117.96815
105,1149,3,1,0.088,130.47318
58,810,0,3,0.1,126.077385
97,97,0,1,0.088,129.3019
38,585,0,2,0.12194357091839514,139.1656
110,1159,0,2,0.132,118.14562
48,1981,0,1,0.042990220838809906,130.10661
33,519,0,1,0.088,129.72862
0,1700,0,1,0.088,123.501205
93,466,3,3,0.1,115.08451
16,221,2,2,0.132,138.18773
42,1052,2,0,0.154,120.08419
92,1100,2,2,0.132,127.444305
112,1211,3,0,0.154,117.7302
17,1095,2,3,0.01200000000000001,128.83815
70,348,2,0,0.154,116.3264
115,90,1,0,0.029649748219453056,123.63884
3,260,3,3,0.154,144.91055
105,64,0,2,0.132,132.64482
28,315,2,2,0.132,106.22739
82,1812,1,0,0.154,128.33775
102,453,3,1,0.088,inf
51,365,0,3,0.154,119.06323
103,953,3,2,0.132,144.83655
102,1467,2,2,0.132,137.88986
107,1645,2,1,0.088,124.55036
3,1534,3,1,0.088,150.27643
89,495,1,2,0.132,143.6576
59,687,1,1,0.088,129.95512
82,1676,3,1,0.088,134.11522
23,750,3,1,0.088,105.9593
92,1425,0,3,0.1,127.86185
82,46,3,1,0.088,132.77248
70,659,0,2,0.132,117.703476
112,152,2,2,0.03321341014130752,117.51672
28,1651,2,3,0.0018367495697682867,125.58227
115,1852,3,3,0.01200000000000001,126.32865
46,1414,2,2,0.132,125.13975
3,1193,2,2,0.132,147.61444
11,1779,2,3,0.005342589158393876,134.13779
52,1760,1,2,0.132,116.52404
58,1848,3,3,0.1,125.70428
18,1420,0,2,0.132,123.377815
62,903,2,0,0.154,114.58219
16,255,0,0,0.154,124.698555
1,521,0,2,0.132,125.493904
37,96,3,0,0.12091413434748705,inf
32,145,3,0,0.12476937218366249,126.530975
24,843,2,1,0.088,126.95185
10,631,1,1,0.04488245593695661,122.96407
52,746,2,1,0.088,117.75776
115,1203,2,3,0.1,124.89844
57,131,0,2,0.132,129.62576
61,1194,2,2,0.132,133.63042
88,1854,1,2,0.132,131.10046
58,1606,0,3,0.1,126.03927
32,486,2,2,0.132,130.81932
68,350,2,3,0.02657007323782054,132.30843
112,230,3,0,0.04774626233677609,116.66273
89,34,3,3,0.154,131.45555
66,340,1,1,0.088,127.21583
66,1134,3,1,0.088,130.98074
16,1739,3,0,0.12311873680808383,130.59496
52,271,2,1,0.088,117.34914
24,1513,2,2,0.132,127.504524
16,1106,0,2,0.132,136.03998
36,1309,3,2,0.132,132.03874
89,2009,1,1,0.088,146.02103
32,334,3,1,0.088,128.88759
25,857,2,0,0.14439092504722592,128.21265
115,1223,2,1,0.088,126.6339
68,1455,0,1,0.04784164242603252,139.15538
95,728,0,2,0.132,134.49843
1,530,3,3,0.06922445755463544,124.578735
61,1524,2,2,0.132,133.63155
19,462,3,2,0.132,135.6214
71,1576,3,0,0.154,129.24547
56,1651,0,1,0.088,124.829994
112,230,1,3,0.154,116.66273
51,1627,3,2,0.132,121.17086
29,1313,3,3,0.04661357071810418,116.8319
16,902,3,2,0.132,130.6266
74,1252,2,1,0.088,131.67596
87,1145,2,0,0.0772553487927323,125.43085
52,303,2,1,0.088,121.544945
77,1759,0,2,0.12816448373395561,118.92202
32,145,1,3,0.154,126.530975
24,1417,1,2,0.132,123.20804
92,1744,3,1,0.088,128.87256
75,350,0,2,0.060999895870660126,125.700264
23,581,2,3,0.154,109.01861
52,1641,1,2,0.132,112.84413
103,169,2,3,0.154,134.49481
4,1968,2,1,0.088,121.702965
52,484,2,2,0.132,116.059425
82,1901,2,3,0.02877407830023343,128.18277
59,473,1,3,0.154,127.7161
51,779,1,3,0.154,119.41651
70,365,0,1,0.088,120.07444
80,169,3,1,0.07076868314526502,102.014656
112,405,3,3,0.154,118.89717
82,1333,3,2,0.132,134.64003
92,1120,1,0,0.154,118.313324
87,1172,1,1,0.088,129.3944
30,1875,3,1,0.06895943406126911,114.59889
28,871,0,1,0.088,105.818565
83,958,2,1,0.088,inf
0,1552,0,3,0.1,118.18481
85,777,0,2,0.132,120.99513
97,1259,3,1,0.088,129.62991
88,1318,0,2,0.132,137.11888
82,501,2,2,0.132,139.31316
16,1620,3,0,0.154,124.46699
77,197,0,1,0.088,118.90817
17,591,0,2,0.132,131.45624
93,730,2,2,0.03695006449400129,113.01607
8,1797,1,3,0.10280502336868955,125.26117
16,1151,0,1,0.088,142.51524
59,1076,3,1,0.088,135.93973
25,116,3,0,0.04878855664722595,136.34302
44,91,0,2,0.025130832425965366,146.93707
32,524,1,1,0.088,130.3232
4,1573,1,3,0.14347352914689362,122.03762
95,1646,2,2,0.132,135.58954
92,1110,3,1,0.088,128.25562
16,1569,3,1,0.088,139.63419
99,1222,1,1,0.088,134.15318
16,1620,1,3,0.154,124.46699
89,560,2,1,0.088,144.40082
36,1256,3,2,0.132,127.87079
24,1263,3,1,0.088,124.503586
87,1022,3,3,0.154,129.40524
52,1689,1,1,0.088,114.96037
62,1043,2,3,0.1,119.876076
19,931,2,1,0.04032695024726185,128.8854
52,1766,0,3,0.154,111.18428
23,1301,1,3,0.014027101156462968,118.76208
52,383,3,2,0.132,119.42932
82,642,3,1,0.088,136.55132
89,1076,3,3,0.154,139.35
66,413,2,2,0.132,129.493
32,903,3,2,0.132,124.172585
43,1117,3,2,0.132,123.5299
32,1626,2,0,0.154,125.75038
8,1706,0,1,0.088,127.018684
48,1789,2,2,0.01921849289254085,134.11978
82,1921,0,2,0.132,132.8016
52,1021,0,2,0.132,113.9959
67,232,0,3,0.05908922692587759,124.943825
52,1493,3,1,0.088,117.21272
67,365,1,2,0.05188547291520018,123.66498
49,1607,2,2,0.0018689449213309395,123.89336
15,1481,0,2,0.132,134.75034
16,1220,3,2,0.132,140.44945
84,1567,0,2,0.03547196886668508,111.137276
0,1339,0,2,0.132,120.368515
66,365,3,0,0.01999129558521892,123.749855
8,1979,0,2,0.132,130.6484
16,558,3,0,0.154,130.5614
105,1459,3,1,0.088,137.9055
24,1720,1,2,0.132,121.43627
48,259,0,2,0.132,140.76257
24,998,3,2,0.132,128.33495
105,253,2,2,0.132,139.69019
97,528,0,3,0.1,129.37517
59,1255,2,1,0.088,123.40805
29,1814,3,3,0.09669211919252058,118.74163
4,1027,0,0,0.01192226746379349,120.92668
36,1286,2,3,0.154,121.36501
52,414,0,3,0.01200000000000001,116.36569
107,223,3,2,0.132,123.76401
57,1254,1,0,0.0986401537849752,123.23664
24,1811,3,2,0.132,128.6236
95,1375,1,1,0.088,134.5365
106,1408,3,1,0.04302881297501654,138.75166
24,1147,3,1,0.088,122.84561
15,699,3,0,0.07191783975291965,128.24664
88,1347,2,1,0.088,129.99176
105,1149,1,0,0.13742878488329094,130.47318
32,397,2,1,0.088,125.86174
89,23,1,0,0.154,132.31386
82,334,3,0,0.154,129.04504
70,722,0,0,0.11123294236627035,118.48468
110,730,0,2,0.132,115.80975
97,1085,0,2,0.132,129.29138
97,21,2,2,0.132,129.90463
20,445,0,1,0.088,141.50781
52,807,2,1,0.088,118.78688
87,522,2,2,0.132,136.78665
77,1634,3,3,0.154,117.50836
95,738,1,1,0.088,134.23291
38,1214,0,1,0.088,133.30722
49,58,3,1,0.088,121.95406
16,221,0,1,0.088,138.18773
59,1915,3,3,0.154,119.30005
58,1046,3,1,0.088,126.06777
92,1100,0,1,0.088,127.444305
71,674,3,3,0.154,133.05196
113,126,2,2,0.001782942119937403,124.65349
113,1951,2,1,0.088,125.4471
52,1572,0,3,0.154,107.89374
16,1851,2,2,0.132,138.11293
52,936,2,1,0.088,114.86835
110,466,3,2,0.132,118.08856
102,772,3,2,0.132,140.02356
106,1062,3,2,0.132,141.06049
0,574,1,1,0.088,120.28348
27,767,3,3,0.0013117860013532323,116.48891
56,116,2,2,0.048824232185167404,121.965065
105,179,3,3,0.154,131.32787
23,750,1,0,0.0926725411853496,105.9593
49,1546,0,2,0.132,120.74223
110,432,3,1,0.088,118.38339
18,1759,0,2,0.003835516266044392,123.26264
24,1250,1,1,0.088,125.267
66,699,0,0,0.13130698938237967,123.39932
59,1631,0,2,0.132,124.05435
105,1619,0,3,0.022404497115973643,134.79614
113,1656,3,1,0.088,101.037994
82,337,1,3,0.06421829478001378,129.87683
92,1289,0,2,0.08120891456814705,127.37829
24,1566,3,1,0.088,125.20453
68,973,1,2,0.132,135.23978
44,164,3,3,0.09895075595297755,137.21603
97,460,2,0,0.154,114.926186
43,1540,2,3,0.04875765799422613,121.15424
52,1937,3,2,0.132,113.63846
32,57,2,2,0.132,128.36699
62,896,1,2,0.132,118.585236
16,1972,3,3,0.154,131.34901
3,966,0,2,0.132,151.40088
62,1596,2,1,0.088,121.89077
52,1768,1,2,0.132,116.2838
62,191,3,2,0.132,129.43742
52,833,3,3,0.154,111.75553
52,1229,2,1,0.088,111.899414
112,629,3,0,0.12958748625507324,116.947365
107,1340,3,2,0.132,123.97386
85,407,0,2,0.132,140.24739
115,873,3,3,0.01200000000000001,126.616196
61,1408,1,2,0.132,135.23831
62,630,2,2,0.132,119.26227
32,822,2,1,0.088,125.60336
102,1507,1,1,0.00073840775272907,136.5146
58,1848,1,2,0.09863407115809275,125.70428
74,1294,3,2,0.132,135.21689
42,1181,3,1,0.088,128.63478
109,1747,0,1,0.088,111.18114
13,1226,2,2,0.132,120.48227
62,1166,3,2,0.132,127.267586
71,2001,0,3,0.01200000000000001,137.46375
25,409,0,2,0.132,145.30504
95,341,1,3,0.01200000000000001,129.85771
14,83,1,2,0.10017409123894683,138.92249
95,963,0,3,0.1,128.82626
4,155,0,2,0.132,123.1082
51,1018,2,2,0.132,inf
3,602,1,3,0.154,145.33192
24,186,1,2,0.132,128.54955
16,902,1,1,0.088,130.6266
107,1347,0,2,0.12689982307501235,127.56826
36,1848,0,2,0.09335206081440472,124.715614
61,717,1,3,0.1,133.61626
62,1490,3,2,0.06744834475170669,118.71973
89,990,3,2,0.132,145.0696
89,1189,1,2,0.132,146.95566
105,511,3,0,0.01261818778329088,131.46114
77,1849,2,0,0.154,116.33694
74,1213,3,2,0.132,132.2102
82,1333,1,1,0.088,134.64003
63,248,3,3,0.1455694895907837,126.20935
61,1524,0,1,0.088,133.63155
3,617,2,1,0.088,148.67442
3,614,2,1,0.088,144.80353
62,1308,0,1,0.088,122.13566
49,137,1,1,0.022231056110784325,121.91355
33,606,0,2,0.132,121.337906
15,1346,2,2,0.132,129.97227
93,346,3,3,0.154,114.65784
103,836,0,3,0.1,138.15752
79,441,0,1,0.06605269974896052,150.81577
52,1176,2,1,0.088,112.554474
23,581,0,2,0.132,109.01861
59,1952,0,2,0.0917175172558563,150.32684
62,929,1,1,0.005802748291725751,118.820854
32,853,2,2,0.132,129.7819
74,1909,1,2,0.132,137.89177
89,34,2,0,0.12669789489653843,131.45555
63,963,3,1,0.088,127.71815
92,1267,2,2,0.132,128.75853
28,1684,0,1,0.088,128.97798
83,136,0,2,0.132,127.17368
10,656,2,2,0.04537216798683491,123.824036
52,1007,3,2,0.132,108.7089
83,958,0,0,0.154,inf
67,910,0,2,0.018760545614493473,130.34465
22,724,0,1,0.088,143.16934
71,1779,3,1,0.088,134.48866
59,1215,2,2,0.132,139.73148
92,1595,0,2,0.132,128.25562
59,1740,1,1,0.088,141.69008
113,1182,0,1,0.088,125.7227
24,1044,3,2,0.132,108.10996
48,976,1,1,0.005302580315569877,132.54938
48,1145,0,0,0.154,124.71139
43,90,0,2,0.132,125.09671
32,903,1,1,0.088,124.172585
52,686,2,2,0.132,113.404076
16,1711,2,2,0.132,138.2382
105,165,3,1,0.088,133.09605
53,253,3,2,0.01612052495940386,134.6373
36,1693,1,3,0.02512448080411117,122.92398
82,595,2,1,0.088,135.68536
61,793,3,1,0.088,133.64122
52,1435,3,1,0.088,123.98721
23,1885,0,1,0.088,108.678154
82,1839,1,1,0.088,138.54346
54,1602,3,2,0.07818027585208076,139.63535
16,794,3,2,0.132,143.50583
46,479,1,1,0.04232262532122813,124.84027
48,924,3,2,0.07877251156084486,130.04832
42,1467,0,2,0.132,128.4977
51,529,3,2,0.132,120.22916
52,383,1,1,0.088,119.42932
28,1426,3,2,0.132,128.86752
32,1031,3,1,0.088,131.99228
43,1117,1,1,0.088,123.5299
28,319,3,3,0.154,106.76278
67,1315,2,1,0.088,123.859436
113,141,0,2,0.132,125.12888
97,798,3,1,0.07215113765491321,127.4463
52,868,0,3,0.1,115.07239
91,479,0,1,0.088,128.14325
102,282,2,2,0.06987855813441407,137.4529
52,1338,1,3,0.151861486124818,113.72922
110,430,2,0,0.154,113.60811
51,232,2,3,0.006743101865741619,120.64192
18,971,0,2,0.015248377985923545,125.722145
14,911,0,1,0.088,137.05121
112,1512,0,2,0.132,121.16969
74,380,0,2,0.132,136.81973
0,1284,3,3,0.1,118.57849
77,1286,3,3,0.035202370301636976,117.00041
92,99,0,2,0.021630161237810697,129.57759
62,90,2,3,0.09115082047173503,118.29218
46,1228,0,3,0.01200000000000001,124.189476
32,397,0,0,0.154,125.86174
82,1536,3,1,0.088,133.41524
63,1942,3,0,0.031432488106249976,123.33755
63,182,2,2,0.132,127.56769
77,1981,0,2,0.132,120.03326
95,273,1,2,0.09216927437358391,130.64754
52,621,3,1,0.088,121.15032
105,253,0,1,0.025049007278266172,139.69019
67,1415,2,2,0.02281878951997196,102.67819
52,1243,2,1,0.088,114.40889
42,156,3,3,0.09545462154110199,124.04914
52,831,3,2,0.132,119.4217
15,819,0,3,0.1,130.83844
107,223,1,1,0.088,123.76401
62,888,1,3,0.1,119.533066
8,390,2,1,0.088,127.743935
92,2006,1,1,0.088,128.39629
89,489,1,1,0.088,143.83904
52,894,3,2,0.132,119.27938
13,152,0,3,0.059982031600779945,123.47581
44,1667,0,1,0.088,137.72528
52,651,2,2,0.132,110.285835
32,396,1,3,0.154,125.75038
97,1553,0,2,0.132,129.82797
93,1876,3,2,0.132,116.03051
62,1594,0,3,0.154,119.08078
33,1130,0,0,0.02665364462621926,115.823875
103,1950,3,2,0.0933383156052695,142.43561
24,272,3,1,0.088,127.488594
52,482,0,2,0.132,114.046364
56,116,0,1,0.088,121.965065
4,1621,2,2,0.132,123.490685
87,522,0,1,0.088,136.78665
82,100,3,1,0.04629982067499737,131.85594
59,755,3,2,0.0076964745358565345,145.27759
46,135,3,2,0.132,125.768684
12,1130,3,2,0.03162067811913771,110.874954
16,1647,3,1,0.088,140.54019
73,1444,1,3,0.036,inf
36,1286,1,0,0.10934499233785841,121.36501
58,478,0,2,0.132,126.62587
42,282,3,2,0.132,127.84058
19,189,3,2,0.132,134.45251
113,1656,1,0,0.15192581796039628,101.037994
3,500,0,1,0.088,145.1449
52,800,2,1,0.088,115.995094
97,97,2,1,0.088,129.3019
4,166,2,1,0.088,120.56815
4,68,2,3,0.154,118.34629
48,782,1,1,0.088,130.6523
28,347,3,3,0.154,110.485725
89,1546,1,3,0.1,142.28214
52,620,1,1,0.088,116.02381
39,80,0,3,0.154,122.96956
93,289,1,2,0.12442985757118386,115.07907
71,1812,1,3,0.154,132.73163
105,179,1,2,0.132,131.32787
92,1892,0,1,0.088,130.66263
52,1465,2,3,0.154,110.898735
89,1731,0,1,0.088,148.85136
87,1554,3,1,0.088,136.05974
77,782,3,1,0.002939115161190109,120.71548
14,487,0,2,0.132,137.53363
7,1991,0,3,0.1,133.53944
85,1747,1,2,0.132,113.83522
30,751,0,2,0.07779026772765618,128.6769
27,18,0,3,0.154,115.63248
24,619,2,3,0.154,121.34289
23,938,0,3,0.154,113.87184
11,1272,0,2,0.132,135.86816
59,1915,2,0,0.154,119.30005
3,713,0,2,0.132,155.33794
107,771,3,3,0.15079661399916902,124.84287
74,934,0,3,0.1,134.19151
22,4,3,3,0.01200000000000001,136.39062
77,1442,0,2,0.132,122.13177
34,255,0,3,0.154,112.91914
32,822,0,0,0.154,125.60336
105,1859,2,2,0.132,137.30618
74,865,3,2,0.132,141.00089
15,141,1,2,0.132,132.3338
93,1525,1,2,0.132,115.00581
52,1741,3,1,0.088,114.22257
13,1226,0,1,0.088,120.48227
110,704,3,1,0.088,113.294304
52,637,3,2,0.132,121.20697
100,1573,3,1,0.0038907302163996432,138.5317
88,1734,0,2,0.132,137.91202
21,576,0,2,0.132,inf
19,1136,0,2,0.132,131.6741
110,661,1,2,0.10801178539444745,115.0372
8,290,3,2,0.132,126.33776
15,5,3,3,0.1,130.68153
30,135,0,2,0.003951229927881439,118.0097
16,263,1,0,0.154,126.58839
24,454,2,1,0.088,101.93009
62,873,0,1,0.088,121.385315
52,1191,0,2,0.132,113.214836
106,1524,1,3,0.09987529936722497,137.2647
97,1967,3,3,0.01200000000000001,129.83305
32,724,0,2,0.132,147.12518
46,1057,3,2,0.132,127.60258
24,619,3,1,0.088,121.34289
62,2031,1,1,0.088,119.36747
89,990,1,1,0.088,145.0696
59,1425,2,1,0.088,141.69966
62,202,3,2,0.132,120.06063
19,930,1,1,0.088,125.40093
52,1074,3,2,0.132,113.91722
13,795,3,2,0.132,124.744125
51,1018,0,1,0.088,inf
57,16,2,1,0.088,127.61873
97,115,1,2,0.132,129.56483
74,1213,1,1,0.088,132.2102
52,927,3,1,0.088,123.58746
52,288,3,3,0.154,108.25175
11,1117,3,0,0.04192972289768346,132.69049
70,699,1,2,0.132,119.82632
61,385,3,3,0.1,133.62326
102,1615,3,1,0.088,138.79169
58,1070,3,2,0.132,125.97569
92,1659,0,2,0.132,129.94183
110,641,2,2,0.132,114.78528
15,1346,0,1,0.088,129.97227
52,1728,0,3,0.09975670064731877,115.090164
93,1506,0,2,0.132,115.30776
93,1944,1,2,0.132,114.08553
33,1008,0,2,0.132,124.98699
48,366,3,1,0.088,134.43143
59,23,3,2,0.132,128.55214
38,1753,3,3,0.154,122.675026
31,705,2,1,0.088,123.209015
27,862,3,1,0.03352613950473621,117.0385
4,569,3,3,0.154,121.7831
29,733,3,1,0.088,124.13727
77,30,3,3,0.154,118.333496
16,175,2,3,0.1,132.65738
44,1623,3,2,0.132,137.64551
58,810,2,3,0.01200000000000001,126.077385
52,1176,0,0,0.154,112.554474
59,1215,0,1,0.088,139.73148
93,971,0,2,0.11675162201407646,115.726105
24,1014,0,3,0.1,123.145424
26,1371,3,1,0.088,129.12659
61,717,0,0,0.154,133.61626
32,1511,3,1,0.088,129.94897
52,2016,1,2,0.132,115.55853
0,609,3,3,0.08943954651892691,118.59826
93,1159,3,3,0.1,115.12867
52,1007,1,1,0.088,108.7089
89,1952,3,1,0.088,145.16267
54,1656,1,0,0.002074182039603717,118.5983
74,1580,3,2,0.058728435265372525,131.7145
70,1688,2,3,0.05453710139938478,117.73856
105,64,2,2,0.132,132.64482
52,1675,2,0,0.154,109.5829
24,493,0,1,0.088,125.3339
53,1313,2,1,0.088,125.87103
52,399,0,1,0.088,118.013664
23,1044,1,2,0.06038510753229076,108.56904
97,1723,2,1,0.007697527547374933,129.4945
112,363,3,1,0.088,120.8167
39,1478,0,2,0.132,139.05508
112,1211,3,3,0.154,117.7302
33,1361,3,1,0.088,129.86859
10,670,0,1,0.07264811858375703,122.95155
52,686,0,1,0.088,113.404076
54,131,2,2,0.132,137.5662
33,992,2,0,0.045108725696604325,116.88878
63,997,1,2,0.1294739606132272,126.32983
15,507,1,3,0.01200000000000001,131.41943
102,1127,0,3,0.01200000000000001,137.40521
24,588,0,1,0.088,128.02585
24,1678,0,2,0.09245626077952668,140.42606
36,1363,2,1,0.088,124.69154
8,631,1,3,0.11450026220552689,125.211426
51,529,1,1,0.088,120.22916
93,1717,0,2,0.132,116.96266
70,1397,0,3,0.154,119.89976
52,94,3,3,0.154,113.03174
83,631,2,2,0.132,121.19395
66,2028,3,2,0.132,131.00221
43,929,3,1,0.06830833908593795,125.62285
52,1610,0,3,0.1,114.715195
74,1362,2,2,0.132,132.97716
110,1816,0,1,0.088,118.36295
37,96,3,3,0.1359022029404698,inf
0,1284,1,2,0.132,118.57849
10,1883,3,2,0.132,127.129234
92,1324,3,2,0.132,132.3406
6,659,1,3,0.04471493202728499,118.18732
92,1750,1,1,0.088,128.55225
19,1721,1,0,0.05606997904242628,124.97255
92,336,2,1,0.088,128.52852
24,1603,3,3,0.01200000000000001,125.03528
26,1313,1,0,0.05965373155939712,121.3624
16,1739,3,3,0.154,130.59496
95,1682,2,2,0.132,135.42186
36,1282,0,2,0.132,124.82918
88,534,1,3,0.1,128.97813
102,1027,1,0,0.1101540696242517,133.94492
52,894,1,1,0.088,119.27938
62,154,1,2,0.132,123.12361
52,1560,3,2,0.132,116.912025
0,900,3,2,0.132,123.03359
99,862,2,3,0.09751238379166297,125.85361
4,166,0,0,0.154,120.56815
24,139,3,1,0.088,103.18281
25,857,2,3,0.154,128.21265
51,1745,2,1,0.088,120.26223
77,1286,2,0,0.07613927558214162,117.00041
11,1806,1,1,0.088,140.4303
83,767,1,0,0.003908263367904619,119.13346
113,456,2,3,0.09073249926738294,123.70521
71,1576,3,3,0.154,129.24547
16,1841,0,1,0.088,141.84363
52,1610,2,1,0.088,114.715195
32,960,2,1,0.088,129.90234
24,697,3,3,0.12332838878306476,122.867325
112,152,3,3,0.05085405786970959,117.51672
6,1704,0,0,0.07093955394367901,114.21353
34,1271,3,0,0.154,112.8464
68,231,1,2,0.132,139.82
62,1625,3,2,0.132,119.21498
105,1152,3,0,0.154,132.873
74,273,3,1,0.088,135.31616
3,1193,3,3,0.1,147.61444
48,294,2,2,0.132,133.60263
97,320,1,2,0.132,131.20267
4,68,0,2,0.132,118.34629
16,1491,3,2,0.132,138.9454
36,1078,3,2,0.09477727560935201,123.63128
82,1536,0,1,0.088,133.41524
63,650,0,3,0.154,126.597
109,1704,1,0,0.05200325876149295,108.842545
10,1298,0,3,0.010423686113664815,124.470566
8,369,2,3,0.1,125.75129
20,755,1,2,0.03344021618210291,140.1199
32,1530,3,2,0.132,131.44942
30,1130,3,3,0.014497716561502921,106.71885
32,396,0,0,0.154,125.75038
48,801,3,2,0.132,132.23567
52,702,0,1,0.088,119.759445
38,42,3,1,0.088,128.00514
32,379,0,2,0.132,131.42429
28,1303,3,2,0.132,125.784904
16,1620,3,3,0.154,124.46699
24,450,1,3,0.1,124.02645
73,1444,0,0,0.063,inf
1,1942,0,1,0.088,123.4873
32,1304,0,3,0.154,127.648
95,2004,3,2,0.054925485152582165,127.45075
82,1269,3,1,0.088,134.21909
33,348,3,3,0.09526196948779789,115.673035
71,898,0,2,0.132,136.22948
52,1641,2,3,0.154,112.84413
26,1950,3,2,0.0386616843947305,130.59761
59,2026,2,1,0.088,125.88616
48,1568,0,3,0.01200000000000001,131.47488
15,521,3,0,0.0794713859585581,128.21112
8,656,2,2,0.0411822257839663,125.69976
69,1460,3,2,0.11234116840093866,138.93098
42,1080,3,2,0.132,126.88857
51,456,3,2,0.132,121.819664
8,1327,3,1,0.088,129.27008
22,1575,0,2,0.132,150.48204
61,1723,1,3,0.05613467665332422,133.64351
52,2032,2,1,0.088,117.62118
44,1800,2,1,0.088,137.53108
52,1167,2,1,0.088,116.4386
92,17,3,1,0.088,128.39629
83,1407,3,2,0.132,128.44704
24,86,0,0,0.031873383091752305,115.668816
85,348,0,2,0.132,113.74469
11,1113,2,2,0.015047266228733314,135.55573
24,450,2,1,0.088,124.02645
57,860,3,2,0.07522162545126665,128.44083
24,1510,3,1,0.088,125.950134
16,1151,1,2,0.132,142.51524
107,230,2,0,0.09101725819576562,122.51871
89,951,2,2,0.132,144.83525
32,1626,2,3,0.154,125.75038
58,1363,3,3,0.1,125.68419
10,632,2,2,0.132,123.634315
43,505,1,3,0.09952563004846568,121.375114
79,541,0,3,0.1,145.731
59,1452,3,2,0.132,145.51007
15,340,1,2,0.059740492607101014,131.92686
59,739,1,2,0.132,145.81541
0,1579,2,2,0.132,120.51575
52,288,1,2,0.132,108.25175
3,628,0,2,0.132,148.63876
57,1254,3,0,0.13729845656149736,123.23664
16,575,3,1,0.088,130.64926
43,147,0,2,0.132,123.61209
61,385,1,2,0.132,133.62326
29,72,1,1,0.014846384721733746,124.69909
107,1961,0,1,0.088,125.36364
107,152,2,0,0.154,123.06676
110,641,0,1,0.088,114.78528
16,558,3,3,0.154,130.5614
92,852,2,2,0.132,128.09807
15,1370,1,2,0.132,133.26367
44,1623,1,1,0.088,137.64551
106,1524,0,0,0.08970915437209202,137.2647
4,1027,0,3,0.024799393146893667,120.92668
97,534,1,2,0.132,129.44595
13,1721,2,1,0.088,124.4123
68,194,3,2,0.132,140.58995
25,1883,1,1,0.088,140.65344
53,1460,0,2,0.09576645470632433,138.0604
43,423,1,0,0.154,120.51534
16,974,0,2,0.132,155.06601
97,528,3,1,0.088,129.37517
85,2003,0,2,0.132,121.20521
52,1021,1,3,0.1,113.9959
32,1901,2,3,0.12522592169976657,127.85046
89,23,1,3,0.05396895975774657,132.31386
74,1580,1,1,0.088,131.7145
70,722,0,3,0.06945125913573927,118.48468
62,1246,0,1,0.088,121.615265
52,288,2,0,0.154,108.25175
37,182,1,1,0.04940306892459795,127.81034
68,1500,1,1,0.088,131.91673
52,1543,2,3,0.1,114.68258
32,1292,0,1,0.088,130.76149
30,298,3,2,0.132,115.61144
8,1501,3,1,0.088,125.69976
89,86,1,3,0.11095523256835499,132.24155
49,1463,0,2,0.132,118.075134
0,574,3,1,0.088,120.28348
36,43,0,0,0.00993825186598335,122.37911
24,448,3,1,0.05876780929390968,124.111465
38,1463,2,1,0.088,123.50114
16,464,2,1,0.088,133.35417
70,248,3,2,0.132,121.2142
63,417,2,3,0.04977311090934547,125.13983
38,1753,2,0,0.07142720565548466,122.675026
44,792,1,3,0.1,137.53108
52,710,1,2,0.07378388013809278,116.77138
25,1537,1,2,0.132,142.23654
84,1130,1,1,0.009316981110676636,110.856705
11,378,2,2,0.132,138.10167
103,854,3,1,0.088,134.9759
91,1526,3,2,0.03900791980444612,126.905716
61,1330,0,2,0.132,141.52625
34,1616,0,2,0.132,124.25191
94,1855,0,1,0.088,130.75668
31,490,3,2,0.017914993349118724,123.93736
77,1693,0,2,0.132,118.93522
52,579,2,1,0.088,118.21285
3,1713,2,1,0.088,147.02338
97,21,3,3,0.01200000000000001,129.90463
59,1255,3,2,0.132,123.40805
112,1211,1,2,0.132,117.7302
14,537,3,2,0.132,137.92334
58,790,1,2,0.132,127.84871
24,1918,2,3,0.154,122.43537
83,1537,3,2,0.06212223803747413,127.47322
52,94,1,2,0.132,113.03174
69,1540,2,0,0.02323362243054447,129.03859
77,1363,3,1,0.027915456588519738,120.93738
0,53,1,2,0.132,118.97344
89,445,1,3,0.1,141.51338
82,1839,3,1,0.088,138.54346
74,1999,1,1,0.088,132.97716
24,904,3,2,0.132,128.63857
24,1398,0,1,0.088,127.61131
105,1052,3,1,0.06875921973281462,130.8977
112,629,3,3,0.154,116.947365
15,600,3,1,0.088,133.11282
92,1100,1,2,0.132,127.444305
70,348,1,0,0.154,116.3264
94,1590,0,2,0.07702405302745907,138.2081
34,615,3,1,0.088,125.21663
95,80,2,3,0.03537345558091334,128.1184
20,495,0,1,0.0657481723726371,143.80772
39,313,3,2,0.043355224384957924,131.69646
66,1399,0,1,0.088,132.93518
52,539,3,3,0.1,114.02578
110,43,3,3,0.154,115.72346
102,1023,0,2,0.132,136.52036
102,1467,1,2,0.132,137.88986
57,423,3,0,0.044075022310302664,122.798164
3,1534,2,1,0.088,150.27643
59,687,0,1,0.088,129.95512
30,859,0,1,0.088,117.45057
89,254,1,1,0.088,140.87634
112,152,1,2,0.04306626742130737,117.51672
99,1277,3,2,0.132,135.26292
89,489,3,1,0.088,143.83904
88,14,0,2,0.132,133.44287
110,1953,0,2,0.132,118.56455
102,453,2,1,0.088,inf
92,1616,3,0,0.154,126.18172
3,1193,1,2,0.132,147.61444
62,1594,2,3,0.154,119.08078
62,903,1,0,0.154,114.58219
62,1058,3,2,0.132,122.56578
77,1849,2,3,0.154,116.33694
93,374,3,1,0.088,120.011894
82,766,0,3,0.154,130.58534
24,843,1,1,0.088,126.95185
103,559,0,1,0.088,142.81357
0,258,3,1,0.088,117.33565
63,126,2,2,0.10846538609919304,128.8238
59,1576,3,2,0.132,136.9058
91,1414,0,2,0.132,128.80171
87,1145,0,2,0.132,125.43085
85,401,1,1,0.06362415470081972,113.93543
16,914,2,2,0.132,138.77147
28,1303,1,1,0.088,125.784904
63,1699,3,3,0.154,126.42735
32,486,1,2,0.132,130.81932
89,34,2,3,0.154,131.45555
71,1378,0,2,0.132,146.0901
52,271,1,1,0.088,117.34914
18,171,1,2,0.132,128.98102
10,9,0,1,0.088,126.60454
23,581,3,0,0.154,109.01861
57,1790,0,2,0.132,126.960754
115,1223,1,1,0.088,126.6339
6,1875,0,2,0.132,127.27973
106,44,3,2,0.11495067698554762,137.32848
105,1423,2,2,0.132,141.859
71,1576,2,0,0.154,129.24547
115,1203,1,3,0.1,124.89844
83,670,3,3,0.023936962365105285,121.127396
88,798,0,0,0.06801964264746152,127.45391
8,39,3,1,0.088,129.86111
109,1130,0,0,0.05792953300375976,111.075714
82,1411,2,2,0.132,134.39384
43,1254,0,3,0.154,121.111015
32,145,0,3,0.154,126.530975
113,1201,2,2,0.132,124.94884
91,546,3,1,0.054533655898976185,128.45845
3,1562,2,1,0.088,148.00163
66,997,1,3,0.154,124.72549
52,1641,0,2,0.132,112.84413
103,169,1,3,0.154,134.49481
74,1262,2,1,0.088,132.89044
52,484,1,2,0.132,116.059425
33,910,3,2,0.132,124.8873
62,1203,0,2,0.132,119.71989
32,334,2,1,0.088,128.88759
59,473,0,3,0.154,127.7161
16,1715,1,2,0.132,131.66139
42,911,2,2,0.132,129.57089
16,353,0,1,0.088,132.96996
87,1172,0,1,0.05770489154281225,129.3944
32,889,2,2,0.132,129.68987
91,777,0,0,0.154,122.400925
57,1117,0,3,0.154,125.158806
23,306,2,2,0.132,108.73907
3,946,2,1,0.088,149.28436
112,1512,2,2,0.132,121.16969
33,1039,3,3,0.154,120.828224
77,1257,3,2,0.132,119.8321
92,99,2,2,0.132,129.57759
82,501,1,2,0.132,139.31316
16,1620,2,0,0.154,124.46699
56,18,0,0,0.154,120.46205
93,730,1,2,0.132,113.01607
71,1183,3,2,0.132,135.33661
8,1797,0,3,0.154,125.26117
59,1076,2,1,0.088,135.93973
74,1005,1,2,0.132,136.40752
38,1473,1,1,0.002358453649389275,127.89767
16,98,3,2,0.132,129.21205
110,430,2,3,0.048117459381224637,113.60811
4,1573,0,3,0.154,122.03762
39,1136,3,1,0.088,127.41783
52,1098,1,2,0.132,117.7825
18,1299,0,2,0.132,125.177246
85,1052,1,3,0.1330284229757008,115.41738
89,560,1,1,0.088,144.40082
24,1263,2,1,0.088,124.503586
87,1022,2,3,0.154,129.40524
71,788,3,1,0.088,137.59717
33,1287,3,2,0.132,130.46216
52,1689,0,1,0.088,114.96037
62,1043,1,3,0.1,119.876076
19,931,1,1,0.021191864487261958,128.8854
93,1582,0,1,0.088,124.49071
49,289,0,1,0.088,118.847946
46,771,3,3,0.0032033860008309767,122.09353
24,1974,3,2,0.132,123.42275
23,1428,1,2,0.132,126.58662
46,502,0,2,0.132,131.33058
32,903,2,2,0.132,124.172585
95,1646,1,2,0.132,135.58954
32,1626,1,0,0.12920948095974685,125.75038
48,1789,1,2,0.07888509626792262,134.11978
52,1391,1,1,0.088,111.52421
99,922,2,1,0.088,inf
49,1607,1,2,0.132,123.89336
16,1220,2,2,0.132,140.44945
11,378,0,1,0.088,138.10167
15,1412,2,1,0.088,132.03606
92,1485,1,2,0.132,128.98128
16,558,2,0,0.05738741039955017,130.5614
89,1076,2,3,0.154,139.35
89,1546,3,3,0.1,142.28214
85,511,3,2,0.132,116.21165
24,475,3,2,0.132,124.61547
24,998,2,2,0.132,128.33495
59,1255,1,1,0.088,123.40805
29,1814,2,3,0.04350548569252061,118.74163
8,1975,1,2,0.132,127.71907
36,1286,1,3,0.154,121.36501
24,1918,0,2,0.132,122.43537
19,1433,3,1,0.088,130.14935
23,47,0,2,0.132,102.72365
63,1688,1,0,0.154,123.13949
88,1347,1,1,0.02192024612790877,129.99176
33,78,3,1,0.088,127.87298
32,397,1,1,0.088,125.86174
75,862,3,0,0.06327905638470045,123.18673
89,23,0,0,0.154,132.31386
82,334,2,0,0.0874025785498827,129.04504
105,253,1,2,0.132,139.69019
97,21,1,2,0.132,129.90463
84,401,3,1,0.07187680384985692,110.9894
3,1199,3,2,0.132,149.85681
52,807,1,1,0.088,118.78688
115,1254,2,0,0.07734749383447785,121.09066
33,1422,2,2,0.09593584679482312,125.8238
42,537,1,2,0.132,130.4552
95,738,0,1,0.088,134.23291
49,58,2,1,0.088,121.95406
59,1915,2,3,0.154,119.30005
75,862,1,3,0.054028100408337,123.18673
24,1147,2,1,0.088,122.84561
113,1951,1,1,0.088,125.4471
16,1851,1,2,0.132,138.11293
52,651,3,3,0.154,110.285835
12,1704,3,2,0.132,108.27947
49,591,3,1,0.088,122.65939
92,989,3,1,0.088,128.71408
58,1754,3,2,0.132,128.63196
100,713,3,2,0.020958257914577533,151.62993
16,1545,3,2,0.03734767247910814,124.85896
89,1103,2,2,0.132,143.08826
102,741,0,3,0.1,136.46254
106,1062,2,2,0.132,141.06049
52,512,2,1,0.088,117.43139
46,1622,0,2,0.132,131.63098
80,854,0,1,0.010594455062973213,103.675934
34,255,3,1,0.088,112.91914
16,67,0,2,0.132,138.20308
16,263,1,3,0.154,126.58839
103,419,3,1,0.088,140.38217
24,460,3,0,0.05803614923274841,105.09681
3,1367,0,1,0.088,148.56737
113,1656,2,1,0.088,101.037994
87,1849,3,2,0.04521368449396135,128.97937
3,260,0,2,0.132,144.91055
112,921,3,1,0.088,121.87595
24,1566,2,1,0.088,125.20453
48,440,0,2,0.132,138.46785
54,1096,3,1,0.088,140.506
7,1991,3,1,0.053234594400320745,133.53944
32,100,3,1,0.041700179325002626,132.20624
54,356,0,3,0.078399504095618,135.4724
103,953,0,1,0.088,144.83655
68,973,0,2,0.12863481804142213,135.23978
97,460,1,0,0.154,114.926186
88,1669,2,1,0.03384656310619796,129.11049
43,1540,1,3,0.05338412144445054,121.15424
52,1937,2,2,0.132,113.63846
62,896,0,2,0.0821857732829373,118.585236
16,1972,2,3,0.154,131.34901
82,710,0,1,0.088,132.67506
112,629,2,0,0.1171542361950732,116.947365
107,1340,2,2,0.132,123.97386
10,545,1,3,0.019109553567903226,124.370674
16,1400,2,2,0.132,131.7113
24,1415,3,2,0.132,97.89254
24,454,3,2,0.132,101.93009
113,1770,1,2,0.132,126.323944
8,1235,3,2,0.132,128.80894
16,1697,3,1,0.088,140.31818
62,553,2,0,0.1218083140766785,117.878265
61,1408,0,2,0.132,135.23831
7,1723,0,1,0.04531411993207879,133.57384
63,1699,1,2,0.132,126.42735
28,1444,2,2,0.132,125.943
52,980,3,0,0.0849756873274739,112.971054
33,1155,1,2,0.132,127.78056
44,164,2,3,0.1,137.21603
52,1402,2,2,0.132,118.49024
44,786,1,3,0.01200000000000001,138.05804
42,1181,2,1,0.088,128.63478
52,1768,0,2,0.132,116.2838
52,1728,3,1,0.088,115.090164
110,1427,3,0,0.154,114.03287
106,444,0,2,0.132,140.1685
106,1238,1,2,0.00821773010554766,139.05492
95,341,0,3,0.1,129.85771
14,83,0,2,0.132,138.92249
32,249,3,0,0.154,124.260796
51,1018,1,2,0.132,inf
24,186,0,2,0.132,128.54955
28,206,3,2,0.132,108.41876
19,462,0,1,0.088,135.6214
52,1176,0,3,0.154,112.554474
48,1969,0,1,0.088,132.56337
3,15,0,1,0.088,144.45853
11,159,1,2,0.132,140.83978
93,781,3,3,0.1,115.86948
20,755,3,2,0.12430352546414347,140.1199
61,717,0,3,0.1,133.61626
62,1490,2,2,0.132,118.71973
28,1936,0,1,0.088,109.49083
28,1298,3,1,0.088,125.75482
89,990,2,2,0.132,145.0696
89,1189,0,2,0.02849645506110071,146.95566
59,1410,2,2,0.0005091854158569831,150.58333
24,1648,2,1,0.088,123.50054
77,1849,1,0,0.154,116.33694
107,994,2,3,0.154,124.202156
105,1423,0,1,0.088,141.859
31,499,3,3,0.017844184103371408,122.70281
82,1333,0,1,0.088,134.64003
52,1675,2,3,0.154,109.5829
83,670,1,2,0.132,121.127396
52,980,1,3,0.154,112.971054
3,1380,0,2,0.132,150.60272
3,614,1,1,0.088,144.80353
4,748,3,2,0.132,123.776985
102,1144,2,1,0.088,138.52904
15,1346,1,2,0.132,129.97227
92,284,3,2,0.09960639052595821,130.32674
32,853,1,2,0.132,129.7819
74,1909,0,2,0.132,137.89177
63,963,2,1,0.088,127.71815
33,910,1,1,0.088,124.8873
92,1267,1,2,0.132,128.75853
33,474,2,1,0.088,121.36383
10,656,1,2,0.03925182083864104,123.824036
33,299,0,1,0.088,124.50777
58,1743,3,0,0.154,123.26073
22,1560,3,3,0.08671993356274257,136.20488
52,586,3,2,0.132,115.30518
52,1675,3,1,0.088,109.5829
59,1215,1,2,0.132,139.73148
25,174,3,2,0.132,144.17628
53,1313,3,2,0.132,125.87103
14,155,3,3,0.1,133.36865
24,1044,2,2,0.0814677497477091,108.10996
87,356,1,3,0.01874417885022442,129.4069
0,1700,3,2,0.132,123.501205
32,903,0,1,0.088,124.172585
59,1933,1,0,0.154,114.03936
52,1007,2,2,0.132,108.7089
105,165,2,1,0.088,133.09605
82,595,1,1,0.088,135.68536
61,793,2,1,0.088,133.64122
3,1406,3,1,0.088,150.80981
36,1256,0,1,0.088,127.87079
19,1721,1,3,0.13390859653669437,124.97255
52,383,0,1,0.088,119.42932
24,1974,1,1,0.088,123.42275
66,217,0,1,0.088,134.20633
82,22,3,0,0.04837908732399271,129.50833
105,72,1,1,0.0544651027083454,139.81046
52,686,1,2,0.132,113.404076
15,1942,1,0,0.010509343830001627,126.66761
48,1687,1,2,0.132,131.55579
110,430,1,0,0.154,113.60811
3,1736,3,1,0.088,144.87646
19,1692,3,2,0.132,133.1962
9,930,3,1,0.052420786748688775,123.63986
51,232,1,3,0.00885125826574168,120.64192
16,1220,0,1,0.088,140.44945
62,90,1,3,0.08254274652195942,118.29218
82,22,1,3,0.154,129.50833
18,1108,3,1,0.088,129.92332
82,1536,2,1,0.088,133.41524
107,931,1,2,0.132,127.919685
95,273,0,2,0.132,130.64754
24,475,1,1,0.088,124.61547
83,631,3,3,0.012379582150064627,121.19395
34,1271,3,3,0.154,112.8464
52,1243,1,1,0.088,114.40889
105,1152,3,3,0.154,132.873
74,1362,3,3,0.154,132.97716
15,1729,3,2,0.132,131.7947
24,1782,0,1,0.0824305155953371,122.35279
71,817,2,2,0.132,142.26805
52,651,1,2,0.132,110.285835
10,116,3,0,0.06062279529440663,121.4931
16,443,0,2,0.132,151.23488
32,396,0,3,0.154,125.75038
36,1001,2,2,0.132,126.90465
4,2020,3,1,0.088,122.3337
24,272,2,1,0.088,127.488594
112,1114,3,1,0.088,121.93587
61,11,3,2,0.132,135.09021
42,1396,3,1,0.088,124.87838
82,100,2,1,0.088,131.85594
46,135,2,2,0.132,125.768684
44,792,3,3,0.1,137.53108
33,1459,2,2,0.132,123.202126
62,1605,2,1,0.088,122.32852
56,1651,3,2,0.11682794805789765,124.829994
18,1384,3,2,0.132,123.27808
26,1305,3,1,0.088,128.84041
46,190,0,1,0.088,127.76597
8,390,1,1,0.088,127.743935
92,2006,0,1,0.088,128.39629
49,730,2,2,0.09504993550599872,116.54482
102,163,1,2,0.132,142.00946
113,1656,0,0,0.154,101.037994
14,1396,1,3,0.1,133.3705
89,841,2,1,0.088,142.834
26,72,3,1,0.08232847496992085,126.940155
4,166,1,1,0.088,120.56815
106,1062,0,1,0.088,141.06049
32,1304,3,1,0.088,127.648
16,1151,3,2,0.132,142.51524
52,620,0,1,0.088,116.02381
97,1023,1,3,0.1,129.34377
70,985,1,3,0.154,119.03323
52,1610,3,2,0.132,114.715195
87,1540,0,0,0.030616886729455506,125.66932
97,1691,2,2,0.06631459277971608,133.75352
17,1607,0,2,0.132,132.51787
42,866,3,1,0.088,127.86517
31,1782,1,1,0.041262462545802514,120.04503
34,263,3,1,0.024963560391780742,114.95884
59,885,3,1,0.088,138.81706
18,505,2,3,0.053478620301309926,117.46376
42,282,2,2,0.062121441865585936,127.84058
58,1282,1,1,0.07998108296781381,125.79914
46,1372,0,2,0.132,132.44905
24,619,1,3,0.154,121.34289
107,771,2,3,0.154,124.84287
105,1859,1,2,0.132,137.30618
93,1525,0,2,0.132,115.00581
52,1710,0,2,0.132,120.543106
52,1741,2,1,0.088,114.22257
52,1937,0,1,0.088,113.63846
9,629,0,0,0.034767898447748635,121.862114
95,1635,3,2,0.11581774223494612,137.59506
110,704,2,1,0.088,113.294304
49,1926,0,3,0.154,116.871155
57,16,0,3,0.0969570107050313,127.61873
52,833,0,2,0.132,111.75553
31,1174,3,2,0.132,116.35624
110,661,0,2,0.132,115.0372
8,290,2,2,0.06106470020430016,126.33776
15,5,2,3,0.1,130.68153
52,1561,1,1,0.088,116.03992
16,263,0,0,0.07120562332158378,126.58839
107,152,2,3,0.033497650280203226,123.06676
24,454,1,1,0.088,101.93009
115,1141,3,2,0.132,128.27147
74,587,3,1,0.088,136.90425
14,233,3,1,0.088,139.05354
97,1967,2,3,0.01200000000000001,129.83305
17,1489,3,1,0.088,133.46988
48,1669,0,2,0.0008160800306047378,131.66277
5,164,0,3,0.007186954647022464,136.12427
28,1444,0,1,0.088,125.943
62,19,1,2,0.132,127.26404
74,865,2,2,0.04128971336480239,141.00089
89,86,3,3,0.021209811768354958,132.24155
89,1914,3,2,0.132,148.59618
93,781,1,2,0.132,115.86948
89,313,3,2,0.08864477561504208,149.27333
16,284,3,1,0.012319899122028771,140.48529
43,423,1,3,0.154,120.51534
102,648,1,3,0.1,135.56653
97,1222,0,1,0.088,132.78741
89,990,0,1,0.088,145.0696
59,1425,1,1,0.088,141.69966
62,202,2,2,0.132,120.06063
113,1627,3,3,0.154,123.124275
97,115,0,2,0.132,129.56483
74,1213,0,1,0.088,132.2102
28,206,1,1,0.088,108.41876
68,1308,2,1,0.04042850061876707,135.28056
52,288,2,3,0.154,108.25175
112,93,1,2,0.132,121.39999
85,1149,3,2,0.132,115.00466
25,1537,3,2,0.06987776196252588,142.23654
32,1105,3,2,0.132,123.236885
16,1106,1,2,0.132,136.03998
71,1237,3,2,0.132,142.54266
52,877,2,0,0.154,110.40229
110,1693,3,2,0.10522662907444713,116.719604
97,1085,3,3,0.1,129.29138
38,1753,2,3,0.1281373548444236,122.675026
31,705,1,1,0.088,123.209015
70,511,0,2,0.02250686161381993,118.59277
95,141,0,3,0.01200000000000001,130.4348
18,2024,1,1,0.03596904218321689,119.85236
24,991,1,2,0.132,124.64873
77,1759,1,2,0.132,118.92202
8,370,0,2,0.132,139.80104
77,30,2,3,0.154,118.333496
71,845,3,1,0.088,136.55708
3,1515,3,1,0.088,150.95676
24,607,0,1,0.088,122.91296
44,1623,2,2,0.132,137.64551
6,2004,3,3,0.05362641271180463,120.88168
69,1540,2,3,0.10524234200577387,129.03859
107,1470,0,1,0.088,125.550446
7,1273,0,1,0.088,133.57426
52,1579,0,2,0.132,125.20802
0,1162,1,3,0.062087211314540675,118.20516
18,737,0,2,0.10142717185312716,130.35582
32,1511,2,1,0.088,129.94897
52,1007,0,1,0.088,108.7089
29,733,2,1,0.07326825454557762,124.13727
52,1675,1,0,0.154,109.5829
53,1313,1,1,0.088,125.87103
91,2003,2,1,0.088,122.52048
23,1044,0,2,0.02425074593229093,108.56904
62,797,3,3,0.1,120.646835
67,1840,3,3,0.1,126.37909
52,1766,3,0,0.154,111.18428
59,687,2,1,0.088,129.95512
91,1032,3,2,0.132,129.37158
74,521,2,0,0.154,131.60384
52,2016,0,2,0.132,115.55853
97,798,0,0,0.08598035735253848,127.4463
53,253,0,1,0.031534813742524676,134.6373
22,239,0,2,0.11175569876455307,147.78232
92,1289,3,3,0.1,127.37829
54,131,1,2,0.132,137.5662
33,992,1,0,0.035078339456604324,116.88878
91,992,3,0,0.12647941759322928,118.834404
52,46,2,2,0.01577264718421212,117.04925
15,507,0,3,0.1,131.41943
15,650,2,3,0.154,129.66458
93,636,3,1,0.088,117.30064
95,1549,3,1,0.088,134.60698
52,579,3,2,0.132,118.21285
62,903,3,0,0.06045187510420383,114.58219
36,1363,1,1,0.088,124.69154
51,529,0,1,0.088,120.22916
68,1184,3,1,0.088,132.22495
52,94,2,3,0.154,113.03174
83,631,1,2,0.132,121.19395
66,2028,2,2,0.132,131.00221
92,1832,1,1,0.088,128.6697
82,1542,3,3,0.1,130.88722
36,1977,1,1,0.088,125.321396
92,1616,3,3,0.154,126.18172
28,850,0,3,0.1,125.784904
74,1362,1,2,0.132,132.97716
62,477,0,3,0.01200000000000001,121.75651
93,1926,3,0,0.04517645957915378,113.26108
10,1883,2,2,0.09772863205180615,127.129234
52,271,3,1,0.088,117.34914
22,839,0,3,0.1,136.32596
52,1954,0,1,0.088,110.3436
103,1950,0,1,0.053878591430079115,142.43561
46,93,3,3,0.1,123.226974
6,659,0,3,0.03081671654553833,118.18732
19,1721,0,0,0.020081190740029925,124.97255
92,336,1,1,0.088,128.52852
115,1223,3,1,0.088,126.6339
77,1348,2,2,0.132,118.19152
74,2004,0,0,0.154,131.59996
71,337,2,3,0.036897498360292325,134.48631
93,1926,1,3,0.154,113.26108
93,1316,3,1,0.088,116.23681
95,1375,2,1,0.088,134.5365
23,47,2,2,0.132,102.72365
88,534,0,3,0.08756324326062628,128.97813
105,1432,0,2,0.132,139.70499
71,391,2,2,0.132,135.40881
52,894,0,1,0.088,119.27938
32,145,2,3,0.154,126.530975
24,139,2,1,0.088,103.18281
113,365,0,0,0.054855037160396275,121.24215
23,581,3,3,0.154,109.01861
93,1876,0,1,0.088,116.03051
30,859,1,2,0.09428590457504216,117.45057
10,1651,3,3,0.1,124.197845
52,807,3,1,0.088,118.78688
71,1576,2,3,0.154,129.24547
24,697,2,3,0.14313116158306496,122.867325
51,413,0,1,0.088,125.22709
109,1130,0,3,0.09685083470376313,111.075714
97,1691,0,1,0.04178092670550104,133.75352
61,496,0,3,0.1,133.64233
31,421,3,2,0.132,128.19719
68,231,0,2,0.132,139.82
74,273,2,1,0.088,135.31616
48,294,1,2,0.132,133.60263
74,1783,3,2,0.132,141.24213
97,320,0,2,0.132,131.20267
52,1572,3,0,0.154,107.89374
43,1254,3,1,0.088,121.111015
16,1491,2,2,0.132,138.9454
36,1078,2,2,0.132,123.63128
51,1745,1,1,0.088,120.26223
24,1707,1,1,0.088,125.15517
21,1500,0,2,0.11712066044094249,130.07065
33,401,1,0,0.154,115.78392
52,1610,1,1,0.088,114.715195
91,777,0,3,0.154,122.400925
115,1938,1,2,0.132,131.9602
93,466,2,2,0.132,115.08451
92,17,1,3,0.03763632487438287,128.39629
99,616,3,2,0.132,135.37938
85,401,2,2,0.03389659433331488,113.93543
62,1625,2,2,0.132,119.21498
28,315,1,1,0.088,106.22739
82,321,2,2,0.132,136.37488
8,1132,0,3,0.1,125.745285
16,1620,2,3,0.154,124.46699
24,1541,2,2,0.132,104.03678
94,610,3,1,0.088,131.24545
24,450,0,3,0.1,124.02645
87,1661,3,1,0.088,137.1285
115,1141,1,1,0.088,128.27147
25,1416,3,3,0.11777991395559156,136.81023
23,1885,3,2,0.132,108.678154
82,1269,2,1,0.088,134.21909
109,1704,0,0,0.02389379295773318,108.842545
42,1664,3,1,0.088,128.19168
8,656,1,2,0.05273727554984026,125.69976
69,1460,2,2,0.132,138.93098
8,1327,2,1,0.088,129.27008
42,1621,0,2,0.08695678963632358,124.77506
16,379,3,3,0.154,131.91039
8,290,0,1,0.088,126.33776
82,1511,0,3,0.154,129.96024
16,1542,2,3,0.002348527566422731,132.6499
48,1634,0,0,0.0318239107272677,127.96666
92,17,2,1,0.088,128.39629
68,1301,1,3,0.08597289884353704,132.87154
62,630,3,2,0.132,119.26227
46,1414,1,1,0.088,125.13975
59,2026,1,1,0.088,125.88616
31,697,3,3,0.030671611216935235,120.967186
15,1481,1,2,0.132,134.75034
23,1843,2,1,0.088,110.45948
107,230,1,0,0.09116427345054699,122.51871
89,951,1,2,0.132,144.83525
32,1626,1,3,0.154,125.75038
28,149,2,2,0.132,126.65871
63,530,1,3,0.1015894690341212,124.29435
82,524,0,3,0.154,130.27641
43,505,0,3,0.154,121.375114
103,1310,0,1,0.088,147.65015
63,80,0,2,0.132,126.91488
59,23,0,1,0.088,128.55214
61,1194,1,1,0.088,133.63042
59,739,0,2,0.132,145.81541
0,1579,1,2,0.132,120.51575
52,288,0,2,0.132,108.25175
95,182,1,3,0.1,128.8142
16,575,2,1,0.088,130.64926
77,536,0,2,0.132,121.22921
61,385,0,2,0.132,133.62326
107,152,1,0,0.154,123.06676
32,1105,1,1,0.088,123.236885
16,558,2,3,0.154,130.5614
24,1513,1,1,0.088,127.504524
44,1991,3,2,0.132,139.79393
32,397,3,1,0.088,125.86174
44,1623,0,1,0.088,137.64551
97,1442,2,2,0.132,130.96649
56,767,2,0,0.10085708973580604,120.95823
97,1669,2,1,0.05415343689380203,129.59967
97,534,0,2,0.132,129.44595
7,841,3,1,0.088,133.54143
97,1721,0,0,0.13391880925997007,127.05684
44,858,0,2,0.132,149.18945
89,86,2,0,0.09809314912478437,132.24155
1,530,2,2,0.132,124.578735
61,1524,1,1,0.088,133.63155
27,862,0,0,0.07790960241962112,117.0385
51,1627,2,1,0.088,121.17086
46,1450,0,2,0.132,132.22221
74,1252,1,0,0.154,131.67596
75,862,3,3,0.03930424230833701,123.18673
56,767,0,3,0.154,120.95823
3,500,3,2,0.132,145.1449
24,1417,0,1,0.088,123.20804
77,30,0,2,0.132,118.333496
87,929,3,1,0.019691660914062048,129.267
105,744,3,1,0.088,143.17354
52,1671,0,2,0.132,127.53142
3,1713,0,3,0.1,147.02338
52,1543,1,3,0.1,114.68258
30,298,2,2,0.132,115.61144
68,1204,3,1,0.088,136.03033
13,1721,1,1,0.088,124.4123
88,531,2,2,0.12420074505232959,130.97652
112,405,2,2,0.132,118.89717
43,423,0,0,0.154,120.51534
16,464,1,1,0.088,133.35417
25,1207,0,2,0.07232421274819378,145.36287
68,1503,3,2,0.132,142.24985
99,1164,3,1,0.088,136.6811
52,710,0,2,0.038648326864211935,116.77138
57,1328,3,1,0.088,133.41652
11,378,1,2,0.132,138.10167
66,123,1,2,0.132,130.14049
54,356,2,3,0.154,135.4724
66,1069,1,2,0.132,133.51195
48,1145,1,0,0.10126337312726769,124.71139
43,1540,3,3,0.0206449705929162,121.15424
52,579,1,1,0.088,118.21285
97,91,0,2,0.10686916757403464,136.28136
32,1655,3,2,0.132,123.66174
31,1882,3,2,0.132,125.019066
32,57,3,2,0.132,128.36699
67,1840,1,2,0.132,126.37909
38,933,3,2,0.132,124.18922
58,790,0,2,0.132,127.84871
24,1918,1,3,0.154,122.43537
53,836,0,2,0.132,133.8838
69,1540,1,0,0.03256745407054448,129.03859
63,417,1,3,0.03798569244558986,125.13983
10,545,3,3,0.1,124.370674
0,53,0,2,0.132,118.97344
42,1968,3,3,0.154,123.21315
4,300,3,1,0.088,128.831
62,873,3,2,0.132,121.385315
11,1272,3,3,0.1,135.86816
56,1416,0,2,0.132,122.70724
82,1839,2,1,0.088,138.54346
46,224,0,3,0.04529054440083097,123.838684
53,920,0,2,0.132,135.3869
24,904,2,2,0.132,128.63857
56,995,1,2,0.132,124.78169
44,1157,3,2,0.132,137.33469
105,1052,2,1,0.088,130.8977
112,629,2,3,0.154,116.947365
66,413,1,1,0.088,129.493
105,490,3,2,0.11408500665088128,139.70435
92,1240,2,2,0.132,129.37274
52,94,0,2,0.132,113.03174
15,600,2,1,0.088,133.11282
66,2028,0,1,0.088,131.00221
63,659,2,0,0.07072367708182656,123.11796
89,1455,1,2,0.132,145.40373
52,539,2,3,0.1,114.02578
110,1427,3,3,0.154,114.03287
10,1883,0,1,0.088,127.129234
63,182,3,2,0.132,127.56769
43,1117,2,1,0.088,123.5299
32,249,3,3,0.154,124.260796
36,536,3,3,0.01200000000000001,125.06305
24,1603,0,2,0.132,125.03528
15,819,1,3,0.1,130.83844
107,223,2,1,0.088,123.76401
52,1845,3,3,0.154,111.25714
95,2022,0,3,0.1,129.2834
16,1739,0,2,0.132,130.59496
92,1616,2,0,0.154,126.18172
0,900,0,1,0.088,123.03359
74,1429,0,3,0.01200000000000001,135.64091
32,1812,3,3,0.03423162599976676,128.01447
62,929,2,1,0.016787704931725766,118.820854
24,1720,0,1,0.088,121.43627
77,1849,1,3,0.154,116.33694
71,1576,0,2,0.132,129.24547
0,227,0,2,0.132,121.91639
70,417,3,1,0.088,120.03708
16,914,1,2,0.132,138.77147
28,1303,0,1,0.088,125.784904
66,156,1,1,0.022350363427322162,125.51843
28,780,3,2,0.132,133.98544
63,1699,2,3,0.154,126.42735
13,930,2,2,0.05703677733830187,124.87963
24,493,3,2,0.132,125.3339
27,18,3,0,0.07008748251962113,115.63248
18,171,0,2,0.132,128.98102
36,1078,0,1,0.088,123.63128
102,772,2,1,0.088,140.02356
26,1950,0,1,0.03412140856992088,130.59761
105,908,0,2,0.132,144.98836
53,359,2,0,0.07705734787871352,inf
77,1634,2,2,0.132,117.50836
0,258,2,1,0.088,117.33565
92,1076,3,0,0.0019890972818416564,127.276306
59,1576,2,2,0.132,136.9058
24,1648,3,2,0.132,123.50054
105,1423,1,2,0.132,141.859
93,693,3,1,0.088,115.25421
59,1933,3,0,0.154,114.03936
8,39,2,1,0.03821200909991515,129.86111
82,1411,1,2,0.132,134.39384
19,795,3,1,0.088,125.22288
113,1201,1,2,0.132,124.94884
74,1943,3,1,0.088,139.6378
66,997,0,3,0.154,124.72549
58,1095,2,2,0.132,125.836174
0,1717,3,3,0.01200000000000001,118.86352
36,983,0,3,0.154,123.012024
27,767,2,2,0.132,116.48891
74,1262,1,1,0.04346253054252397,132.89044
89,966,0,1,0.088,146.21445
32,334,1,1,0.088,128.88759
82,71,1,2,0.132,133.48637
52,1229,1,0,0.154,111.899414
59,1933,1,3,0.154,114.03936
52,1280,0,2,0.132,115.96706
32,889,1,2,0.132,129.68987
92,799,0,2,0.132,132.87834
52,868,1,3,0.1,115.07239
115,154,3,1,0.05107250343109218,128.27147
61,1562,3,1,0.088,134.9025
0,1939,0,1,0.088,124.44583
61,1190,0,3,0.1,133.63399
109,401,3,1,0.01612319615014307,111.23325
62,630,1,1,0.088,119.26227
107,1526,3,1,0.088,128.36705
53,359,0,3,0.154,inf
34,1251,1,3,0.154,112.91914
16,571,1,3,0.01200000000000001,133.75578
15,141,2,2,0.132,132.3338
91,1432,3,1,0.088,125.11606
52,833,2,2,0.132,111.75553
61,1336,0,2,0.132,139.28233
74,1005,0,2,0.030806178062939227,136.40752
110,430,1,3,0.03359460418122456,113.60811
52,1243,3,1,0.088,114.40889
3,602,0,2,0.132,145.33192
11,860,2,3,0.1,135.35193
52,1098,0,2,0.132,117.7825
112,93,3,2,0.132,121.39999
23,306,1,2,0.132,108.73907
3,946,1,1,0.088,149.28436
87,1930,3,3,0.026477234340930356,128.54512
15,1412,0,3,0.0666986691231603,132.03606
74,1294,2,1,0.088,135.21689
33,1039,2,3,0.154,120.828224
52,541,3,2,0.132,114.38414
74,1592,1,1,0.03659239948855558,139.5121
44,1991,1,1,0.0071880885596792565,139.79393
92,1624,3,1,0.088,129.11934
66,278,3,1,0.088,133.26498
38,1473,0,1,0.088,127.89767
16,98,2,2,0.132,129.21205
3,1611,0,3,0.154,145.66856
54,1779,2,3,0.05082570700911713,135.51866
24,1974,2,2,0.132,123.42275
19,930,2,1,0.06463898007245314,125.40093
23,1428,0,2,0.132,126.58662
89,227,3,1,0.088,144.60948
